<?xml version="1.0" encoding="utf-8"?>
<ead xmlns="urn:isbn:1-931666-22-9" xmlns:xlink="http://www.w3.org/1999/xlink" xmlns:xsi="http://www.w3.org/2001/XMLSchema-instance" xsi:schemaLocation="urn:isbn:1-931666-22-9 http://www.loc.gov/ead/ead.xsd"><eadheader countryencoding="iso3166-1" dateencoding="iso8601" langencoding="iso639-2b" repositoryencoding="iso15511"><eadid countrycode="US"/><filedesc><titlestmt><titleproper>Charles and Chester Reed collection <num>Archives Orn255</num></titleproper><author>Rebecca Morgan, 2010</author><sponsor>The Gladys Krieble Delmas Foundation provided support to make this finding aid available in ArchivesSpace (2016-2017). Minimal level collection record created with support from the Institute of Museum and Library Services (IMLS) Risk Assessment grant, 2010.
</sponsor></titlestmt><publicationstmt><publisher>Department of Ornithology Archives</publisher><p><date>2010</date></p><address><addressline>Division of Vertebrate Zoology</addressline><addressline>Department of Ornithology</addressline><addressline>Central Park West at 79th Street</addressline><addressline>New York, NY 10024-5192</addressline><addressline>URL: <extptr xlink:href="https://www.amnh.org/research/vertebrate-zoology/ornithology" xlink:show="new" xlink:title="https://www.amnh.org/research/vertebrate-zoology/ornithology" xlink:type="simple"/></addressline></address></publicationstmt><notestmt><note><p>Minimal level collection record created from inventory to promote discovery (IMLS Risk Assessment grant, 2010).</p></note></notestmt></filedesc><profiledesc><creation>This finding aid was produced using ArchivesSpace on <date>2020-01-17 11:34:52 -0500</date>.</creation><langusage>English</langusage><descrules>Describing Archives: A Content Standard</descrules></profiledesc></eadheader><archdesc level="collection">
  <did>
    <langmaterial>
      <language langcode="eng">English</language>
    </langmaterial>
    <repository>
      <corpname>Department of Ornithology Archives</corpname>
    </repository>
    <unittitle>Charles and Chester Reed collection</unittitle>
    <origination label="creator">
      <persname authfilenumber="no2011080317" source="naf">Reed, Charles K. (Charles Keller), 1851-1921</persname>
    </origination>
    <origination label="creator">
      <persname authfilenumber="n90722836" role="ctb" source="naf">Reed, Chester A. (Chester Albert), 1876-1912</persname>
    </origination>
    <origination label="creator">
      <persname authfilenumber="n87830787" role="ctb" source="naf">Chapman, Frank M. (Frank Michler), 1864-1945</persname>
    </origination>
    <unitid>Archives Orn255</unitid>
    <physdesc altrender="whole">
      <extent altrender="materialtype spaceoccupied">5 Linear Feet</extent>
      <extent altrender="carrier">2 manuscript boxes and 6 custom boxes</extent>
    </physdesc>
    <physdesc altrender="whole">
      <extent altrender="materialtype spaceoccupied">24 Volumes</extent>
    </physdesc>
    <unitdate certainty="approximate" type="inclusive">1890s-</unitdate>
  </did>
  <scopecontent id="aspace_e4b5593e767dbc2623180a27aaba4233">
    <head>Scope and Contents</head>
<p>Correspondence, various printed published matter including guides on taxidermy, plant and bird field guides, image cards and card games, pocket libraries, newspaper clippings, and journals. Also includes a set of Wild Flowers of America (volumes 1-18)</p>  </scopecontent>
  <scopecontent id="aspace_71332824e7d392216688fa7d1cda2518">
    <head>Scope and Contents</head>
<p>Collection includes material from miscellaneous art accessions #2022, #2023 and #2025.</p>  </scopecontent>
  <phystech id="aspace_d146951ecc8318736cc4da1bbe4860a1">
    <head>Condition</head>
<p>Good.</p>  </phystech>
  <accessrestrict id="aspace_8a9678045c429d30c953b39f90aef02f">
    <head>Conditions Governing Access</head>
<p>This collection is housed in the Department of Ornithology. Please contact the collection manager for access; materials are sometimes restricted. 
<extref xlink:href="https://www.amnh.org/research/vertebrate-zoology/ornithology">https://www.amnh.org/research/vertebrate-zoology/ornithology</extref></p>  </accessrestrict>
  <controlaccess>
    <function source="local">American Museum of Natural History. Department of Ornithology. Archives.</function>
  </controlaccess>
  <dsc/>
</archdesc>
</ead>