<?xml version="1.0" encoding="utf-8"?>
<ead xmlns="urn:isbn:1-931666-22-9" xmlns:xlink="http://www.w3.org/1999/xlink" xmlns:xsi="http://www.w3.org/2001/XMLSchema-instance" xsi:schemaLocation="urn:isbn:1-931666-22-9 http://www.loc.gov/ead/ead.xsd"><eadheader countryencoding="iso3166-1" dateencoding="iso8601" langencoding="iso639-2b" repositoryencoding="iso15511"><eadid countrycode="US"/><filedesc><titlestmt><titleproper>Arthur Singer collection, 1960s-1970s <num>Archives Orn48</num></titleproper><author>Rebecca Morgan, 2010</author><sponsor>The Gladys Krieble Delmas Foundation provided support to make this finding aid available in ArchivesSpace (2016-2017). Minimal level collection record created with support from the Institute of Museum and Library Services (IMLS) Risk Assessment grant, 2010. </sponsor></titlestmt><publicationstmt><publisher>Department of Ornithology Archives</publisher><p><date>2010</date></p><address><addressline>Division of Vertebrate Zoology</addressline><addressline>Department of Ornithology</addressline><addressline>Central Park West at 79th Street</addressline><addressline>New York, NY 10024-5192</addressline><addressline>URL: <extptr xlink:href="https://www.amnh.org/research/vertebrate-zoology/ornithology" xlink:show="new" xlink:title="https://www.amnh.org/research/vertebrate-zoology/ornithology" xlink:type="simple"/></addressline></address></publicationstmt><notestmt><note><p>Minimal level collection record created from inventory to promote discovery (IMLS Risk Assessment grant, 2010).</p></note></notestmt></filedesc><profiledesc><creation>This finding aid was produced using ArchivesSpace on <date>2020-01-17 11:35:05 -0500</date>.</creation><langusage>English</langusage><descrules>Describing Archives: A Content Standard</descrules></profiledesc></eadheader><archdesc level="collection">
  <did>
    <langmaterial>
      <language langcode="eng">English</language>
    </langmaterial>
    <repository>
      <corpname>Department of Ornithology Archives</corpname>
    </repository>
    <unittitle>Arthur Singer collection</unittitle>
    <origination label="creator">
      <persname authfilenumber="n79139558" source="naf">Singer, Arthur</persname>
    </origination>
    <unitid>Archives Orn48</unitid>
    <physdesc altrender="whole">
      <extent altrender="materialtype spaceoccupied">2.5 Linear Feet</extent>
    </physdesc>
    <unitdate certainty="approximate" type="inclusive">1960s-1970s</unitdate>
  </did>
  <acqinfo id="aspace_56bc162a7c9de9be1d23be8815a7780b">
    <head>Immediate Source of Acquisition</head>
<p>see Art file catalog</p>  </acqinfo>
  <scopecontent id="aspace_70db72d60b9cf2306436db944bce26de">
    <head>Scope and Contents</head>
<p>"Birds of All Oceans": Pen and ink and water color on paper mounted on cardboard. Layout sheets for the field guide,"The Golden Guide to Birds of North America":colored pencil on translucent overlay, rubber cemented on backing pages.</p>  </scopecontent>
  <arrangement id="aspace_4fa5cbd210190ae3201b745a9143eba3">
    <head>Arrangement</head>
<p>Arranged by title.</p>  </arrangement>
  <phystech id="aspace_16f18f8436fe6bee56ac7a98ef226d5f">
    <head>Condition</head>
<p>Good.</p>  </phystech>
  <accessrestrict id="aspace_995df6a3c9990ab9602eae744d673328">
    <head>Conditions Governing Access</head>
<p>Please contact Special Collections; materials are sometimes restricted.This collection is housed in the Department of Ornithology. Please contact the collection manager for access; materials are sometimes restricted. 
<extref xlink:href="https://www.amnh.org/research/vertebrate-zoology/ornithology">https://www.amnh.org/research/vertebrate-zoology/ornithology</extref></p>  </accessrestrict>
  <controlaccess>
    <function source="local">American Museum of Natural History. Department of Ornithology. Archives.</function>
  </controlaccess>
  <dsc/>
</archdesc>
</ead>