<?xml version="1.0" encoding="utf-8"?>
<ead xmlns="urn:isbn:1-931666-22-9" xmlns:xlink="http://www.w3.org/1999/xlink" xmlns:xsi="http://www.w3.org/2001/XMLSchema-instance" xsi:schemaLocation="urn:isbn:1-931666-22-9 http://www.loc.gov/ead/ead.xsd"><eadheader countryencoding="iso3166-1" dateencoding="iso8601" langencoding="iso639-2b" repositoryencoding="iso15511"><eadid countrycode="US"/><filedesc><titlestmt><titleproper>Francis Lee Jaques drawings collection, 1929, undated <num>Archives Orn49</num></titleproper><author>Rebecca Morgan, 2010</author><sponsor>The Gladys Krieble Delmas Foundation provided support to make this finding aid available in ArchivesSpace (2016-2017). Minimal level collection record created with support from the Institute of Museum and Library Services (IMLS) Risk Assessment grant, 2010. </sponsor></titlestmt><publicationstmt><publisher>Department of Ornithology Archives</publisher><p><date>2010</date></p><address><addressline>Division of Vertebrate Zoology</addressline><addressline>Department of Ornithology</addressline><addressline>Central Park West at 79th Street</addressline><addressline>New York, NY 10024-5192</addressline><addressline>URL: <extptr xlink:href="https://www.amnh.org/research/vertebrate-zoology/ornithology" xlink:show="new" xlink:title="https://www.amnh.org/research/vertebrate-zoology/ornithology" xlink:type="simple"/></addressline></address></publicationstmt><notestmt><note><p>Minimal level collection record created from inventory to promote discovery (IMLS Risk Assessment grant, 2010).</p></note></notestmt></filedesc><profiledesc><creation>This finding aid was produced using ArchivesSpace on <date>2020-01-17 11:35:05 -0500</date>.</creation><langusage>English</langusage><descrules>Describing Archives: A Content Standard</descrules></profiledesc></eadheader><archdesc level="collection">
  <did>
    <langmaterial>
      <language langcode="eng">English</language>
    </langmaterial>
    <repository>
      <corpname>Department of Ornithology Archives</corpname>
    </repository>
    <unittitle>Francis Lee Jaques drawings collection</unittitle>
    <origination label="creator">
      <persname authfilenumber="n78096880" source="naf">Jaques, Francis Lee, 1887-1969</persname>
    </origination>
    <unitid>Archives Orn49</unitid>
    <physdesc altrender="whole">
      <extent altrender="materialtype spaceoccupied">1.34 Linear Feet</extent>
      <extent altrender="carrier">1 oversized box</extent>
    </physdesc>
    <unitdate type="inclusive">1929, undated</unitdate>
  </did>
  <acqinfo id="aspace_f279634e60714c90c69e76f940e880bc">
    <head>Immediate Source of Acquisition</head>
<p>see Art file catalog</p>  </acqinfo>
  <scopecontent id="aspace_8567048bec8d0289dce0ef2fed71c694">
    <head>Scope and Contents</head>
<p>Pen and ink drawings on paper, water color drawings, wash drawing.</p>  </scopecontent>
  <phystech id="aspace_37df6d52c4d6bab4921bb59892a07df5">
    <head>Condition</head>
<p>Good.</p>  </phystech>
  <accessrestrict id="aspace_3be2fd20e62815677d7c743ee7b1a322">
    <head>Conditions Governing Access</head>
<p>This collection is housed in the Department of Ornithology. Please contact the collection manager for access; materials are sometimes restricted. 
<extref xlink:href="https://www.amnh.org/research/vertebrate-zoology/ornithology">https://www.amnh.org/research/vertebrate-zoology/ornithology</extref></p>  </accessrestrict>
  <controlaccess>
    <function source="local">American Museum of Natural History. Department of Ornithology. Archives.</function>
    <subject authfilenumber="sh85007461" source="lcsh">Art</subject>
  </controlaccess>
  <dsc/>
</archdesc>
</ead>