<?xml version="1.0" encoding="utf-8"?>
<ead xmlns="urn:isbn:1-931666-22-9" xmlns:xlink="http://www.w3.org/1999/xlink" xmlns:xsi="http://www.w3.org/2001/XMLSchema-instance" xsi:schemaLocation="urn:isbn:1-931666-22-9 http://www.loc.gov/ead/ead.xsd"><eadheader countryencoding="iso3166-1" dateencoding="iso8601" langencoding="iso639-2b" repositoryencoding="iso15511"><eadid countrycode="US"/><filedesc><titlestmt><titleproper>Lester L. Short papers, 1960s-1980s <num>Archives Orn4</num></titleproper><author>Rebecca Morgan, 2010</author><sponsor>The Gladys Krieble Delmas Foundation provided support to make this finding aid available in ArchivesSpace (2016-2017). Minimal level collection record created with support from the Institute of Museum and Library Services (IMLS) Risk Assessment grant, 2010.
</sponsor></titlestmt><publicationstmt><publisher>Department of Ornithology Archives</publisher><p><date>2010</date></p><address><addressline>Division of Vertebrate Zoology</addressline><addressline>Department of Ornithology</addressline><addressline>Central Park West at 79th Street</addressline><addressline>New York, NY 10024-5192</addressline><addressline>URL: <extptr xlink:href="https://www.amnh.org/research/vertebrate-zoology/ornithology" xlink:show="new" xlink:title="https://www.amnh.org/research/vertebrate-zoology/ornithology" xlink:type="simple"/></addressline></address></publicationstmt><notestmt><note><p>Minimal level collection record created from inventory to promote discovery (IMLS Risk Assessment grant, 2010).</p><p>Internal note: Also known as Lester Short Jr.</p></note></notestmt></filedesc><profiledesc><creation>This finding aid was produced using ArchivesSpace on <date>2020-01-17 11:35:02 -0500</date>.</creation><langusage>English</langusage><descrules>Describing Archives: A Content Standard</descrules></profiledesc></eadheader><archdesc level="collection">
  <did>
    <langmaterial>
      <language langcode="eng">English</language>
    </langmaterial>
    <repository>
      <corpname>Department of Ornithology Archives</corpname>
    </repository>
    <unittitle>Lester L. Short papers</unittitle>
    <origination label="creator">
      <persname authfilenumber="n79148841" source="naf">Short, Lester L.</persname>
    </origination>
    <unitid>Archives Orn4</unitid>
    <physdesc altrender="whole">
      <extent altrender="materialtype spaceoccupied">2.5 Linear Feet</extent>
    </physdesc>
    <unitdate certainty="approximate" type="inclusive">1960s-1980s</unitdate>
  </did>
  <scopecontent id="aspace_fba86bad6fab4c2fda0530e625b06958">
    <head>Scope and Contents</head>
<p>Papers and correspondence pertaining to society meetings of the Pan-African Ornithological Congress, International Council for Bird Preservation, International Ornithological Congress, etc.  Also includes hand drawn maps, photographs, field notes, negatives, field notes of St Catherines Island, Georgia (1981-82) department notes.</p>  </scopecontent>
  <arrangement id="aspace_91787a437ad9d30cdc2e5f202f8f8a47">
    <head>Arrangement</head>
<p>Folders arranged by organization. Most correspondence arranged alphabetically.</p>  </arrangement>
  <phystech id="aspace_b62d0c69c39dca60189687036193ff87">
    <head>Condition</head>
<p>Good. Folder "Dr Richard Schodde" is fair.</p>  </phystech>
  <accessrestrict id="aspace_cfb0c8ceb4a8803eda03b28b08858744">
    <head>Conditions Governing Access</head>
<p>This collection is housed in the Department of Ornithology. Please contact the collection manager for access; materials are sometimes restricted. 
<extref xlink:href="https://www.amnh.org/research/vertebrate-zoology/ornithology">https://www.amnh.org/research/vertebrate-zoology/ornithology</extref></p>  </accessrestrict>
  <controlaccess>
    <function source="local">American Museum of Natural History. Department of Ornithology. Archives.</function>
    <geogname authfilenumber="sh85116558" source="lcsh">Saint Catherines Island (Ga.)</geogname>
    <genreform source="aat">Field notes</genreform>
    <corpname authfilenumber="n87911331" source="naf">Pan-African Ornithological Congress</corpname>
    <corpname authfilenumber="n50082446" source="naf">International Council for Bird Preservation</corpname>
    <corpname authfilenumber="n50069957" source="naf">International Ornithological Congress</corpname>
  </controlaccess>
  <dsc/>
</archdesc>
</ead>