<?xml version="1.0" encoding="utf-8"?>
<ead xmlns="urn:isbn:1-931666-22-9" xmlns:xlink="http://www.w3.org/1999/xlink" xmlns:xsi="http://www.w3.org/2001/XMLSchema-instance" xsi:schemaLocation="urn:isbn:1-931666-22-9 http://www.loc.gov/ead/ead.xsd"><eadheader countryencoding="iso3166-1" dateencoding="iso8601" langencoding="iso639-2b" repositoryencoding="iso15511"><eadid countrycode="US"/><filedesc><titlestmt><titleproper>Department of Ornithology historic correspondence 'A-Z' collection, 1865-2002, undated <num>Archives Orn5</num></titleproper><author>Rebecca Morgan, 2010</author><sponsor>The Gladys Krieble Delmas Foundation provided support to make this finding aid available in ArchivesSpace (2016-2017). Minimal level collection record created with support from the Institute of Museum and Library Services (IMLS) Risk Assessment grant, 2010. </sponsor></titlestmt><publicationstmt><publisher>Department of Ornithology Archives</publisher><p><date>2010</date></p><address><addressline>Division of Vertebrate Zoology</addressline><addressline>Department of Ornithology</addressline><addressline>Central Park West at 79th Street</addressline><addressline>New York, NY 10024-5192</addressline><addressline>URL: <extptr xlink:href="https://www.amnh.org/research/vertebrate-zoology/ornithology" xlink:show="new" xlink:title="https://www.amnh.org/research/vertebrate-zoology/ornithology" xlink:type="simple"/></addressline></address></publicationstmt><notestmt><note><p>Minimal level collection record created from inventory to promote discovery (IMLS Risk Assessment grant, 2010).</p></note></notestmt></filedesc><profiledesc><creation>This finding aid was produced using ArchivesSpace on <date>2020-01-17 11:35:05 -0500</date>.</creation><langusage>English</langusage><descrules>Describing Archives: A Content Standard</descrules></profiledesc></eadheader><archdesc level="collection">
  <did>
    <langmaterial>
      <language langcode="eng">English</language>
    </langmaterial>
    <repository>
      <corpname>Department of Ornithology Archives</corpname>
    </repository>
    <unittitle>Department of Ornithology historic correspondence 'A-Z' collection</unittitle>
    <unitid>Archives Orn5</unitid>
    <physdesc altrender="whole">
      <extent altrender="materialtype spaceoccupied">30 Linear Feet</extent>
    </physdesc>
    <unitdate type="inclusive">1865-2002, undated</unitdate>
  </did>
  <scopecontent id="aspace_eff0c12b2af9978d313d5149004a6374">
    <head>Scope and Contents</head>
<p>Historic correspondence files organized from A to Z and include articles, photographs (one slide), biographical information, bird lists and field notes. Also includes articles, expedition histories, oral history.</p>  </scopecontent>
  <arrangement id="aspace_7bd9e89e66a47c9542fa5f41ad68b8fa">
    <head>Arrangement</head>
<p>Folders arranged alphabetically by correspondee.</p>  </arrangement>
  <phystech id="aspace_8677b4b74ded423cf8a13fa8efc75f4e">
    <head>Condition</head>
<p>Good.</p>  </phystech>
  <accessrestrict id="aspace_69619096596a3a6a9050cc3c1b531675">
    <head>Conditions Governing Access</head>
<p>This collection is housed in the Department of Ornithology. Please contact the collection manager for access; materials are sometimes restricted. 
<extref xlink:href="https://www.amnh.org/research/vertebrate-zoology/ornithology">https://www.amnh.org/research/vertebrate-zoology/ornithology</extref></p>  </accessrestrict>
  <controlaccess>
    <function source="local">American Museum of Natural History. Department of Ornithology. Archives.</function>
    <subject source="LCSH">Ornithologists -- Correspondence.</subject>
  </controlaccess>
  <dsc/>
</archdesc>
</ead>