<?xml version="1.0" encoding="utf-8"?>
<ead xmlns="urn:isbn:1-931666-22-9" xmlns:xlink="http://www.w3.org/1999/xlink" xmlns:xsi="http://www.w3.org/2001/XMLSchema-instance" xsi:schemaLocation="urn:isbn:1-931666-22-9 http://www.loc.gov/ead/ead.xsd"><eadheader countryencoding="iso3166-1" dateencoding="iso8601" langencoding="iso639-2b" repositoryencoding="iso15511"><eadid countrycode="US"/><filedesc><titlestmt><titleproper>Department of Ornithology exhibits collection, 1940s-1980s, undated <num>Archives Orn6</num></titleproper><author>Rebecca Morgan, 2010</author><sponsor>The Gladys Krieble Delmas Foundation provided support to make this finding aid available in ArchivesSpace (2016-2017). Minimal level collection record created with support from the Institute of Museum and Library Services (IMLS) Risk Assessment grant, 2010. </sponsor></titlestmt><publicationstmt><publisher>Department of Ornithology Archives</publisher><p><date>2010</date></p><address><addressline>Division of Vertebrate Zoology</addressline><addressline>Department of Ornithology</addressline><addressline>Central Park West at 79th Street</addressline><addressline>New York, NY 10024-5192</addressline><addressline>URL: <extptr xlink:href="https://www.amnh.org/research/vertebrate-zoology/ornithology" xlink:show="new" xlink:title="https://www.amnh.org/research/vertebrate-zoology/ornithology" xlink:type="simple"/></addressline></address></publicationstmt><notestmt><note><p>Minimal level collection record created from inventory to promote discovery (IMLS Risk Assessment grant, 2010).</p></note></notestmt></filedesc><profiledesc><creation>This finding aid was produced using ArchivesSpace on <date>2020-01-17 11:35:14 -0500</date>.</creation><langusage>English</langusage><descrules>Describing Archives: A Content Standard</descrules></profiledesc></eadheader><archdesc level="collection">
  <did>
    <langmaterial>
      <language langcode="eng">English</language>
    </langmaterial>
    <repository>
      <corpname>Department of Ornithology Archives</corpname>
    </repository>
    <unittitle>Department of Ornithology exhibits collection</unittitle>
    <origination label="creator">
      <corpname authfilenumber="no95034791" source="naf">American Museum of Natural History. Department of Ornithology</corpname>
    </origination>
    <unitid>Archives Orn6</unitid>
    <physdesc altrender="whole">
      <extent altrender="materialtype spaceoccupied">2 Linear Feet</extent>
    </physdesc>
    <unitdate certainty="approximate" type="inclusive">1940s-1980s, undated</unitdate>
  </did>
  <scopecontent id="aspace_dbf18725b7274855e05d047ffe20ca89">
    <head>Scope and Contents</head>
<p>Files on temporary exhibits, bird halls, bird department specimens in other halls, budgets, documents pertaining to construction and display, meeting notes, and photographs.</p>  </scopecontent>
  <arrangement id="aspace_4f3de0d6954efff8302885396cce7aed">
    <head>Arrangement</head>
<p>Alphabetical by bird hall.</p>  </arrangement>
  <phystech id="aspace_432c3fac856556841ca222f216d91870">
    <head>Condition</head>
<p>Good.</p>  </phystech>
  <accessrestrict id="aspace_228c4026d03eecd01aee063ddf32ef17">
    <head>Conditions Governing Access</head>
<p>This collection is housed in the Department of Ornithology. Please contact the collection manager for access; materials are sometimes restricted. 
<extref xlink:href="https://www.amnh.org/research/vertebrate-zoology/ornithology">https://www.amnh.org/research/vertebrate-zoology/ornithology</extref></p>  </accessrestrict>
  <controlaccess>
    <function source="local">American Museum of Natural History. Department of Ornithology. Archives.</function>
    <subject source="lcsh">Birds -- Exhibitions</subject>
    <corpname source="naf">American Museum of Natural History -- Exhibitions</corpname>
  </controlaccess>
  <dsc/>
</archdesc>
</ead>