<?xml version="1.0" encoding="utf-8"?>
<ead xmlns="urn:isbn:1-931666-22-9" xmlns:xlink="http://www.w3.org/1999/xlink"
	xmlns:xsi="http://www.w3.org/2001/XMLSchema-instance"
	xsi:schemaLocation="urn:isbn:1-931666-22-9 http://www.loc.gov/ead/ead.xsd">
	<eadheader countryencoding="iso3166-1" dateencoding="iso8601" langencoding="iso639-2b" repositoryencoding="iso15511">
		<eadid countrycode="US"/>
		<filedesc>
			<titlestmt>
				<titleproper>Department of Ornithology gifts and exchanges files, 1920s-2000s <num>Archives Orn7</num></titleproper>
				<author>Rebecca Morgan, 2010</author>
				<sponsor>The Gladys Krieble Delmas Foundation provided support to make this finding aid available in ArchivesSpace
					(2016-2017). Minimal level collection record created with support from the Institute of Museum and Library Services
					(IMLS) Risk Assessment grant, 2010. </sponsor>
			</titlestmt>
			<publicationstmt>
				<publisher>Department of Ornithology Archives</publisher>
				<p><date>2010</date></p>
				<address>
					<addressline>Division of Vertebrate Zoology</addressline>
					<addressline>Department of Ornithology</addressline>
					<addressline>Central Park West at 79th Street</addressline>
					<addressline>New York, NY 10024-5192</addressline>
					<addressline>URL: <extptr xlink:href="https://www.amnh.org/research/vertebrate-zoology/ornithology"
							xlink:show="new" xlink:title="https://www.amnh.org/research/vertebrate-zoology/ornithology" xlink:type="simple"
						/></addressline>
				</address>
			</publicationstmt>
			<notestmt>
				<note>
					<p>Minimal level collection record created from inventory to promote discovery (IMLS Risk Assessment grant,
						2010).</p>
				</note>
			</notestmt>
		</filedesc>
		<profiledesc>
			<creation>This finding aid was produced using ArchivesSpace on <date>2020-01-17 11:35:20 -0500</date>.</creation>
			<langusage>English</langusage>
			<descrules>Describing Archives: A Content Standard</descrules>
		</profiledesc>
	</eadheader>
	<archdesc level="collection">
		<did>
			<langmaterial>
				<language langcode="eng">English</language>
			</langmaterial>
			<repository>
				<corpname>Department of Ornithology Archives</corpname>
			</repository>
			<unittitle>Department of Ornithology gifts and exchanges files</unittitle>
			<origination label="creator">
				<corpname authfilenumber="no95034791" source="naf">American Museum of Natural History. Department of
					Ornithology</corpname>
			</origination>
			<unitid>Archives Orn7</unitid>
			<physdesc altrender="whole">
				<extent altrender="materialtype spaceoccupied">2 Linear Feet</extent>
			</physdesc>
			<unitdate certainty="approximate" type="inclusive">1920s-2000s</unitdate>
		</did>
		<scopecontent id="aspace_e26c61565b98bedc1d0be66a27ea43b9">
			<head>Scope and Contents</head>
			<p>This collection is comprised of folders pertaining to exchanges and gifts.</p>
		</scopecontent>
		<arrangement id="aspace_469d53127ef98778807e0905b81df79f">
			<head>Arrangement</head>
			<p>Arranged by country or state..</p>
		</arrangement>
		<phystech id="aspace_09a7d254ef77417121e04932477791fd">
			<head>Condition</head>
			<p>Good. Brittle papers found in Sweden folder</p>
		</phystech>
		<accessrestrict id="aspace_194a32b6e015cef5b02eb299d5f10916">
			<head>Conditions Governing Access</head>
			<p>This collection is housed in the Department of Ornithology. Please contact the collection manager for access;
				materials are sometimes restricted. <extref xlink:href="https://www.amnh.org/research/vertebrate-zoology/ornithology"
					>https://www.amnh.org/research/vertebrate-zoology/ornithology</extref></p>
		</accessrestrict>
		<controlaccess>
			<function source="local">American Museum of Natural History. Department of Ornithology. Archives.</function>
		</controlaccess>
		<dsc/>
	</archdesc>
</ead>
