<?xml version="1.0" encoding="utf-8"?>
<ead xmlns="urn:isbn:1-931666-22-9" xmlns:xlink="http://www.w3.org/1999/xlink" xmlns:xsi="http://www.w3.org/2001/XMLSchema-instance" xsi:schemaLocation="urn:isbn:1-931666-22-9 http://www.loc.gov/ead/ead.xsd"><eadheader countryencoding="iso3166-1" dateencoding="iso8601" langencoding="iso639-2b" repositoryencoding="iso15511"><eadid countrycode="US"/><filedesc><titlestmt><titleproper>Eugene Eisenmann papers, 1950s-1970s, undated <num>Archives Orn8</num></titleproper><author>Rebecca Morgan, 2010</author><sponsor>The Gladys Krieble Delmas Foundation provided support to make this finding aid available in ArchivesSpace (2016-2017). Minimal level collection record created with support from the Institute of Museum and Library Services (IMLS) Risk Assessment grant, 2010. </sponsor></titlestmt><publicationstmt><publisher>Department of Ornithology Archives</publisher><p><date>2010</date></p><address><addressline>Division of Vertebrate Zoology</addressline><addressline>Department of Ornithology</addressline><addressline>Central Park West at 79th Street</addressline><addressline>New York, NY 10024-5192</addressline><addressline>URL: <extptr xlink:href="https://www.amnh.org/research/vertebrate-zoology/ornithology" xlink:show="new" xlink:title="https://www.amnh.org/research/vertebrate-zoology/ornithology" xlink:type="simple"/></addressline></address></publicationstmt><notestmt><note><p>Minimal level collection record created from inventory to promote discovery (IMLS Risk Assessment grant, 2010). </p><p>Internal note: Papers found in one 5 drawer file cabinet: 4 file cabinet drawers labeled "Eisenmann" and 1 "Miscellaneous".</p></note></notestmt></filedesc><profiledesc><creation>This finding aid was produced using ArchivesSpace on <date>2020-01-17 11:35:27 -0500</date>.</creation><langusage>English</langusage><descrules>Describing Archives: A Content Standard</descrules></profiledesc></eadheader><archdesc level="collection">
  <did>
    <langmaterial>
      <language langcode="eng">English</language>
    </langmaterial>
    <repository>
      <corpname>Department of Ornithology Archives</corpname>
    </repository>
    <unittitle>Eugene Eisenmann papers</unittitle>
    <origination label="creator">
      <persname authfilenumber="n82126533" source="naf">Eisenmann, Eugene, 1906-1981</persname>
    </origination>
    <unitid>Archives Orn8</unitid>
    <physdesc altrender="whole">
      <extent altrender="materialtype spaceoccupied">10 Linear Feet</extent>
    </physdesc>
    <unitdate certainty="approximate" type="inclusive">1950s-1970s, undated</unitdate>
  </did>
  <scopecontent id="aspace_1f0243dea735082c0779e2979920a4df">
    <head>Scope and Contents</head>
<p>Correspondence includes American Ornithologists Union materials, Eugene Eisenmann transfer files, bird checklists, bird field notes.</p>  </scopecontent>
  <arrangement id="aspace_70d8e6cc0cd83fe1fe8bc5c2d6c3ec8e">
    <head>Arrangement</head>
<p>Alphabetical. Includes AOU materials, Eisenmann transfer files, bird checklists, bird notes. Unprocessed collection.</p>  </arrangement>
  <phystech id="aspace_a660086ca1168126019853374514b3e0">
    <head>Condition</head>
<p>Fair.</p>  </phystech>
  <accessrestrict id="aspace_df32ee0a6b66649dfa291f7ec3c9a4a8">
    <head>Conditions Governing Access</head>
<p>This collection is housed in the Department of Ornithology. Please contact the collection manager for access; materials are sometimes restricted. 
<extref xlink:href="https://www.amnh.org/research/vertebrate-zoology/ornithology">https://www.amnh.org/research/vertebrate-zoology/ornithology</extref></p>  </accessrestrict>
  <controlaccess>
    <function source="local">American Museum of Natural History. Department of Ornithology. Archives.</function>
  </controlaccess>
  <dsc/>
</archdesc>
</ead>