<?xml version="1.0" encoding="utf-8"?>
<ead xmlns="urn:isbn:1-931666-22-9" xmlns:xlink="http://www.w3.org/1999/xlink" xmlns:xsi="http://www.w3.org/2001/XMLSchema-instance" xsi:schemaLocation="urn:isbn:1-931666-22-9 http://www.loc.gov/ead/ead.xsd"><eadheader countryencoding="iso3166-1" dateencoding="iso8601" langencoding="iso639-2b" repositoryencoding="iso15511"><eadid countrycode="US"/><filedesc><titlestmt><titleproper>Louis Agassiz Fuertes art collection card index and access photographs, 1950s-1980s <num>Archives Orn10</num></titleproper><author>Rebecca Morgan, 2010</author><sponsor>The Gladys Krieble Delmas Foundation provided support to make this finding aid available in ArchivesSpace (2016-2017). Minimal level collection record created with support from the Institute of Museum and Library Services (IMLS) Risk Assessment grant, 2010. </sponsor></titlestmt><publicationstmt><publisher>Department of Ornithology Archives</publisher><p><date>2010</date></p><address><addressline>Division of Vertebrate Zoology</addressline><addressline>Department of Ornithology</addressline><addressline>Central Park West at 79th Street</addressline><addressline>New York, NY 10024-5192</addressline><addressline>URL: <extptr xlink:href="https://www.amnh.org/research/vertebrate-zoology/ornithology" xlink:show="new" xlink:title="https://www.amnh.org/research/vertebrate-zoology/ornithology" xlink:type="simple"/></addressline></address></publicationstmt><notestmt><note><p>Minimal level collection record created from inventory to promote discovery (IMLS Risk Assessment grant, 2010). </p><p>Internal note: 2 drawers</p></note></notestmt></filedesc><profiledesc><creation>This finding aid was produced using ArchivesSpace on <date>2020-01-17 11:33:35 -0500</date>.</creation><langusage>English</langusage><descrules>Describing Archives: A Content Standard</descrules></profiledesc></eadheader><archdesc level="collection">
  <did>
    <langmaterial>
      <language langcode="eng">English</language>
    </langmaterial>
    <repository>
      <corpname>Department of Ornithology Archives</corpname>
    </repository>
    <unittitle>Louis Agassiz Fuertes art collection card index and access photographs</unittitle>
    <origination label="creator">
      <persname authfilenumber="n50047914" source="naf">Fuertes, Louis Agassiz, 1874-1927</persname>
    </origination>
    <unitid>Archives Orn10</unitid>
    <physdesc altrender="whole">
      <extent altrender="materialtype spaceoccupied">2.0 Linear Feet</extent>
      <extent altrender="carrier">2 drawers</extent>
    </physdesc>
    <unitdate certainty="approximate" type="inclusive">1950s-1980s</unitdate>
  </did>
  <acqinfo id="aspace_e3510be693ed22d88e806900820ed236">
    <head>Immediate Source of Acquisition</head>
<p>American Museum of Natural History, Department of Ornithology</p>  </acqinfo>
  <scopecontent id="aspace_d1cf60d540b6fe41952f55e6d8c8cc2e">
    <head>Scope and Contents</head>
<p>This is a card catalog of Louis Aggassiz Fuertes' art collection, including photographs of his paintings of birds, mammals, reptiles, and botanicals.</p>  </scopecontent>
  <arrangement id="aspace_db904f0134c8641e593fa224208c0521">
    <head>Arrangement</head>
<p>Card arranged by box number and alphabetically by species. A file of correspondence is also included. Photographs are arranged by box number and by species. Includes information of items on loan. Photographs and clippings are also included.</p>  </arrangement>
  <phystech id="aspace_1a3a225d9b722e249fb586388cb82a73">
    <head>Condition</head>
<p>Good.</p>  </phystech>
  <relatedmaterial id="aspace_a1c678e3942ee501a6a9d54fe03909d8">
    <head>Related Archival Material</head>
<p>Artist's personal papers are housed in the Department of Manuscripts and University Archives at Cornell University. A published book on Fuertes's life, titled Louis Agassiz Fuertes and the Singular Beauty of Birds, was edited by Frederick Marcham, Cornell professor of history.</p>  </relatedmaterial>
  <accessrestrict id="aspace_20164aa8bc26cfbffa38966ad1a2e19d">
    <head>Conditions Governing Access</head>
<p>This collection is housed in the Department of Ornithology. Please contact the collection manager for access; materials are sometimes restricted. 
<extref xlink:href="https://www.amnh.org/research/vertebrate-zoology/ornithology">https://www.amnh.org/research/vertebrate-zoology/ornithology</extref></p>  </accessrestrict>
  <controlaccess>
    <function source="local">American Museum of Natural History. Department of Ornithology. Archives.</function>
    <subject source="lcsh">Birds -- Pictorial works</subject>
  </controlaccess>
  <dsc/>
</archdesc>
</ead>