<?xml version="1.0" encoding="utf-8"?>
<ead xmlns="urn:isbn:1-931666-22-9" xmlns:xlink="http://www.w3.org/1999/xlink" xmlns:xsi="http://www.w3.org/2001/XMLSchema-instance" xsi:schemaLocation="urn:isbn:1-931666-22-9 http://www.loc.gov/ead/ead.xsd"><eadheader countryencoding="iso3166-1" dateencoding="iso8601" langencoding="iso639-2b" repositoryencoding="iso15511"><eadid countrycode="US"/><filedesc><titlestmt><titleproper>Type card file for published lists on bird families <num>Archives Orn11</num></titleproper><author>Rebecca Morgan, 2010</author><sponsor>The Gladys Krieble Delmas Foundation provided support to make this finding aid available in ArchivesSpace (2016-2017). Minimal level collection record created with support from the Institute of Museum and Library Services (IMLS) Risk Assessment grant, 2010. </sponsor></titlestmt><publicationstmt><publisher>Department of Ornithology Archives</publisher><p><date>2010</date></p><address><addressline>Division of Vertebrate Zoology</addressline><addressline>Department of Ornithology</addressline><addressline>Central Park West at 79th Street</addressline><addressline>New York, NY 10024-5192</addressline><addressline>URL: <extptr xlink:href="https://www.amnh.org/research/vertebrate-zoology/ornithology" xlink:show="new" xlink:title="https://www.amnh.org/research/vertebrate-zoology/ornithology" xlink:type="simple"/></addressline></address></publicationstmt><notestmt><note><p>Minimal level collection record created from inventory to promote discovery (IMLS Risk Assessment grant, 2010). </p><p>Internal note: 4 file drawers of 3x5 cards</p></note></notestmt></filedesc><profiledesc><creation>This finding aid was produced using ArchivesSpace on <date>2020-01-17 11:33:40 -0500</date>.</creation><langusage>English</langusage><descrules>Describing Archives: A Content Standard</descrules></profiledesc></eadheader><archdesc level="collection">
  <did>
    <langmaterial>
      <language langcode="eng">English</language>
    </langmaterial>
    <repository>
      <corpname>Department of Ornithology Archives</corpname>
    </repository>
    <unittitle>Type card file for published lists on bird families</unittitle>
    <origination label="creator">
      <corpname authfilenumber="no95034791" source="naf">American Museum of Natural History. Department of Ornithology</corpname>
    </origination>
    <unitid>Archives Orn11</unitid>
    <physdesc altrender="whole">
      <extent altrender="materialtype spaceoccupied">2.5 Linear Feet</extent>
    </physdesc>
    <unitdate certainty="approximate" type="inclusive">circa mid to late 20th century</unitdate>
  </did>
  <scopecontent id="aspace_17f7ba7b6d68cb25551907350f7ca176">
    <head>Scope and Contents</head>
<p>Cards containing information on 19th and 20th-century published titles about various bird families. The publications referenced here are by the American Museum of Natural History as well as outside authors.</p>  </scopecontent>
  <arrangement id="aspace_450dfb358069ea2bed5abe8c693d8809">
    <head>Arrangement</head>
<p>Arranged by bird family.</p>  </arrangement>
  <phystech id="aspace_b04726c5d4a2c0b161e486a47a432a75">
    <head>Condition</head>
<p>Good.</p>  </phystech>
  <accessrestrict id="aspace_62afa7c2f066bff0c3c89d654de18568">
    <head>Conditions Governing Access</head>
<p>This collection is housed in the Department of Ornithology. Please contact the collection manager for access; materials are sometimes restricted. 
<extref xlink:href="https://www.amnh.org/research/vertebrate-zoology/ornithology">https://www.amnh.org/research/vertebrate-zoology/ornithology</extref></p>  </accessrestrict>
  <controlaccess>
    <function source="local">American Museum of Natural History. Department of Ornithology. Archives.</function>
    <subject source="LCSH">Birds -- Classification</subject>
  </controlaccess>
  <dsc/>
</archdesc>
</ead>