<?xml version="1.0" encoding="utf-8"?>
<ead xmlns="urn:isbn:1-931666-22-9" xmlns:xlink="http://www.w3.org/1999/xlink" xmlns:xsi="http://www.w3.org/2001/XMLSchema-instance" xsi:schemaLocation="urn:isbn:1-931666-22-9 http://www.loc.gov/ead/ead.xsd"><eadheader countryencoding="iso3166-1" dateencoding="iso8601" langencoding="iso639-2b" repositoryencoding="iso15511"><eadid countrycode="US"/><filedesc><titlestmt><titleproper>Alex Seidel and Helen Ziska drawings collection, undated <num>Archives Orn50</num></titleproper><author>Rebecca Morgan, 2010</author><sponsor>The Gladys Krieble Delmas Foundation provided support to make this finding aid available in ArchivesSpace (2016-2017). Minimal level collection record created with support from the Institute of Museum and Library Services (IMLS) Risk Assessment grant, 2010.
</sponsor></titlestmt><publicationstmt><publisher>Department of Ornithology Archives</publisher><p><date>2010</date></p><address><addressline>Division of Vertebrate Zoology</addressline><addressline>Department of Ornithology</addressline><addressline>Central Park West at 79th Street</addressline><addressline>New York, NY 10024-5192</addressline><addressline>URL: <extptr xlink:href="https://www.amnh.org/research/vertebrate-zoology/ornithology" xlink:show="new" xlink:title="https://www.amnh.org/research/vertebrate-zoology/ornithology" xlink:type="simple"/></addressline></address></publicationstmt><notestmt><note><p>Minimal level collection record created from inventory to promote discovery (IMLS Risk Assessment grant, 2010).</p></note></notestmt></filedesc><profiledesc><creation>This finding aid was produced using ArchivesSpace on <date>2020-01-17 11:35:06 -0500</date>.</creation><langusage>English</langusage><descrules>Describing Archives: A Content Standard</descrules></profiledesc></eadheader><archdesc level="collection">
  <did>
    <langmaterial>
      <language langcode="eng">English</language>
    </langmaterial>
    <repository>
      <corpname>Department of Ornithology Archives</corpname>
    </repository>
    <unittitle>Alex Seidel and Helen Ziska drawings collection</unittitle>
    <origination label="creator">
      <persname authfilenumber="n81012320" source="naf">Seidel, Alexander</persname>
    </origination>
    <origination label="creator">
      <persname authfilenumber="amnhp_1002324" source="local">Ziska, Helen</persname>
    </origination>
    <origination label="creator">
      <persname authfilenumber="amnhp_1000371" source="local">Chapin, James Paul, 1889-1964</persname>
    </origination>
    <unitid>Archives Orn50</unitid>
    <physdesc altrender="whole">
      <extent altrender="materialtype spaceoccupied">1.34 Linear Feet</extent>
      <extent altrender="carrier">1 oversized box</extent>
    </physdesc>
    <unitdate>undated</unitdate>
  </did>
  <scopecontent id="aspace_60a92c5a40eebe775875faa0d6e92012">
    <head>Scope and Contents</head>
<p>Maps, diagrams, pen and ink drawings for the "Birds of the Belgian Congo" (Note that volume number is not specified.) Artists: Jas. Chapin, Seidel, Helen Ziska. Also includes Seidel's "Birds of the Southwest Pacifc" drawings.</p>  </scopecontent>
  <arrangement id="aspace_f2c8cad293901551dbcbdbf48e0b01bd">
    <head>Arrangement</head>
<p>Arranged by subject.</p>  </arrangement>
  <phystech id="aspace_58e73e976ff15e5d4c6e33674890fc2e">
    <head>Condition</head>
<p>Good.</p>  </phystech>
  <accessrestrict id="aspace_782b5037bc02d231be89cf33ce19892a">
    <head>Conditions Governing Access</head>
<p>This collection is housed in the Department of Ornithology. Please contact the collection manager for access; materials are sometimes restricted. 
<extref xlink:href="https://www.amnh.org/research/vertebrate-zoology/ornithology">https://www.amnh.org/research/vertebrate-zoology/ornithology</extref></p>  </accessrestrict>
  <controlaccess>
    <function source="local">American Museum of Natural History. Department of Ornithology. Archives.</function>
    <subject source="lcsh">Birds -- Pictorial works</subject>
  </controlaccess>
  <dsc/>
</archdesc>
</ead>