<?xml version="1.0" encoding="utf-8"?>
<ead xmlns="urn:isbn:1-931666-22-9" xmlns:xlink="http://www.w3.org/1999/xlink" xmlns:xsi="http://www.w3.org/2001/XMLSchema-instance" xsi:schemaLocation="urn:isbn:1-931666-22-9 http://www.loc.gov/ead/ead.xsd"><eadheader countryencoding="iso3166-1" dateencoding="iso8601" langencoding="iso639-2b" repositoryencoding="iso15511"><eadid countrycode="US"/><filedesc><titlestmt><titleproper>James P. Chapin species file, circa 1930s-1950s <num>Archives Orn12</num></titleproper><author>Rebecca Morgan, 2010</author><sponsor>The Gladys Krieble Delmas Foundation provided support to make this finding aid available in ArchivesSpace (2016-2017). Minimal level collection record created with support from the Institute of Museum and Library Services (IMLS) Risk Assessment grant, 2010.
</sponsor></titlestmt><publicationstmt><publisher>Department of Ornithology Archives</publisher><p><date>2010</date></p><address><addressline>Division of Vertebrate Zoology</addressline><addressline>Department of Ornithology</addressline><addressline>Central Park West at 79th Street</addressline><addressline>New York, NY 10024-5192</addressline><addressline>URL: <extptr xlink:href="https://www.amnh.org/research/vertebrate-zoology/ornithology" xlink:show="new" xlink:title="https://www.amnh.org/research/vertebrate-zoology/ornithology" xlink:type="simple"/></addressline></address></publicationstmt><notestmt><note><p>Minimal level collection record created from inventory to promote discovery (IMLS Risk Assessment grant, 2010).</p><p>Internal note: 11 file drawers of 3x5 cards</p></note></notestmt></filedesc><profiledesc><creation>This finding aid was produced using ArchivesSpace on <date>2020-01-17 11:33:50 -0500</date>.</creation><langusage>English</langusage><descrules>Describing Archives: A Content Standard</descrules></profiledesc></eadheader><archdesc level="collection">
  <did>
    <langmaterial>
      <language langcode="eng">English</language>
    </langmaterial>
    <repository>
      <corpname>Department of Ornithology Archives</corpname>
    </repository>
    <unittitle>James P. Chapin species file</unittitle>
    <origination label="creator">
      <persname authfilenumber="amnhp_1000371" source="local">Chapin, James Paul, 1889-1964</persname>
    </origination>
    <unitid>Archives Orn12</unitid>
    <physdesc altrender="whole">
      <extent altrender="materialtype spaceoccupied">5.5 Linear Feet</extent>
    </physdesc>
    <unitdate certainty="approximate" type="inclusive">circa 1930s-1950s</unitdate>
    <container id="aspace_51974f357e92660a87c85ea40ab01e59" label="Mixed Materials">Collection placeholder</container>
  </did>
  <scopecontent id="aspace_6cf557c2900a0d976f807d93a21a7ee1">
    <head>Scope and Contents</head>
<p>James Paul Chapin's files on various bird species, contained in eleven file drawers. Drawer 1 is labeled "Ratites-Accipitridae (part)." Drawer 2 is labeled "Falconidae-Rallidae." Drawer 3 is labeled "Heliornithidae-Cuculidae (part)." Drawer 4 is labeled "Cuculidae (part)-Strigidae." Drawer 5 is labeled "Tytonidae-Eurylaemidae." Drawer 6 is labeled "Pittidae-Sylviidae (part)." Drawer 7 is labeled "Sylviidae (part)-Turdidae (part)." Drawer 8 is labeled "Turdidae (part)-Hirundinidae." Drawer 9 is labeled "Dicruridae-Zosteropidae." Drawer 10 is labeled "Promeropidae-Ploceidae (part)." Drawer 11 is labeled "Ploceidae (part)-Fingillidae."</p>  </scopecontent>
  <arrangement id="aspace_0ad27d80c98903d073f022388f0ddade">
    <head>Arrangement</head>
<p>Arranged by bird family.</p>  </arrangement>
  <phystech id="aspace_a6d7d73e05bb086b2ba6bf33013ceeee">
    <head>Condition</head>
<p>Good.</p>  </phystech>
  <accessrestrict id="aspace_9f464cc892dde104ff5562d2d98b14a9">
    <head>Conditions Governing Access</head>
<p>This collection is housed in the Department of Ornithology. Please contact the collection manager for access; materials are sometimes restricted. 
<extref xlink:href="https://www.amnh.org/research/vertebrate-zoology/ornithology">https://www.amnh.org/research/vertebrate-zoology/ornithology</extref></p>  </accessrestrict>
  <controlaccess>
    <function source="local">American Museum of Natural History. Department of Ornithology. Archives.</function>
    <subject source="LCSH">Birds -- Catalogs and collections</subject>
  </controlaccess>
  <dsc/>
</archdesc>
</ead>