<?xml version="1.0" encoding="utf-8"?>
<ead xmlns="urn:isbn:1-931666-22-9" xmlns:xlink="http://www.w3.org/1999/xlink" xmlns:xsi="http://www.w3.org/2001/XMLSchema-instance" xsi:schemaLocation="urn:isbn:1-931666-22-9 http://www.loc.gov/ead/ead.xsd"><eadheader countryencoding="iso3166-1" dateencoding="iso8601" langencoding="iso639-2b" repositoryencoding="iso15511"><eadid countrycode="US"/><filedesc><titlestmt><titleproper>Catalogue of birds in exhibition collection, 1883-1994 <num>Archives Orn17</num></titleproper><author>Rebecca Morgan, 2010</author><sponsor>The Gladys Krieble Delmas Foundation provided support to make this finding aid available in ArchivesSpace (2016-2017). Minimal level collection record created with support from the Institute of Museum and Library Services (IMLS) Risk Assessment grant, 2010. </sponsor></titlestmt><publicationstmt><publisher>Department of Ornithology Archives</publisher><p><date>2010</date></p><address><addressline>Division of Vertebrate Zoology</addressline><addressline>Department of Ornithology</addressline><addressline>Central Park West at 79th Street</addressline><addressline>New York, NY 10024-5192</addressline><addressline>URL: <extptr xlink:href="https://www.amnh.org/research/vertebrate-zoology/ornithology" xlink:show="new" xlink:title="https://www.amnh.org/research/vertebrate-zoology/ornithology" xlink:type="simple"/></addressline></address></publicationstmt><notestmt><note><p>Minimal level collection record created from inventory to promote discovery (IMLS Risk Assessment grant, 2010). </p><p>Internal note: 2 volumes</p></note></notestmt></filedesc><profiledesc><creation>This finding aid was produced using ArchivesSpace on <date>2020-01-17 11:34:21 -0500</date>.</creation><langusage>English</langusage><descrules>Describing Archives: A Content Standard</descrules></profiledesc></eadheader><archdesc level="collection">
  <did>
    <langmaterial>
      <language langcode="eng">English</language>
    </langmaterial>
    <repository>
      <corpname>Department of Ornithology Archives</corpname>
    </repository>
    <unittitle>Catalogue of birds in exhibition collection</unittitle>
    <origination label="creator">
      <corpname authfilenumber="no95034791" source="naf">American Museum of Natural History. Department of Ornithology</corpname>
    </origination>
    <unitid>Archives Orn17</unitid>
    <physdesc altrender="whole">
      <extent altrender="materialtype spaceoccupied">0.66 Linear Feet</extent>
      <extent altrender="carrier">2 volumes</extent>
    </physdesc>
    <unitdate normal="1883/1994" type="inclusive">1883-1994</unitdate>
  </did>
  <scopecontent id="aspace_e7350b75b6a5b05fe81cf6ed2118d1b2">
    <head>Scope and Contents</head>
<p>Catalogue of birds in the exhibition collection at the American Museum of Natural History. Entries for each bird include museum number, original number, name, sex and age, date, locality, name of collector, name of donor, dimensions, and remarks. The catalogue spans two volumes and was originally begun by Edgar A. Mearns during the period 1883-1884. Information in the volumes spans 1812-1994.</p>  </scopecontent>
  <phystech id="aspace_6cef8df83ac149de30ab1b30f3da16b5">
    <head>Condition</head>
<p>Good.</p>  </phystech>
  <accessrestrict id="aspace_282b43555a9af22a22e827927424b723">
    <head>Conditions Governing Access</head>
<p>This collection is housed in the Department of Ornithology. Please contact the collection manager for access; materials are sometimes restricted. 
<extref xlink:href="https://www.amnh.org/research/vertebrate-zoology/ornithology">https://www.amnh.org/research/vertebrate-zoology/ornithology</extref></p>  </accessrestrict>
  <controlaccess>
    <function source="local">American Museum of Natural History. Department of Ornithology. Archives.</function>
    <subject source="LCSH">Birds -- Catalogs and collections</subject>
    <subject source="lcsh">Birds -- Exhibitions</subject>
    <corpname authfilenumber="n79006850" source="naf">American Museum of Natural History -- Catalogs</corpname>
  </controlaccess>
  <dsc/>
</archdesc>
</ead>