<?xml version="1.0" encoding="utf-8"?>
<ead xmlns="urn:isbn:1-931666-22-9" xmlns:xlink="http://www.w3.org/1999/xlink" xmlns:xsi="http://www.w3.org/2001/XMLSchema-instance" xsi:schemaLocation="urn:isbn:1-931666-22-9 http://www.loc.gov/ead/ead.xsd"><eadheader countryencoding="iso3166-1" dateencoding="iso8601" langencoding="iso639-2b" repositoryencoding="iso15511"><eadid countrycode="US"/><filedesc><titlestmt><titleproper>Catalogue of birds in study collection, 1870s-2011 <num>Archives Orn18</num></titleproper><author>Rebecca Morgan, 2010</author><sponsor>The Gladys Krieble Delmas Foundation provided support to make this finding aid available in ArchivesSpace (2016-2017). Minimal level collection record created with support from the Institute of Museum and Library Services (IMLS) Risk Assessment grant, 2010.</sponsor></titlestmt><publicationstmt><publisher>Department of Ornithology Archives</publisher><p><date>2010</date></p><address><addressline>Division of Vertebrate Zoology</addressline><addressline>Department of Ornithology</addressline><addressline>Central Park West at 79th Street</addressline><addressline>New York, NY 10024-5192</addressline><addressline>URL: <extptr xlink:href="https://www.amnh.org/research/vertebrate-zoology/ornithology" xlink:show="new" xlink:title="https://www.amnh.org/research/vertebrate-zoology/ornithology" xlink:type="simple"/></addressline></address></publicationstmt><notestmt><note><p>Minimal level collection record created from inventory to promote discovery (IMLS Risk Assessment grant, 2010).</p><p>Internal note: 47 volumes</p></note></notestmt></filedesc><profiledesc><creation>This finding aid was produced using ArchivesSpace on <date>2020-01-17 11:34:21 -0500</date>.</creation><langusage>English</langusage><descrules>Describing Archives: A Content Standard</descrules></profiledesc></eadheader><archdesc level="collection">
  <did>
    <langmaterial>
      <language langcode="eng">English</language>
    </langmaterial>
    <repository>
      <corpname>Department of Ornithology Archives</corpname>
    </repository>
    <unittitle>Catalogue of birds in study collection</unittitle>
    <origination label="creator">
      <corpname authfilenumber="no95034791" source="naf">American Museum of Natural History. Department of Ornithology</corpname>
    </origination>
    <origination label="creator">
      <persname authfilenumber="n82218434" role="fmo" source="naf">Rothschild, Lionel Walter Rothschild, Baron, 1868-1937</persname>
    </origination>
    <unitid>Archives Orn18</unitid>
    <physdesc altrender="whole">
      <extent altrender="materialtype spaceoccupied">11.3 Linear Feet</extent>
      <extent altrender="carrier">47 volumes</extent>
    </physdesc>
    <unitdate certainty="approximate" type="inclusive">1870s-2011</unitdate>
  </did>
  <acqinfo id="aspace_39939f444312ee4d7019efa0de45421c">
    <head>Immediate Source of Acquisition</head>
<p>American Museum of Natural History, Department of Ornithology (Volumes 1-26, 41-47). Volumes 27-40 are referred to as the Rothschild collection and were a Whitney gift.</p>  </acqinfo>
  <scopecontent id="aspace_4343d48a3ee828a36129285251cb08e1">
    <head>Scope and Contents</head>
<p>Catalogue of birds in the study collection at the American Museum of Natural History. Catalogue entries for each bird include museum number, original number, name, sex, date, locality, name of collector, name of donor, dimensions, and remarks. The catalogue spans 47 volumes.</p>  </scopecontent>
  <odd id="aspace_06ed777d1066c4442c9fa2f3a5aae47c">
    <head>General</head>
<p>Volume 5 and 6 are missing as of 9/29/2011; as of 3/1/2017, volumes 5 and 6 are extant, volume 47 is missing.</p>  </odd>
  <phystech id="aspace_f4adab95e50e796011dc19071544cbaf">
    <head>Condition</head>
<p>Good.</p>  </phystech>
  <accessrestrict id="aspace_294396e23d55e041666f9cc20fd25f4f">
    <head>Conditions Governing Access</head>
<p>This collection is housed in the Department of Ornithology. Please contact the collection manager for access; materials are sometimes restricted. 
<extref xlink:href="https://www.amnh.org/research/vertebrate-zoology/ornithology">https://www.amnh.org/research/vertebrate-zoology/ornithology</extref></p>  </accessrestrict>
  <controlaccess>
    <function source="local">American Museum of Natural History. Department of Ornithology. Archives.</function>
    <subject source="LCSH">Birds -- Catalogs and collections</subject>
    <corpname source="naf">American Museum of Natural History -- Catalogs</corpname>
  </controlaccess>
  <dsc/>
</archdesc>
</ead>