<?xml version="1.0" encoding="utf-8"?>
<ead xmlns="urn:isbn:1-931666-22-9" xmlns:xlink="http://www.w3.org/1999/xlink" xmlns:xsi="http://www.w3.org/2001/XMLSchema-instance" xsi:schemaLocation="urn:isbn:1-931666-22-9 http://www.loc.gov/ead/ead.xsd"><eadheader countryencoding="iso3166-1" dateencoding="iso8601" langencoding="iso639-2b" repositoryencoding="iso15511"><eadid countrycode="US"/><filedesc><titlestmt><titleproper>Louis Agassiz Fuertes art collection, 1911-1950s <num>Archives Orn51</num></titleproper><author>Rebecca Morgan, 2010</author><sponsor>The Gladys Krieble Delmas Foundation provided support to make this finding aid available in ArchivesSpace (2016-2017). Minimal level collection record created with support from the Institute of Museum and Library Services (IMLS) Risk Assessment grant, 2010. </sponsor></titlestmt><publicationstmt><publisher>Department of Ornithology Archives</publisher><p><date>2010</date></p><address><addressline>Division of Vertebrate Zoology</addressline><addressline>Department of Ornithology</addressline><addressline>Central Park West at 79th Street</addressline><addressline>New York, NY 10024-5192</addressline><addressline>URL: <extptr xlink:href="https://www.amnh.org/research/vertebrate-zoology/ornithology" xlink:show="new" xlink:title="https://www.amnh.org/research/vertebrate-zoology/ornithology" xlink:type="simple"/></addressline></address></publicationstmt><notestmt><note><p>Minimal level collection record created from inventory to promote discovery (IMLS Risk Assessment grant, 2010).</p></note></notestmt></filedesc><profiledesc><creation>This finding aid was produced using ArchivesSpace on <date>2020-01-17 11:35:06 -0500</date>.</creation><langusage>English</langusage><descrules>Describing Archives: A Content Standard</descrules></profiledesc></eadheader><archdesc level="collection">
  <did>
    <langmaterial>
      <language langcode="eng">English</language>
    </langmaterial>
    <repository>
      <corpname>Department of Ornithology Archives</corpname>
    </repository>
    <unittitle>Louis Agassiz Fuertes art collection</unittitle>
    <origination label="creator">
      <persname authfilenumber="n50047914" role="art" source="naf">Fuertes, Louis Agassiz, 1874-1927</persname>
    </origination>
    <unitid>Archives Orn51</unitid>
    <physdesc altrender="whole">
      <extent altrender="materialtype spaceoccupied">21 Linear Feet</extent>
    </physdesc>
    <unitdate certainty="approximate" type="inclusive">1911-1950s</unitdate>
  </did>
  <acqinfo id="aspace_c77df519b884789869f4bbe88166267b">
    <head>Immediate Source of Acquisition</head>
<p>see Fuertes Collection Art Index file</p>  </acqinfo>
  <scopecontent id="aspace_2a3aa3168ba33c8a8b646aa98fb38983">
    <head>Scope and Contents</head>
<p>Pen and ink on paper, drawings, humorous drawings, wash drawings, watercolors, oil paintings photographs</p>  </scopecontent>
  <arrangement id="aspace_6d4bb1983132c6d97aa2d9bd745e3016">
    <head>Arrangement</head>
<p>Arranged by box number.</p>  </arrangement>
  <phystech id="aspace_ad327c62015804d289270910dff17400">
    <head>Condition</head>
<p>Good.</p>  </phystech>
  <accessrestrict id="aspace_fea6dc11d9aa1c5714763259be7dd625">
    <head>Conditions Governing Access</head>
<p>This collection is housed in the Department of Ornithology. Please contact the collection manager for access; materials are sometimes restricted. 
<extref xlink:href="https://www.amnh.org/research/vertebrate-zoology/ornithology">https://www.amnh.org/research/vertebrate-zoology/ornithology</extref></p>  </accessrestrict>
  <controlaccess>
    <function source="local">American Museum of Natural History. Department of Ornithology. Archives.</function>
    <subject source="lcsh">Birds -- Pictorial works</subject>
  </controlaccess>
  <dsc/>
</archdesc>
</ead>