<?xml version="1.0" encoding="utf-8"?>
<ead xmlns="urn:isbn:1-931666-22-9" xmlns:xlink="http://www.w3.org/1999/xlink" xmlns:xsi="http://www.w3.org/2001/XMLSchema-instance" xsi:schemaLocation="urn:isbn:1-931666-22-9 http://www.loc.gov/ead/ead.xsd"><eadheader countryencoding="iso3166-1" dateencoding="iso8601" langencoding="iso639-2b" repositoryencoding="iso15511"><eadid countrycode="US"/><filedesc><titlestmt><titleproper>L. L. Short papers, 1970s-1990s <num>Archives Orn27</num></titleproper><author>Rebecca Morgan, 2010</author><sponsor>The Gladys Krieble Delmas Foundation provided support to make this finding aid available in ArchivesSpace (2016-2017). Minimal level collection record created with support from the Institute of Museum and Library Services (IMLS) Risk Assessment grant, 2010.
</sponsor></titlestmt><publicationstmt><publisher>Department of Ornithology Archives</publisher><p><date>2010</date></p><address><addressline>Division of Vertebrate Zoology</addressline><addressline>Department of Ornithology</addressline><addressline>Central Park West at 79th Street</addressline><addressline>New York, NY 10024-5192</addressline><addressline>URL: <extptr xlink:href="https://www.amnh.org/research/vertebrate-zoology/ornithology" xlink:show="new" xlink:title="https://www.amnh.org/research/vertebrate-zoology/ornithology" xlink:type="simple"/></addressline></address></publicationstmt><notestmt><note><p>Minimal level collection record created from inventory to promote discovery (IMLS Risk Assessment grant, 2010).</p></note></notestmt></filedesc><profiledesc><creation>This finding aid was produced using ArchivesSpace on <date>2020-01-17 11:34:54 -0500</date>.</creation><langusage>English</langusage><descrules>Describing Archives: A Content Standard</descrules></profiledesc></eadheader><archdesc level="collection">
  <did>
    <langmaterial>
      <language langcode="eng">English</language>
    </langmaterial>
    <repository>
      <corpname>Department of Ornithology Archives</corpname>
    </repository>
    <unittitle>L. L. Short papers</unittitle>
    <origination label="creator">
      <persname authfilenumber="n79148841" source="naf">Short, Lester L.</persname>
    </origination>
    <unitid>Archives Orn27</unitid>
    <physdesc altrender="whole">
      <extent altrender="materialtype spaceoccupied">2 Linear Feet</extent>
    </physdesc>
    <unitdate certainty="approximate" type="inclusive">1970s-1990s</unitdate>
  </did>
  <scopecontent id="aspace_180434b30eeab7476554b13a6a8cc17a">
    <head>Scope and Contents</head>
<p>Contains Lester L. Short department files, Kenya trip reports, and Africa Barbet project permits, salary information, project research information, correspondence, Lester L. Short biography/bibliography and a "GrapeVine" [publication], exhibits, Audubon work.</p>  </scopecontent>
  <arrangement id="aspace_68a00ddfa3e151bf7686adcd9bd85617">
    <head>Arrangement</head>
<p>Arranged by subject. Unprocessed collection.</p>  </arrangement>
  <phystech id="aspace_d2fa5bbb2fe2233f0af07bfa9fbcb3cd">
    <head>Condition</head>
<p>Good.</p>  </phystech>
  <accessrestrict id="aspace_9b953ef87a4ea0083ed2b5eb38445620">
    <head>Conditions Governing Access</head>
<p>This collection is housed in the Department of Ornithology. Please contact the collection manager for access; materials are sometimes restricted. 
<extref xlink:href="https://www.amnh.org/research/vertebrate-zoology/ornithology">https://www.amnh.org/research/vertebrate-zoology/ornithology</extref></p>  </accessrestrict>
  <controlaccess>
    <function source="local">American Museum of Natural History. Department of Ornithology. Archives.</function>
  </controlaccess>
  <dsc/>
</archdesc>
</ead>