<?xml version="1.0" encoding="utf-8"?>
<ead xmlns="urn:isbn:1-931666-22-9" xmlns:xlink="http://www.w3.org/1999/xlink" xmlns:xsi="http://www.w3.org/2001/XMLSchema-instance" xsi:schemaLocation="urn:isbn:1-931666-22-9 http://www.loc.gov/ead/ead.xsd"><eadheader countryencoding="iso3166-1" dateencoding="iso8601" langencoding="iso639-2b" repositoryencoding="iso15511"><eadid countrycode="US"/><filedesc><titlestmt><titleproper>Department of Ornithology Accession Records, Gifts and Purchases, 1920s-1990s <num>Archives Orn30</num></titleproper><author>Rebecca Morgan, 2010</author><sponsor>The Gladys Krieble Delmas Foundation provided support to make this finding aid available in ArchivesSpace (2016-2017). Minimal level collection record created with support from the Institute of Museum and Library Services (IMLS) Risk Assessment grant, 2010.</sponsor></titlestmt><publicationstmt><publisher>Department of Ornithology Archives</publisher><p><date>2010</date></p><address><addressline>Division of Vertebrate Zoology</addressline><addressline>Department of Ornithology</addressline><addressline>Central Park West at 79th Street</addressline><addressline>New York, NY 10024-5192</addressline><addressline>URL: <extptr xlink:href="https://www.amnh.org/research/vertebrate-zoology/ornithology" xlink:show="new" xlink:title="https://www.amnh.org/research/vertebrate-zoology/ornithology" xlink:type="simple"/></addressline></address></publicationstmt><notestmt><note><p>Minimal level collection record created from inventory to promote discovery (IMLS Risk Assessment grant, 2010).</p></note></notestmt></filedesc><profiledesc><creation>This finding aid was produced using ArchivesSpace on <date>2020-01-17 11:34:55 -0500</date>.</creation><langusage>English</langusage><descrules>Describing Archives: A Content Standard</descrules></profiledesc></eadheader><archdesc level="collection">
  <did>
    <langmaterial>
      <language langcode="eng">English</language>
    </langmaterial>
    <repository>
      <corpname>Department of Ornithology Archives</corpname>
    </repository>
    <unittitle>Department of Ornithology Accession Records, Gifts and Purchases</unittitle>
    <origination label="creator">
      <corpname authfilenumber="no95034791" source="naf">American Museum of Natural History. Department of Ornithology</corpname>
    </origination>
    <unitid>Archives Orn30</unitid>
    <physdesc altrender="whole">
      <extent altrender="materialtype spaceoccupied">2 Linear Feet</extent>
    </physdesc>
    <unitdate certainty="approximate" type="inclusive">1920s-1990s</unitdate>
  </did>
  <scopecontent id="aspace_d8aa524e1e36457bf1b7e21bf9401032">
    <head>Scope and Contents</head>
<p>Files pertain to expeditions, including Whitney South Sea Expedition (1926-1947)</p>  </scopecontent>
  <arrangement id="aspace_8bd40518870fe0e4f2a80686cd70fa72">
    <head>Arrangement</head>
<p>Alphabetical.</p>  </arrangement>
  <phystech id="aspace_98fe21047d9e3e3cedeacc4f49750a08">
    <head>Condition</head>
<p>Good.</p>  </phystech>
  <accessrestrict id="aspace_fd7af7daa25818dcb38058cb28fdfbd0">
    <head>Conditions Governing Access</head>
<p>This collection is housed in the Department of Ornithology. Please contact the collection manager for access; materials are sometimes restricted. 
<extref xlink:href="https://www.amnh.org/research/vertebrate-zoology/ornithology">https://www.amnh.org/research/vertebrate-zoology/ornithology</extref></p>  </accessrestrict>
  <controlaccess>
    <function source="local">American Museum of Natural History. Department of Ornithology. Archives.</function>
    <corpname authfilenumber="amnhc_2000164" source="local">Whitney South Sea Expedition of the American Museum of Natural History (1920-1941)</corpname>
  </controlaccess>
  <dsc/>
</archdesc>
</ead>