<?xml version="1.0" encoding="utf-8"?>
<ead xmlns="urn:isbn:1-931666-22-9" xmlns:xlink="http://www.w3.org/1999/xlink" xmlns:xsi="http://www.w3.org/2001/XMLSchema-instance" xsi:schemaLocation="urn:isbn:1-931666-22-9 http://www.loc.gov/ead/ead.xsd"><eadheader countryencoding="iso3166-1" dateencoding="iso8601" langencoding="iso639-2b" repositoryencoding="iso15511"><eadid countrycode="US"/><filedesc><titlestmt><titleproper>Chapin file: people of special interest, 1940s-1960s <num>Archives Orn33</num></titleproper><author>Rebecca Morgan, 2010</author><sponsor>The Gladys Krieble Delmas Foundation provided support to make this finding aid available in ArchivesSpace (2016-2017). Minimal level collection record created with support from the Institute of Museum and Library Services (IMLS) Risk Assessment grant, 2010.</sponsor></titlestmt><publicationstmt><publisher>Department of Ornithology Archives</publisher><p><date>2010</date></p><address><addressline>Division of Vertebrate Zoology</addressline><addressline>Department of Ornithology</addressline><addressline>Central Park West at 79th Street</addressline><addressline>New York, NY 10024-5192</addressline><addressline>URL: <extptr xlink:href="https://www.amnh.org/research/vertebrate-zoology/ornithology" xlink:show="new" xlink:title="https://www.amnh.org/research/vertebrate-zoology/ornithology" xlink:type="simple"/></addressline></address></publicationstmt><notestmt><note><p>Minimal level collection record created from inventory to promote discovery (IMLS Risk Assessment grant, 2010).</p></note></notestmt></filedesc><profiledesc><creation>This finding aid was produced using ArchivesSpace on <date>2020-01-17 11:35:00 -0500</date>.</creation><langusage>English</langusage><descrules>Describing Archives: A Content Standard</descrules></profiledesc></eadheader><archdesc level="collection">
  <did>
    <langmaterial>
      <language langcode="eng">English</language>
    </langmaterial>
    <repository>
      <corpname>Department of Ornithology Archives</corpname>
    </repository>
    <unittitle>Chapin file: people of special interest</unittitle>
    <origination label="creator">
      <persname authfilenumber="amnhp_1000371" source="local">Chapin, James Paul, 1889-1964</persname>
    </origination>
    <unitid>Archives Orn33</unitid>
    <physdesc altrender="whole">
      <extent altrender="materialtype spaceoccupied">1 Linear Foot</extent>
    </physdesc>
    <unitdate certainty="approximate" type="inclusive">1940s-1960s</unitdate>
  </did>
  <scopecontent id="aspace_dc7153883296e185d5f51a9337ba7716">
    <head>Scope and Contents</head>
<p>Hand written notes on people of special interest from American Museum Congo Expedition, Congo Independent State, and Congo Republic. Includes clippings, correspondence, biographical information, some photographs, including one 3-D photo and film.</p>  </scopecontent>
  <arrangement id="aspace_e489908cffa9a8184ab97c59d223c1be">
    <head>Arrangement</head>
<p>Alphabetical by person, some subject files.</p>  </arrangement>
  <phystech id="aspace_678c976f32b4c948e121c62ad01def74">
    <head>Condition</head>
<p>Good.</p>  </phystech>
  <accessrestrict id="aspace_63f4323730448b56533792fbb8dfba2f">
    <head>Conditions Governing Access</head>
<p>This collection is housed in the Department of Ornithology. Please contact the collection manager for access; materials are sometimes restricted. 
<extref xlink:href="https://www.amnh.org/research/vertebrate-zoology/ornithology">https://www.amnh.org/research/vertebrate-zoology/ornithology</extref></p>  </accessrestrict>
  <controlaccess>
    <function source="local">American Museum of Natural History. Department of Ornithology. Archives.</function>
  </controlaccess>
  <dsc/>
</archdesc>
</ead>