<?xml version="1.0" encoding="utf-8"?>
<ead xmlns="urn:isbn:1-931666-22-9" xmlns:xlink="http://www.w3.org/1999/xlink" xmlns:xsi="http://www.w3.org/2001/XMLSchema-instance" xsi:schemaLocation="urn:isbn:1-931666-22-9 http://www.loc.gov/ead/ead.xsd"><eadheader countryencoding="iso3166-1" dateencoding="iso8601" langencoding="iso639-2b" repositoryencoding="iso15511"><eadid countrycode="US"/><filedesc><titlestmt><titleproper>Chapin file: maps and localities (PT), 1904-1966 <num>Archives Orn35</num></titleproper><author>Rebecca Morgan, 2010</author><sponsor>The Gladys Krieble Delmas Foundation provided support to make this finding aid available in ArchivesSpace (2016-2017). Minimal level collection record created with support from the Institute of Museum and Library Services (IMLS) Risk Assessment grant, 2010. </sponsor></titlestmt><publicationstmt><publisher>Department of Ornithology Archives</publisher><p><date>2010</date></p><address><addressline>Division of Vertebrate Zoology</addressline><addressline>Department of Ornithology</addressline><addressline>Central Park West at 79th Street</addressline><addressline>New York, NY 10024-5192</addressline><addressline>URL: <extptr xlink:href="https://www.amnh.org/research/vertebrate-zoology/ornithology" xlink:show="new" xlink:title="https://www.amnh.org/research/vertebrate-zoology/ornithology" xlink:type="simple"/></addressline></address></publicationstmt><notestmt><note><p>Minimal level collection record created from inventory to promote discovery (IMLS Risk Assessment grant, 2010).</p></note></notestmt></filedesc><profiledesc><creation>This finding aid was produced using ArchivesSpace on <date>2020-01-17 11:35:01 -0500</date>.</creation><langusage>English</langusage><descrules>Describing Archives: A Content Standard</descrules></profiledesc></eadheader><archdesc level="collection">
  <did>
    <langmaterial>
      <language langcode="eng">English</language>
    </langmaterial>
    <repository>
      <corpname>Department of Ornithology Archives</corpname>
    </repository>
    <unittitle>Chapin file: maps and localities (PT)</unittitle>
    <origination label="creator">
      <persname authfilenumber="amnhp_1000371" source="local">Chapin, James Paul, 1889-1964</persname>
    </origination>
    <unitid>Archives Orn35</unitid>
    <physdesc altrender="whole">
      <extent altrender="materialtype spaceoccupied">2 Linear Feet</extent>
    </physdesc>
    <unitdate normal="1904/1966" type="inclusive">1904-1966</unitdate>
  </did>
  <scopecontent id="aspace_1fd762934b80f709ea87dc18ff517e74">
    <head>Scope and Contents</head>
<p>James Paul Chapin's maps (arranged alphabetically) and bibliography (arranged chronologically) pertianing to Old voyages to Congo.</p>  </scopecontent>
  <arrangement id="aspace_9c05d8bbb12710f96b8d0c5f39a043e4">
    <head>Arrangement</head>
<p>Alphabetical for maps and localities, chronological for bibliography.</p>  </arrangement>
  <phystech id="aspace_54d217a0f391da6ae1388da035066f54">
    <head>Condition</head>
<p>Good.</p>  </phystech>
  <accessrestrict id="aspace_80b811aa507c3bfd69f715b7c55d87c3">
    <head>Conditions Governing Access</head>
<p>This collection is housed in the Department of Ornithology. Please contact the collection manager for access; materials are sometimes restricted. 
<extref xlink:href="https://www.amnh.org/research/vertebrate-zoology/ornithology">https://www.amnh.org/research/vertebrate-zoology/ornithology</extref></p>  </accessrestrict>
  <controlaccess>
    <function source="local">American Museum of Natural History. Department of Ornithology. Archives.</function>
    <genreform source="aat">Maps</genreform>
  </controlaccess>
  <dsc/>
</archdesc>
</ead>