<?xml version="1.0" encoding="utf-8"?>
<ead xmlns="urn:isbn:1-931666-22-9" xmlns:xlink="http://www.w3.org/1999/xlink" xmlns:xsi="http://www.w3.org/2001/XMLSchema-instance" xsi:schemaLocation="urn:isbn:1-931666-22-9 http://www.loc.gov/ead/ead.xsd"><eadheader countryencoding="iso3166-1" dateencoding="iso8601" langencoding="iso639-2b" repositoryencoding="iso15511"><eadid countrycode="US"/><filedesc><titlestmt><titleproper>Lukolela Expedition: 1930-1931; Congo Forest Bird Group, Indicatoridee bird notes card files, 1940s-1960s <num>Archives Orn39</num></titleproper><author>Rebecca Morgan, 2010</author><sponsor>The Gladys Krieble Delmas Foundation provided support to make this finding aid available in ArchivesSpace (2016-2017). Minimal level collection record created with support from the Institute of Museum and Library Services (IMLS) Risk Assessment grant, 2010. </sponsor></titlestmt><publicationstmt><publisher>Department of Ornithology Archives</publisher><p><date>2010</date></p><address><addressline>Division of Vertebrate Zoology</addressline><addressline>Department of Ornithology</addressline><addressline>Central Park West at 79th Street</addressline><addressline>New York, NY 10024-5192</addressline><addressline>URL: <extptr xlink:href="https://www.amnh.org/research/vertebrate-zoology/ornithology" xlink:show="new" xlink:title="https://www.amnh.org/research/vertebrate-zoology/ornithology" xlink:type="simple"/></addressline></address></publicationstmt><notestmt><note><p>Minimal level collection record created from inventory to promote discovery (IMLS Risk Assessment grant, 2010). </p><p>Internal note: This information was found on a index card and perhaps to be incorporated into the summary: "Lukolela Expedition (1930-1931)The following cards are for specimens collected by this expedition. They are arranged in systematic order (guides have been removed). The cards contain complete information for birds that have been exhibited in the group; they also give information on native names of birds. There is also an index to the collection, relating to the journals. This is recorded in a notebook (not complete)".</p></note></notestmt></filedesc><profiledesc><creation>This finding aid was produced using ArchivesSpace on <date>2020-01-17 11:35:02 -0500</date>.</creation><langusage>English</langusage><descrules>Describing Archives: A Content Standard</descrules></profiledesc></eadheader><archdesc level="collection">
  <did>
    <langmaterial>
      <language langcode="eng">English</language>
    </langmaterial>
    <repository>
      <corpname>Department of Ornithology Archives</corpname>
    </repository>
    <unittitle>Lukolela Expedition: 1930-1931; Congo Forest Bird Group, Indicatoridee bird notes card files</unittitle>
    <origination label="creator">
      <corpname authfilenumber="no95034791" source="naf">American Museum of Natural History. Department of Ornithology</corpname>
    </origination>
    <unitid>Archives Orn39</unitid>
    <physdesc altrender="whole">
      <extent altrender="materialtype spaceoccupied">1 Linear Foot</extent>
    </physdesc>
    <unitdate certainty="approximate" type="inclusive">1940s-1960s</unitdate>
  </did>
  <scopecontent id="aspace_6fe5754b0350c77f33a1d6ec3f85bfa2">
    <head>Scope and Contents</head>
<p>Collection includes correspondence and drawings.</p>  </scopecontent>
  <arrangement id="aspace_80acccee9b8f3c50920f0b39f86060fc">
    <head>Arrangement</head>
<p>By subject heading.</p>  </arrangement>
  <phystech id="aspace_e96f26dc6694920a4d0353e8b0fd1ae6">
    <head>Condition</head>
<p>Good.</p>  </phystech>
  <accessrestrict id="aspace_e0f6291dacd44796bd69aa72fb1cf396">
    <head>Conditions Governing Access</head>
<p>This collection is housed in the Department of Ornithology. Please contact the collection manager for access; materials are sometimes restricted. 
<extref xlink:href="https://www.amnh.org/research/vertebrate-zoology/ornithology">https://www.amnh.org/research/vertebrate-zoology/ornithology</extref></p>  </accessrestrict>
  <controlaccess>
    <function source="local">American Museum of Natural History. Department of Ornithology. Archives.</function>
    <corpname authfilenumber="amnhc_2000286" source="local">Chapin-Edson Congo Expedition (1930-1931) -- Catalogs</corpname>
  </controlaccess>
  <dsc/>
</archdesc>
</ead>