<?xml version="1.0" encoding="utf-8"?>
<ead xmlns="urn:isbn:1-931666-22-9" xmlns:xlink="http://www.w3.org/1999/xlink" xmlns:xsi="http://www.w3.org/2001/XMLSchema-instance" xsi:schemaLocation="urn:isbn:1-931666-22-9 http://www.loc.gov/ead/ead.xsd"><eadheader countryencoding="iso3166-1" dateencoding="iso8601" langencoding="iso639-2b" repositoryencoding="iso15511"><eadid countrycode="US"/><filedesc><titlestmt><titleproper>Belgian Congo species card file I, II, III, IV, 1920s-1960s, undated <num>Archives Orn40</num></titleproper><author>Rebecca Morgan, 2010</author><sponsor>The Gladys Krieble Delmas Foundation provided support to make this finding aid available in ArchivesSpace (2016-2017). Minimal level collection record created with support from the Institute of Museum and Library Services (IMLS) Risk Assessment grant, 2010. </sponsor></titlestmt><publicationstmt><publisher>Department of Ornithology Archives</publisher><p><date>2010</date></p><address><addressline>Division of Vertebrate Zoology</addressline><addressline>Department of Ornithology</addressline><addressline>Central Park West at 79th Street</addressline><addressline>New York, NY 10024-5192</addressline><addressline>URL: <extptr xlink:href="https://www.amnh.org/research/vertebrate-zoology/ornithology" xlink:show="new" xlink:title="https://www.amnh.org/research/vertebrate-zoology/ornithology" xlink:type="simple"/></addressline></address></publicationstmt><notestmt><note><p>Minimal level collection record created from inventory to promote discovery (IMLS Risk Assessment grant, 2010).</p></note></notestmt></filedesc><profiledesc><creation>This finding aid was produced using ArchivesSpace on <date>2020-01-17 11:35:03 -0500</date>.</creation><langusage>English</langusage><descrules>Describing Archives: A Content Standard</descrules></profiledesc></eadheader><archdesc level="collection">
  <did>
    <langmaterial>
      <language langcode="eng">English</language>
    </langmaterial>
    <repository>
      <corpname>Department of Ornithology Archives</corpname>
    </repository>
    <unittitle>Belgian Congo species card file I, II, III, IV</unittitle>
    <origination label="creator">
      <corpname authfilenumber="no95034791" source="naf">American Museum of Natural History. Department of Ornithology</corpname>
    </origination>
    <unitid>Archives Orn40</unitid>
    <physdesc altrender="whole">
      <extent altrender="materialtype spaceoccupied">3.25 Linear Feet</extent>
    </physdesc>
    <unitdate certainty="approximate" type="inclusive">1920s-1960s, undated</unitdate>
  </did>
  <scopecontent id="aspace_e8079fe98e469ee49247f0d8b5552fb3">
    <head>Scope and Contents</head>
<p>These are published records and notes that were accummulated subsequent to the publication of the relevant volumes of "Birds of the Belgian Congo." There are also records of bordering regions.</p>  </scopecontent>
  <arrangement id="aspace_767bbf98f1958ca8c5ec01b6c6d34a33">
    <head>Arrangement</head>
<p>By bird family.</p>  </arrangement>
  <phystech id="aspace_1b274c14ade17f7abe5b9cf564e31403">
    <head>Condition</head>
<p>Good.</p>  </phystech>
  <accessrestrict id="aspace_a092e8e0da78134a9ab12df6be4af4fc">
    <head>Conditions Governing Access</head>
<p>This collection is housed in the Department of Ornithology. Please contact the collection manager for access; materials are sometimes restricted. 
<extref xlink:href="https://www.amnh.org/research/vertebrate-zoology/ornithology">https://www.amnh.org/research/vertebrate-zoology/ornithology</extref></p>  </accessrestrict>
  <controlaccess>
    <function source="local">American Museum of Natural History. Department of Ornithology. Archives.</function>
    <persname authfilenumber="amnhp_1000371" source="local">Chapin, James Paul, 1889-1964 -- Birds of the Belgian Congo</persname>
  </controlaccess>
  <dsc/>
</archdesc>
</ead>