<?xml version="1.0" encoding="utf-8"?>
<ead xmlns="urn:isbn:1-931666-22-9" xmlns:xlink="http://www.w3.org/1999/xlink" xmlns:xsi="http://www.w3.org/2001/XMLSchema-instance" xsi:schemaLocation="urn:isbn:1-931666-22-9 http://www.loc.gov/ead/ead.xsd"><eadheader countryencoding="iso3166-1" dateencoding="iso8601" langencoding="iso639-2b" repositoryencoding="iso15511"><eadid countrycode="US"/><filedesc><titlestmt><titleproper>Crawford H. Greenwalt collection, 1950s-1960s <num>Archives Orn44</num></titleproper><author>Rebecca Morgan, 2010</author><sponsor>The Gladys Krieble Delmas Foundation provided support to make this finding aid available in ArchivesSpace (2016-2017). Minimal level collection record created with support from the Institute of Museum and Library Services (IMLS) Risk Assessment grant, 2010. </sponsor></titlestmt><publicationstmt><publisher>Department of Ornithology Archives</publisher><p><date>2010</date></p><address><addressline>Division of Vertebrate Zoology</addressline><addressline>Department of Ornithology</addressline><addressline>Central Park West at 79th Street</addressline><addressline>New York, NY 10024-5192</addressline><addressline>URL: <extptr xlink:href="https://www.amnh.org/research/vertebrate-zoology/ornithology" xlink:show="new" xlink:title="https://www.amnh.org/research/vertebrate-zoology/ornithology" xlink:type="simple"/></addressline></address></publicationstmt><notestmt><note><p>Minimal level collection record created from inventory to promote discovery (IMLS Risk Assessment grant, 2010).</p></note></notestmt></filedesc><profiledesc><creation>This finding aid was produced using ArchivesSpace on <date>2020-01-17 11:35:03 -0500</date>.</creation><langusage>English</langusage><descrules>Describing Archives: A Content Standard</descrules></profiledesc></eadheader><archdesc level="collection">
  <did>
    <langmaterial>
      <language langcode="eng">English</language>
    </langmaterial>
    <repository>
      <corpname>Department of Ornithology Archives</corpname>
    </repository>
    <unittitle>Crawford H. Greenwalt collection</unittitle>
    <origination label="creator">
      <persname authfilenumber="n50031452" source="naf">Greenewalt, Crawford H., 1902-1993</persname>
    </origination>
    <unitid>Archives Orn44</unitid>
    <physdesc altrender="whole">
      <extent altrender="materialtype spaceoccupied">4.8 Linear Feet</extent>
    </physdesc>
    <unitdate certainty="approximate" type="inclusive">1950s-1960s</unitdate>
  </did>
  <scopecontent id="aspace_91020e7ce4958c79fb67f7cb18609e86">
    <head>Scope and Contents</head>
<p>Black and white and also color photographs of hummingbirds; newspaper clippings; correpsondence.</p>  </scopecontent>
  <arrangement id="aspace_138c6f2b0a01d26b91c1f86823a20e42">
    <head>Arrangement</head>
<p>Arranged by box number.</p>  </arrangement>
  <phystech id="aspace_7f28b598b9c93d3129420d05e0cf6551">
    <head>Condition</head>
<p>Good.</p>  </phystech>
  <accessrestrict id="aspace_1bb57aa3aa48b86b2c7f7244613b2af4">
    <head>Conditions Governing Access</head>
<p>This collection is housed in the Department of Ornithology. Please contact the collection manager for access; materials are sometimes restricted. 
<extref xlink:href="https://www.amnh.org/research/vertebrate-zoology/ornithology">https://www.amnh.org/research/vertebrate-zoology/ornithology</extref></p>  </accessrestrict>
  <controlaccess>
    <function source="local">American Museum of Natural History. Department of Ornithology. Archives.</function>
  </controlaccess>
  <dsc/>
</archdesc>
</ead>