<?xml version="1.0" encoding="utf-8"?>
<ead xmlns="urn:isbn:1-931666-22-9" xmlns:xlink="http://www.w3.org/1999/xlink" xmlns:xsi="http://www.w3.org/2001/XMLSchema-instance" xsi:schemaLocation="urn:isbn:1-931666-22-9 http://www.loc.gov/ead/ead.xsd"><eadheader countryencoding="iso3166-1" dateencoding="iso8601" langencoding="iso639-2b" repositoryencoding="iso15511"><eadid countrycode="US"/><filedesc><titlestmt><titleproper>H. Wayne Trimm "Birds of Tikal" collection, circa 1958 <num>Archives Orn45</num></titleproper><author>Rebecca Morgan, 2010</author><sponsor>The Gladys Krieble Delmas Foundation provided support to make this finding aid available in ArchivesSpace (2016-2017). Minimal level collection record created with support from the Institute of Museum and Library Services (IMLS) Risk Assessment grant, 2010. </sponsor></titlestmt><publicationstmt><publisher>Department of Ornithology Archives</publisher><p><date>2010</date></p><address><addressline>Division of Vertebrate Zoology</addressline><addressline>Department of Ornithology</addressline><addressline>Central Park West at 79th Street</addressline><addressline>New York, NY 10024-5192</addressline><addressline>URL: <extptr xlink:href="https://www.amnh.org/research/vertebrate-zoology/ornithology" xlink:show="new" xlink:title="https://www.amnh.org/research/vertebrate-zoology/ornithology" xlink:type="simple"/></addressline></address></publicationstmt><notestmt><note><p>Minimal level collection record created from inventory to promote discovery (IMLS Risk Assessment grant, 2010). </p><p>Internal note: Source for acquisition information found in art catalog file.</p></note></notestmt></filedesc><profiledesc><creation>This finding aid was produced using ArchivesSpace on <date>2020-01-17 11:35:04 -0500</date>.</creation><langusage>English</langusage><descrules>Describing Archives: A Content Standard</descrules></profiledesc></eadheader><archdesc level="collection">
  <did>
    <langmaterial>
      <language langcode="eng">English</language>
    </langmaterial>
    <repository>
      <corpname>Department of Ornithology Archives</corpname>
    </repository>
    <unittitle>H. Wayne Trimm "Birds of Tikal" collection</unittitle>
    <origination label="creator">
      <persname authfilenumber="n80070480" role="art" source="naf">Trimm, H. Wayne</persname>
    </origination>
    <unitid>Archives Orn45</unitid>
    <physdesc altrender="whole">
      <extent altrender="materialtype spaceoccupied">1.2 Linear Feet</extent>
    </physdesc>
    <unitdate certainty="approximate" normal="1958/1958">circa 1958</unitdate>
  </did>
  <acqinfo id="aspace_ff62741604ea56a93551301e67a9bbeb">
    <head>Immediate Source of Acquisition</head>
<p>Gift of Miss Mariann, neighbor to Ornith. Dept, March, 1973.</p>  </acqinfo>
  <scopecontent id="aspace_bfdbe61c95f12dd90595ce941d518eb6">
    <head>Scope and Contents</head>
<p>Pen and ink painted drawings of the "Birds of Tikal" Collection.</p>  </scopecontent>
  <arrangement id="aspace_fcc1d1e639a8f17cc399f635a009e9e0">
    <head>Arrangement</head>
<p>Arranged by plate number.</p>  </arrangement>
  <phystech id="aspace_dbca8a7922e94108787a14718d046445">
    <head>Condition</head>
<p>Good.</p>  </phystech>
  <accessrestrict id="aspace_9c0f4bd369f39c6f87ca191f45722b13">
    <head>Conditions Governing Access</head>
<p>This collection is housed in the Department of Ornithology. Please contact the collection manager for access; materials are sometimes restricted. 
<extref xlink:href="https://www.amnh.org/research/vertebrate-zoology/ornithology">https://www.amnh.org/research/vertebrate-zoology/ornithology</extref></p>  </accessrestrict>
  <relatedmaterial id="aspace_6de94d59c557d215385e8d13419568fa">
    <head>Related Materials</head>
<p>AMNH Library Special Collections has a record of Trimm's work that may be the same item described in this collection. <extref xlink:href="http://data.library.amnh.org/archives/repositories/3/resources/8055">Title: Snowy Owl. Call number: Art Survey No. 1340.</extref></p>  </relatedmaterial>
  <controlaccess>
    <function source="local">American Museum of Natural History. Department of Ornithology. Archives.</function>
    <subject source="lcsh">Birds -- Pictorial works</subject>
  </controlaccess>
  <dsc/>
</archdesc>
</ead>