<?xml version="1.0" encoding="utf-8"?>
<ead xmlns="urn:isbn:1-931666-22-9" xmlns:xlink="http://www.w3.org/1999/xlink" xmlns:xsi="http://www.w3.org/2001/XMLSchema-instance" xsi:schemaLocation="urn:isbn:1-931666-22-9 http://www.loc.gov/ead/ead.xsd"><eadheader countryencoding="iso3166-1" dateencoding="iso8601" langencoding="iso639-2b" repositoryencoding="iso15511"><eadid countrycode="US"/><filedesc><titlestmt><titleproper>Wayne Trimm and Hugh Land "Birds of Guatamala" collection <num>Archives Orn46</num></titleproper><author>Rebecca Morgan, 2010</author><sponsor>The Gladys Krieble Delmas Foundation provided support to make this finding aid available in ArchivesSpace (2016-2017). Minimal level collection record created with support from the Institute of Museum and Library Services (IMLS) Risk Assessment grant, 2010. </sponsor></titlestmt><publicationstmt><publisher>Department of Ornithology Archives</publisher><p><date>2010</date></p><address><addressline>Division of Vertebrate Zoology</addressline><addressline>Department of Ornithology</addressline><addressline>Central Park West at 79th Street</addressline><addressline>New York, NY 10024-5192</addressline><addressline>URL: <extptr xlink:href="https://www.amnh.org/research/vertebrate-zoology/ornithology" xlink:show="new" xlink:title="https://www.amnh.org/research/vertebrate-zoology/ornithology" xlink:type="simple"/></addressline></address></publicationstmt><notestmt><note><p>Minimal level collection record created from inventory to promote discovery (IMLS Risk Assessment grant, 2010).</p></note></notestmt></filedesc><profiledesc><creation>This finding aid was produced using ArchivesSpace on <date>2020-01-17 11:35:04 -0500</date>.</creation><langusage>English</langusage><descrules>Describing Archives: A Content Standard</descrules></profiledesc></eadheader><archdesc level="collection">
  <did>
    <langmaterial>
      <language langcode="eng">English</language>
    </langmaterial>
    <repository>
      <corpname>Department of Ornithology Archives</corpname>
    </repository>
    <unittitle>Wayne Trimm and Hugh Land "Birds of Guatamala" collection</unittitle>
    <origination label="creator">
      <persname authfilenumber="n80070480" source="naf">Trimm, H. Wayne</persname>
    </origination>
    <origination label="creator">
      <persname authfilenumber="n90705438" source="naf">Land, Hugh C., 1929-1968</persname>
    </origination>
    <unitid>Archives Orn46</unitid>
    <physdesc altrender="whole">
      <extent altrender="materialtype spaceoccupied">2.3 Linear Feet</extent>
    </physdesc>
    <unitdate>undated</unitdate>
  </did>
  <acqinfo id="aspace_bbe8e27ed1b3158ea23033a17250cbc3">
    <head>Immediate Source of Acquisition</head>
<p>Gift of Frank B. Smithe, 1982.</p>  </acqinfo>
  <scopecontent id="aspace_c5252718c03c5fa997c571fbeb57e802">
    <head>Scope and Contents</head>
<p>Watercolor and oil prints of "Birds of Guatemala" Collection.</p>  </scopecontent>
  <arrangement id="aspace_65fe91963c0a96ffec56b14805e57613">
    <head>Arrangement</head>
<p>Arranged by plate number.</p>  </arrangement>
  <phystech id="aspace_1b5745261a8931dfae4bff7c6fb22e71">
    <head>Condition</head>
<p>Good.</p>  </phystech>
  <accessrestrict id="aspace_e81227f39039e016efa41ad44dee8b5d">
    <head>Conditions Governing Access</head>
<p>This collection is housed in the Department of Ornithology. Please contact the collection manager for access; materials are sometimes restricted. 
<extref xlink:href="https://www.amnh.org/research/vertebrate-zoology/ornithology">https://www.amnh.org/research/vertebrate-zoology/ornithology</extref></p>  </accessrestrict>
  <relatedmaterial id="aspace_1641a4e87879094b8ee154eae71fde45">
    <head>Related Materials</head>
<p>AMNH Library Special Collections has a record of Trimm's work that may be the same as this collection. <extref xlink:href="http://data.library.amnh.org/archives/repositories/3/resources/8054">Title: [Birds of Guatemala]. Call number: Art Survey No. 1339.</extref></p>  </relatedmaterial>
  <controlaccess>
    <function source="local">American Museum of Natural History. Department of Ornithology. Archives.</function>
    <subject source="lcsh">Birds -- Pictorial works</subject>
  </controlaccess>
  <dsc/>
</archdesc>
</ead>