<?xml version="1.0" encoding="utf-8"?>
<ead xmlns="urn:isbn:1-931666-22-9" xmlns:xlink="http://www.w3.org/1999/xlink" xmlns:xsi="http://www.w3.org/2001/XMLSchema-instance" xsi:schemaLocation="urn:isbn:1-931666-22-9 http://www.loc.gov/ead/ead.xsd"><eadheader countryencoding="iso3166-1" dateencoding="iso8601" langencoding="iso639-2b" repositoryencoding="iso15511"><eadid countrycode="US"/><filedesc><titlestmt><titleproper>James P. Chapin collection, 1920s-1960s, undated <num>Archives Orn47</num></titleproper><author>Rebecca Morgan, 2010</author><sponsor>The Gladys Krieble Delmas Foundation provided support to make this finding aid available in ArchivesSpace (2016-2017). Minimal level collection record created with support from the Institute of Museum and Library Services (IMLS) Risk Assessment grant, 2010.
</sponsor></titlestmt><publicationstmt><publisher>Department of Ornithology Archives</publisher><p><date>2010</date></p><address><addressline>Division of Vertebrate Zoology</addressline><addressline>Department of Ornithology</addressline><addressline>Central Park West at 79th Street</addressline><addressline>New York, NY 10024-5192</addressline><addressline>URL: <extptr xlink:href="https://www.amnh.org/research/vertebrate-zoology/ornithology" xlink:show="new" xlink:title="https://www.amnh.org/research/vertebrate-zoology/ornithology" xlink:type="simple"/></addressline></address></publicationstmt><notestmt><note><p>Minimal level collection record created from inventory to promote discovery (IMLS Risk Assessment grant, 2010).
Took following expedition names out of record based on scope and contents: Boyd-Chapin Safari (1956-1957)
Ascension Island, 1941-1958
Templeton Crocker Pacific Expedition (1st : 1934-1935)
Galapagos Islands Expedition, 1930
Chapin-Edson Congo Expedition (1930-1931)
Ruwenzori-Kivu Expedition of the American Museum of Natural History (1926-1927)
American Museum Congo Expedition (1909-1915)</p></note></notestmt></filedesc><profiledesc><creation>This finding aid was produced using ArchivesSpace on <date>2020-01-17 11:35:04 -0500</date>.</creation><langusage>English</langusage><descrules>Describing Archives: A Content Standard</descrules></profiledesc></eadheader><archdesc level="collection">
  <did>
    <langmaterial>
      <language langcode="eng">English</language>
    </langmaterial>
    <repository>
      <corpname>Department of Ornithology Archives</corpname>
    </repository>
    <unittitle>James P. Chapin collection</unittitle>
    <origination label="creator">
      <persname authfilenumber="amnhp_1000371" source="local">Chapin, James Paul, 1889-1964</persname>
    </origination>
    <unitid>Archives Orn47</unitid>
    <physdesc altrender="whole">
      <extent altrender="materialtype spaceoccupied">3.5 Linear Feet</extent>
    </physdesc>
    <unitdate certainty="approximate" type="inclusive">1920s-1960s, undated</unitdate>
  </did>
  <acqinfo id="aspace_04b7fca00c893b7975bbabe461ef1fe2">
    <head>Immediate Source of Acquisition</head>
<p>Collection of Jas. P. and Ruth Chapin, 1964-1976, 1987</p>  </acqinfo>
  <scopecontent id="aspace_7e0bb5668e26cbf664bd4f2b08dad3c0">
    <head>Scope and Contents</head>
<p>Collection of Christmas cards from and to James Paul Chapin, watercolors, drawings, "colophons" (referenced as colophons but are actually hand drawn illustrations and considered a device), bookplates, cartoons, envelopes with Chapin illustrations. Subject matter mostly birds, also images of fish, amphibians, reptiles, mammals and plants.</p>  </scopecontent>
  <arrangement id="aspace_43d59cc6736a238bd16df1d9bbe8fb36">
    <head>Arrangement</head>
<p>Arranged by subject.</p>  </arrangement>
  <phystech id="aspace_e784347d8d15ed47945fce07886172e6">
    <head>Condition</head>
<p>Good.</p>  </phystech>
  <accessrestrict id="aspace_178b4d235c43b3974de0909050ec7274">
    <head>Conditions Governing Access</head>
<p>This collection is housed in the Department of Ornithology. Please contact the collection manager for access; materials are sometimes restricted. 
<extref xlink:href="https://www.amnh.org/research/vertebrate-zoology/ornithology">https://www.amnh.org/research/vertebrate-zoology/ornithology</extref></p>  </accessrestrict>
  <controlaccess>
    <function source="local">American Museum of Natural History. Department of Ornithology. Archives.</function>
    <subject source="lcsh">Birds -- Pictorial works</subject>
  </controlaccess>
  <dsc/>
</archdesc>
</ead>