<?xml version="1.0" encoding="utf-8"?>
<ead xmlns="urn:isbn:1-931666-22-9" xmlns:xlink="http://www.w3.org/1999/xlink" xmlns:xsi="http://www.w3.org/2001/XMLSchema-instance" xsi:schemaLocation="urn:isbn:1-931666-22-9 http://www.loc.gov/ead/ead.xsd"><eadheader countryencoding="iso3166-1" dateencoding="iso8601" langencoding="iso639-2b" repositoryencoding="iso15511"><eadid countrycode="US"/><filedesc><titlestmt><titleproper>Allan Brooks' original Illustrations for Dwight's "Gulls of the World" collection, 1920s <num>Archives Orn53</num></titleproper><author>Rebecca Morgan, 2010</author><sponsor>The Gladys Krieble Delmas Foundation provided support to make this finding aid available in ArchivesSpace (2016-2017). Minimal level collection record created with support from the Institute of Museum and Library Services (IMLS) Risk Assessment grant, 2010. </sponsor></titlestmt><publicationstmt><publisher>Department of Ornithology Archives</publisher><p><date>2010</date></p><address><addressline>Division of Vertebrate Zoology</addressline><addressline>Department of Ornithology</addressline><addressline>Central Park West at 79th Street</addressline><addressline>New York, NY 10024-5192</addressline><addressline>URL: <extptr xlink:href="https://www.amnh.org/research/vertebrate-zoology/ornithology" xlink:show="new" xlink:title="https://www.amnh.org/research/vertebrate-zoology/ornithology" xlink:type="simple"/></addressline></address></publicationstmt><notestmt><note><p>Minimal level collection record created from inventory to promote discovery (IMLS Risk Assessment grant, 2010).</p></note></notestmt></filedesc><profiledesc><creation>This finding aid was produced using ArchivesSpace on <date>2020-01-17 11:35:07 -0500</date>.</creation><langusage>English</langusage><descrules>Describing Archives: A Content Standard</descrules></profiledesc></eadheader><archdesc level="collection">
  <did>
    <langmaterial>
      <language langcode="eng">English</language>
    </langmaterial>
    <repository>
      <corpname>Department of Ornithology Archives</corpname>
    </repository>
    <unittitle>Allan Brooks' original Illustrations for Dwight's "Gulls of the World" collection</unittitle>
    <origination label="creator">
      <persname authfilenumber="n88265263" source="naf">Brooks, Allan, 1869-1946</persname>
    </origination>
    <unitid>Archives Orn53</unitid>
    <physdesc altrender="whole">
      <extent altrender="materialtype spaceoccupied">2 Linear Feet</extent>
    </physdesc>
    <unitdate certainty="approximate" type="inclusive">1920s</unitdate>
  </did>
  <scopecontent id="aspace_5c847c2755ce0977f74a2b90b4b659a9">
    <head>Scope and Contents</head>
<p>Correspondence, a reference list, watercolors, pen and ink drawings, and pencil drawings.</p>  </scopecontent>
  <arrangement id="aspace_d95196280f65dc75e2396abb811e6051">
    <head>Arrangement</head>
<p>Arranged by plate number.</p>  </arrangement>
  <phystech id="aspace_747e691b025ea1f2616645cd560052c9">
    <head>Condition</head>
<p>Good.</p>  </phystech>
  <accessrestrict id="aspace_db415917fcbdaddfe3afb29ad6cf0c12">
    <head>Conditions Governing Access</head>
<p>This collection is housed in the Department of Ornithology. Please contact the collection manager for access; materials are sometimes restricted. 
<extref xlink:href="https://www.amnh.org/research/vertebrate-zoology/ornithology">https://www.amnh.org/research/vertebrate-zoology/ornithology</extref></p>  </accessrestrict>
  <controlaccess>
    <function source="local">American Museum of Natural History. Department of Ornithology. Archives.</function>
    <persname authfilenumber="n93011599" source="naf">Dwight, Jonathan, 1858-1929 -- Gulls (Laridae) of the World</persname>
  </controlaccess>
  <dsc/>
</archdesc>
</ead>