<?xml version="1.0" encoding="utf-8"?>
<ead xmlns="urn:isbn:1-931666-22-9" xmlns:xlink="http://www.w3.org/1999/xlink" xmlns:xsi="http://www.w3.org/2001/XMLSchema-instance" xsi:schemaLocation="urn:isbn:1-931666-22-9 http://www.loc.gov/ead/ead.xsd"><eadheader countryencoding="iso3166-1" dateencoding="iso8601" langencoding="iso639-2b" repositoryencoding="iso15511"><eadid countrycode="US"/><filedesc><titlestmt><titleproper>Ernest Thompson Seton Paintings collection, circa 1890-1900 <num>Archives Orn54</num></titleproper><author>Rebecca Morgan, 2010</author><sponsor>The Gladys Krieble Delmas Foundation provided support to make this finding aid available in ArchivesSpace (2016-2017). Minimal level collection record created with support from the Institute of Museum and Library Services (IMLS) Risk Assessment grant, 2010.</sponsor></titlestmt><publicationstmt><publisher>Department of Ornithology Archives</publisher><p><date>2010</date></p><address><addressline>Division of Vertebrate Zoology</addressline><addressline>Department of Ornithology</addressline><addressline>Central Park West at 79th Street</addressline><addressline>New York, NY 10024-5192</addressline><addressline>URL: <extptr xlink:href="https://www.amnh.org/research/vertebrate-zoology/ornithology" xlink:show="new" xlink:title="https://www.amnh.org/research/vertebrate-zoology/ornithology" xlink:type="simple"/></addressline></address></publicationstmt><notestmt><note><p>Minimal level collection record created from inventory to promote discovery (IMLS Risk Assessment grant, 2010).</p></note></notestmt></filedesc><profiledesc><creation>This finding aid was produced using ArchivesSpace on <date>2020-01-17 11:35:07 -0500</date>.</creation><langusage>English</langusage><descrules>Describing Archives: A Content Standard</descrules></profiledesc></eadheader><archdesc level="collection">
  <did>
    <langmaterial>
      <language langcode="eng">English</language>
    </langmaterial>
    <repository>
      <corpname>Department of Ornithology Archives</corpname>
    </repository>
    <unittitle>Ernest Thompson Seton Paintings collection</unittitle>
    <origination label="creator">
      <persname authfilenumber="n79129037" source="naf">Seton, Ernest Thompson, 1860-1946</persname>
    </origination>
    <unitid>Archives Orn54</unitid>
    <physdesc altrender="whole">
      <extent altrender="materialtype spaceoccupied">1.25 Linear Feet</extent>
    </physdesc>
    <unitdate certainty="approximate" type="inclusive">circa 1890-1900</unitdate>
  </did>
  <acqinfo id="aspace_b2c29d4e5570ac933f0fd1a2bf2d5f7c">
    <head>Immediate Source of Acquisition</head>
<p>See: Art file card catalog file</p>  </acqinfo>
  <scopecontent id="aspace_96a46c86296a53fb51222862dad3b8ee">
    <head>Scope and Contents</head>
<p>Pencil sketch with tail feathers, wash drawings, and lithographs.</p>  </scopecontent>
  <phystech id="aspace_8cdcf4b5ce2eaa4c406d46d65ee99e81">
    <head>Condition</head>
<p>Good.</p>  </phystech>
  <accessrestrict id="aspace_efd84e4dd38bae0a53a7ab1b1a674ff9">
    <head>Conditions Governing Access</head>
<p>This collection is housed in the Department of Ornithology. Please contact the collection manager for access; materials are sometimes restricted. 
<extref xlink:href="https://www.amnh.org/research/vertebrate-zoology/ornithology">https://www.amnh.org/research/vertebrate-zoology/ornithology</extref></p>  </accessrestrict>
  <controlaccess>
    <function source="local">American Museum of Natural History. Department of Ornithology. Archives.</function>
    <subject source="lcsh">Birds -- Pictorial works</subject>
  </controlaccess>
  <dsc/>
</archdesc>
</ead>