<?xml version="1.0" encoding="utf-8"?>
<ead xmlns="urn:isbn:1-931666-22-9" xmlns:xlink="http://www.w3.org/1999/xlink" xmlns:xsi="http://www.w3.org/2001/XMLSchema-instance" xsi:schemaLocation="urn:isbn:1-931666-22-9 http://www.loc.gov/ead/ead.xsd"><eadheader countryencoding="iso3166-1" dateencoding="iso8601" langencoding="iso639-2b" repositoryencoding="iso15511"><eadid countrycode="US"/><filedesc><titlestmt><titleproper>Carlos Hittell "Field Study for Los Banos, California Group" painting <num>Archives Orn55</num></titleproper><author>Rebecca Morgan, 2010</author><sponsor>The Gladys Krieble Delmas Foundation provided support to make this finding aid available in ArchivesSpace (2016-2017). Minimal level collection record created with support from the Institute of Museum and Library Services (IMLS) Risk Assessment grant, 2010. </sponsor></titlestmt><publicationstmt><publisher>Department of Ornithology Archives</publisher><p><date>2010</date></p><address><addressline>Division of Vertebrate Zoology</addressline><addressline>Department of Ornithology</addressline><addressline>Central Park West at 79th Street</addressline><addressline>New York, NY 10024-5192</addressline><addressline>URL: <extptr xlink:href="https://www.amnh.org/research/vertebrate-zoology/ornithology" xlink:show="new" xlink:title="https://www.amnh.org/research/vertebrate-zoology/ornithology" xlink:type="simple"/></addressline></address></publicationstmt><notestmt><note><p>Minimal level collection record created from inventory to promote discovery (IMLS Risk Assessment grant, 2010).</p></note></notestmt></filedesc><profiledesc><creation>This finding aid was produced using ArchivesSpace on <date>2020-01-17 11:35:08 -0500</date>.</creation><langusage>English</langusage><descrules>Describing Archives: A Content Standard</descrules></profiledesc></eadheader><archdesc level="collection">
  <did>
    <langmaterial>
      <language langcode="eng">English</language>
    </langmaterial>
    <repository>
      <corpname>Department of Ornithology Archives</corpname>
    </repository>
    <unittitle>Carlos Hittell "Field Study for Los Banos, California Group" painting</unittitle>
    <origination label="creator">
      <persname role="art" source="local">Hittell, Carlos J., 1861-1938</persname>
    </origination>
    <unitid>Archives Orn55</unitid>
    <physdesc altrender="whole">
      <extent altrender="materialtype spaceoccupied">0.75 Linear Feet</extent>
    </physdesc>
    <unitdate>undated</unitdate>
  </did>
  <scopecontent id="aspace_a4b756329e316ed87149d92f87290804">
    <head>Scope and Contents</head>
<p>One oil painting on canvas.</p>  </scopecontent>
  <phystech id="aspace_684f5612884f9ee86d916eae7381f6e0">
    <head>Condition</head>
<p>Good.</p>  </phystech>
  <accessrestrict id="aspace_ae2455d93e4449e427ddbd43d90d9587">
    <head>Conditions Governing Access</head>
<p>This collection is housed in the Department of Ornithology. Please contact the collection manager for access; materials are sometimes restricted. 
<extref xlink:href="https://www.amnh.org/research/vertebrate-zoology/ornithology">https://www.amnh.org/research/vertebrate-zoology/ornithology</extref></p>  </accessrestrict>
  <relatedmaterial id="aspace_a8ed2e53ebe3e48316f1fea6645e206a">
    <head>Related Materials</head>
<p>AMNH Library Special Collections has a record of this item that may be the same. <extref xlink:href="http://data.library.amnh.org/archives/repositories/3/resources/8065">Title: [Field Study for Los Banos, CA Group]. Call number: Art Survey No. 1350</extref></p>  </relatedmaterial>
  <controlaccess>
    <function source="local">American Museum of Natural History. Department of Ornithology. Archives.</function>
  </controlaccess>
  <dsc/>
</archdesc>
</ead>