<?xml version="1.0" encoding="utf-8"?>
<ead xmlns="urn:isbn:1-931666-22-9" xmlns:xlink="http://www.w3.org/1999/xlink" xmlns:xsi="http://www.w3.org/2001/XMLSchema-instance" xsi:schemaLocation="urn:isbn:1-931666-22-9 http://www.loc.gov/ead/ead.xsd"><eadheader countryencoding="iso3166-1" dateencoding="iso8601" langencoding="iso639-2b" repositoryencoding="iso15511"><eadid countrycode="US"/><filedesc><titlestmt><titleproper>Bull's birds of New York State ink drawings, 1998 <num>Archives Orn56</num></titleproper><author>Rebecca Morgan, 2010</author><sponsor>The Gladys Krieble Delmas Foundation provided support to make this finding aid available in ArchivesSpace (2016-2017). Minimal level collection record created with support from the Institute of Museum and Library Services (IMLS) Risk Assessment grant, 2010.</sponsor></titlestmt><publicationstmt><publisher>Department of Ornithology Archives</publisher><p><date>2010</date></p><address><addressline>Division of Vertebrate Zoology</addressline><addressline>Department of Ornithology</addressline><addressline>Central Park West at 79th Street</addressline><addressline>New York, NY 10024-5192</addressline><addressline>URL: <extptr xlink:href="https://www.amnh.org/research/vertebrate-zoology/ornithology" xlink:show="new" xlink:title="https://www.amnh.org/research/vertebrate-zoology/ornithology" xlink:type="simple"/></addressline></address></publicationstmt><notestmt><note><p>Minimal level collection record created from inventory to promote discovery (IMLS Risk Assessment grant, 2010).</p></note></notestmt></filedesc><profiledesc><creation>This finding aid was produced using ArchivesSpace on <date>2020-01-17 11:35:09 -0500</date>.</creation><langusage>English</langusage><descrules>Describing Archives: A Content Standard</descrules></profiledesc></eadheader><archdesc level="collection">
  <did>
    <langmaterial>
      <language langcode="eng">English</language>
    </langmaterial>
    <repository>
      <corpname>Department of Ornithology Archives</corpname>
    </repository>
    <unittitle>Bull's birds of New York State ink drawings</unittitle>
    <origination label="creator">
      <persname authfilenumber="nb2013008053" source="naf">Dyer, Dale (Artist)</persname>
    </origination>
    <unitid>Archives Orn56</unitid>
    <physdesc altrender="whole">
      <extent altrender="materialtype spaceoccupied">0.5 Linear Feet</extent>
      <extent altrender="carrier">1 envelope</extent>
      <dimensions>12 x 16 inches</dimensions>
    </physdesc>
    <unitdate normal="1998/1998">1998</unitdate>
  </did>
  <acqinfo id="aspace_e0bfb98f331235085db48b51c7f32370">
    <head>Immediate Source of Acquisition</head>
<p>Purchased from artist; gift of Susanne Low</p>  </acqinfo>
  <scopecontent id="aspace_b964fad1f1291f6039d5b97f5e083e38">
    <head>Scope and Contents</head>
<p>Three ink drawings.</p>  </scopecontent>
  <phystech id="aspace_379b7816b56e2a21d84c45d1a491c24c">
    <head>Condition</head>
<p>Good.</p>  </phystech>
  <accessrestrict id="aspace_617f08b57dbd3b30318bbb55cdf889fa">
    <head>Conditions Governing Access</head>
<p>This collection is housed in the Department of Ornithology. Please contact the collection manager for access; materials are sometimes restricted. 
<extref xlink:href="https://www.amnh.org/research/vertebrate-zoology/ornithology">https://www.amnh.org/research/vertebrate-zoology/ornithology</extref></p>  </accessrestrict>
  <controlaccess>
    <function source="local">American Museum of Natural History. Department of Ornithology. Archives.</function>
  </controlaccess>
  <dsc/>
</archdesc>
</ead>