<?xml version="1.0" encoding="utf-8"?>
<ead xmlns="urn:isbn:1-931666-22-9" xmlns:xlink="http://www.w3.org/1999/xlink" xmlns:xsi="http://www.w3.org/2001/XMLSchema-instance" xsi:schemaLocation="urn:isbn:1-931666-22-9 http://www.loc.gov/ead/ead.xsd"><eadheader countryencoding="iso3166-1" dateencoding="iso8601" langencoding="iso639-2b" repositoryencoding="iso15511"><eadid countrycode="US"/><filedesc><titlestmt><titleproper>Peruvian Expedition field catalog, 1915 <num>Archives Orn85</num></titleproper><author>Rebecca Morgan, 2010</author><sponsor>The Gladys Krieble Delmas Foundation provided support to make this finding aid available in ArchivesSpace (2016-2017). Minimal level collection record created with support from the Institute of Museum and Library Services (IMLS) Risk Assessment grant, 2010.</sponsor></titlestmt><publicationstmt><publisher>Department of Ornithology Archives</publisher><p><date>2010</date></p><address><addressline>Division of Vertebrate Zoology</addressline><addressline>Department of Ornithology</addressline><addressline>Central Park West at 79th Street</addressline><addressline>New York, NY 10024-5192</addressline><addressline>URL: <extptr xlink:href="https://www.amnh.org/research/vertebrate-zoology/ornithology" xlink:show="new" xlink:title="https://www.amnh.org/research/vertebrate-zoology/ornithology" xlink:type="simple"/></addressline></address></publicationstmt><notestmt><note><p>Minimal level collection record created from inventory to promote discovery (IMLS Risk Assessment grant, 2010).</p><p>Internal note: South American expeditions may overlap. Please check names, participants, et cetera against contents of file</p></note></notestmt></filedesc><profiledesc><creation>This finding aid was produced using ArchivesSpace on <date>2020-01-17 11:35:29 -0500</date>.</creation><langusage>English</langusage><descrules>Describing Archives: A Content Standard</descrules></profiledesc></eadheader><archdesc level="collection">
  <did>
    <langmaterial>
      <language langcode="eng">English</language>
    </langmaterial>
    <repository>
      <corpname>Department of Ornithology Archives</corpname>
    </repository>
    <unittitle>Peruvian Expedition field catalog</unittitle>
    <origination label="creator">
      <corpname authfilenumber="no95034791" source="naf">American Museum of Natural History. Department of Ornithology</corpname>
    </origination>
    <unitid>Archives Orn85</unitid>
    <physdesc altrender="whole">
      <extent altrender="materialtype spaceoccupied">0.02 Linear Feet</extent>
      <extent altrender="carrier">1 folder</extent>
    </physdesc>
    <unitdate normal="1915/1915" type="inclusive">1915</unitdate>
    <langmaterial id="aspace_d050e80a9faad29882995de09b0ff06b">English</langmaterial>
  </did>
  <scopecontent id="aspace_1897db8276d4a9587132f6b4dce9bf85">
    <head>Scope and Contents</head>
<p>Edmund Heller's field catalog of specimen numbers.</p>  </scopecontent>
  <phystech id="aspace_baec802393ba6ec0ccf054438a416e95">
    <head>Condition</head>
<p>Good.</p>  </phystech>
  <accessrestrict id="aspace_ecb7db1dc2fd47f24ddbc6d53b48a778">
    <head>Conditions Governing Access</head>
<p>This collection is housed in the Department of Ornithology. Please contact the collection manager for access; materials are sometimes restricted. 
<extref xlink:href="https://www.amnh.org/research/vertebrate-zoology/ornithology">https://www.amnh.org/research/vertebrate-zoology/ornithology</extref></p>  </accessrestrict>
  <controlaccess>
    <function source="local">American Museum of Natural History. Department of Ornithology. Archives.</function>
    <genreform source="aat">Field notes</genreform>
  </controlaccess>
  <dsc/>
</archdesc>
</ead>