<?xml version="1.0" encoding="utf-8"?>
<ead xmlns="urn:isbn:1-931666-22-9" xmlns:xlink="http://www.w3.org/1999/xlink" xmlns:xsi="http://www.w3.org/2001/XMLSchema-instance" xsi:schemaLocation="urn:isbn:1-931666-22-9 http://www.loc.gov/ead/ead.xsd"><eadheader countryencoding="iso3166-1" dateencoding="iso8601" langencoding="iso639-2b" repositoryencoding="iso15511"><eadid countrycode="US"/><filedesc><titlestmt><titleproper>Hobart Nichols "Study for Loon Group, Lake Lumbago", undated <num>Archives Orn57</num></titleproper><author>Rebecca Morgan, 2010</author><sponsor>The Gladys Krieble Delmas Foundation provided support to make this finding aid available in ArchivesSpace (2016-2017). Minimal level collection record created with support from the Institute of Museum and Library Services (IMLS) Risk Assessment grant, 2010.</sponsor></titlestmt><publicationstmt><publisher>Department of Ornithology Archives</publisher><p><date>2010</date></p><address><addressline>Division of Vertebrate Zoology</addressline><addressline>Department of Ornithology</addressline><addressline>Central Park West at 79th Street</addressline><addressline>New York, NY 10024-5192</addressline><addressline>URL: <extptr xlink:href="https://www.amnh.org/research/vertebrate-zoology/ornithology" xlink:show="new" xlink:title="https://www.amnh.org/research/vertebrate-zoology/ornithology" xlink:type="simple"/></addressline></address></publicationstmt><notestmt><note><p>Minimal level collection record created from inventory to promote discovery (IMLS Risk Assessment grant, 2010).</p></note></notestmt></filedesc><profiledesc><creation>This finding aid was produced using ArchivesSpace on <date>2020-01-17 11:35:09 -0500</date>.</creation><langusage>English</langusage><descrules>Describing Archives: A Content Standard</descrules></profiledesc></eadheader><archdesc level="collection">
  <did>
    <langmaterial>
      <language langcode="eng">English</language>
    </langmaterial>
    <repository>
      <corpname>Department of Ornithology Archives</corpname>
    </repository>
    <unittitle>Hobart Nichols "Study for Loon Group, Lake Lumbago"</unittitle>
    <origination label="creator">
      <persname authfilenumber="no2010040236" source="naf">Nichols, John Hobart, 1869-1962</persname>
    </origination>
    <unitid>Archives Orn57</unitid>
    <physdesc altrender="whole">
      <extent altrender="materialtype spaceoccupied">0.75 Linear Feet</extent>
    </physdesc>
    <unitdate>undated</unitdate>
  </did>
  <scopecontent id="aspace_463021231be1cecae81a1dd6ed4f384a">
    <head>Scope and Contents</head>
<p>Two oil on wood paintings of Lake Lumbago.</p>  </scopecontent>
  <phystech id="aspace_a309dcca0ad3771dec34b4646de0fe3d">
    <head>Condition</head>
<p>Good.</p>  </phystech>
  <accessrestrict id="aspace_9fd6320b087cf2b43d5d08df9a3fdfeb">
    <head>Conditions Governing Access</head>
<p>This collection is housed in the Department of Ornithology. Please contact the collection manager for access; materials are sometimes restricted. 
<extref xlink:href="https://www.amnh.org/research/vertebrate-zoology/ornithology">https://www.amnh.org/research/vertebrate-zoology/ornithology</extref></p>  </accessrestrict>
  <relatedmaterial id="aspace_5320567b0e576b050704a31805cd771d">
    <head>Related Materials</head>
<p>AMNH Library Special Collections has two records for paintings by John Hobart Nichols that may be describing the same works. Title: Study for Loon Group, Lake Umbagog, N.H. Call number: <extref xlink:href="http://data.library.amnh.org/archives/repositories/3/resources/7967">Art Survey No. 1239</extref> and <extref xlink:href="http://data.library.amnh.org/archives/repositories/3/resources/7968">Art Survey No. 1240.</extref></p>  </relatedmaterial>
  <controlaccess>
    <function source="local">American Museum of Natural History. Department of Ornithology. Archives.</function>
  </controlaccess>
  <dsc/>
</archdesc>
</ead>