<?xml version="1.0" encoding="utf-8"?>
<ead xmlns="urn:isbn:1-931666-22-9" xmlns:xlink="http://www.w3.org/1999/xlink" xmlns:xsi="http://www.w3.org/2001/XMLSchema-instance" xsi:schemaLocation="urn:isbn:1-931666-22-9 http://www.loc.gov/ead/ead.xsd"><eadheader countryencoding="iso3166-1" dateencoding="iso8601" langencoding="iso639-2b" repositoryencoding="iso15511"><eadid countrycode="US"/><filedesc><titlestmt><titleproper>Department of Ornithology unframed prints collection <num>Archives Orn58</num></titleproper><author>Rebecca Morgan, 2010</author><sponsor>The Gladys Krieble Delmas Foundation provided support to make this finding aid available in ArchivesSpace (2016-2017). Minimal level collection record created with support from the Institute of Museum and Library Services (IMLS) Risk Assessment grant, 2010.</sponsor></titlestmt><publicationstmt><publisher>Department of Ornithology Archives</publisher><p><date>2010</date></p><address><addressline>Division of Vertebrate Zoology</addressline><addressline>Department of Ornithology</addressline><addressline>Central Park West at 79th Street</addressline><addressline>New York, NY 10024-5192</addressline><addressline>URL: <extptr xlink:href="https://www.amnh.org/research/vertebrate-zoology/ornithology" xlink:show="new" xlink:title="https://www.amnh.org/research/vertebrate-zoology/ornithology" xlink:type="simple"/></addressline></address></publicationstmt><notestmt><note><p>Minimal level collection record created from inventory to promote discovery (IMLS Risk Assessment grant, 2010).</p></note></notestmt></filedesc><profiledesc><creation>This finding aid was produced using ArchivesSpace on <date>2020-01-17 11:35:10 -0500</date>.</creation><langusage>English</langusage><descrules>Describing Archives: A Content Standard</descrules></profiledesc></eadheader><archdesc level="collection">
  <did>
    <langmaterial>
      <language langcode="eng">English</language>
    </langmaterial>
    <repository>
      <corpname>Department of Ornithology Archives</corpname>
    </repository>
    <unittitle>Department of Ornithology unframed prints collection</unittitle>
    <origination label="creator">
      <corpname authfilenumber="no95034791" source="naf">American Museum of Natural History. Department of Ornithology</corpname>
    </origination>
    <unitid>Archives Orn58</unitid>
    <physdesc altrender="whole">
      <extent altrender="materialtype spaceoccupied">45.5 Linear Feet</extent>
    </physdesc>
    <unitdate>undated</unitdate>
  </did>
  <acqinfo id="aspace_46f0bd3291fe3b6d1bb18a806bcbc99b">
    <head>Immediate Source of Acquisition</head>
<p>See: Art file card catalog file</p>  </acqinfo>
  <scopecontent id="aspace_b70b8b22549720dc6076a5789152e573">
    <head>Scope and Contents</head>
<p>Archaeopteryx (1), engraved copperplates, paintings, engraved prints, drawings, membership certificates to scientific and academic institutions, oil sketches, lithographic portrait of D.G. Elliot. Works, mostly prints, by other artists include Janet Marshall, Siedel, Jaques, Joseph Wolf, Roger Tory Peterson, an oil sketch by Toshio Asaeda, two bound sets of the Cockatoo portfolio plates by William T. Cooper and limited edition color prints from Mill Pond Press, Florida.</p>  </scopecontent>
  <arrangement id="aspace_760c4122c395d0343f1ce296cca36563">
    <head>Arrangement</head>
<p>Arranged by artist.</p>  </arrangement>
  <phystech id="aspace_4bcd3f99617f38ef9059942cd43d524b">
    <head>Condition</head>
<p>Good.</p>  </phystech>
  <accessrestrict id="aspace_8472b3a5193f142c899e88e2ddf5ec3c">
    <head>Conditions Governing Access</head>
<p>This collection is housed in the Department of Ornithology. Please contact the collection manager for access; materials are sometimes restricted. 
<extref xlink:href="https://www.amnh.org/research/vertebrate-zoology/ornithology">https://www.amnh.org/research/vertebrate-zoology/ornithology</extref></p>  </accessrestrict>
  <controlaccess>
    <function source="local">American Museum of Natural History. Department of Ornithology. Archives.</function>
  </controlaccess>
  <dsc/>
</archdesc>
</ead>