<?xml version="1.0" encoding="utf-8"?>
<ead xmlns="urn:isbn:1-931666-22-9" xmlns:xlink="http://www.w3.org/1999/xlink" xmlns:xsi="http://www.w3.org/2001/XMLSchema-instance" xsi:schemaLocation="urn:isbn:1-931666-22-9 http://www.loc.gov/ead/ead.xsd"><eadheader countryencoding="iso3166-1" dateencoding="iso8601" langencoding="iso639-2b" repositoryencoding="iso15511"><eadid countrycode="US"/><filedesc><titlestmt><titleproper>Larry L. Wolf papers, 1966-1967 <num>Archives Orn63</num></titleproper><author>Rebecca Morgan, 2010</author><sponsor>The Gladys Krieble Delmas Foundation provided support to make this finding aid available in ArchivesSpace (2016-2017). Minimal level collection record created with support from the Institute of Museum and Library Services (IMLS) Risk Assessment grant, 2010.</sponsor></titlestmt><publicationstmt><publisher>Department of Ornithology Archives</publisher><p><date>2010</date></p><address><addressline>Division of Vertebrate Zoology</addressline><addressline>Department of Ornithology</addressline><addressline>Central Park West at 79th Street</addressline><addressline>New York, NY 10024-5192</addressline><addressline>URL: <extptr xlink:href="https://www.amnh.org/research/vertebrate-zoology/ornithology" xlink:show="new" xlink:title="https://www.amnh.org/research/vertebrate-zoology/ornithology" xlink:type="simple"/></addressline></address></publicationstmt><notestmt><note><p>Minimal level collection record created from inventory to promote discovery (IMLS Risk Assessment grant, 2010).</p></note></notestmt></filedesc><profiledesc><creation>This finding aid was produced using ArchivesSpace on <date>2020-01-17 11:35:18 -0500</date>.</creation><langusage>English</langusage><descrules>Describing Archives: A Content Standard</descrules></profiledesc></eadheader><archdesc level="collection">
  <did>
    <langmaterial>
      <language langcode="eng">English</language>
    </langmaterial>
    <repository>
      <corpname>Department of Ornithology Archives</corpname>
    </repository>
    <unittitle>Larry L. Wolf papers</unittitle>
    <origination label="creator">
      <persname authfilenumber="n80005393" source="naf">Wolf, Larry L.</persname>
    </origination>
    <unitid>Archives Orn63</unitid>
    <physdesc altrender="whole">
      <extent altrender="materialtype spaceoccupied">0.42 Linear Feet</extent>
    </physdesc>
    <unitdate normal="1966/1967" type="inclusive">1966-1967</unitdate>
  </did>
  <scopecontent id="aspace_a85428fde8420e50c5f3ab9eafec6e01">
    <head>Scope and Contents</head>
<p>List of species, catalog, and journal for Wolf's field work in Costa Rica.</p>  </scopecontent>
  <arrangement id="aspace_7fe52e27a60b870a4506e18277bee007">
    <head>Arrangement</head>
<p>Arranged by format. field notes</p>  </arrangement>
  <phystech id="aspace_83d4314f2c7afd71acd835e998d4edf8">
    <head>Condition</head>
<p>Good.</p>  </phystech>
  <accessrestrict id="aspace_5c12a75311a7e4128424a756d4d2bf5b">
    <head>Conditions Governing Access</head>
<p>This collection is housed in the Department of Ornithology. Please contact the collection manager for access; materials are sometimes restricted. 
<extref xlink:href="https://www.amnh.org/research/vertebrate-zoology/ornithology">https://www.amnh.org/research/vertebrate-zoology/ornithology</extref></p>  </accessrestrict>
  <controlaccess>
    <function source="local">American Museum of Natural History. Department of Ornithology. Archives.</function>
    <genreform source="aat">Field notes</genreform>
    <geogname source="lcsh">Costa Rica</geogname>
  </controlaccess>
  <dsc/>
</archdesc>
</ead>