<?xml version="1.0" encoding="utf-8"?>
<ead xmlns="urn:isbn:1-931666-22-9" xmlns:xlink="http://www.w3.org/1999/xlink" xmlns:xsi="http://www.w3.org/2001/XMLSchema-instance" xsi:schemaLocation="urn:isbn:1-931666-22-9 http://www.loc.gov/ead/ead.xsd"><eadheader countryencoding="iso3166-1" dateencoding="iso8601" langencoding="iso639-2b" repositoryencoding="iso15511"><eadid countrycode="US"/><filedesc><titlestmt><titleproper>Lewis Bartholomew Woodruff collection catalog, 1885-1908 <num>Archives Orn64</num></titleproper><author>Rebecca Morgan, 2010</author><sponsor>The Gladys Krieble Delmas Foundation provided support to make this finding aid available in ArchivesSpace (2016-2017). Minimal level collection record created with support from the Institute of Museum and Library Services (IMLS) Risk Assessment grant, 2010. </sponsor></titlestmt><publicationstmt><publisher>Department of Ornithology Archives</publisher><p><date>2010</date></p><address><addressline>Division of Vertebrate Zoology</addressline><addressline>Department of Ornithology</addressline><addressline>Central Park West at 79th Street</addressline><addressline>New York, NY 10024-5192</addressline><addressline>URL: <extptr xlink:href="https://www.amnh.org/research/vertebrate-zoology/ornithology" xlink:show="new" xlink:title="https://www.amnh.org/research/vertebrate-zoology/ornithology" xlink:type="simple"/></addressline></address></publicationstmt><notestmt><note><p>Minimal level collection record created from inventory to promote discovery (IMLS Risk Assessment grant, 2010).</p></note></notestmt></filedesc><profiledesc><creation>This finding aid was produced using ArchivesSpace on <date>2020-01-17 11:35:19 -0500</date>.</creation><langusage>English</langusage><descrules>Describing Archives: A Content Standard</descrules></profiledesc></eadheader><archdesc level="collection">
  <did>
    <langmaterial>
      <language langcode="eng">English</language>
    </langmaterial>
    <repository>
      <corpname>Department of Ornithology Archives</corpname>
    </repository>
    <unittitle>Lewis Bartholomew Woodruff collection catalog</unittitle>
    <origination label="creator">
      <persname source="local">Woodruff, Lewis B.</persname>
    </origination>
    <unitid>Archives Orn64</unitid>
    <physdesc altrender="whole">
      <extent altrender="materialtype spaceoccupied">1.68 Linear Feet</extent>
    </physdesc>
    <unitdate normal="1885/1908" type="inclusive">1885-1908</unitdate>
  </did>
  <scopecontent id="aspace_be68da0111d9acfe13e8fa04b874d126">
    <head>Scope and Contents</head>
<p>18-volume catalog of a collection of birds given to the AMNH by Woodruff. Also includes an index.</p>  </scopecontent>
  <arrangement id="aspace_c3f85f4bc003fea2e80e2cf4cd11f11c">
    <head>Arrangement</head>
<p>Arranged by volume number.</p>  </arrangement>
  <phystech id="aspace_19249591083b283e2d5269774f6cde39">
    <head>Condition</head>
<p>Good.</p>  </phystech>
  <accessrestrict id="aspace_b6815580ed01ff8b5f0f39b3b4f10c77">
    <head>Conditions Governing Access</head>
<p>This collection is housed in the Department of Ornithology. Please contact the collection manager for access; materials are sometimes restricted. 
<extref xlink:href="https://www.amnh.org/research/vertebrate-zoology/ornithology">https://www.amnh.org/research/vertebrate-zoology/ornithology</extref></p>  </accessrestrict>
  <controlaccess>
    <function source="local">American Museum of Natural History. Department of Ornithology. Archives.</function>
    <subject source="LCSH">Birds -- Catalogs and collections</subject>
  </controlaccess>
  <dsc/>
</archdesc>
</ead>