<?xml version="1.0" encoding="utf-8"?>
<ead xmlns="urn:isbn:1-931666-22-9" xmlns:xlink="http://www.w3.org/1999/xlink" xmlns:xsi="http://www.w3.org/2001/XMLSchema-instance" xsi:schemaLocation="urn:isbn:1-931666-22-9 http://www.loc.gov/ead/ead.xsd"><eadheader countryencoding="iso3166-1" dateencoding="iso8601" langencoding="iso639-2b" repositoryencoding="iso15511"><eadid countrycode="US"/><filedesc><titlestmt><titleproper>John T. Zimmer papers, 1950s <num>Archives Orn66</num></titleproper><author>Rebecca Morgan, 2010</author><sponsor>The Gladys Krieble Delmas Foundation provided support to make this finding aid available in ArchivesSpace (2016-2017). Minimal level collection record created with support from the Institute of Museum and Library Services (IMLS) Risk Assessment grant, 2010. </sponsor></titlestmt><publicationstmt><publisher>Department of Ornithology Archives</publisher><p><date>2010</date></p><address><addressline>Division of Vertebrate Zoology</addressline><addressline>Department of Ornithology</addressline><addressline>Central Park West at 79th Street</addressline><addressline>New York, NY 10024-5192</addressline><addressline>URL: <extptr xlink:href="https://www.amnh.org/research/vertebrate-zoology/ornithology" xlink:show="new" xlink:title="https://www.amnh.org/research/vertebrate-zoology/ornithology" xlink:type="simple"/></addressline></address></publicationstmt><notestmt><note><p>Minimal level collection record created from inventory to promote discovery (IMLS Risk Assessment grant, 2010).</p></note></notestmt></filedesc><profiledesc><creation>This finding aid was produced using ArchivesSpace on <date>2020-01-17 11:35:19 -0500</date>.</creation><langusage>English</langusage><descrules>Describing Archives: A Content Standard</descrules></profiledesc></eadheader><archdesc level="collection">
  <did>
    <langmaterial>
      <language langcode="eng">English</language>
    </langmaterial>
    <repository>
      <corpname>Department of Ornithology Archives</corpname>
    </repository>
    <unittitle>John T. Zimmer papers</unittitle>
    <origination label="creator">
      <persname authfilenumber="no92016596" source="naf">Zimmer, John T. (John Todd), 1889-1957</persname>
    </origination>
    <unitid>Archives Orn66</unitid>
    <physdesc altrender="whole">
      <extent altrender="materialtype spaceoccupied">1.26 Linear Feet</extent>
    </physdesc>
    <unitdate certainty="approximate" type="inclusive">1950s</unitdate>
  </did>
  <scopecontent id="aspace_50a615ccaadc622643374fab832c13df">
    <head>Scope and Contents</head>
<p>Hand written manuscripts and typescripts relating to bird family classification. Notes on types, collections, collectors and correspondence regarding nomenclature.</p>  </scopecontent>
  <arrangement id="aspace_7dc41e2d39db5bb9635af4cab645df3e">
    <head>Arrangement</head>
<p>Arranged by document types.</p>  </arrangement>
  <phystech id="aspace_07d9d79d1daca7191ce1133cfe885ea1">
    <head>Condition</head>
<p>Good.</p>  </phystech>
  <accessrestrict id="aspace_2dabf14bf1cb91bd58ef504ba176ed83">
    <head>Conditions Governing Access</head>
<p>This collection is housed in the Department of Ornithology. Please contact the collection manager for access; materials are sometimes restricted. 
<extref xlink:href="https://www.amnh.org/research/vertebrate-zoology/ornithology">https://www.amnh.org/research/vertebrate-zoology/ornithology</extref></p>  </accessrestrict>
  <controlaccess>
    <function source="local">American Museum of Natural History. Department of Ornithology. Archives.</function>
    <subject source="LCSH">Birds -- Classification</subject>
  </controlaccess>
  <dsc/>
</archdesc>
</ead>