<?xml version="1.0" encoding="utf-8"?>
<ead xmlns="urn:isbn:1-931666-22-9" xmlns:xlink="http://www.w3.org/1999/xlink" xmlns:xsi="http://www.w3.org/2001/XMLSchema-instance" xsi:schemaLocation="urn:isbn:1-931666-22-9 http://www.loc.gov/ead/ead.xsd"><eadheader countryencoding="iso3166-1" dateencoding="iso8601" langencoding="iso639-2b" repositoryencoding="iso15511"><eadid countrycode="US"/><filedesc><titlestmt><titleproper>Elsie M. B. Naumburg notes, 1912-1917 <num>Archives Orn71</num></titleproper><author>Rebecca Morgan, 2010</author><sponsor>The Gladys Krieble Delmas Foundation provided support to make this finding aid available in ArchivesSpace (2016-2017). Minimal level collection record created with support from the Institute of Museum and Library Services (IMLS) Risk Assessment grant, 2010. </sponsor></titlestmt><publicationstmt><publisher>Department of Ornithology Archives</publisher><p><date>2010</date></p><address><addressline>Division of Vertebrate Zoology</addressline><addressline>Department of Ornithology</addressline><addressline>Central Park West at 79th Street</addressline><addressline>New York, NY 10024-5192</addressline><addressline>URL: <extptr xlink:href="https://www.amnh.org/research/vertebrate-zoology/ornithology" xlink:show="new" xlink:title="https://www.amnh.org/research/vertebrate-zoology/ornithology" xlink:type="simple"/></addressline></address></publicationstmt><notestmt><note><p>Minimal level collection record created from inventory to promote discovery (IMLS Risk Assessment grant, 2010).</p></note></notestmt></filedesc><profiledesc><creation>This finding aid was produced using ArchivesSpace on <date>2020-01-17 11:35:20 -0500</date>.</creation><langusage>English</langusage><descrules>Describing Archives: A Content Standard</descrules></profiledesc></eadheader><archdesc level="collection">
  <did>
    <langmaterial>
      <language langcode="eng">English</language>
    </langmaterial>
    <repository>
      <corpname>Department of Ornithology Archives</corpname>
    </repository>
    <unittitle>Elsie M.B. Naumburg notes</unittitle>
    <origination label="creator">
      <persname source="local">Naumburg, Elsie M. B. (Elsie Margaret Binger), 1880-1953</persname>
    </origination>
    <unitid>Archives Orn71</unitid>
    <physdesc altrender="whole">
      <extent altrender="materialtype spaceoccupied">0.42 Linear Feet</extent>
      <extent altrender="carrier">1 manuscript box</extent>
    </physdesc>
    <unitdate normal="1912/1917" type="inclusive">1912-1917</unitdate>
  </did>
  <scopecontent id="aspace_6280ab2752b73e116129633094664906">
    <head>Scope and Contents</head>
<p>Handwritten notes created by Naumburg on various expeditions in South America</p>  </scopecontent>
  <arrangement id="aspace_c9fed51a179fb96d376fac9d37522e40">
    <head>Arrangement</head>
<p>Arranged chronologically by location/expedition.</p>  </arrangement>
  <phystech id="aspace_15af32db91b82130996b52c6680b3d24">
    <head>Condition</head>
<p>Good.</p>  </phystech>
  <accessrestrict id="aspace_255ff8670c399cb524e347c7cbda6c03">
    <head>Conditions Governing Access</head>
<p>This collection is housed in the Department of Ornithology. Please contact the collection manager for access; materials are sometimes restricted. 
<extref xlink:href="https://www.amnh.org/research/vertebrate-zoology/ornithology">https://www.amnh.org/research/vertebrate-zoology/ornithology</extref></p>  </accessrestrict>
  <controlaccess>
    <function source="local">American Museum of Natural History. Department of Ornithology. Archives.</function>
    <subject source="LCSH">Scientific expeditions -- South America</subject>
    <genreform source="aat">Field notes</genreform>
    <corpname source="local">Collins-Day Expedition to South America (1915)</corpname>
  </controlaccess>
  <dsc/>
</archdesc>
</ead>