<?xml version="1.0" encoding="utf-8"?>
<ead xmlns="urn:isbn:1-931666-22-9" xmlns:xlink="http://www.w3.org/1999/xlink"
	xmlns:xsi="http://www.w3.org/2001/XMLSchema-instance"
	xsi:schemaLocation="urn:isbn:1-931666-22-9 http://www.loc.gov/ead/ead.xsd">
	<eadheader countryencoding="iso3166-1" dateencoding="iso8601" langencoding="iso639-2b" repositoryencoding="iso15511">
		<eadid countrycode="US"/>
		<filedesc>
			<titlestmt>
				<titleproper>Department of Ornithology Philippine specimen collection materials, circa 1950s-1980s <num>Archives
						Orn86</num></titleproper>
				<author>Rebecca Morgan, 2010</author>
				<sponsor>The Gladys Krieble Delmas Foundation provided support to make this finding aid available in ArchivesSpace
					(2016-2017). Minimal level collection record created with support from the Institute of Museum and Library Services
					(IMLS) Risk Assessment grant, 2010. </sponsor>
			</titlestmt>
			<publicationstmt>
				<publisher>Department of Ornithology Archives</publisher>
				<p><date>2010</date></p>
				<address>
					<addressline>Division of Vertebrate Zoology</addressline>
					<addressline>Department of Ornithology</addressline>
					<addressline>Central Park West at 79th Street</addressline>
					<addressline>New York, NY 10024-5192</addressline>
					<addressline>URL: <extptr xlink:href="https://www.amnh.org/research/vertebrate-zoology/ornithology"
							xlink:show="new" xlink:title="https://www.amnh.org/research/vertebrate-zoology/ornithology" xlink:type="simple"
						/></addressline>
				</address>
			</publicationstmt>
			<notestmt>
				<note>
					<p>Minimal level collection record created from inventory to promote discovery (IMLS Risk Assessment grant, 2010). </p>
					<p>Internal note: geo.locations: Phillipines, Mindoro,</p>
				</note>
			</notestmt>
		</filedesc>
		<profiledesc>
			<creation>This finding aid was produced using ArchivesSpace on <date>2020-01-17 11:35:29 -0500</date>.</creation>
			<langusage>English</langusage>
			<descrules>Describing Archives: A Content Standard</descrules>
		</profiledesc>
	</eadheader>
	<archdesc level="collection">
		<did>
			<langmaterial>
				<language langcode="eng">English</language>
			</langmaterial>
			<repository>
				<corpname>Department of Ornithology Archives</corpname>
			</repository>
			<unittitle>Department of Ornithology Philippine specimen collection materials</unittitle>
			<origination label="creator">
				<corpname authfilenumber="no95034791" source="naf">American Museum of Natural History. Department of
					Ornithology</corpname>
			</origination>
			<origination label="creator">
				<persname source="local">Manuel, Canuto Guevarra, 1902-</persname>
			</origination>
			<origination label="creator">
				<persname authfilenumber="no2007120169" source="naf">Steere, Joseph Beal, 1842-1940</persname>
			</origination>
			<unitid>Archives Orn86</unitid>
			<physdesc altrender="whole">
				<extent altrender="materialtype spaceoccupied">0.42 Linear Feet</extent>
				<extent altrender="carrier">1 manuscript box</extent>
			</physdesc>
			<unitdate certainty="approximate" type="inclusive">circa 1950s-1980s</unitdate>
		</did>
		<scopecontent id="aspace_2d32b8364478a3075b3857c2a9c9d80f">
			<head>Scope and Contents</head>
			<p>Contains correpondence, documents, Palawan lists of bird skins, lists of syntypes from Steere Expedition, list of
				Philippine holotypes in AMNH collection, lists of species found in Luzon collection, documents relating to Leyte
				collection, and documents relating to Mindoro collection.</p>
		</scopecontent>
		<phystech id="aspace_fb63716a0aec3a1080d83ccfc1b88475">
			<head>Condition</head>
			<p>Good.</p>
		</phystech>
		<accessrestrict id="aspace_dbf7e3283053cd1f8a3a92d2285cbfc5">
			<head>Conditions Governing Access</head>
			<p>This collection is housed in the Department of Ornithology. Please contact the collection manager for access;
				materials are sometimes restricted. <extref
					xlink:href="https://www.amnh.org/research/vertebrate-zoology/ornithology"
					>https://www.amnh.org/research/vertebrate-zoology/ornithology</extref></p>
		</accessrestrict>
		<controlaccess>
			<function source="local">American Museum of Natural History. Department of Ornithology. Archives.</function>
			<subject source="LCSH">Birds -- Catalogs and collections</subject>
		</controlaccess>
		<dsc/>
	</archdesc>
</ead>
