<?xml version="1.0" encoding="utf-8"?>
<ead xmlns="urn:isbn:1-931666-22-9" xmlns:xlink="http://www.w3.org/1999/xlink" xmlns:xsi="http://www.w3.org/2001/XMLSchema-instance" xsi:schemaLocation="urn:isbn:1-931666-22-9 http://www.loc.gov/ead/ead.xsd"><eadheader countryencoding="iso3166-1" dateencoding="iso8601" langencoding="iso639-2b" repositoryencoding="iso15511"><eadid countrycode="US"/><filedesc><titlestmt><titleproper>New Zealand Expedition collection, 1947-1948 <num>Archives Orn73</num></titleproper><author>Rebecca Morgan, 2010</author><sponsor>The Gladys Krieble Delmas Foundation provided support to make this finding aid available in ArchivesSpace (2016-2017). Minimal level collection record created with support from the Institute of Museum and Library Services (IMLS) Risk Assessment grant, 2010. </sponsor></titlestmt><publicationstmt><publisher>Department of Ornithology Archives</publisher><p><date>2010</date></p><address><addressline>Division of Vertebrate Zoology</addressline><addressline>Department of Ornithology</addressline><addressline>Central Park West at 79th Street</addressline><addressline>New York, NY 10024-5192</addressline><addressline>URL: <extptr xlink:href="https://www.amnh.org/research/vertebrate-zoology/ornithology" xlink:show="new" xlink:title="https://www.amnh.org/research/vertebrate-zoology/ornithology" xlink:type="simple"/></addressline></address></publicationstmt><notestmt><note><p>Minimal level collection record created from inventory to promote discovery (IMLS Risk Assessment grant, 2010).</p></note></notestmt></filedesc><profiledesc><creation>This finding aid was produced using ArchivesSpace on <date>2020-01-17 11:35:25 -0500</date>.</creation><langusage>English</langusage><descrules>Describing Archives: A Content Standard</descrules></profiledesc></eadheader><archdesc level="collection">
  <did>
    <langmaterial>
      <language langcode="eng">English</language>
    </langmaterial>
    <repository>
      <corpname>Department of Ornithology Archives</corpname>
    </repository>
    <unittitle>New Zealand Expedition collection</unittitle>
    <origination label="creator">
      <corpname authfilenumber="no95034791" source="naf">American Museum of Natural History. Department of Ornithology</corpname>
    </origination>
    <origination label="creator">
      <persname authfilenumber="n82091932" source="naf">Murphy, Robert Cushman, 1887-1973</persname>
    </origination>
    <origination label="creator">
      <corpname authfilenumber="amnhc_2000456" source="local">New Zealand Expedition (1948)</corpname>
    </origination>
    <unitid>Archives Orn73</unitid>
    <physdesc altrender="whole">
      <extent altrender="materialtype spaceoccupied">0.15 Linear Feet</extent>
      <extent altrender="carrier">11 folders</extent>
    </physdesc>
    <unitdate normal="1947/1948" type="inclusive">1947-1948</unitdate>
  </did>
  <scopecontent id="aspace_7a1c6b21c4fa62cdd73ad0b453d1cfad">
    <head>Scope and Contents</head>
<p>Correspondence, photographs and photographic slides by Robert Cushman Murphy. New Zealand Expedition.</p>  </scopecontent>
  <phystech id="aspace_a5ed3862e9a260ba825032a836e2ad24">
    <head>Condition</head>
<p>Good.</p>  </phystech>
  <accessrestrict id="aspace_7cc929d1f10ac86f26a8d9377e998e45">
    <head>Conditions Governing Access</head>
<p>This collection is housed in the Department of Ornithology. Please contact the collection manager for access; materials are sometimes restricted. 
<extref xlink:href="https://www.amnh.org/research/vertebrate-zoology/ornithology">https://www.amnh.org/research/vertebrate-zoology/ornithology</extref></p>  </accessrestrict>
  <relatedmaterial id="aspace_aabc9dee761c78396f91b926e8c1e829">
    <head>Related Materials</head>
<p>AMNH Library Special Collections has a photographic slide collection containing images from Murphy's New Zealand Expedition in 1948. Title: Robert Cushman Murphy photographic slide collection, circa 1940s-1970s (bulk 1947-1948, 1956) Call number: PSC 369</p>  </relatedmaterial>
  <controlaccess>
    <function source="local">American Museum of Natural History. Department of Ornithology. Archives.</function>
    <subject source="lcsh">Scientific expeditions -- New Zealand</subject>
  </controlaccess>
  <dsc/>
</archdesc>
</ead>