<?xml version="1.0" encoding="utf-8"?>
<ead xmlns="urn:isbn:1-931666-22-9" xmlns:xlink="http://www.w3.org/1999/xlink" xmlns:xsi="http://www.w3.org/2001/XMLSchema-instance" xsi:schemaLocation="urn:isbn:1-931666-22-9 http://www.loc.gov/ead/ead.xsd"><eadheader countryencoding="iso3166-1" dateencoding="iso8601" langencoding="iso639-2b" repositoryencoding="iso15511"><eadid countrycode="US"/><filedesc><titlestmt><titleproper>J. T. Nichols collection, 1904-1958 <num>Archives Orn76</num></titleproper><author>Rebecca Morgan, 2010</author><sponsor>The Gladys Krieble Delmas Foundation provided support to make this finding aid available in ArchivesSpace (2016-2017). Minimal level collection record created with support from the Institute of Museum and Library Services (IMLS) Risk Assessment grant, 2010. </sponsor></titlestmt><publicationstmt><publisher>Department of Ornithology Archives</publisher><p><date>2010</date></p><address><addressline>Division of Vertebrate Zoology</addressline><addressline>Department of Ornithology</addressline><addressline>Central Park West at 79th Street</addressline><addressline>New York, NY 10024-5192</addressline><addressline>URL: <extptr xlink:href="https://www.amnh.org/research/vertebrate-zoology/ornithology" xlink:show="new" xlink:title="https://www.amnh.org/research/vertebrate-zoology/ornithology" xlink:type="simple"/></addressline></address></publicationstmt><notestmt><note><p>Minimal level collection record created from inventory to promote discovery (IMLS Risk Assessment grant, 2010).</p></note></notestmt></filedesc><profiledesc><creation>This finding aid was produced using ArchivesSpace on <date>2020-01-17 11:35:25 -0500</date>.</creation><langusage>English</langusage><descrules>Describing Archives: A Content Standard</descrules></profiledesc></eadheader><archdesc level="collection">
  <did>
    <langmaterial>
      <language langcode="eng">English</language>
    </langmaterial>
    <repository>
      <corpname>Department of Ornithology Archives</corpname>
    </repository>
    <unittitle>J. T. Nichols collection</unittitle>
    <origination label="creator">
      <corpname authfilenumber="no95034791" source="naf">American Museum of Natural History. Department of Ornithology</corpname>
    </origination>
    <unitid>Archives Orn76</unitid>
    <physdesc altrender="whole">
      <extent altrender="materialtype spaceoccupied">1.26 Linear Feet</extent>
      <extent altrender="carrier">3 manuscript boxes</extent>
    </physdesc>
    <unitdate normal="1904/1958" type="inclusive">1904-1958</unitdate>
  </did>
  <scopecontent id="aspace_e63907afcf5806d25ea1ed346576fbb3">
    <head>Scope and Contents</head>
<p>Bibliography, photocopied journals (volumes 1 through 28)</p>  </scopecontent>
  <phystech id="aspace_3a89a52cc2fd2c78c6ac2b455b6b52d1">
    <head>Condition</head>
<p>Good.</p>  </phystech>
  <accessrestrict id="aspace_e72a4c8449a5609cd85a64fafa24a433">
    <head>Conditions Governing Access</head>
<p>This collection is housed in the Department of Ornithology. Please contact the collection manager for access; materials are sometimes restricted. 
<extref xlink:href="https://www.amnh.org/research/vertebrate-zoology/ornithology">https://www.amnh.org/research/vertebrate-zoology/ornithology</extref></p>  </accessrestrict>
  <relatedmaterial id="aspace_9170c00e324acdaa3427bc31079b2306">
    <head>Related Materials</head>
<p>AMNH Library Special Collections has a manuscript collection for John T. Nichols. <extref xlink:href="http://data.library.amnh.org/archives/repositories/3/resources/107">Title: John Treadwell Nichols papers, 1888-1989 (bulk 1890-1958) Call number: Mss .N531-N532</extref></p>  </relatedmaterial>
  <controlaccess>
    <function source="local">American Museum of Natural History. Department of Ornithology. Archives.</function>
    <persname authfilenumber="nr95016426" source="naf">Nichols, John T. (John Treadwell), 1883-1958 -- Bibliography</persname>
  </controlaccess>
  <dsc/>
</archdesc>
</ead>