<?xml version="1.0" encoding="utf-8"?>
<ead xmlns="urn:isbn:1-931666-22-9" xmlns:xlink="http://www.w3.org/1999/xlink" xmlns:xsi="http://www.w3.org/2001/XMLSchema-instance" xsi:schemaLocation="urn:isbn:1-931666-22-9 http://www.loc.gov/ead/ead.xsd"><eadheader countryencoding="iso3166-1" dateencoding="iso8601" langencoding="iso639-2b" repositoryencoding="iso15511"><eadid countrycode="US"/><filedesc><titlestmt><titleproper>W. B. Richardson collection, 1868-1927, 2009 <num>Archives Orn87</num></titleproper><author>Rebecca Morgan, 2010</author><sponsor>The Gladys Krieble Delmas Foundation provided support to make this finding aid available in ArchivesSpace (2016-2017). Minimal level collection record created with support from the Institute of Museum and Library Services (IMLS) Risk Assessment grant, 2010.
</sponsor></titlestmt><publicationstmt><publisher>Department of Ornithology Archives</publisher><p><date>2010</date></p><address><addressline>Division of Vertebrate Zoology</addressline><addressline>Department of Ornithology</addressline><addressline>Central Park West at 79th Street</addressline><addressline>New York, NY 10024-5192</addressline><addressline>URL: <extptr xlink:href="https://www.amnh.org/research/vertebrate-zoology/ornithology" xlink:show="new" xlink:title="https://www.amnh.org/research/vertebrate-zoology/ornithology" xlink:type="simple"/></addressline></address></publicationstmt><notestmt><note><p>Minimal level collection record created from inventory to promote discovery (IMLS Risk Assessment grant, 2010).</p><p>Internal note: Fuller name of creator: Richardson, William Blaney</p></note></notestmt></filedesc><profiledesc><creation>This finding aid was produced using ArchivesSpace on <date>2020-01-17 11:35:30 -0500</date>.</creation><langusage>English</langusage><descrules>Describing Archives: A Content Standard</descrules></profiledesc></eadheader><archdesc level="collection">
  <did>
    <langmaterial>
      <language langcode="eng">English</language>
    </langmaterial>
    <repository>
      <corpname>Department of Ornithology Archives</corpname>
    </repository>
    <unittitle>W. B. Richardson collection</unittitle>
    <origination label="creator">
      <persname authfilenumber="amnhp_1001743" source="local">Richardson, William B.</persname>
    </origination>
    <unitid>Archives Orn87</unitid>
    <physdesc altrender="whole">
      <extent altrender="materialtype spaceoccupied">0.42 Linear Feet</extent>
      <extent altrender="carrier">1 manuscript box</extent>
    </physdesc>
    <unitdate type="inclusive">1868-1927, 2009</unitdate>
  </did>
  <scopecontent id="aspace_0c73a5ace7bbe7e592efd2489cbfbf99">
    <head>Scope and Contents</head>
<p>Manuscript of Richardson's work, letters, lists of specimens, narrative relating to colleciton activities of Richardson for AMNH, BMNH, and MCZ</p>  </scopecontent>
  <phystech id="aspace_21c4c9da8a57d27e0f15950b18f2dd7f">
    <head>Condition</head>
<p>Good.</p>  </phystech>
  <accessrestrict id="aspace_0f197e3c4c49c537ebb6a6481c0476f2">
    <head>Conditions Governing Access</head>
<p>This collection is housed in the Department of Ornithology. Please contact the collection manager for access; materials are sometimes restricted. 
<extref xlink:href="https://www.amnh.org/research/vertebrate-zoology/ornithology">https://www.amnh.org/research/vertebrate-zoology/ornithology</extref></p>  </accessrestrict>
  <accessrestrict id="aspace_786c2c80583852a1009f62852126a671">
    <head>Conditions Governing Access</head>
<p>Permission required from institutions holding original field materials</p>  </accessrestrict>
  <controlaccess>
    <function source="local">American Museum of Natural History. Department of Ornithology. Archives.</function>
  </controlaccess>
  <dsc/>
</archdesc>
</ead>