<?xml version="1.0" encoding="utf-8"?>
<ead xmlns="urn:isbn:1-931666-22-9" xmlns:xlink="http://www.w3.org/1999/xlink" xmlns:xsi="http://www.w3.org/2001/XMLSchema-instance" xsi:schemaLocation="urn:isbn:1-931666-22-9 http://www.loc.gov/ead/ead.xsd"><eadheader countryencoding="iso3166-1" dateencoding="iso8601" langencoding="iso639-2b" repositoryencoding="iso15511"><eadid countrycode="US"/><filedesc><titlestmt><titleproper>Peruvian Littoral Expedition collection, 1919-1920 <num>Archives Orn84</num></titleproper><author>Rebecca Morgan, 2010</author><sponsor>The Gladys Krieble Delmas Foundation provided support to make this finding aid available in ArchivesSpace (2016-2017). Minimal level collection record created with support from the Institute of Museum and Library Services (IMLS) Risk Assessment grant, 2010.
</sponsor></titlestmt><publicationstmt><publisher>Department of Ornithology Archives</publisher><p><date>2010</date></p><address><addressline>Division of Vertebrate Zoology</addressline><addressline>Department of Ornithology</addressline><addressline>Central Park West at 79th Street</addressline><addressline>New York, NY 10024-5192</addressline><addressline>URL: <extptr xlink:href="https://www.amnh.org/research/vertebrate-zoology/ornithology" xlink:show="new" xlink:title="https://www.amnh.org/research/vertebrate-zoology/ornithology" xlink:type="simple"/></addressline></address></publicationstmt><notestmt><note><p>Minimal level collection record created from inventory to promote discovery (IMLS Risk Assessment grant, 2010).</p></note></notestmt></filedesc><profiledesc><creation>This finding aid was produced using ArchivesSpace on <date>2020-01-17 11:35:28 -0500</date>.</creation><langusage>English</langusage><descrules>Describing Archives: A Content Standard</descrules></profiledesc></eadheader><archdesc level="collection">
  <did>
    <langmaterial>
      <language langcode="eng">English</language>
    </langmaterial>
    <repository>
      <corpname>Department of Ornithology Archives</corpname>
    </repository>
    <unittitle>Peruvian Littoral Expedition collection</unittitle>
    <origination label="creator">
      <corpname source="local">Peruvian Littoral Expedition of the Brooklyn Museum (1919-1920)</corpname>
    </origination>
    <origination label="creator">
      <persname authfilenumber="n82091932" source="naf">Murphy, Robert Cushman, 1887-1973</persname>
    </origination>
    <unitid>Archives Orn84</unitid>
    <physdesc altrender="whole">
      <extent altrender="materialtype spaceoccupied">0.05 Linear Feet</extent>
      <extent altrender="carrier">3 folders</extent>
    </physdesc>
    <unitdate normal="1919/1920" type="inclusive">1919-1920</unitdate>
  </did>
  <scopecontent id="aspace_f51781bdf4f40ce7b2d95d69223d21e3">
    <head>Scope and Contents</head>
<p>Includes a catalog of species, a field journal of Robert Cushman Murphy and a map of the expedition itinerary is found in a separate folder.</p>  </scopecontent>
  <phystech id="aspace_98eafc3fd3ffe17b5b421b196d15ddf2">
    <head>Condition</head>
<p>Good.</p>  </phystech>
  <accessrestrict id="aspace_ae6600a8f9660d9afd9ef7e370e003f2">
    <head>Conditions Governing Access</head>
<p>This collection is housed in the Department of Ornithology. Please contact the collection manager for access; materials are sometimes restricted. 
<extref xlink:href="https://www.amnh.org/research/vertebrate-zoology/ornithology">https://www.amnh.org/research/vertebrate-zoology/ornithology</extref></p>  </accessrestrict>
  <controlaccess>
    <function source="local">American Museum of Natural History. Department of Ornithology. Archives.</function>
    <genreform source="aat">Field notes</genreform>
    <subject authfilenumber="sh85118684" source="lcsh">Scientific expeditions</subject>
  </controlaccess>
  <dsc/>
</archdesc>
</ead>