<?xml version="1.0" encoding="utf-8"?>
<ead xmlns="urn:isbn:1-931666-22-9" xmlns:xlink="http://www.w3.org/1999/xlink" xmlns:xsi="http://www.w3.org/2001/XMLSchema-instance" xsi:schemaLocation="urn:isbn:1-931666-22-9 http://www.loc.gov/ead/ead.xsd"><eadheader countryencoding="iso3166-1" dateencoding="iso8601" langencoding="iso639-2b" repositoryencoding="iso15511"><eadid countrycode="US"/><filedesc><titlestmt><titleproper>Theodore Roosevelt-Rondon Expedition collection, 1913-1916 <num>Archives Orn89</num></titleproper><author>Rebecca Morgan, 2010</author><sponsor>The Gladys Krieble Delmas Foundation provided support to make this finding aid available in ArchivesSpace (2016-2017). Minimal level collection record created with support from the Institute of Museum and Library Services (IMLS) Risk Assessment grant, 2010.
</sponsor></titlestmt><publicationstmt><publisher>Department of Ornithology Archives</publisher><p><date>2010</date></p><address><addressline>Division of Vertebrate Zoology</addressline><addressline>Department of Ornithology</addressline><addressline>Central Park West at 79th Street</addressline><addressline>New York, NY 10024-5192</addressline><addressline>URL: <extptr xlink:href="https://www.amnh.org/research/vertebrate-zoology/ornithology" xlink:show="new" xlink:title="https://www.amnh.org/research/vertebrate-zoology/ornithology" xlink:type="simple"/></addressline></address></publicationstmt><notestmt><note><p>Minimal level collection record created from inventory to promote discovery (IMLS Risk Assessment grant, 2010).</p><p>Internal note: Includes xerox of original field book and a transcript of it as well</p></note></notestmt></filedesc><profiledesc><creation>This finding aid was produced using ArchivesSpace on <date>2020-01-17 11:35:31 -0500</date>.</creation><langusage>English</langusage><descrules>Describing Archives: A Content Standard</descrules></profiledesc></eadheader><archdesc level="collection">
  <did>
    <langmaterial>
      <language langcode="eng">English</language>
    </langmaterial>
    <repository>
      <corpname>Department of Ornithology Archives</corpname>
    </repository>
    <unittitle>Theodore Roosevelt-Rondon Expedition collection</unittitle>
    <origination label="creator">
      <persname authfilenumber="n2017001202" source="naf">Cherrie, George Kruck, 1865-1946</persname>
    </origination>
    <unitid>Archives Orn89</unitid>
    <physdesc altrender="whole">
      <extent altrender="materialtype spaceoccupied">0.21 Linear Feet</extent>
      <extent altrender="carrier">6 folders and 3 books</extent>
    </physdesc>
    <unitdate normal="1913/1916" type="inclusive">1913-1916</unitdate>
  </did>
  <scopecontent id="aspace_e88d241b965b9578e2f28da10f193aac">
    <head>Scope and Contents</head>
<p>Photographs, correspondence and George K. Cherrie's field notes on "River of Doubt" Expedition. Also includes press releases and clippings, and three books related to Theodore Roosevelt, Through the Brazillian Wilderness, 1925.</p>  </scopecontent>
  <phystech id="aspace_24980ef47f2b003b81aac39eebc48174">
    <head>Condition</head>
<p>Good.</p>  </phystech>
  <accessrestrict id="aspace_44b1a081705e4383c6d4fe9412b6bacc">
    <head>Conditions Governing Access</head>
<p>This collection is housed in the Department of Ornithology. Please contact the collection manager for access; materials are sometimes restricted. 
<extref xlink:href="https://www.amnh.org/research/vertebrate-zoology/ornithology">https://www.amnh.org/research/vertebrate-zoology/ornithology</extref></p>  </accessrestrict>
  <controlaccess>
    <function source="local">American Museum of Natural History. Department of Ornithology. Archives.</function>
    <subject authfilenumber="sh85118684" source="lcsh">Scientific expeditions</subject>
    <genreform source="aat">Field notes</genreform>
    <corpname authfilenumber="n81028089" source="naf">Roosevelt-Rondon Scientific Expedition (1913-1914)</corpname>
    <persname authfilenumber="n79027239" source="naf">Roosevelt, Theodore, 1858-1919</persname>
  </controlaccess>
  <dsc/>
</archdesc>
</ead>