<?xml version="1.0" encoding="utf-8"?>
<ead xmlns="urn:isbn:1-931666-22-9" xmlns:xlink="http://www.w3.org/1999/xlink" xmlns:xsi="http://www.w3.org/2001/XMLSchema-instance" xsi:schemaLocation="urn:isbn:1-931666-22-9 http://www.loc.gov/ead/ead.xsd"><eadheader countryencoding="iso3166-1" dateencoding="iso8601" langencoding="iso639-2b" repositoryencoding="iso15511"><eadid countrycode="US"/><filedesc><titlestmt><titleproper>Leonard C. Sanford collection, 1927-1931 <num>Archives Orn97</num></titleproper><author>Rebecca Morgan, 2010</author><sponsor>The Gladys Krieble Delmas Foundation provided support to make this finding aid available in ArchivesSpace (2016-2017). Minimal level collection record created with support from the Institute of Museum and Library Services (IMLS) Risk Assessment grant, 2010.</sponsor></titlestmt><publicationstmt><publisher>Department of Ornithology Archives</publisher><p><date>2010</date></p><address><addressline>Division of Vertebrate Zoology</addressline><addressline>Department of Ornithology</addressline><addressline>Central Park West at 79th Street</addressline><addressline>New York, NY 10024-5192</addressline><addressline>URL: <extptr xlink:href="https://www.amnh.org/research/vertebrate-zoology/ornithology" xlink:show="new" xlink:title="https://www.amnh.org/research/vertebrate-zoology/ornithology" xlink:type="simple"/></addressline></address></publicationstmt><notestmt><note><p>Minimal level collection record created from inventory to promote discovery (IMLS Risk Assessment grant, 2010).</p></note></notestmt></filedesc><profiledesc><creation>This finding aid was produced using ArchivesSpace on <date>2020-01-17 11:35:39 -0500</date>.</creation><langusage>English</langusage><descrules>Describing Archives: A Content Standard</descrules></profiledesc></eadheader><archdesc level="collection">
  <did>
    <langmaterial>
      <language langcode="eng">English</language>
    </langmaterial>
    <repository>
      <corpname>Department of Ornithology Archives</corpname>
    </repository>
    <unittitle>Leonard C. Sanford collection</unittitle>
    <origination label="creator">
      <persname authfilenumber="no2014103896" source="naf">Sanford, L. C. (Leonard Cutler), 1868-1950</persname>
    </origination>
    <unitid>Archives Orn97</unitid>
    <physdesc altrender="whole">
      <extent altrender="materialtype spaceoccupied">0.21 Linear Feet</extent>
      <extent altrender="carrier">1 half manuscript box</extent>
    </physdesc>
    <unitdate normal="1927/1931" type="inclusive">1927-1931</unitdate>
  </did>
  <scopecontent id="aspace_600277580c9595b622aed6e0900ef00d">
    <head>Scope and Contents</head>
<p>Correspondence from BMNH Archives between Sanford, Rothschild, Stresemann, Mayr, Stein, Frost, and Dammerman concerning joint projects in New Guinea</p>  </scopecontent>
  <arrangement id="aspace_7a4522c76bc5b2396d389f37ceebda70">
    <head>Arrangement</head>
<p>Arranged by expediton.</p>  </arrangement>
  <phystech id="aspace_2bb7f5e932b1b44478de32e7ff2847a3">
    <head>Condition</head>
<p>Good.</p>  </phystech>
  <accessrestrict id="aspace_03b8b85a582c0e721085c4e76e0d583f">
    <head>Conditions Governing Access</head>
<p>This collection is housed in the Department of Ornithology. Please contact the collection manager for access; materials are sometimes restricted. 
<extref xlink:href="https://www.amnh.org/research/vertebrate-zoology/ornithology">https://www.amnh.org/research/vertebrate-zoology/ornithology</extref></p>  </accessrestrict>
  <controlaccess>
    <function source="local">American Museum of Natural History. Department of Ornithology. Archives.</function>
    <subject source="LCSH">Ornithologists -- Correspondence.</subject>
    <subject authfilenumber="sh85118684" source="lcsh">Scientific expeditions</subject>
  </controlaccess>
  <dsc/>
</archdesc>
</ead>