<?xml version="1.0" encoding="utf-8"?>
<ead xmlns="urn:isbn:1-931666-22-9" xmlns:xlink="http://www.w3.org/1999/xlink" xmlns:xsi="http://www.w3.org/2001/XMLSchema-instance" xsi:schemaLocation="urn:isbn:1-931666-22-9 http://www.loc.gov/ead/ead.xsd"><eadheader countryencoding="iso3166-1" dateencoding="iso8601" langencoding="iso639-2b" repositoryencoding="iso15511"><eadid countrycode="US"/><filedesc><titlestmt><titleproper>Watkins collection, 1916-1920s <num>Archives Orn122</num></titleproper><author>Rebecca Morgan, 2010</author><sponsor>The Gladys Krieble Delmas Foundation provided support to make this finding aid available in ArchivesSpace (2016-2017). Minimal level collection record created with support from the Institute of Museum and Library Services (IMLS) Risk Assessment grant, 2010. </sponsor></titlestmt><publicationstmt><publisher>Department of Ornithology Archives</publisher><p><date>2010</date></p><address><addressline>Division of Vertebrate Zoology</addressline><addressline>Department of Ornithology</addressline><addressline>Central Park West at 79th Street</addressline><addressline>New York, NY 10024-5192</addressline><addressline>URL: <extptr xlink:href="https://www.amnh.org/research/vertebrate-zoology/ornithology" xlink:show="new" xlink:title="https://www.amnh.org/research/vertebrate-zoology/ornithology" xlink:type="simple"/></addressline></address></publicationstmt><notestmt><note><p>Minimal level collection record created from inventory to promote discovery (IMLS Risk Assessment grant, 2010). </p><p>Agent was entered as "Watkins, E." Found pubs with Chapman with contributor, Harry Watkins.</p></note></notestmt></filedesc><profiledesc><creation>This finding aid was produced using ArchivesSpace on <date>2020-01-17 11:33:51 -0500</date>.</creation><langusage>English</langusage><descrules>Describing Archives: A Content Standard</descrules></profiledesc></eadheader><archdesc level="collection">
  <did>
    <langmaterial>
      <language langcode="eng">English</language>
    </langmaterial>
    <repository>
      <corpname>Department of Ornithology Archives</corpname>
    </repository>
    <unittitle>Watkins collection</unittitle>
    <origination label="creator">
      <persname source="local">Watkins, Harry (Ornithologist)</persname>
    </origination>
    <origination label="creator">
      <persname authfilenumber="n87830787" source="naf">Chapman, Frank M. (Frank Michler), 1864-1945</persname>
    </origination>
    <unitid>Archives Orn122</unitid>
    <physdesc altrender="whole">
      <extent altrender="materialtype spaceoccupied">1.65 Linear Feet</extent>
      <extent altrender="carrier">3.5 manuscript boxes and 1 oversize enclosure</extent>
    </physdesc>
    <physdesc altrender="part">
      <extent altrender="materialtype spaceoccupied">15 Photographic Prints</extent>
    </physdesc>
    <unitdate certainty="approximate" type="inclusive">1916-1920s</unitdate>
  </did>
  <scopecontent id="aspace_716076245b9045ff992b2052c97f6135">
    <head>Scope and Contents</head>
<p>One box correspondence, reports on collecting locales, lists of skins, keys to photos, and account sheets. Remaining enclosures contain numbered prints from South American travels mounted on board, including 15 mounted panoramic prints.</p>  </scopecontent>
  <phystech id="aspace_2656a64c0c5633f77b50efa41bbd6d78">
    <head>Condition</head>
<p>Good.</p>  </phystech>
  <accessrestrict id="aspace_cc529083178c7b9a76911e7d33abca22">
    <head>Conditions Governing Access</head>
<p>This collection is housed in the Department of Ornithology. Please contact the collection manager for access; materials are sometimes restricted. 
<extref xlink:href="https://www.amnh.org/research/vertebrate-zoology/ornithology">https://www.amnh.org/research/vertebrate-zoology/ornithology</extref></p>  </accessrestrict>
  <controlaccess>
    <function source="local">American Museum of Natural History. Department of Ornithology. Archives.</function>
    <subject source="LCSH">Birds -- South America -- Catalogs and collections.</subject>
  </controlaccess>
  <dsc/>
</archdesc>
</ead>