<?xml version="1.0" encoding="utf-8"?>
<ead xmlns="urn:isbn:1-931666-22-9" xmlns:xlink="http://www.w3.org/1999/xlink" xmlns:xsi="http://www.w3.org/2001/XMLSchema-instance" xsi:schemaLocation="urn:isbn:1-931666-22-9 http://www.loc.gov/ead/ead.xsd"><eadheader countryencoding="iso3166-1" dateencoding="iso8601" langencoding="iso639-2b" repositoryencoding="iso15511"><eadid countrycode="US"/><filedesc><titlestmt><titleproper>Taylor Sudan Expedition collection, 1927 <num>Archives Orn110</num></titleproper><author>Rebecca Morgan, 2010</author><sponsor>The Gladys Krieble Delmas Foundation provided support to make this finding aid available in ArchivesSpace (2016-2017). Minimal level collection record created with support from the Institute of Museum and Library Services (IMLS) Risk Assessment grant, 2010. </sponsor></titlestmt><publicationstmt><publisher>Department of Ornithology Archives</publisher><p><date>2010</date></p><address><addressline>Division of Vertebrate Zoology</addressline><addressline>Department of Ornithology</addressline><addressline>Central Park West at 79th Street</addressline><addressline>New York, NY 10024-5192</addressline><addressline>URL: <extptr xlink:href="https://www.amnh.org/research/vertebrate-zoology/ornithology" xlink:show="new" xlink:title="https://www.amnh.org/research/vertebrate-zoology/ornithology" xlink:type="simple"/></addressline></address></publicationstmt><notestmt><note><p>Minimal level collection record created from inventory to promote discovery (IMLS Risk Assessment grant, 2010).</p></note></notestmt></filedesc><profiledesc><creation>This finding aid was produced using ArchivesSpace on <date>2020-01-17 11:33:41 -0500</date>.</creation><langusage>English</langusage><descrules>Describing Archives: A Content Standard</descrules></profiledesc></eadheader><archdesc level="collection">
  <did>
    <langmaterial>
      <language langcode="eng">English</language>
    </langmaterial>
    <repository>
      <corpname>Department of Ornithology Archives</corpname>
    </repository>
    <unittitle>Taylor Sudan Expedition collection</unittitle>
    <origination label="creator">
      <corpname authfilenumber="no95034791" source="naf">American Museum of Natural History. Department of Ornithology</corpname>
    </origination>
    <unitid>Archives Orn110</unitid>
    <physdesc altrender="whole">
      <extent altrender="materialtype spaceoccupied">0.03 Linear Feet</extent>
      <extent altrender="carrier">2 folders</extent>
    </physdesc>
    <unitdate normal="1927/1927">1927</unitdate>
  </did>
  <scopecontent id="aspace_9e86be5e1de33ab40237f6126d108c32">
    <head>Scope and Contents</head>
<p>Letter to Dr. Chapman from H.E. Anthony and a field catalog with packing list. Specimen numbers, 1-462. Possible catalog numbers 260102-260561.</p>  </scopecontent>
  <phystech id="aspace_a1b54f7c116ebf69d4f69846183a8610">
    <head>Condition</head>
<p>Good.</p>  </phystech>
  <accessrestrict id="aspace_7e36a9e4766f9c169fb9cb4effcd6e8e">
    <head>Conditions Governing Access</head>
<p>This collection is housed in the Department of Ornithology. Please contact the collection manager for access; materials are sometimes restricted. 
<extref xlink:href="https://www.amnh.org/research/vertebrate-zoology/ornithology">https://www.amnh.org/research/vertebrate-zoology/ornithology</extref></p>  </accessrestrict>
  <controlaccess>
    <function source="local">American Museum of Natural History. Department of Ornithology. Archives.</function>
    <genreform source="aat">Field notes</genreform>
    <subject source="LCSH">Birds -- Catalogs and collections</subject>
    <persname authfilenumber="n90612375" source="naf">Anthony, H. E. (Harold Elmer), 1890-1970</persname>
    <corpname authfilenumber="amnhc_2000221" source="local">Taylor Sudan Expedition (1926-1927)</corpname>
  </controlaccess>
  <dsc/>
</archdesc>
</ead>