<?xml version="1.0" encoding="utf-8"?>
<ead xmlns="urn:isbn:1-931666-22-9" xmlns:xlink="http://www.w3.org/1999/xlink" xmlns:xsi="http://www.w3.org/2001/XMLSchema-instance" xsi:schemaLocation="urn:isbn:1-931666-22-9 http://www.loc.gov/ead/ead.xsd"><eadheader countryencoding="iso3166-1" dateencoding="iso8601" langencoding="iso639-2b" repositoryencoding="iso15511"><eadid countrycode="US"/><filedesc><titlestmt><titleproper>Tyler-Duida Expedition collection, 1928-1930 <num>Archives Orn113</num></titleproper><author>Rebecca Morgan, 2010</author><sponsor>The Gladys Krieble Delmas Foundation provided support to make this finding aid available in ArchivesSpace (2016-2017). Minimal level collection record created with support from the Institute of Museum and Library Services (IMLS) Risk Assessment grant, 2010.
</sponsor></titlestmt><publicationstmt><publisher>Department of Ornithology Archives</publisher><p><date>2010</date></p><address><addressline>Division of Vertebrate Zoology</addressline><addressline>Department of Ornithology</addressline><addressline>Central Park West at 79th Street</addressline><addressline>New York, NY 10024-5192</addressline><addressline>URL: <extptr xlink:href="https://www.amnh.org/research/vertebrate-zoology/ornithology" xlink:show="new" xlink:title="https://www.amnh.org/research/vertebrate-zoology/ornithology" xlink:type="simple"/></addressline></address></publicationstmt><notestmt><note><p>Minimal level collection record created from inventory to promote discovery (IMLS Risk Assessment grant, 2010).</p></note></notestmt></filedesc><profiledesc><creation>This finding aid was produced using ArchivesSpace on <date>2020-01-17 11:33:42 -0500</date>.</creation><langusage>English</langusage><descrules>Describing Archives: A Content Standard</descrules></profiledesc></eadheader><archdesc level="collection">
  <did>
    <langmaterial>
      <language langcode="eng">English</language>
    </langmaterial>
    <repository>
      <corpname>Department of Ornithology Archives</corpname>
    </repository>
    <unittitle>Tyler-Duida Expedition collection</unittitle>
    <origination label="creator">
      <corpname authfilenumber="amnhc_2000247" source="local">Tyler Duida Expedition of the American Museum of Natural History (1928-1929)</corpname>
    </origination>
    <origination label="creator">
      <corpname authfilenumber="no95034791" source="naf">American Museum of Natural History. Department of Ornithology</corpname>
    </origination>
    <unitid>Archives Orn113</unitid>
    <physdesc altrender="whole">
      <extent altrender="materialtype spaceoccupied">0.07 Linear Feet</extent>
      <extent altrender="carrier">3 folders</extent>
    </physdesc>
    <unitdate normal="1928/1930" type="inclusive">1928-1930</unitdate>
  </did>
  <scopecontent id="aspace_b8a4ea599964f180bd958f1c21233553">
    <head>Scope and Contents</head>
<p>Field catalog, correspondence, birds collected at tropical stations (2700 feet and under) in Venezuela by Tyler-Duida Expedition of AMNH</p>  </scopecontent>
  <phystech id="aspace_f14bc8552f9777565c8a13eaf6f64fb1">
    <head>Condition</head>
<p>Good.</p>  </phystech>
  <accessrestrict id="aspace_3898686f64b19103ddf5bc08021211d0">
    <head>Conditions Governing Access</head>
<p>This collection is housed in the Department of Ornithology. Please contact the collection manager for access; materials are sometimes restricted. 
<extref xlink:href="https://www.amnh.org/research/vertebrate-zoology/ornithology">https://www.amnh.org/research/vertebrate-zoology/ornithology</extref></p>  </accessrestrict>
  <controlaccess>
    <function source="local">American Museum of Natural History. Department of Ornithology. Archives.</function>
    <genreform source="aat">Field notes</genreform>
    <subject source="LCSH">Scientific expeditions -- Venezuela</subject>
  </controlaccess>
  <dsc/>
</archdesc>
</ead>