<?xml version="1.0" encoding="utf-8"?>
<ead xmlns="urn:isbn:1-931666-22-9" xmlns:xlink="http://www.w3.org/1999/xlink" xmlns:xsi="http://www.w3.org/2001/XMLSchema-instance" xsi:schemaLocation="urn:isbn:1-931666-22-9 http://www.loc.gov/ead/ead.xsd"><eadheader countryencoding="iso3166-1" dateencoding="iso8601" langencoding="iso639-2b" repositoryencoding="iso15511"><eadid countrycode="US"/><filedesc><titlestmt><titleproper>Francois Vuilleumier collection, 1962-1987 <num>Archives Orn121</num></titleproper><author>Rebecca Morgan, 2010</author><sponsor>The Gladys Krieble Delmas Foundation provided support to make this finding aid available in ArchivesSpace (2016-2017). Minimal level collection record created with support from the Institute of Museum and Library Services (IMLS) Risk Assessment grant, 2010.</sponsor></titlestmt><publicationstmt><publisher>Department of Ornithology Archives</publisher><p><date>2010</date></p><address><addressline>Division of Vertebrate Zoology</addressline><addressline>Department of Ornithology</addressline><addressline>Central Park West at 79th Street</addressline><addressline>New York, NY 10024-5192</addressline><addressline>URL: <extptr xlink:href="https://www.amnh.org/research/vertebrate-zoology/ornithology" xlink:show="new" xlink:title="https://www.amnh.org/research/vertebrate-zoology/ornithology" xlink:type="simple"/></addressline></address></publicationstmt><notestmt><note><p>Minimal level collection record created from inventory to promote discovery (IMLS Risk Assessment grant, 2010).</p></note></notestmt></filedesc><profiledesc><creation>This finding aid was produced using ArchivesSpace on <date>2020-01-17 11:33:51 -0500</date>.</creation><langusage>English</langusage><descrules>Describing Archives: A Content Standard</descrules></profiledesc></eadheader><archdesc level="collection">
  <did>
    <langmaterial>
      <language langcode="eng">English</language>
    </langmaterial>
    <repository>
      <corpname>Department of Ornithology Archives</corpname>
    </repository>
    <unittitle>Francois Vuilleumier collection</unittitle>
    <origination label="creator">
      <persname authfilenumber="n79065496" source="naf">Vuilleumier, François, 1938-</persname>
    </origination>
    <unitid>Archives Orn121</unitid>
    <physdesc altrender="whole">
      <extent altrender="materialtype spaceoccupied">0.42 Linear Feet</extent>
      <extent altrender="carrier">13 folders</extent>
    </physdesc>
    <unitdate normal="1962/1987" type="inclusive">1962-1987</unitdate>
  </did>
  <scopecontent id="aspace_4938dda3ab3f08c0b965b770143ffa31">
    <head>Scope and Contents</head>
<p>Field catalogs, journals, checklists of birds, anatomical materials, bird books. Mostly relating to expeditions in South America and Mexico</p>  </scopecontent>
  <phystech id="aspace_85781f8b2ac850de01bcba252e401482">
    <head>Condition</head>
<p>Good.</p>  </phystech>
  <accessrestrict id="aspace_6bef7a15707c260d37ab3fa9ded6d813">
    <head>Conditions Governing Access</head>
<p>This collection is housed in the Department of Ornithology. Please contact the collection manager for access; materials are sometimes restricted. 
<extref xlink:href="https://www.amnh.org/research/vertebrate-zoology/ornithology">https://www.amnh.org/research/vertebrate-zoology/ornithology</extref></p>  </accessrestrict>
  <controlaccess>
    <function source="local">American Museum of Natural History. Department of Ornithology. Archives.</function>
    <genreform source="aat">Field notes</genreform>
    <persname authfilenumber="n93079268" source="naf">Salathé, T. (Tobias)</persname>
    <corpname source="uncontrolled">Expedition to Ecuador (1964)</corpname>
    <corpname source="uncontrolled">Expedition to South America (1965)</corpname>
    <corpname source="uncontrolled">Greenway-Stout-Vuilleumier New Caledonia Expedition (1978)</corpname>
  </controlaccess>
  <dsc/>
</archdesc>
</ead>