<?xml version="1.0" encoding="utf-8"?>
<ead xmlns="urn:isbn:1-931666-22-9" xmlns:xlink="http://www.w3.org/1999/xlink" xmlns:xsi="http://www.w3.org/2001/XMLSchema-instance" xsi:schemaLocation="urn:isbn:1-931666-22-9 http://www.loc.gov/ead/ead.xsd"><eadheader countryencoding="iso3166-1" dateencoding="iso8601" langencoding="iso639-2b" repositoryencoding="iso15511"><eadid countrycode="US"/><filedesc><titlestmt><titleproper>Lester L. Short collection, circa 1940s-1987 <num>Archives Orn104</num></titleproper><author>Rebecca Morgan, 2010</author><sponsor>The Gladys Krieble Delmas Foundation provided support to make this finding aid available in ArchivesSpace (2016-2017). Minimal level collection record created with support from the Institute of Museum and Library Services (IMLS) Risk Assessment grant, 2010. </sponsor></titlestmt><publicationstmt><publisher>Department of Ornithology Archives</publisher><p><date>2010</date></p><address><addressline>Division of Vertebrate Zoology</addressline><addressline>Department of Ornithology</addressline><addressline>Central Park West at 79th Street</addressline><addressline>New York, NY 10024-5192</addressline><addressline>URL: <extptr xlink:href="https://www.amnh.org/research/vertebrate-zoology/ornithology" xlink:show="new" xlink:title="https://www.amnh.org/research/vertebrate-zoology/ornithology" xlink:type="simple"/></addressline></address></publicationstmt><notestmt><note><p>Minimal level collection record created from inventory to promote discovery (IMLS Risk Assessment grant, 2010).</p></note></notestmt></filedesc><profiledesc><creation>This finding aid was produced using ArchivesSpace on <date>2020-01-17 11:33:37 -0500</date>.</creation><langusage>English</langusage><descrules>Describing Archives: A Content Standard</descrules></profiledesc></eadheader><archdesc level="collection">
  <did>
    <langmaterial>
      <language langcode="eng">English</language>
    </langmaterial>
    <repository>
      <corpname>Department of Ornithology Archives</corpname>
    </repository>
    <unittitle>Lester L. Short collection</unittitle>
    <origination label="creator">
      <persname authfilenumber="n79148841" source="naf">Short, Lester L.</persname>
    </origination>
    <unitid>Archives Orn104</unitid>
    <physdesc altrender="whole">
      <extent altrender="materialtype spaceoccupied">2 Linear Feet</extent>
      <extent altrender="carrier">4.5 manuscript boxes</extent>
    </physdesc>
    <unitdate certainty="approximate" type="inclusive">circa 1940s-1987</unitdate>
  </did>
  <scopecontent id="aspace_30dcd3c8995f36af7f4ca6f0e0e35bfb">
    <head>Scope and Contents</head>
<p>Journals, specimen catalogs, field observations, original labels from sprit specimens, field notes from United States: Central NY, Maine, Maryland, Kansas, Oklahoma, Connecticut, Florida, Arizona, California, Colorado, Nevada, Louisiana, Georgia. Mexico, Argentina, Africa, Okinawa Japan, Malaya, India, West Indies,</p>  </scopecontent>
  <phystech id="aspace_bdfc45a82d5e62d7911635e0322c8eee">
    <head>Condition</head>
<p>Good.</p>  </phystech>
  <accessrestrict id="aspace_a989bbdf2f89163ca996bf113c9b4ddb">
    <head>Conditions Governing Access</head>
<p>This collection is housed in the Department of Ornithology. Please contact the collection manager for access; materials are sometimes restricted. 
<extref xlink:href="https://www.amnh.org/research/vertebrate-zoology/ornithology">https://www.amnh.org/research/vertebrate-zoology/ornithology</extref></p>  </accessrestrict>
  <controlaccess>
    <function source="local">American Museum of Natural History. Department of Ornithology. Archives.</function>
    <genreform source="aat">Field notes</genreform>
  </controlaccess>
  <dsc/>
</archdesc>
</ead>