<?xml version="1.0" encoding="utf-8"?>
<ead xmlns="urn:isbn:1-931666-22-9" xmlns:xlink="http://www.w3.org/1999/xlink" xmlns:xsi="http://www.w3.org/2001/XMLSchema-instance" xsi:schemaLocation="urn:isbn:1-931666-22-9 http://www.loc.gov/ead/ead.xsd"><eadheader countryencoding="iso3166-1" dateencoding="iso8601" langencoding="iso639-2b" repositoryencoding="iso15511"><eadid countrycode="US"/><filedesc><titlestmt><titleproper>Steere Expedition collection, 1887-1888, 1985 <num>Archives Orn106</num></titleproper><author>Rebecca Morgan, 2010</author><sponsor>The Gladys Krieble Delmas Foundation provided support to make this finding aid available in ArchivesSpace (2016-2017). Minimal level collection record created with support from the Institute of Museum and Library Services (IMLS) Risk Assessment grant, 2010.</sponsor></titlestmt><publicationstmt><publisher>Department of Ornithology Archives</publisher><p><date>2010</date></p><address><addressline>Division of Vertebrate Zoology</addressline><addressline>Department of Ornithology</addressline><addressline>Central Park West at 79th Street</addressline><addressline>New York, NY 10024-5192</addressline><addressline>URL: <extptr xlink:href="https://www.amnh.org/research/vertebrate-zoology/ornithology" xlink:show="new" xlink:title="https://www.amnh.org/research/vertebrate-zoology/ornithology" xlink:type="simple"/></addressline></address></publicationstmt><notestmt><note><p>Minimal level collection record created from inventory to promote discovery (IMLS Risk Assessment grant, 2010).</p></note></notestmt></filedesc><profiledesc><creation>This finding aid was produced using ArchivesSpace on <date>2020-01-17 11:33:38 -0500</date>.</creation><langusage>English</langusage><descrules>Describing Archives: A Content Standard</descrules></profiledesc></eadheader><archdesc level="collection">
  <did>
    <langmaterial>
      <language langcode="eng">English</language>
    </langmaterial>
    <repository>
      <corpname>Department of Ornithology Archives</corpname>
    </repository>
    <unittitle>Steere Expedition collection</unittitle>
    <origination label="creator">
      <persname authfilenumber="no2007120169" source="naf">Steere, Joseph Beal, 1842-1940</persname>
    </origination>
    <origination label="creator">
      <corpname authfilenumber="no95034791" source="naf">American Museum of Natural History. Department of Ornithology</corpname>
    </origination>
    <origination label="creator">
      <persname source="local">Sloss, Richard</persname>
    </origination>
    <unitid>Archives Orn106</unitid>
    <physdesc altrender="whole">
      <extent altrender="materialtype spaceoccupied">.07 Linear Feet</extent>
      <extent altrender="carrier">2 folders</extent>
    </physdesc>
    <unitdate normal="1887/1985" type="inclusive">1887-1888, 1985</unitdate>
  </did>
  <scopecontent id="aspace_5249f97ea4c1e5b2265b17d497813d90">
    <head>Scope and Contents</head>
<p>List of birds and mammals collected by the Steere Expedition to the Philippines, with localities, and brief preliminary descriptions of supposed new species; list of syntypes in AMNH collection, Philippines, compiled by Richard Sloss in 1985</p>  </scopecontent>
  <phystech id="aspace_65c988036331c9c62540573cb6cb131d">
    <head>Condition</head>
<p>Good.</p>  </phystech>
  <accessrestrict id="aspace_255402a8a38df4b163e04112c4323227">
    <head>Conditions Governing Access</head>
<p>This collection is housed in the Department of Ornithology. Please contact the collection manager for access; materials are sometimes restricted. 
<extref xlink:href="https://www.amnh.org/research/vertebrate-zoology/ornithology">https://www.amnh.org/research/vertebrate-zoology/ornithology</extref></p>  </accessrestrict>
  <controlaccess>
    <function source="local">American Museum of Natural History. Department of Ornithology. Archives.</function>
    <subject source="LCSH">Birds -- Catalogs and collections</subject>
    <corpname source="uncontrolled">Steere Expedition (1887-1888)</corpname>
  </controlaccess>
  <dsc/>
</archdesc>
</ead>