<?xml version="1.0" encoding="utf-8"?>
<ead xmlns="urn:isbn:1-931666-22-9" xmlns:xlink="http://www.w3.org/1999/xlink" xmlns:xsi="http://www.w3.org/2001/XMLSchema-instance" xsi:schemaLocation="urn:isbn:1-931666-22-9 http://www.loc.gov/ead/ead.xsd"><eadheader countryencoding="iso3166-1" dateencoding="iso8601" langencoding="iso639-2b" repositoryencoding="iso15511"><eadid countrycode="US"/><filedesc><titlestmt><titleproper>R. C. Murphy collection, circa 1910-1970s <num>Archives Orn148</num></titleproper><author>Rebecca Morgan, 2010</author><sponsor>The Gladys Krieble Delmas Foundation provided support to make this finding aid available in ArchivesSpace (2016-2017). Minimal level collection record created with support from the Institute of Museum and Library Services (IMLS) Risk Assessment grant, 2010. </sponsor></titlestmt><publicationstmt><publisher>Department of Ornithology Archives</publisher><p><date>2010</date></p><address><addressline>Division of Vertebrate Zoology</addressline><addressline>Department of Ornithology</addressline><addressline>Central Park West at 79th Street</addressline><addressline>New York, NY 10024-5192</addressline><addressline>URL: <extptr xlink:href="https://www.amnh.org/research/vertebrate-zoology/ornithology" xlink:show="new" xlink:title="https://www.amnh.org/research/vertebrate-zoology/ornithology" xlink:type="simple"/></addressline></address></publicationstmt><notestmt><note><p>Minimal level collection record created from inventory to promote discovery (IMLS Risk Assessment grant, 2010).</p></note></notestmt></filedesc><profiledesc><creation>This finding aid was produced using ArchivesSpace on <date>2020-01-17 11:34:10 -0500</date>.</creation><langusage>English</langusage><descrules>Describing Archives: A Content Standard</descrules></profiledesc></eadheader><archdesc level="collection">
  <did>
    <langmaterial>
      <language langcode="eng">English</language>
    </langmaterial>
    <repository>
      <corpname>Department of Ornithology Archives</corpname>
    </repository>
    <unittitle>R. C. Murphy collection</unittitle>
    <origination label="creator">
      <persname authfilenumber="n82091932" source="naf">Murphy, Robert Cushman, 1887-1973</persname>
    </origination>
    <unitid>Archives Orn148</unitid>
    <physdesc altrender="whole">
      <extent altrender="materialtype spaceoccupied">8.34 Linear Feet</extent>
      <extent altrender="carrier">2 paige boxes, 4 manuscript boxes 5 oversized encousures and 15 volumes</extent>
    </physdesc>
    <unitdate certainty="approximate" type="inclusive">circa 1910-1970s</unitdate>
  </did>
  <scopecontent id="aspace_10824e4ac2f72d16bce5d3307513db11">
    <head>Scope and Contents</head>
<p>Biographical information, expedition materials, publications, employment and educational records, photographs, Cold Spring Harbor Whaling Museum materials, newspaper clippings, lectures and talks, bibliographies, manuscripts, field catalog, journals from expeditions in Long Island, Peru, New Zealand, Antarctica, Australia, Bermuda, Caribbean Islands, Venezuela, Bahamas, the Low Country, Pacific coast of Colombia, book on oceanic birds of South America. Murphy petrel manuscript and research includes handwritten and typescript notes relating to the forms and behavior of Petrels on the world's oceans. Includes some photographs in transparent sleeves, drawings, maps, letters from ship's Captain W.F.J. Morzer Bruyns' "Observations of Oceanic Birds" sent to Dr. R. C. Murphy at AMNH.</p>  </scopecontent>
  <arrangement id="aspace_a9b01a14b030d26467d38289613d1a62">
    <head>Arrangement</head>
<p>Petrel Manuscript is arranged alphabetically by bird.</p>  </arrangement>
  <phystech id="aspace_b2e33fbba060a7c1dbc8c95b9506add1">
    <head>Condition</head>
<p>Good.</p>  </phystech>
  <accessrestrict id="aspace_4f07932a4c3669e279f2516452b03223">
    <head>Conditions Governing Access</head>
<p>This collection is housed in the Department of Ornithology. Please contact the collection manager for access; materials are sometimes restricted. 
<extref xlink:href="https://www.amnh.org/research/vertebrate-zoology/ornithology">https://www.amnh.org/research/vertebrate-zoology/ornithology</extref></p>  </accessrestrict>
  <controlaccess>
    <function source="local">American Museum of Natural History. Department of Ornithology. Archives.</function>
    <subject authfilenumber="sh85118684" source="lcsh">Scientific expeditions</subject>
    <persname authfilenumber="n82091932" source="naf">Murphy, Robert Cushman, 1887-1973</persname>
    <corpname authfilenumber="amnhc_2000107" source="local">South Georgia Island Expedition of the American Museum of Natural History (1912-1913)</corpname>
    <corpname authfilenumber="amnhc_2000197" source="uncontrolled">Ecuador and Northern Peru Expedition (1924-1925)</corpname>
  </controlaccess>
  <dsc/>
</archdesc>
</ead>