<?xml version="1.0" encoding="utf-8"?>
<ead xmlns="urn:isbn:1-931666-22-9" xmlns:xlink="http://www.w3.org/1999/xlink" xmlns:xsi="http://www.w3.org/2001/XMLSchema-instance" xsi:schemaLocation="urn:isbn:1-931666-22-9 http://www.loc.gov/ead/ead.xsd"><eadheader countryencoding="iso3166-1" dateencoding="iso8601" langencoding="iso639-2b" repositoryencoding="iso15511"><eadid countrycode="US"/><filedesc><titlestmt><titleproper>Frank M. Chapman collection, 1872-1938, 1973-1977 <num>Archives Orn149</num></titleproper><author>Rebecca Morgan, 2010</author><sponsor>The Gladys Krieble Delmas Foundation provided support to make this finding aid available in ArchivesSpace (2016-2017). Minimal level collection record created with support from the Institute of Museum and Library Services (IMLS) Risk Assessment grant, 2010. </sponsor></titlestmt><publicationstmt><publisher>Department of Ornithology Archives</publisher><p><date>2010</date></p><address><addressline>Division of Vertebrate Zoology</addressline><addressline>Department of Ornithology</addressline><addressline>Central Park West at 79th Street</addressline><addressline>New York, NY 10024-5192</addressline><addressline>URL: <extptr xlink:href="https://www.amnh.org/research/vertebrate-zoology/ornithology" xlink:show="new" xlink:title="https://www.amnh.org/research/vertebrate-zoology/ornithology" xlink:type="simple"/></addressline></address></publicationstmt><notestmt><note><p>Minimal level collection record created from inventory to promote discovery (IMLS Risk Assessment grant, 2010).</p></note></notestmt></filedesc><profiledesc><creation>This finding aid was produced using ArchivesSpace on <date>2020-01-17 11:34:11 -0500</date>.</creation><langusage>English</langusage><descrules>Describing Archives: A Content Standard</descrules></profiledesc></eadheader><archdesc level="collection">
  <did>
    <langmaterial>
      <language langcode="eng">English</language>
    </langmaterial>
    <repository>
      <corpname>Department of Ornithology Archives</corpname>
    </repository>
    <unittitle>Frank M. Chapman collection</unittitle>
    <origination label="creator">
      <persname authfilenumber="n87830787" source="naf">Chapman, Frank M. (Frank Michler), 1864-1945</persname>
    </origination>
    <unitid>Archives Orn149</unitid>
    <physdesc altrender="whole">
      <extent altrender="materialtype spaceoccupied">8.33 Linear Feet</extent>
      <extent altrender="carrier">9 manuscript boxes, 8 custom boxes, 16 volumes, 1 oversized enclosure and 1 folder</extent>
    </physdesc>
    <unitdate type="inclusive">1872-1938, 1973-1977</unitdate>
  </did>
  <scopecontent id="aspace_1977aaf53897292a68216fdc9a582a7b">
    <head>Scope and Contents</head>
<p>Field notes, catalogs and note books from locations including Colorado, Florida, Chile, the Caribbean, New York, New Jersey, Pennsylvania, Cuba, Princes Town, Dominica, Yucatan, Bahamas, England, South Carolina, Canada, New Hampshire, Mexico, Colombia, Texas, and Trinidad, correspondence, notebook of Edith Van Buren Chapman, manuscripts, photographs, scrapbooks, monographs, biographical material and diplomas, publications, including signed issues.</p>  </scopecontent>
  <arrangement id="aspace_b3e8b06f3b2d8848330d6a26b741ef35">
    <head>Arrangement</head>
<p>Arranged roughly by format and date.</p>  </arrangement>
  <phystech id="aspace_d7bfb0c28a11e759921014bdd72ddbb1">
    <head>Condition</head>
<p>Good.</p>  </phystech>
  <accessrestrict id="aspace_3057629169071d50410f36ec7e651291">
    <head>Conditions Governing Access</head>
<p>This collection is housed in the Department of Ornithology. Please contact the collection manager for access; materials are sometimes restricted. 
<extref xlink:href="https://www.amnh.org/research/vertebrate-zoology/ornithology">https://www.amnh.org/research/vertebrate-zoology/ornithology</extref></p>  </accessrestrict>
  <controlaccess>
    <function source="local">American Museum of Natural History. Department of Ornithology. Archives.</function>
    <genreform source="aat">Field notes</genreform>
  </controlaccess>
  <dsc/>
</archdesc>
</ead>