<?xml version="1.0" encoding="utf-8"?>
<ead xmlns="urn:isbn:1-931666-22-9" xmlns:xlink="http://www.w3.org/1999/xlink" xmlns:xsi="http://www.w3.org/2001/XMLSchema-instance" xsi:schemaLocation="urn:isbn:1-931666-22-9 http://www.loc.gov/ead/ead.xsd"><eadheader countryencoding="iso3166-1" dateencoding="iso8601" langencoding="iso639-2b" repositoryencoding="iso15511"><eadid countrycode="US"/><filedesc><titlestmt><titleproper>Heinrich Expedition collection, 1930-1956 <num>Archives Orn126</num></titleproper><author>Rebecca Morgan, 2010</author><sponsor>The Gladys Krieble Delmas Foundation provided support to make this finding aid available in ArchivesSpace (2016-2017). Minimal level collection record created with support from the Institute of Museum and Library Services (IMLS) Risk Assessment grant, 2010. </sponsor></titlestmt><publicationstmt><publisher>Department of Ornithology Archives</publisher><p><date>2010</date></p><address><addressline>Division of Vertebrate Zoology</addressline><addressline>Department of Ornithology</addressline><addressline>Central Park West at 79th Street</addressline><addressline>New York, NY 10024-5192</addressline><addressline>URL: <extptr xlink:href="https://www.amnh.org/research/vertebrate-zoology/ornithology" xlink:show="new" xlink:title="https://www.amnh.org/research/vertebrate-zoology/ornithology" xlink:type="simple"/></addressline></address></publicationstmt><notestmt><note><p>Minimal level collection record created from inventory to promote discovery (IMLS Risk Assessment grant, 2010). </p><p>Internal note: Gerd H. Heinrich expedition to Sulawesi (FKA Celebes)</p></note></notestmt></filedesc><profiledesc><creation>This finding aid was produced using ArchivesSpace on <date>2020-01-17 11:33:53 -0500</date>.</creation><langusage>English</langusage><descrules>Describing Archives: A Content Standard</descrules></profiledesc></eadheader><archdesc level="collection">
  <did>
    <langmaterial>
      <language langcode="eng">English</language>
    </langmaterial>
    <repository>
      <corpname>Department of Ornithology Archives</corpname>
    </repository>
    <unittitle>Heinrich Expedition collection</unittitle>
    <origination label="creator">
      <corpname authfilenumber="no95034791" source="naf">American Museum of Natural History. Department of Ornithology</corpname>
    </origination>
    <unitid>Archives Orn126</unitid>
    <physdesc altrender="whole">
      <extent altrender="materialtype spaceoccupied">0.04 Linear Feet</extent>
      <extent altrender="carrier">1 folder</extent>
    </physdesc>
    <unitdate normal="1930/1956" type="inclusive">1930-1956</unitdate>
  </did>
  <scopecontent id="aspace_af05e6a445a5be8ff8b2d0925850abbf">
    <head>Scope and Contents</head>
<p>Correspondence, list of Heinrich's collection, clipping</p>  </scopecontent>
  <phystech id="aspace_6a72756972ed9b15b0c8683d12906ae2">
    <head>Condition</head>
<p>Good.</p>  </phystech>
  <accessrestrict id="aspace_cec539655ee670bf252769b7ce8f619c">
    <head>Conditions Governing Access</head>
<p>This collection is housed in the Department of Ornithology. Please contact the collection manager for access; materials are sometimes restricted. 
<extref xlink:href="https://www.amnh.org/research/vertebrate-zoology/ornithology">https://www.amnh.org/research/vertebrate-zoology/ornithology</extref></p>  </accessrestrict>
  <controlaccess>
    <function source="local">American Museum of Natural History. Department of Ornithology. Archives.</function>
    <corpname source="uncontrolled">Heinrich Expedition (1930-1932)</corpname>
    <persname authfilenumber="no2014103896" source="naf">Sanford, L. C. (Leonard Cutler), 1868-1950</persname>
    <persname authfilenumber="n84013575" source="naf">Stresemann, Erwin, 1889-1972</persname>
    <persname authfilenumber="n78097027" source="naf">Mayr, Ernst, 1904-2005</persname>
    <persname authfilenumber="n50024127" source="naf">Amadon, Dean</persname>
  </controlaccess>
  <dsc/>
</archdesc>
</ead>