<?xml version="1.0" encoding="utf-8"?>
<ead xmlns="urn:isbn:1-931666-22-9" xmlns:xlink="http://www.w3.org/1999/xlink" xmlns:xsi="http://www.w3.org/2001/XMLSchema-instance" xsi:schemaLocation="urn:isbn:1-931666-22-9 http://www.loc.gov/ead/ead.xsd"><eadheader countryencoding="iso3166-1" dateencoding="iso8601" langencoding="iso639-2b" repositoryencoding="iso15511"><eadid countrycode="US"/><filedesc><titlestmt><titleproper>James C. Greenway, Jr. collection, 1940s-1960s <num>Archives Orn127</num></titleproper><author>Rebecca Morgan, 2010</author><sponsor>The Gladys Krieble Delmas Foundation provided support to make this finding aid available in ArchivesSpace (2016-2017). Minimal level collection record created with support from the Institute of Museum and Library Services (IMLS) Risk Assessment grant, 2010. </sponsor></titlestmt><publicationstmt><publisher>Department of Ornithology Archives</publisher><p><date>2010</date></p><address><addressline>Division of Vertebrate Zoology</addressline><addressline>Department of Ornithology</addressline><addressline>Central Park West at 79th Street</addressline><addressline>New York, NY 10024-5192</addressline><addressline>URL: <extptr xlink:href="https://www.amnh.org/research/vertebrate-zoology/ornithology" xlink:show="new" xlink:title="https://www.amnh.org/research/vertebrate-zoology/ornithology" xlink:type="simple"/></addressline></address></publicationstmt><notestmt><note><p>Minimal level collection record created from inventory to promote discovery (IMLS Risk Assessment grant, 2010).</p></note></notestmt></filedesc><profiledesc><creation>This finding aid was produced using ArchivesSpace on <date>2020-01-17 11:33:54 -0500</date>.</creation><langusage>English</langusage><descrules>Describing Archives: A Content Standard</descrules></profiledesc></eadheader><archdesc level="collection">
  <did>
    <langmaterial>
      <language langcode="eng">English</language>
    </langmaterial>
    <repository>
      <corpname>Department of Ornithology Archives</corpname>
    </repository>
    <unittitle>James C. Greenway, Jr. collection</unittitle>
    <origination label="creator">
      <persname authfilenumber="n90706492" source="naf">Greenway, James C. (James Cowan), 1903-1989</persname>
    </origination>
    <unitid>Archives Orn127</unitid>
    <physdesc altrender="whole">
      <extent altrender="materialtype spaceoccupied">0.5 Linear Feet</extent>
      <extent altrender="carrier">1 custom box and 1 oversize envelope</extent>
    </physdesc>
    <unitdate certainty="approximate" type="inclusive">1940s-1960s</unitdate>
  </did>
  <scopecontent id="aspace_377362b30d559326dc641d9837c43651">
    <head>Scope and Contents</head>
<p>Card files on endangered species and extinct species, correspondence and clippings relating to card files, AMNH type specimens for land birds - New World and land birds - Old World and water birds - New and Old World</p>  </scopecontent>
  <phystech id="aspace_f138ee61d6765259220f3ede67e4b08c">
    <head>Condition</head>
<p>Good.</p>  </phystech>
  <accessrestrict id="aspace_ee919d0935691f46f571ba5dbebeb758">
    <head>Conditions Governing Access</head>
<p>This collection is housed in the Department of Ornithology. Please contact the collection manager for access; materials are sometimes restricted. 
<extref xlink:href="https://www.amnh.org/research/vertebrate-zoology/ornithology">https://www.amnh.org/research/vertebrate-zoology/ornithology</extref></p>  </accessrestrict>
  <controlaccess>
    <function source="local">American Museum of Natural History. Department of Ornithology. Archives.</function>
    <subject source="LCSH">Endangered species</subject>
  </controlaccess>
  <dsc/>
</archdesc>
</ead>