<?xml version="1.0" encoding="utf-8"?>
<ead xmlns="urn:isbn:1-931666-22-9" xmlns:xlink="http://www.w3.org/1999/xlink" xmlns:xsi="http://www.w3.org/2001/XMLSchema-instance" xsi:schemaLocation="urn:isbn:1-931666-22-9 http://www.loc.gov/ead/ead.xsd"><eadheader countryencoding="iso3166-1" dateencoding="iso8601" langencoding="iso639-2b" repositoryencoding="iso15511"><eadid countrycode="US"/><filedesc><titlestmt><titleproper>Harold Herrick diary, 1869-1933, 1990 <num>Archives Orn129</num></titleproper><author>Rebecca Morgan, 2010</author><sponsor>The Gladys Krieble Delmas Foundation provided support to make this finding aid available in ArchivesSpace (2016-2017). Minimal level collection record created with support from the Institute of Museum and Library Services (IMLS) Risk Assessment grant, 2010. </sponsor></titlestmt><publicationstmt><publisher>Department of Ornithology Archives</publisher><p><date>2010</date></p><address><addressline>Division of Vertebrate Zoology</addressline><addressline>Department of Ornithology</addressline><addressline>Central Park West at 79th Street</addressline><addressline>New York, NY 10024-5192</addressline><addressline>URL: <extptr xlink:href="https://www.amnh.org/research/vertebrate-zoology/ornithology" xlink:show="new" xlink:title="https://www.amnh.org/research/vertebrate-zoology/ornithology" xlink:type="simple"/></addressline></address></publicationstmt><notestmt><note><p>Minimal level collection record created from inventory to promote discovery (IMLS Risk Assessment grant, 2010).</p></note></notestmt></filedesc><profiledesc><creation>This finding aid was produced using ArchivesSpace on <date>2020-01-17 11:33:55 -0500</date>.</creation><langusage>English</langusage><descrules>Describing Archives: A Content Standard</descrules></profiledesc></eadheader><archdesc level="collection">
  <did>
    <langmaterial>
      <language langcode="eng">English</language>
    </langmaterial>
    <repository>
      <corpname>Department of Ornithology Archives</corpname>
    </repository>
    <unittitle>Harold Herrick diary</unittitle>
    <origination label="creator">
      <persname source="local">Herrick, Harold</persname>
    </origination>
    <unitid>Archives Orn129</unitid>
    <physdesc altrender="whole">
      <extent altrender="materialtype spaceoccupied">0.1 Linear Feet</extent>
      <extent altrender="carrier">1 loose volume</extent>
    </physdesc>
    <unitdate type="inclusive">1869-1933, 1990</unitdate>
  </did>
  <scopecontent id="aspace_a327ad6d35ea743542eb665b74b79e23">
    <head>Scope and Contents</head>
<p>Volume containing photocopy of the diary of Harold Herrick, the nephew of G.N. Lawrence</p>  </scopecontent>
  <phystech id="aspace_efc55c2f595988cc5787b52aa66ba2cd">
    <head>Condition</head>
<p>Good.</p>  </phystech>
  <accessrestrict id="aspace_b33d8c731b0b11ade3ed9eda00f23739">
    <head>Conditions Governing Access</head>
<p>This collection is housed in the Department of Ornithology. Please contact the collection manager for access; materials are sometimes restricted. 
<extref xlink:href="https://www.amnh.org/research/vertebrate-zoology/ornithology">https://www.amnh.org/research/vertebrate-zoology/ornithology</extref></p>  </accessrestrict>
  <controlaccess>
    <function source="local">American Museum of Natural History. Department of Ornithology. Archives.</function>
    <persname authfilenumber="no2001054959" source="naf">Lawrence, George N. (George Newbold), 1806-1895</persname>
  </controlaccess>
  <dsc/>
</archdesc>
</ead>