<?xml version="1.0" encoding="utf-8"?>
<ead xmlns="urn:isbn:1-931666-22-9" xmlns:xlink="http://www.w3.org/1999/xlink" xmlns:xsi="http://www.w3.org/2001/XMLSchema-instance" xsi:schemaLocation="urn:isbn:1-931666-22-9 http://www.loc.gov/ead/ead.xsd"><eadheader countryencoding="iso3166-1" dateencoding="iso8601" langencoding="iso639-2b" repositoryencoding="iso15511"><eadid countrycode="US"/><filedesc><titlestmt><titleproper>Emil Kaempfer collection, 1925-1927 <num>Archives Orn131</num></titleproper><author>Rebecca Morgan, 2010</author><sponsor>The Gladys Krieble Delmas Foundation provided support to make this finding aid available in ArchivesSpace (2016-2017). Minimal level collection record created with support from the Institute of Museum and Library Services (IMLS) Risk Assessment grant, 2010.</sponsor></titlestmt><publicationstmt><publisher>Department of Ornithology Archives</publisher><p><date>2010</date></p><address><addressline>Division of Vertebrate Zoology</addressline><addressline>Department of Ornithology</addressline><addressline>Central Park West at 79th Street</addressline><addressline>New York, NY 10024-5192</addressline><addressline>URL: <extptr xlink:href="https://www.amnh.org/research/vertebrate-zoology/ornithology" xlink:show="new" xlink:title="https://www.amnh.org/research/vertebrate-zoology/ornithology" xlink:type="simple"/></addressline></address></publicationstmt><notestmt><note><p>Minimal level collection record created from inventory to promote discovery (IMLS Risk Assessment grant, 2010).</p></note></notestmt></filedesc><profiledesc><creation>This finding aid was produced using ArchivesSpace on <date>2020-01-17 11:33:56 -0500</date>.</creation><langusage>English</langusage><descrules>Describing Archives: A Content Standard</descrules></profiledesc></eadheader><archdesc level="collection">
  <did>
    <langmaterial>
      <language langcode="eng">English</language>
    </langmaterial>
    <repository>
      <corpname>Department of Ornithology Archives</corpname>
    </repository>
    <unittitle>Emil Kaempfer collection</unittitle>
    <origination label="creator">
      <persname source="local">Kaempfer, Emil</persname>
    </origination>
    <origination label="creator">
      <persname source="local">Naumburg, Elsie M. B. (Elsie Margaret Binger), 1880-1953</persname>
    </origination>
    <unitid>Archives Orn131</unitid>
    <physdesc altrender="whole">
      <extent altrender="materialtype spaceoccupied">1.84 Linear Feet</extent>
      <extent altrender="carrier">2 manuscript boxes and 2 custom boxes</extent>
    </physdesc>
    <unitdate normal="1925/1927" type="inclusive">1925-1927</unitdate>
  </did>
  <scopecontent id="aspace_f0057c0432384733167ee6094db73aa1">
    <head>Scope and Contents</head>
<p>Notes, correspondence, write-ups of collected material, bibliographic lists, Brazilian field notes, bibliography compiled by Naumburg, notes on Caatinga species compiled by K. Duffin for L. Short, Elsie Naumburg's locality cards, Lester L. Shorts Caatinga project, data compiled by Kathleen Duffin</p>  </scopecontent>
  <phystech id="aspace_90ffbb3616bff77145355a4b853e6648">
    <head>Condition</head>
<p>Good.</p>  </phystech>
  <accessrestrict id="aspace_e57ec5a5da29f7e548381000e00523bc">
    <head>Conditions Governing Access</head>
<p>This collection is housed in the Department of Ornithology. Please contact the collection manager for access; materials are sometimes restricted. 
<extref xlink:href="https://www.amnh.org/research/vertebrate-zoology/ornithology">https://www.amnh.org/research/vertebrate-zoology/ornithology</extref></p>  </accessrestrict>
  <controlaccess>
    <function source="local">American Museum of Natural History. Department of Ornithology. Archives.</function>
    <corpname source="local">Naumburg-Kaempfer Expedition (1926)</corpname>
  </controlaccess>
  <dsc/>
</archdesc>
</ead>