<?xml version="1.0" encoding="utf-8"?>
<ead xmlns="urn:isbn:1-931666-22-9" xmlns:xlink="http://www.w3.org/1999/xlink" xmlns:xsi="http://www.w3.org/2001/XMLSchema-instance" xsi:schemaLocation="urn:isbn:1-931666-22-9 http://www.loc.gov/ead/ead.xsd"><eadheader countryencoding="iso3166-1" dateencoding="iso8601" langencoding="iso639-2b" repositoryencoding="iso15511"><eadid countrycode="US"/><filedesc><titlestmt><titleproper>Madagascar Expedition collection, 1928-1932 <num>Archives Orn140</num></titleproper><author>Rebecca Morgan, 2010</author><sponsor>The Gladys Krieble Delmas Foundation provided support to make this finding aid available in ArchivesSpace (2016-2017). Minimal level collection record created with support from the Institute of Museum and Library Services (IMLS) Risk Assessment grant, 2010.</sponsor></titlestmt><publicationstmt><publisher>Department of Ornithology Archives</publisher><p><date>2010</date></p><address><addressline>Division of Vertebrate Zoology</addressline><addressline>Department of Ornithology</addressline><addressline>Central Park West at 79th Street</addressline><addressline>New York, NY 10024-5192</addressline><addressline>URL: <extptr xlink:href="https://www.amnh.org/research/vertebrate-zoology/ornithology" xlink:show="new" xlink:title="https://www.amnh.org/research/vertebrate-zoology/ornithology" xlink:type="simple"/></addressline></address></publicationstmt><notestmt><note><p>Minimal level collection record created from inventory to promote discovery (IMLS Risk Assessment grant, 2010).</p></note></notestmt></filedesc><profiledesc><creation>This finding aid was produced using ArchivesSpace on <date>2020-01-17 11:34:05 -0500</date>.</creation><langusage>English</langusage><descrules>Describing Archives: A Content Standard</descrules></profiledesc></eadheader><archdesc level="collection">
  <did>
    <langmaterial>
      <language langcode="eng">English</language>
    </langmaterial>
    <repository>
      <corpname>Department of Ornithology Archives</corpname>
    </repository>
    <unittitle>Madagascar Expedition collection</unittitle>
    <origination label="creator">
      <corpname authfilenumber="no95034791" source="naf">American Museum of Natural History. Department of Ornithology</corpname>
    </origination>
    <unitid>Archives Orn140</unitid>
    <physdesc altrender="whole">
      <extent altrender="materialtype spaceoccupied">0.05 Linear Feet</extent>
      <extent altrender="carrier">2 folders and 1 oversized enclosure</extent>
    </physdesc>
    <unitdate normal="1928/1932" type="inclusive">1928-1932</unitdate>
  </did>
  <scopecontent id="aspace_5a5ce2d29264470ccd2c2460af1c6150">
    <head>Scope and Contents</head>
<p>Correspondence, map, copy of report by Jean Delacour, Archbold's field notes, Rand list of birds of Madagascar, report on mammals, supply lists</p>  </scopecontent>
  <phystech id="aspace_521bb635e1522d9c02d896d504aef92b">
    <head>Condition</head>
<p>Good.</p>  </phystech>
  <accessrestrict id="aspace_2fe6b5a94a40d6cbd06a24911a3392a4">
    <head>Conditions Governing Access</head>
<p>This collection is housed in the Department of Ornithology. Please contact the collection manager for access; materials are sometimes restricted. 
<extref xlink:href="https://www.amnh.org/research/vertebrate-zoology/ornithology">https://www.amnh.org/research/vertebrate-zoology/ornithology</extref></p>  </accessrestrict>
  <controlaccess>
    <function source="local">American Museum of Natural History. Department of Ornithology. Archives.</function>
    <corpname authfilenumber="amnhc_2000264" source="local">Mission Zoologique franco-anglo-américaine à Madagascar (1929-1931)</corpname>
    <persname authfilenumber="n85804922" source="naf">Delacour, Jean, 1890-1985</persname>
    <persname authfilenumber="no2010190453" source="naf">DuMont, Philip A. (Philip Atkinson), 1903-1996</persname>
    <persname authfilenumber="n99055016" source="naf">Archbold, Richard</persname>
  </controlaccess>
  <dsc/>
</archdesc>
</ead>