<?xml version="1.0" encoding="utf-8"?>
<ead xmlns="urn:isbn:1-931666-22-9" xmlns:xlink="http://www.w3.org/1999/xlink" xmlns:xsi="http://www.w3.org/2001/XMLSchema-instance" xsi:schemaLocation="urn:isbn:1-931666-22-9 http://www.loc.gov/ead/ead.xsd"><eadheader countryencoding="iso3166-1" dateencoding="iso8601" langencoding="iso639-2b" repositoryencoding="iso15511"><eadid countrycode="US"/><filedesc><titlestmt><titleproper>Hans-Wilhelm and Maria Koepcke volume, 1949-1974, 1982 <num>Archives Orn133</num></titleproper><author>Rebecca Morgan, 2010</author><sponsor>The Gladys Krieble Delmas Foundation provided support to make this finding aid available in ArchivesSpace (2016-2017). Minimal level collection record created with support from the Institute of Museum and Library Services (IMLS) Risk Assessment grant, 2010.</sponsor></titlestmt><publicationstmt><publisher>Department of Ornithology Archives</publisher><p><date>2010</date></p><address><addressline>Division of Vertebrate Zoology</addressline><addressline>Department of Ornithology</addressline><addressline>Central Park West at 79th Street</addressline><addressline>New York, NY 10024-5192</addressline><addressline>URL: <extptr xlink:href="https://www.amnh.org/research/vertebrate-zoology/ornithology" xlink:show="new" xlink:title="https://www.amnh.org/research/vertebrate-zoology/ornithology" xlink:type="simple"/></addressline></address></publicationstmt><notestmt><note><p>Minimal level collection record created from inventory to promote discovery (IMLS Risk Assessment grant, 2010).</p></note></notestmt></filedesc><profiledesc><creation>This finding aid was produced using ArchivesSpace on <date>2020-01-17 11:33:57 -0500</date>.</creation><langusage>English</langusage><descrules>Describing Archives: A Content Standard</descrules></profiledesc></eadheader><archdesc level="collection">
  <did>
    <langmaterial>
      <language langcode="eng">English</language>
    </langmaterial>
    <repository>
      <corpname>Department of Ornithology Archives</corpname>
    </repository>
    <unittitle>Hans-Wilhelm and Maria Koepcke volume</unittitle>
    <origination label="creator">
      <persname authfilenumber="no2017027650" source="naf">Koepcke, Hans-Wilhelm</persname>
    </origination>
    <origination label="creator">
      <persname authfilenumber="n83199128" source="naf">Koepcke, Maria</persname>
    </origination>
    <unitid>Archives Orn133</unitid>
    <physdesc altrender="whole">
      <extent altrender="materialtype spaceoccupied">0.15 Linear Feet</extent>
      <extent altrender="carrier">1 volume</extent>
    </physdesc>
    <unitdate type="inclusive">1949-1974, 1982</unitdate>
    <langmaterial id="aspace_03359e5d2ff17bad4f66f5172fe75bae">German</langmaterial>
  </did>
  <scopecontent id="aspace_402e93af5677d50b67a6059e214be686">
    <head>Scope and Contents</head>
<p>Catalog written in German</p>  </scopecontent>
  <phystech id="aspace_6f6aa856fff5f624841134b1653fae60">
    <head>Condition</head>
<p>Good.</p>  </phystech>
  <accessrestrict id="aspace_f40177691dc5ee97a479d36d3618480b">
    <head>Conditions Governing Access</head>
<p>This collection is housed in the Department of Ornithology. Please contact the collection manager for access; materials are sometimes restricted. 
<extref xlink:href="https://www.amnh.org/research/vertebrate-zoology/ornithology">https://www.amnh.org/research/vertebrate-zoology/ornithology</extref></p>  </accessrestrict>
  <controlaccess>
    <function source="local">American Museum of Natural History. Department of Ornithology. Archives.</function>
  </controlaccess>
  <dsc/>
</archdesc>
</ead>