<?xml version="1.0" encoding="utf-8"?>
<ead xmlns="urn:isbn:1-931666-22-9" xmlns:xlink="http://www.w3.org/1999/xlink" xmlns:xsi="http://www.w3.org/2001/XMLSchema-instance" xsi:schemaLocation="urn:isbn:1-931666-22-9 http://www.loc.gov/ead/ead.xsd"><eadheader countryencoding="iso3166-1" dateencoding="iso8601" langencoding="iso639-2b" repositoryencoding="iso15511"><eadid countrycode="US"/><filedesc><titlestmt><titleproper>Leo E. Miller collection, 1911-1916, 1988 <num>Archives Orn144</num></titleproper><author>Rebecca Morgan, 2010</author><sponsor>The Gladys Krieble Delmas Foundation provided support to make this finding aid available in ArchivesSpace (2016-2017). Minimal level collection record created with support from the Institute of Museum and Library Services (IMLS) Risk Assessment grant, 2010. </sponsor></titlestmt><publicationstmt><publisher>Department of Ornithology Archives</publisher><p><date>2010</date></p><address><addressline>Division of Vertebrate Zoology</addressline><addressline>Department of Ornithology</addressline><addressline>Central Park West at 79th Street</addressline><addressline>New York, NY 10024-5192</addressline><addressline>URL: <extptr xlink:href="https://www.amnh.org/research/vertebrate-zoology/ornithology" xlink:show="new" xlink:title="https://www.amnh.org/research/vertebrate-zoology/ornithology" xlink:type="simple"/></addressline></address></publicationstmt><notestmt><note><p>Minimal level collection record created from inventory to promote discovery (IMLS Risk Assessment grant, 2010). </p><p>Internal note: South American expeditions may overlap. Please check names, participants, et cetera against contents of file</p></note></notestmt></filedesc><profiledesc><creation>This finding aid was produced using ArchivesSpace on <date>2020-01-17 11:34:08 -0500</date>.</creation><langusage>English</langusage><descrules>Describing Archives: A Content Standard</descrules></profiledesc></eadheader><archdesc level="collection">
  <did>
    <langmaterial>
      <language langcode="eng">English</language>
    </langmaterial>
    <repository>
      <corpname>Department of Ornithology Archives</corpname>
    </repository>
    <unittitle>Leo E. Miller collection</unittitle>
    <origination label="creator">
      <persname authfilenumber="no2008056909" source="naf">Miller, Leo E. (Leo Edward), 1887-1952</persname>
    </origination>
    <unitid>Archives Orn144</unitid>
    <physdesc altrender="whole">
      <extent altrender="materialtype spaceoccupied">0.2 Linear Feet</extent>
      <extent altrender="carrier">3 folders</extent>
    </physdesc>
    <unitdate type="inclusive">1911-1916, 1988</unitdate>
  </did>
  <scopecontent id="aspace_d39b9b0d8d758b1228ae91d0da35c4af">
    <head>Scope and Contents</head>
<p>Correspondence, field notes, memoranda related to expeditions to South America largely with F.M. Chapman, includes maps and photo of Miller.</p>  </scopecontent>
  <phystech id="aspace_042bd758e3b640dae1ee1a5008aa42d4">
    <head>Condition</head>
<p>Good.</p>  </phystech>
  <accessrestrict id="aspace_9699720015d3fedf64c9f0122d6d7c8b">
    <head>Conditions Governing Access</head>
<p>This collection is housed in the Department of Ornithology. Please contact the collection manager for access; materials are sometimes restricted. 
<extref xlink:href="https://www.amnh.org/research/vertebrate-zoology/ornithology">https://www.amnh.org/research/vertebrate-zoology/ornithology</extref></p>  </accessrestrict>
  <controlaccess>
    <function source="local">American Museum of Natural History. Department of Ornithology. Archives.</function>
    <subject authfilenumber="sh85118684" source="lcsh">Scientific expeditions</subject>
    <genreform source="aat">Field notes</genreform>
    <persname authfilenumber="n87830787" source="naf">Chapman, Frank M. (Frank Michler), 1864-1945</persname>
    <corpname source="local">Miller South American Expedition (1914-1915)</corpname>
    <corpname authfilenumber="amnhc_2000092" source="local">Richardson Colombian Expedition (1910-1911)</corpname>
    <corpname authfilenumber="amnhc_2000096" source="local">Chapman Colombian Expedition of the American Museum of Natural History (1911-1912)</corpname>
    <corpname authfilenumber="amnhc_2000114" source="local">South American Ornithology Expedition (1912-1913)</corpname>
    <corpname authfilenumber="amnhc_2000103" source="local">Chapman South American Expedition  (1st : 1912-1913)</corpname>
    <corpname authfilenumber="n81028089" source="naf">Roosevelt-Rondon Scientific Expedition (1913-1914)</corpname>
  </controlaccess>
  <dsc/>
</archdesc>
</ead>