<?xml version="1.0" encoding="utf-8"?>
<ead xmlns="urn:isbn:1-931666-22-9" xmlns:xlink="http://www.w3.org/1999/xlink" xmlns:xsi="http://www.w3.org/2001/XMLSchema-instance" xsi:schemaLocation="urn:isbn:1-931666-22-9 http://www.loc.gov/ead/ead.xsd"><eadheader countryencoding="iso3166-1" dateencoding="iso8601" langencoding="iso639-2b" repositoryencoding="iso15511"><eadid countrycode="US"/><filedesc><titlestmt><titleproper>Waldron De Witt Miller collection, 1890s-1920s <num>Archives Orn145</num></titleproper><author>Rebecca Morgan, 2010</author><sponsor>The Gladys Krieble Delmas Foundation provided support to make this finding aid available in ArchivesSpace (2016-2017). Minimal level collection record created with support from the Institute of Museum and Library Services (IMLS) Risk Assessment grant, 2010. </sponsor></titlestmt><publicationstmt><publisher>Department of Ornithology Archives</publisher><p><date>2010</date></p><address><addressline>Division of Vertebrate Zoology</addressline><addressline>Department of Ornithology</addressline><addressline>Central Park West at 79th Street</addressline><addressline>New York, NY 10024-5192</addressline><addressline>URL: <extptr xlink:href="https://www.amnh.org/research/vertebrate-zoology/ornithology" xlink:show="new" xlink:title="https://www.amnh.org/research/vertebrate-zoology/ornithology" xlink:type="simple"/></addressline></address></publicationstmt><notestmt><note><p>Minimal level collection record created from inventory to promote discovery (IMLS Risk Assessment grant, 2010).</p></note></notestmt></filedesc><profiledesc><creation>This finding aid was produced using ArchivesSpace on <date>2020-01-17 11:34:09 -0500</date>.</creation><langusage>English</langusage><descrules>Describing Archives: A Content Standard</descrules></profiledesc></eadheader><archdesc level="collection">
  <did>
    <langmaterial>
      <language langcode="eng">English</language>
    </langmaterial>
    <repository>
      <corpname>Department of Ornithology Archives</corpname>
    </repository>
    <unittitle>Waldron De Witt Miller collection</unittitle>
    <origination label="creator">
      <persname authfilenumber="amnhp_1001442" source="local">Miller, Waldron DeWitt, 1879-1929</persname>
    </origination>
    <unitid>Archives Orn145</unitid>
    <physdesc altrender="whole">
      <extent altrender="materialtype spaceoccupied">6.68 Linear Feet</extent>
      <extent altrender="carrier">16 manuscript boxes</extent>
    </physdesc>
    <unitdate certainty="approximate" type="inclusive">1890s-1920s</unitdate>
  </did>
  <scopecontent id="aspace_dd88dd7c7397eff35d0df1ece6da59cf">
    <head>Scope and Contents</head>
<p>Field notes from Nicaragua including photographs, many handwritten research notes and manuscripts including work on findings of Nicaraguan birds. Journals and notes on birds in the nearby vicinity of Plainfield, New Jersey and East Greenwich, Rhode Island. Also includes a copperplate of woodpeckers.</p>  </scopecontent>
  <phystech id="aspace_81868b8cce0c884d3c4fb007e8a3d413">
    <head>Condition</head>
<p>Good.</p>  </phystech>
  <accessrestrict id="aspace_891b59293653f2da3965298f084521e6">
    <head>Conditions Governing Access</head>
<p>This collection is housed in the Department of Ornithology. Please contact the collection manager for access; materials are sometimes restricted. 
<extref xlink:href="https://www.amnh.org/research/vertebrate-zoology/ornithology">https://www.amnh.org/research/vertebrate-zoology/ornithology</extref></p>  </accessrestrict>
  <controlaccess>
    <function source="local">American Museum of Natural History. Department of Ornithology. Archives.</function>
    <subject source="LCSH">Birds</subject>
    <genreform source="aat">Field notes</genreform>
    <persname authfilenumber="n85814531" source="naf">Griscom, Ludlow, 1890-1959</persname>
  </controlaccess>
  <dsc/>
</archdesc>
</ead>