<?xml version="1.0" encoding="utf-8"?>
<ead xmlns="urn:isbn:1-931666-22-9" xmlns:xlink="http://www.w3.org/1999/xlink" xmlns:xsi="http://www.w3.org/2001/XMLSchema-instance" xsi:schemaLocation="urn:isbn:1-931666-22-9 http://www.loc.gov/ead/ead.xsd"><eadheader countryencoding="iso3166-1" dateencoding="iso8601" langencoding="iso639-2b" repositoryencoding="iso15511"><eadid countrycode="US"/><filedesc><titlestmt><titleproper>E. Thomas Gilliard collection, 1936-1970s <num>Archives Orn190</num></titleproper><author>Rebecca Morgan, 2010</author><sponsor>The Gladys Krieble Delmas Foundation provided support to make this finding aid available in ArchivesSpace (2016-2017). Minimal level collection record created with support from the Institute of Museum and Library Services (IMLS) Risk Assessment grant, 2010. </sponsor></titlestmt><publicationstmt><publisher>Department of Ornithology Archives</publisher><p><date>2010</date></p><address><addressline>Division of Vertebrate Zoology</addressline><addressline>Department of Ornithology</addressline><addressline>Central Park West at 79th Street</addressline><addressline>New York, NY 10024-5192</addressline><addressline>URL: <extptr xlink:href="https://www.amnh.org/research/vertebrate-zoology/ornithology" xlink:show="new" xlink:title="https://www.amnh.org/research/vertebrate-zoology/ornithology" xlink:type="simple"/></addressline></address></publicationstmt><notestmt><note><p>Minimal level collection record created from inventory to promote discovery (IMLS Risk Assessment grant, 2010).</p></note></notestmt></filedesc><profiledesc><creation>This finding aid was produced using ArchivesSpace on <date>2020-01-17 11:34:26 -0500</date>.</creation><langusage>English</langusage><descrules>Describing Archives: A Content Standard</descrules></profiledesc></eadheader><archdesc level="collection">
  <did>
    <langmaterial>
      <language langcode="eng">English</language>
    </langmaterial>
    <repository>
      <corpname>Department of Ornithology Archives</corpname>
    </repository>
    <unittitle>E. Thomas Gilliard collection</unittitle>
    <origination label="creator">
      <persname authfilenumber="n50030154" source="naf">Gilliard, E. Thomas (Ernest Thomas), 1912-1965</persname>
    </origination>
    <origination label="creator">
      <persname authfilenumber="n78097027" source="naf">Mayr, Ernst, 1904-2005</persname>
    </origination>
    <origination label="creator">
      <persname authfilenumber="n87830787" source="naf">Chapman, Frank M. (Frank Michler), 1864-1945</persname>
    </origination>
    <origination label="creator">
      <persname authfilenumber="n78095637" source="naf">Darwin, Charles, 1809-1882</persname>
    </origination>
    <origination label="creator">
      <persname authfilenumber="nr2004002405" source="naf">Iredale, Tom, 1880-1972</persname>
    </origination>
    <origination label="creator">
      <persname authfilenumber="n50031452" source="naf">Greenewalt, Crawford H., 1902-1993</persname>
    </origination>
    <unitid>Archives Orn190</unitid>
    <physdesc altrender="whole">
      <extent altrender="materialtype spaceoccupied">15 Linear Feet</extent>
      <extent altrender="carrier">1 whole cabinet, 9 volumes, 8 custom boxes, 24 manuscript boxes, 3 enclosures and 8 compact disc cases</extent>
    </physdesc>
    <unitdate certainty="approximate" type="inclusive">1936-circa 1970s</unitdate>
  </did>
  <scopecontent id="aspace_bf459ed31f57d48047b7264381853573">
    <head>Scope and Contents</head>
<p>Expedition records including equipment lists, field notes, catalogs and journals for travel in New Guinea, British Guiana, New Britain, Venezuela, Nepal, Little Tobago, West Indies, Colorado, Canada, the Philippines and Colombia; manuscripts and notes for published and unpublished work; biographical and educational information and honors; press clippings; photographs, negatives and lantern slides; correspondence; newspaper clippings; personal papers; 8 volumes; bird lists; lecture notes; scrapbooks; one DVD and 7 CD-ROMS of image files.</p>  </scopecontent>
  <phystech id="aspace_c8a9b12aa042d3175f34cc2bf8431c54">
    <head>Condition</head>
<p>Good.</p>  </phystech>
  <accessrestrict id="aspace_1e67c5ca7ba04ea8770b4b52bd6246bf">
    <head>Conditions Governing Access</head>
<p>This collection is housed in the Department of Ornithology. Please contact the collection manager for access; materials are sometimes restricted. 
<extref xlink:href="https://www.amnh.org/research/vertebrate-zoology/ornithology">https://www.amnh.org/research/vertebrate-zoology/ornithology</extref></p>  </accessrestrict>
  <controlaccess>
    <function source="local">American Museum of Natural History. Department of Ornithology. Archives.</function>
    <subject authfilenumber="sh85118684" source="lcsh">Scientific expeditions</subject>
    <genreform source="aat">Field notes</genreform>
    <subject source="LCSH">Birds -- Catalogs and collections</subject>
  </controlaccess>
  <dsc/>
</archdesc>
</ead>