<?xml version="1.0" encoding="utf-8"?>
<ead xmlns="urn:isbn:1-931666-22-9" xmlns:xlink="http://www.w3.org/1999/xlink" xmlns:xsi="http://www.w3.org/2001/XMLSchema-instance" xsi:schemaLocation="urn:isbn:1-931666-22-9 http://www.loc.gov/ead/ead.xsd"><eadheader countryencoding="iso3166-1" dateencoding="iso8601" langencoding="iso639-2b" repositoryencoding="iso15511"><eadid countrycode="US"/><filedesc><titlestmt><titleproper>Colombian Expeditions collection, 1910-1915 <num>Archives Orn156</num></titleproper><author>Rebecca Morgan, 2010</author><sponsor>The Gladys Krieble Delmas Foundation provided support to make this finding aid available in ArchivesSpace (2016-2017). Minimal level collection record created with support from the Institute of Museum and Library Services (IMLS) Risk Assessment grant, 2010. </sponsor></titlestmt><publicationstmt><publisher>Department of Ornithology Archives</publisher><p><date>2010</date></p><address><addressline>Division of Vertebrate Zoology</addressline><addressline>Department of Ornithology</addressline><addressline>Central Park West at 79th Street</addressline><addressline>New York, NY 10024-5192</addressline><addressline>URL: <extptr xlink:href="https://www.amnh.org/research/vertebrate-zoology/ornithology" xlink:show="new" xlink:title="https://www.amnh.org/research/vertebrate-zoology/ornithology" xlink:type="simple"/></addressline></address></publicationstmt><notestmt><note><p>Minimal level collection record created from inventory to promote discovery (IMLS Risk Assessment grant, 2010). </p><p>Internal note: One folder empty ("Field Catalog - Exp. #4 and 5 1912")</p></note></notestmt></filedesc><profiledesc><creation>This finding aid was produced using ArchivesSpace on <date>2020-01-17 11:34:14 -0500</date>.</creation><langusage>English</langusage><descrules>Describing Archives: A Content Standard</descrules></profiledesc></eadheader><archdesc level="collection">
  <did>
    <langmaterial>
      <language langcode="eng">English</language>
    </langmaterial>
    <repository>
      <corpname>Department of Ornithology Archives</corpname>
    </repository>
    <unittitle>Colombian Expeditions collection</unittitle>
    <origination label="creator">
      <corpname authfilenumber="no95034791" source="naf">American Museum of Natural History. Department of Ornithology</corpname>
    </origination>
    <origination label="creator">
      <persname authfilenumber="amnhp_1000241" source="local">Boyle, Howarth S.</persname>
    </origination>
    <origination label="creator">
      <persname authfilenumber="no2008056909" source="naf">Miller, Leo E. (Leo Edward), 1887-1952</persname>
    </origination>
    <origination label="creator">
      <persname authfilenumber="n85814889" source="naf">Allen, Arthur A. (Arthur Augustus), 1885-1964</persname>
    </origination>
    <unitid>Archives Orn156</unitid>
    <physdesc altrender="whole">
      <extent altrender="materialtype spaceoccupied">1.75 Linear Feet</extent>
      <extent altrender="carrier">4 folders</extent>
    </physdesc>
    <unitdate normal="1910/1915" type="inclusive">1910-1915</unitdate>
  </did>
  <scopecontent id="aspace_67eb54d2861c1aa2ae484fe2caf198bb">
    <head>Scope and Contents</head>
<p>Field catalogs representing field specimen numbers 1-3972 (1911-1912), 10001-11705 (1914-1915), report of Mr. Arthur A. Allen, correspondence</p>  </scopecontent>
  <phystech id="aspace_5c7fbc1019eb64e6290dffd80ef438f1">
    <head>Condition</head>
<p>Good.</p>  </phystech>
  <accessrestrict id="aspace_7e6441a0081481ad841ddd72fa907e9d">
    <head>Conditions Governing Access</head>
<p>This collection is housed in the Department of Ornithology. Please contact the collection manager for access; materials are sometimes restricted. 
<extref xlink:href="https://www.amnh.org/research/vertebrate-zoology/ornithology">https://www.amnh.org/research/vertebrate-zoology/ornithology</extref></p>  </accessrestrict>
  <controlaccess>
    <function source="local">American Museum of Natural History. Department of Ornithology. Archives.</function>
    <genreform source="aat">Field notes</genreform>
  </controlaccess>
  <dsc/>
</archdesc>
</ead>