<?xml version="1.0" encoding="utf-8"?>
<ead xmlns="urn:isbn:1-931666-22-9" xmlns:xlink="http://www.w3.org/1999/xlink" xmlns:xsi="http://www.w3.org/2001/XMLSchema-instance" xsi:schemaLocation="urn:isbn:1-931666-22-9 http://www.loc.gov/ead/ead.xsd"><eadheader countryencoding="iso3166-1" dateencoding="iso8601" langencoding="iso639-2b" repositoryencoding="iso15511"><eadid countrycode="US"/><filedesc><titlestmt><titleproper>Crocker-Pacific Expeditions collection, 1934-1939 <num>Archives Orn158</num></titleproper><author>Rebecca Morgan, 2010</author><sponsor>The Gladys Krieble Delmas Foundation provided support to make this finding aid available in ArchivesSpace (2016-2017). Minimal level collection record created with support from the Institute of Museum and Library Services (IMLS) Risk Assessment grant, 2010.
</sponsor></titlestmt><publicationstmt><publisher>Department of Ornithology Archives</publisher><p><date>2010</date></p><address><addressline>Division of Vertebrate Zoology</addressline><addressline>Department of Ornithology</addressline><addressline>Central Park West at 79th Street</addressline><addressline>New York, NY 10024-5192</addressline><addressline>URL: <extptr xlink:href="https://www.amnh.org/research/vertebrate-zoology/ornithology" xlink:show="new" xlink:title="https://www.amnh.org/research/vertebrate-zoology/ornithology" xlink:type="simple"/></addressline></address></publicationstmt><notestmt><note><p>Minimal level collection record created from inventory to promote discovery (IMLS Risk Assessment grant, 2010).</p></note></notestmt></filedesc><profiledesc><creation>This finding aid was produced using ArchivesSpace on <date>2020-01-17 11:34:19 -0500</date>.</creation><langusage>English</langusage><descrules>Describing Archives: A Content Standard</descrules></profiledesc></eadheader><archdesc level="collection">
  <did>
    <langmaterial>
      <language langcode="eng">English</language>
    </langmaterial>
    <repository>
      <corpname>Department of Ornithology Archives</corpname>
    </repository>
    <unittitle>Crocker-Pacific Expeditions collection</unittitle>
    <origination label="creator">
      <corpname authfilenumber="no95034791" source="naf">American Museum of Natural History. Department of Ornithology</corpname>
    </origination>
    <unitid>Archives Orn158</unitid>
    <physdesc altrender="whole">
      <extent altrender="materialtype spaceoccupied">2.18 Linear Feet</extent>
      <extent altrender="carrier">2 manuscript boxes and 1 oversize box</extent>
    </physdesc>
    <unitdate normal="1934/1939" type="inclusive">1934-1939</unitdate>
  </did>
  <scopecontent id="aspace_7ac10019f5c723a71aee105ad3f97b16">
    <head>Scope and Contents</head>
<p>Field notes, correspondence, photographs and negatives, lists of photographs and negatives, six oversized folders of sketches, drawings, and maps.</p>  </scopecontent>
  <phystech id="aspace_53be563249b36c0bb0e6d22de6d64af8">
    <head>Condition</head>
<p>Good.</p>  </phystech>
  <accessrestrict id="aspace_70e0a7b1547d57d43e4d9b3f2a85574a">
    <head>Conditions Governing Access</head>
<p>This collection is housed in the Department of Ornithology. Please contact the collection manager for access; materials are sometimes restricted. 
<extref xlink:href="https://www.amnh.org/research/vertebrate-zoology/ornithology">https://www.amnh.org/research/vertebrate-zoology/ornithology</extref></p>  </accessrestrict>
  <controlaccess>
    <function source="local">American Museum of Natural History. Department of Ornithology. Archives.</function>
    <genreform source="aat">Field notes</genreform>
    <persname authfilenumber="n78096880" source="naf">Jaques, Francis Lee, 1887-1969</persname>
    <persname source="local">Asaeda, Toshio, 1893-1968</persname>
    <corpname authfilenumber="amnhc_2000325" source="local">Templeton Crocker Pacific Expedition (1st : 1934-1935)</corpname>
    <corpname authfilenumber="amnhc_2000358" source="local">Templeton Crocker Pacific Expedition (2nd : 1936-1937)</corpname>
  </controlaccess>
  <dsc/>
</archdesc>
</ead>