<?xml version="1.0" encoding="utf-8"?>
<ead xmlns="urn:isbn:1-931666-22-9" xmlns:xlink="http://www.w3.org/1999/xlink" xmlns:xsi="http://www.w3.org/2001/XMLSchema-instance" xsi:schemaLocation="urn:isbn:1-931666-22-9 http://www.loc.gov/ead/ead.xsd"><eadheader countryencoding="iso3166-1" dateencoding="iso8601" langencoding="iso639-2b" repositoryencoding="iso15511"><eadid countrycode="US"/><filedesc><titlestmt><titleproper>Ecuador Expeditions collection, 1912-1922 <num>Archives Orn161</num></titleproper><author>Rebecca Morgan, 2010</author><sponsor>The Gladys Krieble Delmas Foundation provided support to make this finding aid available in ArchivesSpace (2016-2017). Minimal level collection record created with support from the Institute of Museum and Library Services (IMLS) Risk Assessment grant, 2010.
</sponsor></titlestmt><publicationstmt><publisher>Department of Ornithology Archives</publisher><p><date>2010</date></p><address><addressline>Division of Vertebrate Zoology</addressline><addressline>Department of Ornithology</addressline><addressline>Central Park West at 79th Street</addressline><addressline>New York, NY 10024-5192</addressline><addressline>URL: <extptr xlink:href="https://www.amnh.org/research/vertebrate-zoology/ornithology" xlink:show="new" xlink:title="https://www.amnh.org/research/vertebrate-zoology/ornithology" xlink:type="simple"/></addressline></address></publicationstmt><notestmt><note><p>Minimal level collection record created from inventory to promote discovery (IMLS Risk Assessment grant, 2010).</p><p>Internal note: South American expeditions may overlap. Please check names, participants, et cetera against contents of file</p></note></notestmt></filedesc><profiledesc><creation>This finding aid was produced using ArchivesSpace on <date>2020-01-17 11:34:20 -0500</date>.</creation><langusage>English</langusage><descrules>Describing Archives: A Content Standard</descrules></profiledesc></eadheader><archdesc level="collection">
  <did>
    <langmaterial>
      <language langcode="eng">English</language>
    </langmaterial>
    <repository>
      <corpname>Department of Ornithology Archives</corpname>
    </repository>
    <unittitle>Ecuador Expeditions collection</unittitle>
    <origination label="creator">
      <corpname authfilenumber="no95034791" source="naf">American Museum of Natural History. Department of Ornithology</corpname>
    </origination>
    <origination label="creator">
      <persname authfilenumber="n87830787" role="crp" source="naf">Chapman, Frank M. (Frank Michler), 1864-1945</persname>
    </origination>
    <origination label="creator">
      <persname authfilenumber="n90612375" role="crp" source="naf">Anthony, H. E. (Harold Elmer), 1890-1970</persname>
    </origination>
    <origination label="creator">
      <persname authfilenumber="n2017001202" role="crp" source="naf">Cherrie, George Kruck, 1865-1946</persname>
    </origination>
    <origination label="creator">
      <persname authfilenumber="amnhp_1001743" role="crp" source="local">Richardson, William B.</persname>
    </origination>
    <unitid>Archives Orn161</unitid>
    <physdesc altrender="whole">
      <extent altrender="materialtype spaceoccupied">0.05 Linear Feet</extent>
      <extent altrender="carrier">2 folders</extent>
    </physdesc>
    <unitdate normal="1912/1922" type="inclusive">1912-1922</unitdate>
  </did>
  <scopecontent id="aspace_f49a855a018ef0b270e49cedd166142e">
    <head>Scope and Contents</head>
<p>Correspondence and list of birds, departmental meeting minutes, summary of expenditures</p>  </scopecontent>
  <phystech id="aspace_54563279df70634af1d5d739c97b5491">
    <head>Condition</head>
<p>Good.</p>  </phystech>
  <accessrestrict id="aspace_abaeda339fad9cceb95972a4e7131df0">
    <head>Conditions Governing Access</head>
<p>This collection is housed in the Department of Ornithology. Please contact the collection manager for access; materials are sometimes restricted.  </p><p><extref xlink:href="https://www.amnh.org/research/vertebrate-zoology/ornithology">https://www.amnh.org/research/vertebrate-zoology/ornithology</extref> </p>  </accessrestrict>
  <controlaccess>
    <function source="local">American Museum of Natural History. Department of Ornithology. Archives.</function>
    <subject source="lcsh">Scientific expeditions -- Ecuador</subject>
    <corpname authfilenumber="amnhc_2000103" source="local">Chapman South American Expedition  (1st : 1912-1913)</corpname>
    <corpname source="ingest">Ecuador Expedition (1922)</corpname>
    <corpname authfilenumber="amnhc_2000114" source="local">South American Ornithology Expedition (1912-1913)</corpname>
  </controlaccess>
  <dsc/>
</archdesc>
</ead>