<?xml version="1.0" encoding="utf-8"?>
<ead xmlns="urn:isbn:1-931666-22-9" xmlns:xlink="http://www.w3.org/1999/xlink" xmlns:xsi="http://www.w3.org/2001/XMLSchema-instance" xsi:schemaLocation="urn:isbn:1-931666-22-9 http://www.loc.gov/ead/ead.xsd"><eadheader countryencoding="iso3166-1" dateencoding="iso8601" langencoding="iso639-2b" repositoryencoding="iso15511"><eadid countrycode="US"/><filedesc><titlestmt><titleproper>Department of Ornithology collection on Audubon materials, circa 1880s-2007 <num>Archives Orn191</num></titleproper><author>Rebecca Morgan, 2010</author><sponsor>The Gladys Krieble Delmas Foundation provided support to make this finding aid available in ArchivesSpace (2016-2017). Minimal level collection record created with support from the Institute of Museum and Library Services (IMLS) Risk Assessment grant, 2010.</sponsor></titlestmt><publicationstmt><publisher>Department of Ornithology Archives</publisher><p><date>2010</date></p><address><addressline>Division of Vertebrate Zoology</addressline><addressline>Department of Ornithology</addressline><addressline>Central Park West at 79th Street</addressline><addressline>New York, NY 10024-5192</addressline><addressline>URL: <extptr xlink:href="https://www.amnh.org/research/vertebrate-zoology/ornithology" xlink:show="new" xlink:title="https://www.amnh.org/research/vertebrate-zoology/ornithology" xlink:type="simple"/></addressline></address></publicationstmt><notestmt><note><p>Minimal level collection record created from inventory to promote discovery (IMLS Risk Assessment grant, 2010).</p></note></notestmt></filedesc><profiledesc><creation>This finding aid was produced using ArchivesSpace on <date>2020-01-17 11:34:27 -0500</date>.</creation><langusage>English</langusage><descrules>Describing Archives: A Content Standard</descrules></profiledesc></eadheader><archdesc level="collection">
  <did>
    <langmaterial>
      <language langcode="eng">English</language>
    </langmaterial>
    <repository>
      <corpname>Department of Ornithology Archives</corpname>
    </repository>
    <unittitle>Department of Ornithology collection on Audubon materials</unittitle>
    <origination label="creator">
      <corpname authfilenumber="no95034791" source="naf">American Museum of Natural History. Department of Ornithology</corpname>
    </origination>
    <unitid>Archives Orn191</unitid>
    <physdesc altrender="whole">
      <extent altrender="materialtype spaceoccupied">13 Linear Feet</extent>
      <extent altrender="carrier">24 manuscript boxes, 5 custom boxes, 14 volumes and pamphlets, 1 small plastic case</extent>
    </physdesc>
    <unitdate certainty="approximate" type="inclusive">circa 1880s-2007</unitdate>
  </did>
  <scopecontent id="aspace_c46d44682656b4337e12bc0ddaa9563a">
    <head>Scope and Contents</head>
<p>Correspondence, complete copies of "Birds of America left in the world today" A-Z (4 boxes), publications, clippings, articles, exhibit records and catalogs, "Birds of America" card catalogs, biographical information, administrative records including AMNH holdings, Loan information, Appraisals, condition reports, Photographs, manuscripts, CD's, and research notes.</p>  </scopecontent>
  <arrangement id="aspace_a9089faf69a88486d3016a5c7efa7a95">
    <head>Arrangement</head>
<p>Arranged by subject.</p>  </arrangement>
  <phystech id="aspace_e705c8764c011e8e713930d878cf9623">
    <head>Condition</head>
<p>Good.</p>  </phystech>
  <accessrestrict id="aspace_0d7a55c255d811f39ddcc31f77e99259">
    <head>Conditions Governing Access</head>
<p>This collection is housed in the Department of Ornithology. Please contact the collection manager for access; materials are sometimes restricted. 
<extref xlink:href="https://www.amnh.org/research/vertebrate-zoology/ornithology">https://www.amnh.org/research/vertebrate-zoology/ornithology</extref></p>  </accessrestrict>
  <controlaccess>
    <function source="local">American Museum of Natural History. Department of Ornithology. Archives.</function>
    <persname authfilenumber="n79018677" source="naf">Audubon, John James, 1785-1851</persname>
    <persname authfilenumber="n50030154" source="naf">Gilliard, E. Thomas (Ernest Thomas), 1912-1965</persname>
    <persname authfilenumber="n80079563" source="naf">Audubon, Maria R. (Maria Rebecca), 1843-1925</persname>
    <persname source="uncontrolled">Audubon, Florence</persname>
    <persname authfilenumber="n50031664" source="naf">Grinnell, George Bird, 1849-1938</persname>
  </controlaccess>
  <dsc/>
</archdesc>
</ead>