<?xml version="1.0" encoding="utf-8"?>
<ead xmlns="urn:isbn:1-931666-22-9" xmlns:xlink="http://www.w3.org/1999/xlink" xmlns:xsi="http://www.w3.org/2001/XMLSchema-instance" xsi:schemaLocation="urn:isbn:1-931666-22-9 http://www.loc.gov/ead/ead.xsd"><eadheader countryencoding="iso3166-1" dateencoding="iso8601" langencoding="iso639-2b" repositoryencoding="iso15511"><eadid countrycode="US"/><filedesc><titlestmt><titleproper>Robert W. Dickerman collection, 1947-2001 <num>Archives Orn187</num></titleproper><author>Rebecca Morgan, 2010</author><sponsor>The Gladys Krieble Delmas Foundation provided support to make this finding aid available in ArchivesSpace (2016-2017). Minimal level collection record created with support from the Institute of Museum and Library Services (IMLS) Risk Assessment grant, 2010.</sponsor></titlestmt><publicationstmt><publisher>Department of Ornithology Archives</publisher><p><date>2010</date></p><address><addressline>Division of Vertebrate Zoology</addressline><addressline>Department of Ornithology</addressline><addressline>Central Park West at 79th Street</addressline><addressline>New York, NY 10024-5192</addressline><addressline>URL: <extptr xlink:href="https://www.amnh.org/research/vertebrate-zoology/ornithology" xlink:show="new" xlink:title="https://www.amnh.org/research/vertebrate-zoology/ornithology" xlink:type="simple"/></addressline></address></publicationstmt><notestmt><note><p>Minimal level collection record created from inventory to promote discovery (IMLS Risk Assessment grant, 2010).</p></note></notestmt></filedesc><profiledesc><creation>This finding aid was produced using ArchivesSpace on <date>2020-01-17 11:34:25 -0500</date>.</creation><langusage>English</langusage><descrules>Describing Archives: A Content Standard</descrules></profiledesc></eadheader><archdesc level="collection">
  <did>
    <langmaterial>
      <language langcode="eng">English</language>
    </langmaterial>
    <repository>
      <corpname>Department of Ornithology Archives</corpname>
    </repository>
    <unittitle>Robert W. Dickerman collection</unittitle>
    <origination label="creator">
      <persname authfilenumber="n82011823" source="naf">Dickerman, Robert William, 1926-</persname>
    </origination>
    <unitid>Archives Orn187</unitid>
    <physdesc altrender="whole">
      <extent altrender="materialtype spaceoccupied">1.5 Linear Feet</extent>
      <extent altrender="carrier">2 manuscript boxes and 7 volumes</extent>
    </physdesc>
    <unitdate normal="1947/2001" type="inclusive">1947-2001</unitdate>
  </did>
  <scopecontent id="aspace_0105525fd740febffdd5ebb46f51db57">
    <head>Scope and Contents</head>
<p>Bound sets of field notes and specimen catalogs, some correspondence and printed maps; catalogs and bird lists relating to viral studies. Locations primarily in Mexico, as well as Venezuela, Alaska, New Mexico, Texas, Arizona, Colorado, Minnesota, West Virginia, Kansas, and New York. Some listings of mammals collected or observed.</p>  </scopecontent>
  <phystech id="aspace_3ae06b6da8843450d6a38eec15760fdf">
    <head>Condition</head>
<p>Good.</p>  </phystech>
  <accessrestrict id="aspace_0f8d08c3c49e10bd617206451e710492">
    <head>Conditions Governing Access</head>
<p>This collection is housed in the Department of Ornithology. Please contact the collection manager for access; materials are sometimes restricted. 
<extref xlink:href="https://www.amnh.org/research/vertebrate-zoology/ornithology">https://www.amnh.org/research/vertebrate-zoology/ornithology</extref></p>  </accessrestrict>
  <controlaccess>
    <function source="local">American Museum of Natural History. Department of Ornithology. Archives.</function>
    <genreform source="aat">Field notes</genreform>
  </controlaccess>
  <dsc/>
</archdesc>
</ead>