<?xml version="1.0" encoding="utf-8"?>
<ead xmlns="urn:isbn:1-931666-22-9" xmlns:xlink="http://www.w3.org/1999/xlink" xmlns:xsi="http://www.w3.org/2001/XMLSchema-instance" xsi:schemaLocation="urn:isbn:1-931666-22-9 http://www.loc.gov/ead/ead.xsd"><eadheader countryencoding="iso3166-1" dateencoding="iso8601" langencoding="iso639-2b" repositoryencoding="iso15511"><eadid countrycode="US"/><filedesc><titlestmt><titleproper>Department of Ornithology collection on Louis Agassiz Fuertes materials, circa 1902-1975 <num>Archives Orn192</num></titleproper><author>Rebecca Morgan, 2010</author><sponsor>The Gladys Krieble Delmas Foundation provided support to make this finding aid available in ArchivesSpace (2016-2017). Minimal level collection record created with support from the Institute of Museum and Library Services (IMLS) Risk Assessment grant, 2010.</sponsor></titlestmt><publicationstmt><publisher>Department of Ornithology Archives</publisher><p><date>2010</date></p><address><addressline>Division of Vertebrate Zoology</addressline><addressline>Department of Ornithology</addressline><addressline>Central Park West at 79th Street</addressline><addressline>New York, NY 10024-5192</addressline><addressline>URL: <extptr xlink:href="https://www.amnh.org/research/vertebrate-zoology/ornithology" xlink:show="new" xlink:title="https://www.amnh.org/research/vertebrate-zoology/ornithology" xlink:type="simple"/></addressline></address></publicationstmt><notestmt><note><p>Minimal level collection record created from inventory to promote discovery (IMLS Risk Assessment grant, 2010).</p></note></notestmt></filedesc><profiledesc><creation>This finding aid was produced using ArchivesSpace on <date>2020-01-17 11:34:32 -0500</date>.</creation><langusage>English</langusage><descrules>Describing Archives: A Content Standard</descrules></profiledesc></eadheader><archdesc level="collection">
  <did>
    <langmaterial>
      <language langcode="eng">English</language>
    </langmaterial>
    <repository>
      <corpname>Department of Ornithology Archives</corpname>
    </repository>
    <unittitle>Department of Ornithology collection on Louis Agassiz Fuertes materials</unittitle>
    <origination label="creator">
      <corpname authfilenumber="no95034791" source="naf">American Museum of Natural History. Department of Ornithology</corpname>
    </origination>
    <unitid>Archives Orn192</unitid>
    <physdesc altrender="whole">
      <extent altrender="materialtype spaceoccupied">1.5 Linear Feet</extent>
      <extent altrender="carrier">3 manuscript boxes</extent>
    </physdesc>
    <unitdate certainty="approximate" type="inclusive">circa 1902-1975</unitdate>
  </did>
  <scopecontent id="aspace_0b4057b04951e37c7d36ecb67816dd6e">
    <head>Scope and Contents</head>
<p>Includes correspondence,biographical information, lists of works of art in studio and others,obituaries, photographs,color prints, newspaper clippings, articles, and collector cards.</p>  </scopecontent>
  <arrangement id="aspace_3c8e7c8c4c3e838a5636d3a350eb26cc">
    <head>Arrangement</head>
<p>Arranged by subject.</p>  </arrangement>
  <phystech id="aspace_173ca02756b292555e5080bd9e78c960">
    <head>Condition</head>
<p>Good.</p>  </phystech>
  <accessrestrict id="aspace_7be9852e7bacaf6b4c9333632a50c646">
    <head>Conditions Governing Access</head>
<p>This collection is housed in the Department of Ornithology. Please contact the collection manager for access; materials are sometimes restricted. 
<extref xlink:href="https://www.amnh.org/research/vertebrate-zoology/ornithology">https://www.amnh.org/research/vertebrate-zoology/ornithology</extref></p>  </accessrestrict>
  <controlaccess>
    <function source="local">American Museum of Natural History. Department of Ornithology. Archives.</function>
    <persname authfilenumber="n50047914" source="naf">Fuertes, Louis Agassiz, 1874-1927</persname>
    <corpname authfilenumber="n80085248" source="naf">Ford Motor Company</corpname>
    <corpname authfilenumber="no99084405" source="naf">Church &amp; Dwight Co.</corpname>
  </controlaccess>
  <dsc/>
</archdesc>
</ead>