<?xml version="1.0" encoding="utf-8"?>
<ead xmlns="urn:isbn:1-931666-22-9" xmlns:xlink="http://www.w3.org/1999/xlink" xmlns:xsi="http://www.w3.org/2001/XMLSchema-instance" xsi:schemaLocation="urn:isbn:1-931666-22-9 http://www.loc.gov/ead/ead.xsd"><eadheader countryencoding="iso3166-1" dateencoding="iso8601" langencoding="iso639-2b" repositoryencoding="iso15511"><eadid countrycode="US"/><filedesc><titlestmt><titleproper>Francis Lee Jaques photograph collection, 1970 <num>Archives Orn193</num></titleproper><author>Rebecca Morgan, 2010</author><sponsor>The Gladys Krieble Delmas Foundation provided support to make this finding aid available in ArchivesSpace (2016-2017). Minimal level collection record created with support from the Institute of Museum and Library Services (IMLS) Risk Assessment grant, 2010.</sponsor></titlestmt><publicationstmt><publisher>Department of Ornithology Archives</publisher><p><date>2010</date></p><address><addressline>Division of Vertebrate Zoology</addressline><addressline>Department of Ornithology</addressline><addressline>Central Park West at 79th Street</addressline><addressline>New York, NY 10024-5192</addressline><addressline>URL: <extptr xlink:href="https://www.amnh.org/research/vertebrate-zoology/ornithology" xlink:show="new" xlink:title="https://www.amnh.org/research/vertebrate-zoology/ornithology" xlink:type="simple"/></addressline></address></publicationstmt><notestmt><note><p>Minimal level collection record created from inventory to promote discovery (IMLS Risk Assessment grant, 2010).</p></note></notestmt></filedesc><profiledesc><creation>This finding aid was produced using ArchivesSpace on <date>2020-01-17 11:34:32 -0500</date>.</creation><langusage>English</langusage><descrules>Describing Archives: A Content Standard</descrules></profiledesc></eadheader><archdesc level="collection">
  <did>
    <langmaterial>
      <language langcode="eng">English</language>
    </langmaterial>
    <repository>
      <corpname>Department of Ornithology Archives</corpname>
    </repository>
    <unittitle>Francis Lee Jaques photograph collection</unittitle>
    <origination label="creator">
      <persname authfilenumber="n78096880" source="naf">Jaques, Francis Lee, 1887-1969</persname>
    </origination>
    <unitid>Archives Orn193</unitid>
    <physdesc altrender="whole">
      <extent altrender="materialtype spaceoccupied">0.42 Linear Feet</extent>
      <extent altrender="carrier">2 folders</extent>
    </physdesc>
    <unitdate normal="1970/1970" type="inclusive">1970</unitdate>
  </did>
  <scopecontent id="aspace_ffed35f7836596b820f6e660cc433721">
    <head>Scope and Contents</head>
<p>Oceanic birds of South America photographs and journal publications with his work.</p>  </scopecontent>
  <phystech id="aspace_361675e7eb4fd052906dfd48de6fb49c">
    <head>Condition</head>
<p>Good.</p>  </phystech>
  <accessrestrict id="aspace_352324cc24dd658dbd9e643a6c42d0f9">
    <head>Conditions Governing Access</head>
<p>This collection is housed in the Department of Ornithology. Please contact the collection manager for access; materials are sometimes restricted. 
<extref xlink:href="https://www.amnh.org/research/vertebrate-zoology/ornithology">https://www.amnh.org/research/vertebrate-zoology/ornithology</extref></p>  </accessrestrict>
  <controlaccess>
    <function source="local">American Museum of Natural History. Department of Ornithology. Archives.</function>
    <subject source="LCSH">Birds -- Photography</subject>
  </controlaccess>
  <dsc/>
</archdesc>
</ead>