<?xml version="1.0" encoding="utf-8"?>
<ead xmlns="urn:isbn:1-931666-22-9" xmlns:xlink="http://www.w3.org/1999/xlink" xmlns:xsi="http://www.w3.org/2001/XMLSchema-instance" xsi:schemaLocation="urn:isbn:1-931666-22-9 http://www.loc.gov/ead/ead.xsd"><eadheader countryencoding="iso3166-1" dateencoding="iso8601" langencoding="iso639-2b" repositoryencoding="iso15511"><eadid countrycode="US"/><filedesc><titlestmt><titleproper>George K. Cherrie collection, 1894-1925 <num>Archives Orn150</num></titleproper><author>Rebecca Morgan, 2010</author><sponsor>The Gladys Krieble Delmas Foundation provided support to make this finding aid available in ArchivesSpace (2016-2017). Minimal level collection record created with support from the Institute of Museum and Library Services (IMLS) Risk Assessment grant, 2010.</sponsor></titlestmt><publicationstmt><publisher>Department of Ornithology Archives</publisher><p><date>2010</date></p><address><addressline>Division of Vertebrate Zoology</addressline><addressline>Department of Ornithology</addressline><addressline>Central Park West at 79th Street</addressline><addressline>New York, NY 10024-5192</addressline><addressline>URL: <extptr xlink:href="https://www.amnh.org/research/vertebrate-zoology/ornithology" xlink:show="new" xlink:title="https://www.amnh.org/research/vertebrate-zoology/ornithology" xlink:type="simple"/></addressline></address></publicationstmt><notestmt><note><p>Minimal level collection record created from inventory to promote discovery (IMLS Risk Assessment grant, 2010).</p><p>Internal note: South American expeditions may overlap. Please check names, participants, et cetera against contents of file</p></note></notestmt></filedesc><profiledesc><creation>This finding aid was produced using ArchivesSpace on <date>2020-01-17 11:34:11 -0500</date>.</creation><langusage>English</langusage><descrules>Describing Archives: A Content Standard</descrules></profiledesc></eadheader><archdesc level="collection">
  <did>
    <langmaterial>
      <language langcode="eng">English</language>
    </langmaterial>
    <repository>
      <corpname>Department of Ornithology Archives</corpname>
    </repository>
    <unittitle>George K. Cherrie collection</unittitle>
    <origination label="creator">
      <persname authfilenumber="n2017001202" source="naf">Cherrie, George Kruck, 1865-1946</persname>
    </origination>
    <unitid>Archives Orn150</unitid>
    <physdesc altrender="whole">
      <extent altrender="materialtype spaceoccupied">1 Linear Foot</extent>
      <extent altrender="carrier">2.5 manuscript boxes and 1 enclosure</extent>
    </physdesc>
    <unitdate normal="1894/1925" type="inclusive">1894-1925</unitdate>
  </did>
  <scopecontent id="aspace_1690daeacdf49abc2275453f3e0211e2">
    <head>Scope and Contents</head>
<p>Field notes and catalogs from expeditionary work in Costa Rica, Haiti, the United States, Trinidad, India, the Himalayas and Turkestan, and most prominently in locations across South America, including the Roosevelt-Rondon Expedition, correspondence, itemized packing lists, clippings</p>  </scopecontent>
  <phystech id="aspace_629fd0cbc5a5f9684c09434fc69d3767">
    <head>Condition</head>
<p>Good. Mold on one journal. Should be enclosed in acid-free envelope.</p>  </phystech>
  <accessrestrict id="aspace_b6ebab96ae34aad832207a44d7a22243">
    <head>Conditions Governing Access</head>
<p>This collection is housed in the Department of Ornithology. Please contact the collection manager for access; materials are sometimes restricted. 
<extref xlink:href="https://www.amnh.org/research/vertebrate-zoology/ornithology">https://www.amnh.org/research/vertebrate-zoology/ornithology</extref></p>  </accessrestrict>
  <controlaccess>
    <function source="local">American Museum of Natural History. Department of Ornithology. Archives.</function>
    <genreform source="aat">Field notes</genreform>
    <subject authfilenumber="sh85118684" source="lcsh">Scientific expeditions</subject>
    <corpname authfilenumber="amnhc_2000148" source="uncontrolled">Venezuela Expedition (1918-1919)</corpname>
    <corpname authfilenumber="n81028089" source="naf">Roosevelt-Rondon Scientific Expedition (1913-1914)</corpname>
    <corpname source="local">James Simpson-Roosevelt Asiatic Expedition (1925-1926)</corpname>
  </controlaccess>
  <dsc/>
</archdesc>
</ead>