<?xml version="1.0" encoding="utf-8"?>
<ead xmlns="urn:isbn:1-931666-22-9" xmlns:xlink="http://www.w3.org/1999/xlink" xmlns:xsi="http://www.w3.org/2001/XMLSchema-instance" xsi:schemaLocation="urn:isbn:1-931666-22-9 http://www.loc.gov/ead/ead.xsd"><eadheader countryencoding="iso3166-1" dateencoding="iso8601" langencoding="iso639-2b" repositoryencoding="iso15511"><eadid countrycode="US"/><filedesc><titlestmt><titleproper>S. Harmstead Chubb notebooks, 1892-1940 <num>Archives Orn153</num></titleproper><author>Rebecca Morgan, 2010</author><sponsor>The Gladys Krieble Delmas Foundation provided support to make this finding aid available in ArchivesSpace (2016-2017). Minimal level collection record created with support from the Institute of Museum and Library Services (IMLS) Risk Assessment grant, 2010. </sponsor></titlestmt><publicationstmt><publisher>Department of Ornithology Archives</publisher><p><date>2010</date></p><address><addressline>Division of Vertebrate Zoology</addressline><addressline>Department of Ornithology</addressline><addressline>Central Park West at 79th Street</addressline><addressline>New York, NY 10024-5192</addressline><addressline>URL: <extptr xlink:href="https://www.amnh.org/research/vertebrate-zoology/ornithology" xlink:show="new" xlink:title="https://www.amnh.org/research/vertebrate-zoology/ornithology" xlink:type="simple"/></addressline></address></publicationstmt><notestmt><note><p>Minimal level collection record created from inventory to promote discovery (IMLS Risk Assessment grant, 2010).</p></note></notestmt></filedesc><profiledesc><creation>This finding aid was produced using ArchivesSpace on <date>2020-01-17 11:34:13 -0500</date>.</creation><langusage>English</langusage><descrules>Describing Archives: A Content Standard</descrules></profiledesc></eadheader><archdesc level="collection">
  <did>
    <langmaterial>
      <language langcode="eng">English</language>
    </langmaterial>
    <repository>
      <corpname>Department of Ornithology Archives</corpname>
    </repository>
    <unittitle>S. Harmstead Chubb notebooks</unittitle>
    <origination label="creator">
      <persname authfilenumber="nr2004024435" source="naf">Chubb, S. Harmsted (Samuel Harmsted), 1863-1949</persname>
    </origination>
    <origination label="creator">
      <persname source="uncontrolled">Chubb, Edith Day</persname>
    </origination>
    <unitid>Archives Orn153</unitid>
    <physdesc altrender="whole">
      <extent altrender="materialtype spaceoccupied">0.4 Linear Feet</extent>
      <extent altrender="carrier">1 box, 16 notebooks</extent>
    </physdesc>
    <unitdate normal="1892/1940" type="inclusive">1892-1940</unitdate>
  </did>
  <scopecontent id="aspace_1f13a45cbf66075c08b8fe1ba0088c75">
    <head>Scope and Contents</head>
<p>Notebooks containing journal entries, bird sighting listings and field notes from observations in New York, New Jersey, Pennsylvania and Connecticut. Some kept by Edith Day Chubb, wife of S. Harmstead Chubb.</p>  </scopecontent>
  <phystech id="aspace_383f170efbdb6e4078d798ac69bfc35d">
    <head>Condition</head>
<p>Good.</p>  </phystech>
  <accessrestrict id="aspace_2a725d0e97fc2d0a6ef0447810db0716">
    <head>Conditions Governing Access</head>
<p>This collection is housed in the Department of Ornithology. Please contact the collection manager for access; materials are sometimes restricted. 
<extref xlink:href="https://www.amnh.org/research/vertebrate-zoology/ornithology">https://www.amnh.org/research/vertebrate-zoology/ornithology</extref></p>  </accessrestrict>
  <controlaccess>
    <function source="local">American Museum of Natural History. Department of Ornithology. Archives.</function>
  </controlaccess>
  <dsc/>
</archdesc>
</ead>