<?xml version="1.0" encoding="utf-8"?>
<ead xmlns="urn:isbn:1-931666-22-9" xmlns:xlink="http://www.w3.org/1999/xlink" xmlns:xsi="http://www.w3.org/2001/XMLSchema-instance" xsi:schemaLocation="urn:isbn:1-931666-22-9 http://www.loc.gov/ead/ead.xsd"><eadheader countryencoding="iso3166-1" dateencoding="iso8601" langencoding="iso639-2b" repositoryencoding="iso15511"><eadid countrycode="US"/><filedesc><titlestmt><titleproper>Charles William Beebe collection, 1898-1915 <num>Archives Orn204</num></titleproper><author>Rebecca Morgan, 2010</author><sponsor>The Gladys Krieble Delmas Foundation provided support to make this finding aid available in ArchivesSpace (2016-2017). Minimal level collection record created with support from the Institute of Museum and Library Services (IMLS) Risk Assessment grant, 2010. </sponsor></titlestmt><publicationstmt><publisher>Department of Ornithology Archives</publisher><p><date>2010</date></p><address><addressline>Division of Vertebrate Zoology</addressline><addressline>Department of Ornithology</addressline><addressline>Central Park West at 79th Street</addressline><addressline>New York, NY 10024-5192</addressline><addressline>URL: <extptr xlink:href="https://www.amnh.org/research/vertebrate-zoology/ornithology" xlink:show="new" xlink:title="https://www.amnh.org/research/vertebrate-zoology/ornithology" xlink:type="simple"/></addressline></address></publicationstmt><notestmt><note><p>Minimal level collection record created from inventory to promote discovery (IMLS Risk Assessment grant, 2010).</p></note></notestmt></filedesc><profiledesc><creation>This finding aid was produced using ArchivesSpace on <date>2020-01-17 11:34:37 -0500</date>.</creation><langusage>English</langusage><descrules>Describing Archives: A Content Standard</descrules></profiledesc></eadheader><archdesc level="collection">
  <did>
    <langmaterial>
      <language langcode="eng">English</language>
    </langmaterial>
    <repository>
      <corpname>Department of Ornithology Archives</corpname>
    </repository>
    <unittitle>Charles William Beebe collection</unittitle>
    <origination label="creator">
      <persname authfilenumber="n50006960" source="naf">Beebe, William, 1877-1962</persname>
    </origination>
    <unitid>Archives Orn204</unitid>
    <physdesc altrender="whole">
      <extent altrender="materialtype spaceoccupied">0.21 Linear Feet</extent>
      <extent altrender="carrier">3 folders</extent>
    </physdesc>
    <unitdate normal="1898/1915" type="inclusive">1898-1915</unitdate>
  </did>
  <scopecontent id="aspace_d8b309f73a264e542d372ec90d4dfb14">
    <head>Scope and Contents</head>
<p>Catalogs of bird skins; notes on nest and egg collections. Collections from Guyana.</p>  </scopecontent>
  <phystech id="aspace_52ca6a4ad340f633faeb624fee32d965">
    <head>Condition</head>
<p>Good.</p>  </phystech>
  <accessrestrict id="aspace_5c2b927270b6b50266ea09fc8487c9b4">
    <head>Conditions Governing Access</head>
<p>This collection is housed in the Department of Ornithology. Please contact the collection manager for access; materials are sometimes restricted. 
<extref xlink:href="https://www.amnh.org/research/vertebrate-zoology/ornithology">https://www.amnh.org/research/vertebrate-zoology/ornithology</extref></p>  </accessrestrict>
  <controlaccess>
    <function source="local">American Museum of Natural History. Department of Ornithology. Archives.</function>
    <subject source="LCSH">Birds -- Catalogs and collections</subject>
    <subject source="lcsh">Birds -- Guyana</subject>
  </controlaccess>
  <dsc/>
</archdesc>
</ead>