<?xml version="1.0" encoding="utf-8"?>
<ead xmlns="urn:isbn:1-931666-22-9" xmlns:xlink="http://www.w3.org/1999/xlink" xmlns:xsi="http://www.w3.org/2001/XMLSchema-instance" xsi:schemaLocation="urn:isbn:1-931666-22-9 http://www.loc.gov/ead/ead.xsd"><eadheader countryencoding="iso3166-1" dateencoding="iso8601" langencoding="iso639-2b" repositoryencoding="iso15511"><eadid countrycode="US"/><filedesc><titlestmt><titleproper>Miller-Boyle Expedition collection, 1914-1916, 2003 <num>Archives Orn207</num></titleproper><author>Rebecca Morgan, 2010</author><sponsor>The Gladys Krieble Delmas Foundation provided support to make this finding aid available in ArchivesSpace (2016-2017). Minimal level collection record created with support from the Institute of Museum and Library Services (IMLS) Risk Assessment grant, 2010.</sponsor></titlestmt><publicationstmt><publisher>Department of Ornithology Archives</publisher><p><date>2010</date></p><address><addressline>Division of Vertebrate Zoology</addressline><addressline>Department of Ornithology</addressline><addressline>Central Park West at 79th Street</addressline><addressline>New York, NY 10024-5192</addressline><addressline>URL: <extptr xlink:href="https://www.amnh.org/research/vertebrate-zoology/ornithology" xlink:show="new" xlink:title="https://www.amnh.org/research/vertebrate-zoology/ornithology" xlink:type="simple"/></addressline></address></publicationstmt><notestmt><note><p>Minimal level collection record created from inventory to promote discovery (IMLS Risk Assessment grant, 2010).</p></note></notestmt></filedesc><profiledesc><creation>This finding aid was produced using ArchivesSpace on <date>2020-01-17 11:34:38 -0500</date>.</creation><langusage>English</langusage><descrules>Describing Archives: A Content Standard</descrules></profiledesc></eadheader><archdesc level="collection">
  <did>
    <langmaterial>
      <language langcode="eng">English</language>
    </langmaterial>
    <repository>
      <corpname>Department of Ornithology Archives</corpname>
    </repository>
    <unittitle>Miller-Boyle Expedition collection</unittitle>
    <origination label="creator">
      <persname authfilenumber="amnhp_1000241" source="local">Boyle, Howarth S.</persname>
    </origination>
    <origination label="creator">
      <persname authfilenumber="no2008056909" source="naf">Miller, Leo E. (Leo Edward), 1887-1952</persname>
    </origination>
    <unitid>Archives Orn207</unitid>
    <physdesc altrender="whole">
      <extent altrender="materialtype spaceoccupied">0.07 Linear Feet</extent>
      <extent altrender="carrier">2 folders</extent>
    </physdesc>
    <unitdate normal="1914/2003" type="inclusive">1914-1916, 2003</unitdate>
  </did>
  <scopecontent id="aspace_8ea3c3ef314e231a520ec9e83e47e005">
    <head>Scope and Contents</head>
<p>Correspondence, field catalog, and an compact disc copy of Howarth Boyle letters.</p>  </scopecontent>
  <phystech id="aspace_17ac8f4df754c2a1358f2808eed23a64">
    <head>Condition</head>
<p>Fair. some pages flaking</p>  </phystech>
  <accessrestrict id="aspace_e85048b5682b3b4f1d3417e81c1293dd">
    <head>Conditions Governing Access</head>
<p>This collection is housed in the Department of Ornithology. Please contact the collection manager for access; materials are sometimes restricted. 
<extref xlink:href="https://www.amnh.org/research/vertebrate-zoology/ornithology">https://www.amnh.org/research/vertebrate-zoology/ornithology</extref></p>  </accessrestrict>
  <controlaccess>
    <function source="local">American Museum of Natural History. Department of Ornithology. Archives.</function>
    <subject source="LCSH">Scientific expeditions -- South America</subject>
    <corpname source="local">Miller South American Expedition (1914-1915)</corpname>
  </controlaccess>
  <dsc/>
</archdesc>
</ead>