<?xml version="1.0" encoding="utf-8"?>
<ead xmlns="urn:isbn:1-931666-22-9" xmlns:xlink="http://www.w3.org/1999/xlink" xmlns:xsi="http://www.w3.org/2001/XMLSchema-instance" xsi:schemaLocation="urn:isbn:1-931666-22-9 http://www.loc.gov/ead/ead.xsd"><eadheader countryencoding="iso3166-1" dateencoding="iso8601" langencoding="iso639-2b" repositoryencoding="iso15511"><eadid countrycode="US"/><filedesc><titlestmt><titleproper>Brooklyn Institute collection, 1880-1931 <num>Archives Orn212</num></titleproper><author>Rebecca Morgan, 2010</author><sponsor>The Gladys Krieble Delmas Foundation provided support to make this finding aid available in ArchivesSpace (2016-2017). Minimal level collection record created with support from the Institute of Museum and Library Services (IMLS) Risk Assessment grant, 2010. </sponsor></titlestmt><publicationstmt><publisher>Department of Ornithology Archives</publisher><p><date>2010</date></p><address><addressline>Division of Vertebrate Zoology</addressline><addressline>Department of Ornithology</addressline><addressline>Central Park West at 79th Street</addressline><addressline>New York, NY 10024-5192</addressline><addressline>URL: <extptr xlink:href="https://www.amnh.org/research/vertebrate-zoology/ornithology" xlink:show="new" xlink:title="https://www.amnh.org/research/vertebrate-zoology/ornithology" xlink:type="simple"/></addressline></address></publicationstmt><notestmt><note><p>Minimal level collection record created from inventory to promote discovery (IMLS Risk Assessment grant, 2010).</p></note></notestmt></filedesc><profiledesc><creation>This finding aid was produced using ArchivesSpace on <date>2020-01-17 11:34:40 -0500</date>.</creation><langusage>English</langusage><descrules>Describing Archives: A Content Standard</descrules></profiledesc></eadheader><archdesc level="collection">
  <did>
    <langmaterial>
      <language langcode="eng">English</language>
    </langmaterial>
    <repository>
      <corpname>Department of Ornithology Archives</corpname>
    </repository>
    <unittitle>Brooklyn Institute collection</unittitle>
    <origination label="creator">
      <corpname authfilenumber="n79006850" source="naf">American Museum of Natural History</corpname>
    </origination>
    <origination label="creator">
      <corpname authfilenumber="n79063289" source="naf">Brooklyn Institute of Arts and Sciences</corpname>
    </origination>
    <unitid>Archives Orn212</unitid>
    <physdesc altrender="whole">
      <extent altrender="materialtype spaceoccupied">1.5 Linear Feet</extent>
      <extent altrender="carrier">4 half manuscript boxes</extent>
    </physdesc>
    <unitdate normal="1880/1931" type="inclusive">1880-1931</unitdate>
  </did>
  <scopecontent id="aspace_62e490886ddd388c36c38be5c5c639c0">
    <head>Scope and Contents</head>
<p>Catalog of specimens from Brooklyn Institute Collection numbers 1-9382 and AMNH museum accession book, numbers 10001-15000.</p>  </scopecontent>
  <phystech id="aspace_3432afbd025187f79946b5959644d9c2">
    <head>Condition</head>
<p>Fair. Red rot on catalog specimen journal, spine missing and front cover detached on museum accession book: 10001-15000.</p>  </phystech>
  <accessrestrict id="aspace_368ce29be8070142d1415ec81054c0b2">
    <head>Conditions Governing Access</head>
<p>This collection is housed in the Department of Ornithology. Please contact the collection manager for access; materials are sometimes restricted. 
<extref xlink:href="https://www.amnh.org/research/vertebrate-zoology/ornithology">https://www.amnh.org/research/vertebrate-zoology/ornithology</extref></p>  </accessrestrict>
  <controlaccess>
    <function source="local">American Museum of Natural History. Department of Ornithology. Archives.</function>
  </controlaccess>
  <dsc/>
</archdesc>
</ead>