<?xml version="1.0" encoding="utf-8"?>
<ead xmlns="urn:isbn:1-931666-22-9" xmlns:xlink="http://www.w3.org/1999/xlink" xmlns:xsi="http://www.w3.org/2001/XMLSchema-instance" xsi:schemaLocation="urn:isbn:1-931666-22-9 http://www.loc.gov/ead/ead.xsd"><eadheader countryencoding="iso3166-1" dateencoding="iso8601" langencoding="iso639-2b" repositoryencoding="iso15511"><eadid countrycode="US"/><filedesc><titlestmt><titleproper>Materials from "Plates from Audubon Birds of America" exhibition <num>Archives Orn195</num></titleproper><author>Rebecca Morgan, 2010</author><sponsor>The Gladys Krieble Delmas Foundation provided support to make this finding aid available in ArchivesSpace (2016-2017). Minimal level collection record created with support from the Institute of Museum and Library Services (IMLS) Risk Assessment grant, 2010. </sponsor></titlestmt><publicationstmt><publisher>Department of Ornithology Archives</publisher><p><date>2010</date></p><address><addressline>Division of Vertebrate Zoology</addressline><addressline>Department of Ornithology</addressline><addressline>Central Park West at 79th Street</addressline><addressline>New York, NY 10024-5192</addressline><addressline>URL: <extptr xlink:href="https://www.amnh.org/research/vertebrate-zoology/ornithology" xlink:show="new" xlink:title="https://www.amnh.org/research/vertebrate-zoology/ornithology" xlink:type="simple"/></addressline></address></publicationstmt><notestmt><note><p>Minimal level collection record created from inventory to promote discovery (IMLS Risk Assessment grant, 2010). </p><p>Internal note: Double check description of summary and title.</p></note></notestmt></filedesc><profiledesc><creation>This finding aid was produced using ArchivesSpace on <date>2020-01-17 11:34:33 -0500</date>.</creation><langusage>English</langusage><descrules>Describing Archives: A Content Standard</descrules></profiledesc></eadheader><archdesc level="collection">
  <did>
    <langmaterial>
      <language langcode="eng">English</language>
    </langmaterial>
    <repository>
      <corpname>Department of Ornithology Archives</corpname>
    </repository>
    <unittitle>Materials from "Plates from Audubon Birds of America" exhibition</unittitle>
    <origination label="creator">
      <corpname authfilenumber="amnhc_5000379" source="local">John James Audubon: Science into Art (Exhibition)</corpname>
    </origination>
    <unitid>Archives Orn195</unitid>
    <physdesc altrender="whole">
      <extent altrender="materialtype spaceoccupied">2 Linear Feet</extent>
      <physfacet>paper rolls and flat b/w photographs</physfacet>
    </physdesc>
    <unitdate>undated</unitdate>
  </did>
  <scopecontent id="aspace_3d414fcd232dae0815903e37eec92de5">
    <head>Scope and Contents</head>
<p>B/W photographs, copies of copperplate bird images, paper rolls with drawings, "Plates from Audubon birds of America" exhibition display poster.</p>  </scopecontent>
  <phystech id="aspace_a48441c36230cb0bdbcd79a4b3e57fd9">
    <head>Condition</head>
<p>Good.</p>  </phystech>
  <accessrestrict id="aspace_d27c537d588040fc78e24d27d9718d1b">
    <head>Conditions Governing Access</head>
<p>This collection is housed in the Department of Ornithology. Please contact the collection manager for access; materials are sometimes restricted. 
<extref xlink:href="https://www.amnh.org/research/vertebrate-zoology/ornithology">https://www.amnh.org/research/vertebrate-zoology/ornithology</extref></p>  </accessrestrict>
  <controlaccess>
    <function source="local">American Museum of Natural History. Department of Ornithology. Archives.</function>
    <subject source="lcsh">Exhibitions</subject>
    <corpname source="naf">American Museum of Natural History -- Exhibitions</corpname>
    <persname authfilenumber="n79018677" source="naf">Audubon, John James, 1785-1851 -- Birds of America -- Exhibitions</persname>
  </controlaccess>
  <dsc/>
</archdesc>
</ead>