<?xml version="1.0" encoding="utf-8"?>
<ead xmlns="urn:isbn:1-931666-22-9" xmlns:xlink="http://www.w3.org/1999/xlink" xmlns:xsi="http://www.w3.org/2001/XMLSchema-instance" xsi:schemaLocation="urn:isbn:1-931666-22-9 http://www.loc.gov/ead/ead.xsd"><eadheader countryencoding="iso3166-1" dateencoding="iso8601" langencoding="iso639-2b" repositoryencoding="iso15511"><eadid countrycode="US"/><filedesc><titlestmt><titleproper>Joel Asaph Allen papers, 1885-1908 <num>Archives Orn196</num></titleproper><author>Rebecca Morgan, 2010</author><sponsor>The Gladys Krieble Delmas Foundation provided support to make this finding aid available in ArchivesSpace (2016-2017). Minimal level collection record created with support from the Institute of Museum and Library Services (IMLS) Risk Assessment grant, 2010. </sponsor></titlestmt><publicationstmt><publisher>Department of Ornithology Archives</publisher><p><date>2010</date></p><address><addressline>Division of Vertebrate Zoology</addressline><addressline>Department of Ornithology</addressline><addressline>Central Park West at 79th Street</addressline><addressline>New York, NY 10024-5192</addressline><addressline>URL: <extptr xlink:href="https://www.amnh.org/research/vertebrate-zoology/ornithology" xlink:show="new" xlink:title="https://www.amnh.org/research/vertebrate-zoology/ornithology" xlink:type="simple"/></addressline></address></publicationstmt><notestmt><note><p>Minimal level collection record created from inventory to promote discovery (IMLS Risk Assessment grant, 2010).</p></note></notestmt></filedesc><profiledesc><creation>This finding aid was produced using ArchivesSpace on <date>2020-01-17 11:34:33 -0500</date>.</creation><langusage>English</langusage><descrules>Describing Archives: A Content Standard</descrules></profiledesc></eadheader><archdesc level="collection">
  <did>
    <langmaterial>
      <language langcode="eng">English</language>
    </langmaterial>
    <repository>
      <corpname>Department of Ornithology Archives</corpname>
    </repository>
    <unittitle>Joel Asaph Allen papers</unittitle>
    <origination label="creator">
      <persname authfilenumber="n50036582" source="naf">Allen, J. A. (Joel Asaph), 1838-1921</persname>
    </origination>
    <unitid>Archives Orn196</unitid>
    <physdesc altrender="whole">
      <extent altrender="materialtype spaceoccupied">3 Linear Feet</extent>
      <extent altrender="carrier">7 manuscript boxes</extent>
    </physdesc>
    <unitdate normal="1885/1908" type="inclusive">1885-1908</unitdate>
  </did>
  <scopecontent id="aspace_6395b45f7d1d081be935900762596a35">
    <head>Scope and Contents</head>
<p>Correspondence created with the use of letter copying book.</p>  </scopecontent>
  <arrangement id="aspace_18ec558c28f0fdd2409202eb9bcb3f39">
    <head>Arrangement</head>
<p>Alphabetical.</p>  </arrangement>
  <phystech id="aspace_08d8107adab2bef2632d57c8efd7adae">
    <head>Condition</head>
<p>Fair. Needs re-foldering and rehousing. Overstuffed archival boxes.</p>  </phystech>
  <accessrestrict id="aspace_596bad8393ac8359232f1fc76c8af52f">
    <head>Conditions Governing Access</head>
<p>This collection is housed in the Department of Ornithology. Please contact the collection manager for access; materials are sometimes restricted.  </p><p><extref xlink:href="https://www.amnh.org/research/vertebrate-zoology/ornithology">https://www.amnh.org/research/vertebrate-zoology/ornithology</extref> </p>  </accessrestrict>
  <controlaccess>
    <function source="local">American Museum of Natural History. Department of Ornithology. Archives.</function>
  </controlaccess>
  <dsc/>
</archdesc>
</ead>