<?xml version="1.0" encoding="utf-8"?>
<ead xmlns="urn:isbn:1-931666-22-9" xmlns:xlink="http://www.w3.org/1999/xlink" xmlns:xsi="http://www.w3.org/2001/XMLSchema-instance" xsi:schemaLocation="urn:isbn:1-931666-22-9 http://www.loc.gov/ead/ead.xsd"><eadheader countryencoding="iso3166-1" dateencoding="iso8601" langencoding="iso639-2b" repositoryencoding="iso15511"><eadid countrycode="US"/><filedesc><titlestmt><titleproper>Archbold Expeditions collection, 1929-1967 <num>Archives Orn197</num></titleproper><author>Rebecca Morgan, 2010</author><sponsor>The Gladys Krieble Delmas Foundation provided support to make this finding aid available in ArchivesSpace (2016-2017). Minimal level collection record created with support from the Institute of Museum and Library Services (IMLS) Risk Assessment grant, 2010. </sponsor></titlestmt><publicationstmt><publisher>Department of Ornithology Archives</publisher><p><date>2010</date></p><address><addressline>Division of Vertebrate Zoology</addressline><addressline>Department of Ornithology</addressline><addressline>Central Park West at 79th Street</addressline><addressline>New York, NY 10024-5192</addressline><addressline>URL: <extptr xlink:href="https://www.amnh.org/research/vertebrate-zoology/ornithology" xlink:show="new" xlink:title="https://www.amnh.org/research/vertebrate-zoology/ornithology" xlink:type="simple"/></addressline></address></publicationstmt><notestmt><note><p>Minimal level collection record created from inventory to promote discovery (IMLS Risk Assessment grant, 2010). </p><p>Internal note: Please verify which (if not all) Archbold Expeditions are represented.</p></note></notestmt></filedesc><profiledesc><creation>This finding aid was produced using ArchivesSpace on <date>2020-01-17 11:34:34 -0500</date>.</creation><langusage>English</langusage><descrules>Describing Archives: A Content Standard</descrules></profiledesc></eadheader><archdesc level="collection">
  <did>
    <langmaterial>
      <language langcode="eng">English</language>
    </langmaterial>
    <repository>
      <corpname>Department of Ornithology Archives</corpname>
    </repository>
    <unittitle>Archbold Expeditions collection</unittitle>
    <origination label="creator">
      <persname authfilenumber="n99055016" source="naf">Archbold, Richard</persname>
    </origination>
    <origination label="creator">
      <persname source="ingest">Van Deusen, Hobart M.</persname>
    </origination>
    <origination label="creator">
      <corpname authfilenumber="no95034791" source="naf">American Museum of Natural History. Department of Ornithology</corpname>
    </origination>
    <unitid>Archives Orn197</unitid>
    <physdesc altrender="whole">
      <extent altrender="materialtype spaceoccupied">0.15 Linear Feet</extent>
      <extent altrender="carrier">3 folders</extent>
    </physdesc>
    <unitdate normal="1929/1967" type="inclusive">1929-1967</unitdate>
  </did>
  <scopecontent id="aspace_a4bf66513b13715051f949aaa1a332e1">
    <head>Scope and Contents</head>
<p>Correspondence, field catalogs and bird lists.</p>  </scopecontent>
  <arrangement id="aspace_3c7c8e2a10c2d0f168d34eba403982a0">
    <head>Arrangement</head>
<p>Arranged by expediton.</p>  </arrangement>
  <phystech id="aspace_e0117181ab70e3b6ea15056e59cc844d">
    <head>Condition</head>
<p>Good.</p>  </phystech>
  <accessrestrict id="aspace_1fa17fdc8edea5ae4d1897fb347c2726">
    <head>Conditions Governing Access</head>
<p>This collection is housed in the Department of Ornithology. Please contact the collection manager for access; materials are sometimes restricted.  </p><p><extref xlink:href="https://www.amnh.org/research/vertebrate-zoology/ornithology">https://www.amnh.org/research/vertebrate-zoology/ornithology</extref> </p>  </accessrestrict>
  <controlaccess>
    <function source="local">American Museum of Natural History. Department of Ornithology. Archives.</function>
    <subject authfilenumber="sh85118684" source="lcsh">Scientific expeditions</subject>
    <genreform source="aat">Field notes</genreform>
    <corpname authfilenumber="n80146722" source="naf">Archbold Expeditions</corpname>
  </controlaccess>
  <dsc/>
</archdesc>
</ead>