<?xml version="1.0" encoding="utf-8"?>
<ead xmlns="urn:isbn:1-931666-22-9" xmlns:xlink="http://www.w3.org/1999/xlink" xmlns:xsi="http://www.w3.org/2001/XMLSchema-instance" xsi:schemaLocation="urn:isbn:1-931666-22-9 http://www.loc.gov/ead/ead.xsd"><eadheader countryencoding="iso3166-1" dateencoding="iso8601" langencoding="iso639-2b" repositoryencoding="iso15511"><eadid countrycode="US"/><filedesc><titlestmt><titleproper>Collection of audio and video recordings of bird songs, 1923-2007 <num>Archives Orn234</num></titleproper><author>Rebecca Morgan, 2010</author><sponsor>The Gladys Krieble Delmas Foundation provided support to make this finding aid available in ArchivesSpace (2016-2017). Minimal level collection record created with support from the Institute of Museum and Library Services (IMLS) Risk Assessment grant, 2010. </sponsor></titlestmt><publicationstmt><publisher>Department of Ornithology Archives</publisher><p><date>2010</date></p><address><addressline>Division of Vertebrate Zoology</addressline><addressline>Department of Ornithology</addressline><addressline>Central Park West at 79th Street</addressline><addressline>New York, NY 10024-5192</addressline><addressline>URL: <extptr xlink:href="https://www.amnh.org/research/vertebrate-zoology/ornithology" xlink:show="new" xlink:title="https://www.amnh.org/research/vertebrate-zoology/ornithology" xlink:type="simple"/></addressline></address></publicationstmt><notestmt><note><p>Minimal level collection record created from inventory to promote discovery (IMLS Risk Assessment grant, 2010). </p><p>Internal note: may have to check playback condition on audio cassettes and vhs tapes.</p></note></notestmt></filedesc><profiledesc><creation>This finding aid was produced using ArchivesSpace on <date>2020-01-17 11:34:49 -0500</date>.</creation><langusage>English</langusage><descrules>Describing Archives: A Content Standard</descrules></profiledesc></eadheader><archdesc level="collection">
  <did>
    <langmaterial>
      <language langcode="eng">English</language>
    </langmaterial>
    <repository>
      <corpname>Department of Ornithology Archives</corpname>
    </repository>
    <unittitle>Collection of audio and video recordings of bird songs</unittitle>
    <origination label="creator">
      <corpname authfilenumber="no95034791" source="naf">American Museum of Natural History. Department of Ornithology</corpname>
    </origination>
    <unitid>Archives Orn234</unitid>
    <physdesc altrender="whole">
      <extent altrender="materialtype spaceoccupied">0.35 Linear Feet</extent>
    </physdesc>
    <unitdate normal="1923/2007" type="inclusive">1923-2007</unitdate>
  </did>
  <scopecontent id="aspace_3e326450450e28320e01b36e597a3607">
    <head>Scope and Contents</head>
<p>Vinyl albums (33, 78, 45), audio cassettes-both commercial and non-commercial), compact disc, vhs tapes, and dvds. Also found are misc. publications including Christmas poems, discography of bird recordings, book on bird songs.</p>  </scopecontent>
  <odd id="aspace_6398165f82afc4815e74c47e7f0b9a75">
    <head>General</head>
<p>Charles Anderson Urner-Chirstmas poems</p>  </odd>
  <phystech id="aspace_ac4cbea6d67583b78c4ce0bdb51e703b">
    <head>Condition</head>
<p>Good.</p>  </phystech>
  <accessrestrict id="aspace_cb34ef6e98c6339467d826b51d62f2a8">
    <head>Conditions Governing Access</head>
<p>This collection is housed in the Department of Ornithology. Please contact the collection manager for access; materials are sometimes restricted.  </p><p><extref xlink:href="https://www.amnh.org/research/vertebrate-zoology/ornithology">https://www.amnh.org/research/vertebrate-zoology/ornithology</extref> </p>  </accessrestrict>
  <controlaccess>
    <function source="local">American Museum of Natural History. Department of Ornithology. Archives.</function>
    <subject authfilenumber="sh85014302" source="lcsh">Birdsongs</subject>
  </controlaccess>
  <dsc/>
</archdesc>
</ead>