<?xml version="1.0" encoding="utf-8"?>
<ead xmlns="urn:isbn:1-931666-22-9" xmlns:xlink="http://www.w3.org/1999/xlink" xmlns:xsi="http://www.w3.org/2001/XMLSchema-instance" xsi:schemaLocation="urn:isbn:1-931666-22-9 http://www.loc.gov/ead/ead.xsd"><eadheader countryencoding="iso3166-1" dateencoding="iso8601" langencoding="iso639-2b" repositoryencoding="iso15511"><eadid countrycode="US"/><filedesc><titlestmt><titleproper>James P. Chapin collection, 1908-1964 <num>Archives Orn221</num></titleproper><author>Rebecca Morgan, 2010</author><sponsor>The Gladys Krieble Delmas Foundation provided support to make this finding aid available in ArchivesSpace (2016-2017). Minimal level collection record created with support from the Institute of Museum and Library Services (IMLS) Risk Assessment grant, 2010. </sponsor></titlestmt><publicationstmt><publisher>Department of Ornithology Archives</publisher><p><date>2010</date></p><address><addressline>Division of Vertebrate Zoology</addressline><addressline>Department of Ornithology</addressline><addressline>Central Park West at 79th Street</addressline><addressline>New York, NY 10024-5192</addressline><addressline>URL: <extptr xlink:href="https://www.amnh.org/research/vertebrate-zoology/ornithology" xlink:show="new" xlink:title="https://www.amnh.org/research/vertebrate-zoology/ornithology" xlink:type="simple"/></addressline></address></publicationstmt><notestmt><note><p>Minimal level collection record created from inventory to promote discovery (IMLS Risk Assessment grant, 2010).</p></note></notestmt></filedesc><profiledesc><creation>This finding aid was produced using ArchivesSpace on <date>2020-01-17 11:34:48 -0500</date>.</creation><langusage>English</langusage><descrules>Describing Archives: A Content Standard</descrules></profiledesc></eadheader><archdesc level="collection">
  <did>
    <langmaterial>
      <language langcode="eng">English</language>
    </langmaterial>
    <repository>
      <corpname>Department of Ornithology Archives</corpname>
    </repository>
    <unittitle>James P. Chapin collection</unittitle>
    <origination label="creator">
      <persname authfilenumber="amnhp_1000371" source="local">Chapin, James Paul, 1889-1964</persname>
    </origination>
    <unitid>Archives Orn221</unitid>
    <physdesc altrender="whole">
      <extent altrender="materialtype spaceoccupied">22 Linear Feet</extent>
      <extent altrender="carrier">1 cabinet, 24 manuscript boxes, 5 custom boxes, 3 enclosures, and 11 volumes</extent>
    </physdesc>
    <unitdate normal="1908/1964" type="inclusive">1908-1964</unitdate>
  </did>
  <scopecontent id="aspace_fb50472ab0e516aeacf3d0fe5dab724f">
    <head>Scope and Contents</head>
<p>James Chapin's personal and professional correspondence, expedition records including field notes and catalogs, photographs, negatives and personal diaries (1918-1964). Includes collected newsclippings, "Birds of the Belgian Congo" Ph.D. thesis and published works, reel to reel tape recordings with transcriptions, address books, date books, lists of Congo birds, original manuscripts, published reviews, articles, talks, papers, notes. Also includes Biographical information, photographs and honorary certificates.</p>  </scopecontent>
  <phystech id="aspace_e8e522ea2e897d1dc32530c25274a6c3">
    <head>Condition</head>
<p>Good.</p>  </phystech>
  <accessrestrict id="aspace_8496a545860c7c6daa176a0b28c1e4d5">
    <head>Conditions Governing Access</head>
<p>This collection is housed in the Department of Ornithology. Please contact the collection manager for access; materials are sometimes restricted. 
<extref xlink:href="https://www.amnh.org/research/vertebrate-zoology/ornithology">https://www.amnh.org/research/vertebrate-zoology/ornithology</extref></p>  </accessrestrict>
  <controlaccess>
    <function source="local">American Museum of Natural History. Department of Ornithology. Archives.</function>
    <subject authfilenumber="sh85118684" source="lcsh">Scientific expeditions</subject>
    <genreform source="aat">Field notes</genreform>
    <corpname source="ingest">American Museum Congo Expedition (1909-1915)</corpname>
    <corpname source="ingest">Ruwenzori-Kivu Expedition of the American Museum of Natural History (1926-1927)</corpname>
    <corpname authfilenumber="amnhc_2000286" source="local">Chapin-Edson Congo Expedition (1930-1931)</corpname>
    <corpname source="uncontrolled">Galapagos Islands Expedition (1930)</corpname>
    <corpname authfilenumber="amnhc_2000325" source="local">Templeton Crocker Pacific Expedition (1st : 1934-1935)</corpname>
    <corpname rules="dacs" source="local">Ascension Island, 1941-1958</corpname>
    <corpname source="uncontrolled">Boyd-Chapin Safari (1956-1957)</corpname>
  </controlaccess>
  <dsc><c01 id="aspace_58889bb1c1f377af759acc2b97ed74b9" level="file"><did><unittitle>Congo Expedition 1909-1915</unittitle><unitid>Archives Orn221</unitid><container id="aspace_83690928956e02f2c1ee686adc474b84" label="Text" type="box">1</container></did><scopecontent id="aspace_5309237a4181bd5327c721b4997a4da3"><head>Scope and Contents</head><p>Correspondence, Personal Diaries and Specimen Catalogs, 17 bound volumes</p></scopecontent></c01><c01 id="aspace_9f2b04d06f951a160639225b7d8538dc" level="file"><did><unittitle>Ruwenzori-Kivu Expedition 1926-1927</unittitle><unitid>Archives Orn221</unitid><container id="aspace_56c986bb3624cae9de5ee986fd0fdf9f" label="Text" type="box">2</container></did><scopecontent id="aspace_dd8d35fd04b0589dd47f6749dfdc8625"><head>Scope and Contents</head><p>Personal Diaries, Specimen Catalog, Correspondence and Documents</p></scopecontent></c01><c01 id="aspace_05d0a6dbf93bb4dd048a7e408f203e8a" level="file"><did><unittitle>Lukolela Expedition 1930-1931</unittitle><unitid>Archives Orn122</unitid><container id="aspace_068d3afc68df37ffbcdcc7dafc38d322" label="Text" type="box">3</container></did><scopecontent id="aspace_84413573772a515278fab59206879753"><head>Scope and Contents</head><p>Personal Diaries, Report of Expedition and information on Congo Forest Bird Group</p></scopecontent></c01><c01 id="aspace_2d725e1bb3ee3a2604ff16078725e450" level="file"><did><unittitle>Astor-Galapagos Expedition Peru 1930, Crocker Pacific Expedition 1934-1935</unittitle><unitid>Archives Orn221</unitid><container id="aspace_8e1c9a9823c099460875d09665ced822" label="Text" type="box">4</container></did><scopecontent id="aspace_90c168e714e37db10eeee8e27160b004"><head>Scope and Contents</head><p>Personal Diaries</p></scopecontent></c01><c01 id="aspace_77118eb31b10308cbec6ff1a4dc389ae" level="file"><did><unittitle>Kivu Residence 1953-1958, 
Tour with CRVose May-June 1953, 
Boyd/Chapin Safari 1956-1957</unittitle><unitid>Archives Orn221</unitid><container id="aspace_de0e10c35b0cf56f69b1a2ff735b6763" label="Text" type="box">5</container></did><scopecontent id="aspace_d5f2cd0b9a21e4121cfc179204aba819"><head>Scope and Contents</head><p>3 volume specimen catalog, Kivu Residence</p></scopecontent></c01><c01 id="aspace_65d2f3cf6e68a7b5fae2ee089b0c7f7f" level="file"><did><unittitle>Ascension Island 1941-1958
</unittitle><unitid>Archives Orn221</unitid><container id="aspace_ba7f3c5d4d23c70b72795366383ad7ed" label="Text" type="box">6</container></did><scopecontent id="aspace_d8f8494828c2765f9ef4b3a260ea2bd9"><head>Scope and Contents</head><p>Correspondence, Articles, photos</p></scopecontent></c01><c01 id="aspace_8202e370f4816557695f89605e1b99de" level="file"><did><unittitle>Personal Diaries 1918, 1921-1922 Europe, 1923 Panama, 1935 Belgium, 1936-1938</unittitle><unitid>Archives Orn221</unitid><container id="aspace_260e137ca92255db9eb1dd77a87f3b1a" label="Text" type="box">7</container></did></c01><c01 id="aspace_841ea871bfc52db7324a5901c967e8e8" level="file"><did><unittitle>Personal Diaries 1938-1941, 1941 - Colorado and New Mexico, 1942 Congo Ascension Island, 1942-1943 Gold coast and Congo, 1948 A.O.U. Omaha, 1949 Belgium, 1952</unittitle><unitid>Archives Orn221</unitid><container id="aspace_606612c20e1eb97ed1d0450777c7f8c0" label="Text" type="box">8</container></did></c01><c01 id="aspace_4868c3c3a35b958d908b841b26ea1ccb" level="file"><did><unittitle>Personal Diaries January 1, 1953 - November 8, 1954</unittitle><unitid>Archives Orn221</unitid><container id="aspace_ccd171d8c5c292366987569ec39a8aa6" label="Text" type="box">9</container></did></c01><c01 id="aspace_c0e71584f4e6bd955e52a313a1e6737f" level="file"><did><unittitle>Personal Diaries November 9, 1954 - September 12, 1956</unittitle><unitid>Archives Orn221</unitid><container id="aspace_55262ee4b5b33fef23751904f79e7efe" label="Text" type="box">10</container></did></c01><c01 id="aspace_d1bb1c2292bfbd899cb7fbf1bfe3afb6" level="file"><did><unittitle>Personal Diaries September 13, 1956-April 30, 1958</unittitle><unitid>Archives Orn221</unitid><container id="aspace_dbc6e929a06424d0065b62c8e029c232" label="Text" type="box">11</container></did></c01><c01 id="aspace_f02bd2a2a020b182834e262eefc8c227" level="file"><did><unittitle>Personal Diaries 1958-1964
</unittitle><unitid>Archives Orn221</unitid><container id="aspace_c21e38683803064bea5d3274e54e1942" label="Text" type="box">12</container></did></c01><c01 id="aspace_5443ebea8a8284e6139b8b038da77334" level="file"><did><unittitle>The Birds of the Belgian Congo, Parts 1-4 with Author's notes</unittitle><unitid>Archives Orn221</unitid><container id="aspace_790eff8f25aba49bf78f1d43b59fda42" label="Text" type="box">13</container></did><scopecontent id="aspace_c6d8ff4cc37d028fc54662bb491b8d6e"><head>Scope and Contents</head><p>Also includes The Birds of the Belgian Congo, Part 1, PHD Thesis and J. P. Chapin Pioneer African Ornithologist by Dennis P. Carey</p></scopecontent></c01><c01 id="aspace_6f405ee10754d25351f89ca1e369ac8f" level="file"><did><unittitle>Decoration de Chevalier de L'Ordre de la Couronne, Bruxelles, August 18, 1930, Decoration de Chevalier de L'Ordre de la Couronne, Bruxelles, July 2, 1956, Calendar of Wideawake Fair, 1941-1958</unittitle><unitid>Archives Orn221</unitid><container id="aspace_129bcad064f1e7536b61b30f3263b566" label="Text" type="box">14</container></did></c01><c01 id="aspace_46b4efd5b3f0c3832576b7a5045a142b" level="item"><did><unittitle>Biographical Material</unittitle><unitid>Archives Orn221</unitid><container id="aspace_a2429dc9679119aebfceb32c5c4bdfe0" label="Text" type="box">15</container></did></c01><c01 id="aspace_1e37a60ce8811396cc596a6991fba553" level="file"><did><unittitle>Biographical Material, Congo Peacock Feather</unittitle><unitid>Archives Orn221</unitid><container id="aspace_a1a4916ae599d75ea19250747d28b441" label="Text" type="box">16</container></did></c01><c01 id="aspace_a95312559460872990cbdaefd9c2ad18" level="file"><did><unittitle>Tape Recordings 1960
</unittitle><unitid>Archives Orn221</unitid><container id="aspace_dc359cf0d9a6098f2882d09f2f5cb500" label="Text" type="box">17</container></did></c01><c01 id="aspace_38e4501661b98afaf8afc0225de62939" level="file"><did><unittitle>Typed Transcripts of Tape Recordings 1960</unittitle><unitid>Archives Orn221</unitid><container id="aspace_b1b7b9c7f2421ecf14ddcfddef3e875a" label="Text" type="box">18</container></did></c01><c01 id="aspace_3493000541e7b7503a4584b3db978616" level="file"><did><unittitle>Photographs - Congo 1953-1958
Photos by Walter W. Boyd 
Boyd - Chapin Safari 1956</unittitle><unitid>Archives Orn221</unitid><container id="aspace_e0a4b01accaf22ac9ddf3e24ccdcc379" label="Text" type="box">19</container></did></c01><c01 id="aspace_b3606197b4990fc4d1d793d91332f9f6" level="file"><did><unittitle>Photographs - Ruwenzori-Kivu Expedition 1926-1927</unittitle><unitid>Archives 221</unitid><container id="aspace_ae062be177a9b718a41ae7348eea29ab" label="Text" type="box">20</container></did></c01><c01 id="aspace_965777b950449c0b7cd8b903c24cf12e" level="file"><did><unittitle>Photographs - Congo Miscellaneous by Chapin et al 
Mt. Kenya Photos</unittitle><unitid>Archives 221</unitid><container id="aspace_20c193e66074c12d4f8e1174ed460c83" label="Text" type="box">21</container></did></c01><c01 id="aspace_71bc06fcf49aac2d22bbac0b025e7419" level="file"><did><unittitle>Aerial Photographs - Congo Expedition 1908-1915 
</unittitle><unitid>Archives Orn221</unitid><container id="aspace_d28e1c2f7842a07b641a3c9e8862dd56" label="Text" type="box">22</container></did></c01><c01 id="aspace_4ac52241810719911b6e8ef4006fdb8a" level="file"><did><unittitle>Photograph Album - Lukolela Expedition 1930-1931
</unittitle><unitid>Archives Orn221</unitid><container id="aspace_150a96586a9409eb1672a88a1d22155c" label="Text" type="box">23</container></did></c01><c01 id="aspace_241aff7c376e74c26a5ddde97ac9db47" level="file"><did><unittitle>Miscellaneous Extracts from Diaries
</unittitle><unitid>Archives Orn221</unitid><container id="aspace_8387c52156a9e50232f03f54cc8b4915" label="Text" type="box">24</container></did></c01><c01 id="aspace_e147ebb7a2ffadb129d5fecb037e1ba4" level="item"><did><unittitle>Miscellany 
</unittitle><unitid>Archives Orn221</unitid><container id="aspace_f92a92107a8148de758b23ee9e37f6fb" label="Text" type="box">25</container></did></c01><c01 id="aspace_e9f26e7a4aa5bcc11f10d1499b3bb8ee" level="item"><did><unittitle>Preparation of Birds for Study
</unittitle><unitid>Archives Orn221</unitid><container id="aspace_311debba9a3faa0f3041dfb6c427503a" label="Text" type="box">26</container></did><scopecontent id="aspace_f6e8fa0ac4fb1953f37305828cbdc660"><head>Scope and Contents</head><p>Various editions and printings, some with annotations by Chapin</p></scopecontent></c01><c01 id="aspace_dab5f7eff7f9bd8d55d05236dd3405a2" level="file"><did><unittitle> Date books 1916-1952, Address Books 1915-1963
</unittitle><unitid>Archives Orn221</unitid><container id="aspace_53cb314488c7c9eb104d33ba0d44f033" label="Text" type="box">27</container></did></c01><c01 id="aspace_a5208733f6bdf7aaeeefe18377490c6e" level="file"><did><unittitle>Reprints </unittitle><unitid>Archives Orn221</unitid><container id="aspace_0cf049274cbe74c2e3228e9298d3f546" label="Text" type="box">28</container></did></c01><c01 id="aspace_cc01c3395bccfe0db5c26346876f72a8" level="file"><did><unittitle>Lists of Congo Birds 1922, 1926, 1937, 1944, 1950
</unittitle><unitid>Archives Orn221</unitid><container id="aspace_7c0bb25b1441de6a3f04f4482cc48f63" label="Text" type="box">29</container></did></c01><c01 id="aspace_8698289e47f253f962b57c515d1e161d" level="file"><did><unittitle>Original Manuscripts, published and unpublished, Published Reviews
</unittitle><unitid>Archives Orn221</unitid><container id="aspace_53d2b634bbfc586c17c6d802c442a505" label="Text" type="box">30</container></did></c01><c01 id="aspace_02ce8a9b4399c0c32c01a31185a2029e" level="file"><did><unittitle>Original Manuscripts of Published Articles
</unittitle><unitid>Archives Orn221</unitid><container id="aspace_4a0566ac1cb4c78123d2a6a3032fdd78" label="Text" type="box">31</container></did></c01><c01 id="aspace_a86ae8e049f6e879209339d5f6631c6a" level="file"><did><unittitle>Unpublished Honey Guide Material, Talks, Congo Geology Notes, Nourmahal Expedition 1930, Basenji Dog, Crested Cobra, Papers given at AOU Meetings
</unittitle><unitid>Archives Orn221</unitid><container id="aspace_c9d4b530462eead4b6a82f8bd82d62da" label="Text" type="box">32</container></did></c01></dsc>
</archdesc>
</ead>