<?xml version="1.0" encoding="utf-8"?>
<ead xmlns="urn:isbn:1-931666-22-9" xmlns:xlink="http://www.w3.org/1999/xlink" xmlns:xsi="http://www.w3.org/2001/XMLSchema-instance" xsi:schemaLocation="urn:isbn:1-931666-22-9 http://www.loc.gov/ead/ead.xsd"><eadheader countryencoding="iso3166-1" dateencoding="iso8601" langencoding="iso639-2b" repositoryencoding="iso15511"><eadid countrycode="US"/><filedesc><titlestmt><titleproper>Dean Amadon 1959 Expedition to Argentina with William Partridge and Donald Eckelberry collection, 1959-1999 <num>Archives Orn256</num></titleproper><author>Rebecca Morgan, 2010</author><sponsor>The Gladys Krieble Delmas Foundation provided support to make this finding aid available in ArchivesSpace (2016-2017). Minimal level collection record created with support from the Council on Library and Information Resources (CLIR) Hidden Collections grant, 2010.</sponsor></titlestmt><publicationstmt><publisher>Department of Ornithology Archives</publisher><p><date>2010</date></p><address><addressline>Division of Vertebrate Zoology</addressline><addressline>Department of Ornithology</addressline><addressline>Central Park West at 79th Street</addressline><addressline>New York, NY 10024-5192</addressline><addressline>URL: <extptr xlink:href="https://www.amnh.org/research/vertebrate-zoology/ornithology" xlink:show="new" xlink:title="https://www.amnh.org/research/vertebrate-zoology/ornithology" xlink:type="simple"/></addressline></address></publicationstmt><notestmt><note><p>Minimal level collection record created from inventory to promote discovery (CLIR Hidden Collections grant, 2010).</p></note></notestmt></filedesc><profiledesc><creation>This finding aid was produced using ArchivesSpace on <date>2020-01-17 11:34:52 -0500</date>.</creation><langusage>English</langusage><descrules>Describing Archives: A Content Standard</descrules></profiledesc></eadheader><archdesc level="collection">
  <did>
    <langmaterial>
      <language langcode="eng">English</language>
    </langmaterial>
    <repository>
      <corpname>Department of Ornithology Archives</corpname>
    </repository>
    <unittitle>Dean Amadon 1959 Expedition to Argentina with William Partridge and Donald Eckelberry collection</unittitle>
    <origination label="creator">
      <persname authfilenumber="n50024127" source="naf">Amadon, Dean</persname>
    </origination>
    <origination label="creator">
      <persname authfilenumber="n91001048" source="naf">Eckelberry, Don R.</persname>
    </origination>
    <origination label="creator">
      <persname authfilenumber="n84214745" source="naf">Partridge, William L.</persname>
    </origination>
    <origination label="creator">
      <corpname authfilenumber="no95034791" source="naf">American Museum of Natural History. Department of Ornithology</corpname>
    </origination>
    <unitid>Archives Orn256</unitid>
    <physdesc altrender="whole">
      <extent altrender="materialtype spaceoccupied">.42 Linear Feet</extent>
      <extent altrender="carrier">1 manuscript box</extent>
    </physdesc>
    <unitdate normal="1959/1999" type="inclusive">1959-1999</unitdate>
  </did>
  <scopecontent id="aspace_e505441f16621d7f3dbf1fa615b9522f">
    <head>Scope and Contents</head>
<p>Manuscript notes, field notes, index cards, correspondence and photographs.</p>  </scopecontent>
  <phystech id="aspace_544f8832f86058e119f40eca61b8ddb4">
    <head>Condition</head>
<p>Good.</p>  </phystech>
  <accessrestrict id="aspace_d297f7f8b833fe59e8b1dc7f9191e7b9">
    <head>Conditions Governing Access</head>
<p>This collection is housed in the Department of Ornithology. Please contact the collection manager for access; materials are sometimes restricted.  </p><p><extref xlink:href="https://www.amnh.org/research/vertebrate-zoology/ornithology">https://www.amnh.org/research/vertebrate-zoology/ornithology</extref> </p>  </accessrestrict>
  <controlaccess>
    <function source="local">American Museum of Natural History. Department of Ornithology. Archives.</function>
    <corpname source="uncontrolled">Expedition to Argentina (1959)</corpname>
  </controlaccess>
  <dsc/>
</archdesc>
</ead>