<?xml version="1.0" encoding="utf-8"?>
<ead xmlns="urn:isbn:1-931666-22-9" xmlns:xlink="http://www.w3.org/1999/xlink" xmlns:xsi="http://www.w3.org/2001/XMLSchema-instance" xsi:schemaLocation="urn:isbn:1-931666-22-9 http://www.loc.gov/ead/ead.xsd"><eadheader countryencoding="iso3166-1" dateencoding="iso8601" langencoding="iso639-2b" repositoryencoding="iso15511"><eadid countrycode="US"/><filedesc><titlestmt><titleproper>Liberia Expeditions collections, 1985-1990 <num>Archives Orn254</num></titleproper><author>Rebecca Morgan, 2010</author><sponsor>The Gladys Krieble Delmas Foundation provided support to make this finding aid available in ArchivesSpace (2016-2017). Minimal level collection record created with support from the Council on Library and Information Resources (CLIR) Hidden Collections grant, 2010.</sponsor></titlestmt><publicationstmt><publisher>Department of Ornithology Archives</publisher><p><date>2010</date></p><address><addressline>Division of Vertebrate Zoology</addressline><addressline>Department of Ornithology</addressline><addressline>Central Park West at 79th Street</addressline><addressline>New York, NY 10024-5192</addressline><addressline>URL: <extptr xlink:href="https://www.amnh.org/research/vertebrate-zoology/ornithology" xlink:show="new" xlink:title="https://www.amnh.org/research/vertebrate-zoology/ornithology" xlink:type="simple"/></addressline></address></publicationstmt><notestmt><note><p>Minimal level collection record created from inventory to promote discovery (CLIR Hidden Collections grant, 2010).</p></note></notestmt></filedesc><profiledesc><creation>This finding aid was produced using ArchivesSpace on <date>2020-01-17 11:34:52 -0500</date>.</creation><langusage>English</langusage><descrules>Describing Archives: A Content Standard</descrules></profiledesc></eadheader><archdesc level="collection">
  <did>
    <langmaterial>
      <language langcode="eng">English</language>
    </langmaterial>
    <repository>
      <corpname>Department of Ornithology Archives</corpname>
    </repository>
    <unittitle>Liberia Expeditions collections</unittitle>
    <origination label="creator">
      <corpname authfilenumber="no95034791" source="naf">American Museum of Natural History. Department of Ornithology</corpname>
    </origination>
    <unitid>Archives Orn254</unitid>
    <physdesc altrender="whole">
      <extent altrender="materialtype spaceoccupied">0.5 Linear Feet</extent>
      <extent altrender="carrier">6 folders</extent>
    </physdesc>
    <unitdate normal="1985/1990" type="inclusive">1985-1990</unitdate>
    <langmaterial id="aspace_72410327e33e218296c17e2d4e941c85">English</langmaterial>
  </did>
  <scopecontent id="aspace_d85847e72513a6476032c4984c27e63e">
    <head>Scope and Contents</head>
<p>Correspondence, Specimen lists, notes, Catalog of Specimens, reports on 1988 and 1990 expeditions, including American Museum of Natural History Ornithological-Biogeographical Expoloration of the Wonegizi Mountains, Lofa County, Liberia March 1990.</p>  </scopecontent>
  <phystech id="aspace_82b41257eadb64c11712676616bc862f">
    <head>Condition</head>
<p>Good.</p>  </phystech>
  <accessrestrict id="aspace_61ad121dc2831dcf8930cd2d250b9309">
    <head>Conditions Governing Access</head>
<p>This collection is housed in the Department of Ornithology. Please contact the collection manager for access; materials are sometimes restricted.  </p><p><extref xlink:href="https://www.amnh.org/research/vertebrate-zoology/ornithology">https://www.amnh.org/research/vertebrate-zoology/ornithology</extref> </p>  </accessrestrict>
  <controlaccess>
    <function source="local">American Museum of Natural History. Department of Ornithology. Archives.</function>
    <persname source="ingest">Cane, W. Parker</persname>
    <persname authfilenumber="n82011823" source="naf">Dickerman, Robert William, 1926-</persname>
    <persname source="ingest">Carter, Micheal F.</persname>
    <corpname source="uncontrolled">American Museum of Natural History Ornithological Expedition (1988)</corpname>
  </controlaccess>
  <dsc/>
</archdesc>
</ead>