<?xml version="1.0" encoding="utf-8"?>
<ead xmlns="urn:isbn:1-931666-22-9" xmlns:xlink="http://www.w3.org/1999/xlink" xmlns:xsi="http://www.w3.org/2001/XMLSchema-instance" xsi:schemaLocation="urn:isbn:1-931666-22-9 http://www.loc.gov/ead/ead.xsd"><eadheader countryencoding="iso3166-1" dateencoding="iso8601" langencoding="iso639-2b" repositoryencoding="iso15511"><eadid countrycode="US"/><filedesc><titlestmt><titleproper>Murphy lantern slides collection <num>Archives Orn240</num></titleproper><author>Rebecca Morgan, 2010</author><sponsor>The Gladys Krieble Delmas Foundation provided support to make this finding aid available in ArchivesSpace (2016-2017). Minimal level collection record created with support from the Council on Library and Information Resources (CLIR) Hidden Collections grant, 2010.</sponsor></titlestmt><publicationstmt><publisher>Department of Ornithology Archives</publisher><p><date>2010</date></p><address><addressline>Division of Vertebrate Zoology</addressline><addressline>Department of Ornithology</addressline><addressline>Central Park West at 79th Street</addressline><addressline>New York, NY 10024-5192</addressline><addressline>URL: <extptr xlink:href="https://www.amnh.org/research/vertebrate-zoology/ornithology" xlink:show="new" xlink:title="https://www.amnh.org/research/vertebrate-zoology/ornithology" xlink:type="simple"/></addressline></address></publicationstmt><notestmt><note><p>Minimal level collection record created from inventory to promote discovery (CLIR Hidden Collections grant, 2010).</p></note></notestmt></filedesc><profiledesc><creation>This finding aid was produced using ArchivesSpace on <date>2020-01-17 11:34:50 -0500</date>.</creation><langusage>English</langusage><descrules>Describing Archives: A Content Standard</descrules></profiledesc></eadheader><archdesc level="collection">
  <did>
    <langmaterial>
      <language langcode="eng">English</language>
    </langmaterial>
    <repository>
      <corpname>Department of Ornithology Archives</corpname>
    </repository>
    <unittitle>Murphy lantern slides collection</unittitle>
    <origination label="creator">
      <corpname authfilenumber="no95034791" source="naf">American Museum of Natural History. Department of Ornithology</corpname>
    </origination>
    <unitid>Archives Orn240</unitid>
    <physdesc altrender="whole">
      <extent altrender="materialtype spaceoccupied">2.75 Linear Feet</extent>
    </physdesc>
    <unitdate certainty="approximate" type="inclusive">circa late 19th century-early 20th century</unitdate>
  </did>
  <scopecontent id="aspace_7ac1d36e66302bcb87e853da6c73d145">
    <head>Scope and Contents</head>
<p>Subjects includes maps and charts, maps and specimens, Europe, Mediterrean Cruise, Sea birds, Sperm Whaler, New Zealand slides, Peru, Colombia Expedition, Brewster-Sanford, England, 1932, Whitney Wing, Ecuador, Antarctica, Chile, Falklands, Misc., and the Whitney South Sea Expedition.</p>  </scopecontent>
  <phystech id="aspace_3b549c86eef91359dcdd65fadbb229d0">
    <head>Condition</head>
<p>Good.</p>  </phystech>
  <accessrestrict id="aspace_51d4e1199cc250c11d0cf95da7c23989">
    <head>Conditions Governing Access</head>
<p>This collection is housed in the Department of Ornithology. Please contact the collection manager for access; materials are sometimes restricted.  </p><p><extref xlink:href="https://www.amnh.org/research/vertebrate-zoology/ornithology">https://www.amnh.org/research/vertebrate-zoology/ornithology</extref> </p>  </accessrestrict>
  <controlaccess>
    <function source="local">American Museum of Natural History. Department of Ornithology. Archives.</function>
    <subject authfilenumber="sh94005668" source="lcsh">Lantern slides</subject>
  </controlaccess>
  <dsc/>
</archdesc>
</ead>