<?xml version="1.0" encoding="utf-8"?>
<ead xmlns="urn:isbn:1-931666-22-9" xmlns:xlink="http://www.w3.org/1999/xlink" xmlns:xsi="http://www.w3.org/2001/XMLSchema-instance" xsi:schemaLocation="urn:isbn:1-931666-22-9 http://www.loc.gov/ead/ead.xsd"><eadheader countryencoding="iso3166-1" dateencoding="iso8601" langencoding="iso639-2b" repositoryencoding="iso15511"><eadid countrycode="US"/><filedesc><titlestmt><titleproper>Australia-Butler Expedition collection, 1969-1973 <num>Archives Orn257</num></titleproper><author>Rebecca Morgan, 2010</author><sponsor>The Gladys Krieble Delmas Foundation provided support to make this finding aid available in ArchivesSpace (2016-2017). Minimal level collection record created with support from the Council on Library and Information Resources (CLIR) Hidden Collections grant, 2010.</sponsor></titlestmt><publicationstmt><publisher>Department of Ornithology Archives</publisher><p><date>2010</date></p><address><addressline>Division of Vertebrate Zoology</addressline><addressline>Department of Ornithology</addressline><addressline>Central Park West at 79th Street</addressline><addressline>New York, NY 10024-5192</addressline><addressline>URL: <extptr xlink:href="https://www.amnh.org/research/vertebrate-zoology/ornithology" xlink:show="new" xlink:title="https://www.amnh.org/research/vertebrate-zoology/ornithology" xlink:type="simple"/></addressline></address></publicationstmt><notestmt><note><p>Minimal level collection record created from inventory to promote discovery (CLIR Hidden Collections grant, 2010).</p></note></notestmt></filedesc><profiledesc><creation>This finding aid was produced using ArchivesSpace on <date>2020-01-17 11:34:53 -0500</date>.</creation><langusage>English</langusage><descrules>Describing Archives: A Content Standard</descrules></profiledesc></eadheader><archdesc level="collection">
  <did>
    <langmaterial>
      <language langcode="eng">English</language>
    </langmaterial>
    <repository>
      <corpname>Department of Ornithology Archives</corpname>
    </repository>
    <unittitle>Australia-Butler Expedition collection</unittitle>
    <origination label="creator">
      <persname source="uncontrolled">Butler, H. (Harry)</persname>
    </origination>
    <unitid>Archives Orn257</unitid>
    <physdesc altrender="whole">
      <extent altrender="materialtype spaceoccupied">1 Linear Foot</extent>
      <extent altrender="carrier">2 boxes and 1 enclosure</extent>
    </physdesc>
    <unitdate normal="1969/1973" type="inclusive">1969-1973</unitdate>
  </did>
  <scopecontent id="aspace_9cbe6c9269e3b2a8613cc16f80cd7654">
    <head>Scope and Contents</head>
<p>Contains field notes and reports, correspondence, publications, relating to collector Butler's work in Australia for the American Museum of Natural History. Field specimen numbers 1-936.</p>  </scopecontent>
  <phystech id="aspace_769bc7b75510c27e8e0cd580f476cd34">
    <head>Condition</head>
<p>Good.</p>  </phystech>
  <accessrestrict id="aspace_61edc5eab98b22c14546520446cc3032">
    <head>Conditions Governing Access</head>
<p>This collection is housed in the Department of Ornithology. Please contact the collection manager for access; materials are sometimes restricted.  </p><p><extref xlink:href="https://www.amnh.org/research/vertebrate-zoology/ornithology">https://www.amnh.org/research/vertebrate-zoology/ornithology</extref> </p>  </accessrestrict>
  <controlaccess>
    <function source="local">American Museum of Natural History. Department of Ornithology. Archives.</function>
    <genreform source="aat">Field notes</genreform>
    <subject source="LCSH">Scientific expeditions -- Australia.</subject>
    <corpname authfilenumber="amnhc_2000616" source="local">Butler Expedition to Australia (1967)</corpname>
  </controlaccess>
  <dsc/>
</archdesc>
</ead>