<?xml version="1.0" encoding="utf-8"?>
<ead xmlns="urn:isbn:1-931666-22-9" xmlns:xlink="http://www.w3.org/1999/xlink" xmlns:xsi="http://www.w3.org/2001/XMLSchema-instance" xsi:schemaLocation="urn:isbn:1-931666-22-9 http://www.loc.gov/ead/ead.xsd"><eadheader countryencoding="iso3166-1" dateencoding="iso8601" langencoding="iso639-2b" repositoryencoding="iso15511"><eadid countrycode="US"/><filedesc><titlestmt><titleproper>Pingree I. Osburn collection, 1908-1921 <num>Archives Orn259</num></titleproper><author>Rebecca Morgan, 2010</author><sponsor>The Gladys Krieble Delmas Foundation provided support to make this finding aid available in ArchivesSpace (2016-2017). Minimal level collection record created with support from the Council on Library and Information Resources (CLIR) Hidden Collections grant, 2010.</sponsor></titlestmt><publicationstmt><publisher>Department of Ornithology Archives</publisher><p><date>2010</date></p><address><addressline>Division of Vertebrate Zoology</addressline><addressline>Department of Ornithology</addressline><addressline>Central Park West at 79th Street</addressline><addressline>New York, NY 10024-5192</addressline><addressline>URL: <extptr xlink:href="https://www.amnh.org/research/vertebrate-zoology/ornithology" xlink:show="new" xlink:title="https://www.amnh.org/research/vertebrate-zoology/ornithology" xlink:type="simple"/></addressline></address></publicationstmt><notestmt><note><p>Minimal level collection record created from inventory to promote discovery (CLIR Hidden Collections grant, 2010).</p></note></notestmt></filedesc><profiledesc><creation>This finding aid was produced using ArchivesSpace on <date>2020-01-17 11:34:53 -0500</date>.</creation><langusage>English</langusage><descrules>Describing Archives: A Content Standard</descrules></profiledesc></eadheader><archdesc level="collection">
  <did>
    <langmaterial>
      <language langcode="eng">English</language>
    </langmaterial>
    <repository>
      <corpname>Department of Ornithology Archives</corpname>
    </repository>
    <unittitle>Pingree I. Osburn collection</unittitle>
    <origination label="creator">
      <persname source="uncontrolled">Osburn, Pingree I.</persname>
    </origination>
    <unitid>Archives Orn259</unitid>
    <physdesc altrender="whole">
      <extent altrender="materialtype spaceoccupied">0.21 Linear Feet</extent>
    </physdesc>
    <unitdate normal="1908/1921" type="inclusive">1908-1921</unitdate>
  </did>
  <scopecontent id="aspace_b8c874f7765a707cc94fd97b147f67a4">
    <head>Scope and Contents</head>
<p>Correspondence, writings, field notes, sale correspondence, newsclippings and maps related to collecting on the USS Albatross expedition to Baja, California and in the Santa Catalina Island.</p>  </scopecontent>
  <accessrestrict id="aspace_0ecbc92eddc5dec44746cb6f3478975a">
    <head>Conditions Governing Access</head>
<p>This collection is housed in the Department of Ornithology. Please contact the collection manager for access; materials are sometimes restricted. 
<extref xlink:href="https://www.amnh.org/research/vertebrate-zoology/ornithology">https://www.amnh.org/research/vertebrate-zoology/ornithology</extref></p>  </accessrestrict>
  <controlaccess>
    <function source="local">American Museum of Natural History. Department of Ornithology. Archives.</function>
    <genreform source="aat">Field notes</genreform>
    <subject authfilenumber="sh85118684" source="lcsh">Scientific expeditions</subject>
    <corpname authfilenumber="no2016141444" source="naf">Albatross Expedition (1911)</corpname>
    <persname authfilenumber="n93011599" source="naf">Dwight, Jonathan, 1858-1929</persname>
    <persname authfilenumber="no2014103896" source="naf">Sanford, L. C. (Leonard Cutler), 1868-1950</persname>
    <persname source="uncontrolled">Peabody, P. B.</persname>
  </controlaccess>
  <dsc/>
</archdesc>
</ead>