<?xml version="1.0" encoding="utf-8" standalone="no"?>
<!-- Encoded in EAD3 : Encoded Archival Description (EAD), Version 3 : Release: 1.1.1 : Release Date: 2019-12-16 -->
<?xml-model href="https://www.loc.gov/ead/EAD3/schematron/ead3.sch" type="application/xml" schematypens="http://purl.oclc.org/dsdl/schematron"?>

<ead xmlns="http://ead3.archivists.org/schema/"
    xmlns:xsi="http://www.w3.org/2001/XMLSchema-instance"
    xsi:schemaLocation="http://ead3.archivists.org/schema/ https://www.loc.gov/ead/ead3.xsd">
    <control repositoryencoding="iso15511" relatedencoding="MARC21" countryencoding="iso3166-1"
        scriptencoding="iso15924" dateencoding="iso8601" langencoding="iso639-2b">
        <recordid encodinganalog="856$u" instanceurl="https://hdl.loc.gov/loc.gmd/eadgmd.gm020007"
            >loc.gmd/eadgmd.gm020007</recordid>
        <filedesc>
            <titlestmt>
                <titleproper encodinganalog="245$a">Francis R. Valeo Map Collection
                </titleproper>
                <subtitle>A Finding Aid to the Collection in the Library of Congress</subtitle>
                <author encodinganalog="245$c">Prepared by Mike Klein</author>
            </titlestmt>
            <publicationstmt>
                <publisher encodinganalog="260$b">
                    <ptr show="embed" actuate="onload"
                        href="https://hdl.loc.gov/loc.standards/ead.lclogo"/>Geography &amp; Map
                    Division, Library of Congress</publisher>
                <address>
                    <addressline>Washington, D.C.</addressline>
                </address>
                <date normal="2020" encodinganalog="260$c"
                    >2020</date>
            </publicationstmt>
            <notestmt>
                <controlnote id="versionNote">
                    <p>Encoded in EAD3 : Encoded Archival Description (EAD), Version 3 : Release:
                        1.1.1 : Release Date: 2019-12-16. Validating against latest version of
                        schema.</p>
                </controlnote>
                <controlnote id="contactNote">
                    <p>Contact information: <ref show="new" actuate="onrequest"
                        href="https://hdl.loc.gov/loc.gmd/gmd.contact"
                        >https://hdl.loc.gov/loc.gmd/gmd.contact</ref>
                    </p>
                </controlnote>
                <controlnote id="lccnNote">
                    <p>Catalog Record: <ref show="new" actuate="onrequest"
                        href="https://lccn.loc.gov/2020589436"
                        >https://lccn.loc.gov/2020589436</ref></p>
                </controlnote>
            </notestmt>
        </filedesc>
        <maintenancestatus value="new">created</maintenancestatus>
        <maintenanceagency countrycode="US">
            <agencycode>us-dlc</agencycode>
            <agencyname>Library of Congress</agencyname>
        </maintenanceagency>
        <languagedeclaration>
            <language langcode="eng" encodinganalog="040$b">English</language>
            <script scriptcode="Latn">Latin</script>
        </languagedeclaration>
        <conventiondeclaration>
            <abbr>DACS</abbr>
            <citation href="http://www2.archivists.org/standards/DACS"
                linktitle="DACS in HTML on SAA website" actuate="onload" show="new">Describing
                Archives: a Content Standard</citation>
            <descriptivenote>
                <p>DACS was used as the primary description standard.</p>
            </descriptivenote>
        </conventiondeclaration>
        <maintenancehistory>
            <maintenanceevent>
                <eventtype value="created"/>
                <eventdatetime standarddatetime="2020"
                    >2020</eventdatetime>
                <agenttype value="human"/>
                <agent>Library of Congress, Washington, D.C.</agent>
                <eventdescription>Finding aid encoded by the Library of Congress Geography &amp; Map Division</eventdescription>
            </maintenanceevent>
        </maintenancehistory>
    </control>
    <archdesc level="collection" relatedencoding="MARC21" localtype="register">
        <did>
            <head>Collection Summary</head>
            <unittitle label="Title" encodinganalog="245$a">Francis R. Valeo Map Collection comprises twenty-six road maps for the period 1954-1980 (bulk 1973-1974), and no date, donated by Francis R. Valeo.  The maps cover mainly East Asia, specifically Japan, Hong Kong, and Macau.
                <date altrender="Span Dates" localtype="inclusive" normal="1954/1980"
                    >1954-1980</date>
                <date altrender="Bulk Dates" localtype="bulk" normal="1973/1974">(bulk
                    1973-1974)</date>
            </unittitle>
            <unitdate label="Span Dates" unitdatetype="inclusive" normal="1954/1980"
                encodinganalog="245$f" datechar="creation"
                >1954-1980</unitdate>
            <unitdate label="Bulk Dates" unitdatetype="bulk" normal="1973/1974"
                encodinganalog="245$g" datechar="creation">(bulk
                1973-1974)</unitdate>
            <unitid label="Call No." encodinganalog="050" countrycode="US" repositorycode="US-DLC"
                >G7800 coll .V3 Valeo</unitid>
            <origination label="Creator">
                <persname encodinganalog="100" source="lcnaf">
                    <part>Francis R. Valeo</part>
                </persname>
            </origination>
            <physdesc label="Extent" encodinganalog="300"
                >Twenty-six maps: some color; various sizes</physdesc>
            <langmaterial label="Language" encodinganalog="546">
                <languageset>
                    <language encodinganalog="041" langcode="eng">English</language>
                    <script scriptcode="Latn"/>
                </languageset>
                <languageset>
                    <language encodinganalog="041" langcode="por">Portuguese</language>
                    <script scriptcode="Latn"/>
                </languageset>
                <languageset>
                    <language encodinganalog="041" langcode="ita">Italian</language>
                    <script scriptcode="Latn"/>
                </languageset>
                <descriptivenote>
                    <p>Collection material in English, Portuguese, and Italian</p>
                </descriptivenote>
            </langmaterial>
            <repository label="Location" encodinganalog="852">
                
                <corpname>
                    <part>Geography &amp; Map Division, Library of Congress</part>
                </corpname>
                <address>
                    <addressline>Washington, D.C.</addressline>
                </address>
            </repository>
            <abstract label="Summary" encodinganalog="520$a"
                >The Francis R. Valeo Map Collection comprises twenty-six maps for the period 1954-1980, and no date, and cover mainly East Asia, specifically Japan, Hong Kong, and Macau</abstract>
        </did>        
        <acqinfo encodinganalog="541">
            <head>Provenance</head>
            <p>The materials in the Francis R. Valeo map collection were donated to the Library of Congress by Francis R. Valeo</p>
        </acqinfo>
        <processinfo encodinganalog="583">
            <head>Processing History</head>
            <p>The collection was processed and arranged by
                Herb Gilder ca. 2000, and described in a finding aid by Mike Klein in 2020. </p>
        </processinfo>
        <otherfindaid encodinganalog="555">
            <head>Additional Guides</head>
            <p>Francis R. Valeo papers, 1916-1987</p>
        </otherfindaid>
        <separatedmaterial encodinganalog="544 0">
            <head>Transfers</head>
            <p>Maps Transferred from the Manuscript Division, Library of Congress, where they form part of the Francis R. Valeo Papers</p>
        </separatedmaterial>
        <userestrict encodinganalog="540">
            <head>Copyright Status</head>
            <p>The status of copyright of the Francis R. Valeo Map collection is
                governed by the Copyright Law of the United States (Title 17, U.S.C.).</p>
        </userestrict>
        <accessrestrict encodinganalog="506 0">
            <head>Access and Restrictions</head>
            <p>The Francis R. Valeo Map collection is open to research.
                Researchers are advised to contact the <ref actuate="onrequest" show="new"
                    href="https://hdl.loc.gov/loc.gmd/gmd.contact">Geography &amp; Map Reading
                    Room</ref> prior to visiting. Many collections are stored off-site and advance
                notice is needed to retrieve these items for research use.</p>
        </accessrestrict>
        <prefercite encodinganalog="524">
            <head>Preferred Citation</head>
            <p>Researchers wishing to cite this collection should include the following information:
                Container number, Francis R. Valeo Map collection, Geography &amp;
                Map Division, Library of Congress, Washington, D.C.</p>
        </prefercite>
        <bioghist encodinganalog="545">
            <head>Biographical Note</head>
            <p>Francis R. Valleo (1916-2006) was an East Asia specialist in the Legislative Reference Service of the Library of Congress, a foreign affairs advisor to Senate Majority Leader Mike Mansfield, secretary of the Senate, and a consultant specializing in Chinese-Asian affairs.</p>
        </bioghist> 
        <scopecontent encodinganalog="520">
            <head>Scope and Content Note</head>
            <p>The Francis R. Valeo Map collection spans the years 1954-1980, with the bulk of the materials concentrated in the period 1973-1974.  Coverage consists primarily of East Asia, specifically Japan, Hong Kong, and Macau</p>
        </scopecontent>
        <arrangement encodinganalog="351$a">
            <head>Arrangement of the Collection</head>
            <p>The Francis R. Valeo Map collection collection is organized in a single series.</p>
        </arrangement>
        <controlaccess altrender=":::F005=^20200514014025.0^">
            <head>Selected Search Terms</head>
            <p>The following terms have been used to index the description of this collection in the LC Catalog. They are grouped by name of person or organization, by subject or location, and by occupation and listed alphabetically.</p>
            <controlaccess>
                <head>People</head>
                <persname encodinganalog="100" relator="creator" source="lcnaf">
                    <part>Valeo, Francis R. (Francis Ralph), 1916-2006, collector.</part>
                </persname>
                <persname encodinganalog="700" source="lcnaf">
                    <part>Valeo, Francis R. (Francis Ralph), 1916-2006. Francis R. Valeo papers, 1916-1987.</part>
                </persname>
            </controlaccess>
            <controlaccess>
                <head>Places</head>
                <geogname encodinganalog="651" relator="subject" source="lcsh">
                    <part>Far East--Maps.</part>
                </geogname>
                <geogname encodinganalog="651" relator="subject" source="lcsh">
                    <part>Hong Kong (China)--Maps.</part>
                </geogname>
                <geogname encodinganalog="651" relator="subject" source="lcsh">
                    <part>Japan--Maps.</part>
                </geogname>
                <geogname encodinganalog="651" relator="subject" source="lcsh">
                    <part>Macau (China)--Maps.</part>
                </geogname>
            </controlaccess>
            <controlaccess>
                <head>Form/Genre</head>
                <genreform encodinganalog="655" source="lcgft">
                    <part>Maps.</part>
                </genreform>
            </controlaccess>
        </controlaccess>

        <dsc dsctype="combined">
            <head>Container List</head>
            
            <c01 level="series"><did><unittitle id="ead10001" encodinganalog="245$a">Francis R. Valeo Map Collection</unittitle></did><relatedmaterial encodinganalog="544"><p><ref show="new" href="https://hdl.loc.gov/loc.mss/eadmss.ms009064">Forms part of the Francis R. Valeo Papers, Manuscript Division</ref></p></relatedmaterial>
                <c02 level="file"><did><container localtype="Box-Item">1/1</container><unittitle id="ead10002" encodinganalog="245$a">PBS Interconnection System, <date>1973</date></unittitle><unitdate>1973</unitdate><didnote encodinganalog="500">United States </didnote><didnote encodinganalog="500">Public Broadcasting System</didnote></did></c02>
                <c02 level="file"><did><container localtype="Box-Item">1/2</container><unittitle id="ead10003" encodinganalog="245$a">Washington, D.C. and Vicinity</unittitle><didnote encodinganalog="500">Washington, D.C.</didnote><didnote encodinganalog="500">Washington Convention &amp;Visitors Bureau</didnote></did></c02>
                <c02 level="file"><did><container localtype="Box-Item">1/3</container><unittitle id="ead10004" encodinganalog="245$a">South America, <date>1960</date></unittitle><unitdate>1960</unitdate><didnote encodinganalog="500">South America</didnote><didnote encodinganalog="500">National Geographic Society</didnote></did></c02>
                <c02 level="file"><did><container localtype="Box-Item">1/4</container><unittitle id="ead10005" encodinganalog="245$a">Mapa Geografico Brasil Norte e Leste Ofercido pela Varig</unittitle><didnote encodinganalog="500">Brazil</didnote><didnote encodinganalog="500">Seccao de Cartografia do LIVR DO GLOBO</didnote></did></c02>
                <c02 level="file"><did><container localtype="Box-Item">1/5</container><unittitle id="ead10006" encodinganalog="245$a">Brussels</unittitle><didnote encodinganalog="500">Belgium</didnote><didnote encodinganalog="500">Beheer Voorlichingscentrum</didnote></did></c02>
                <c02 level="file"><did><container localtype="Box-Item">1/6</container><unittitle id="ead10007" encodinganalog="245$a">Ente Provinciale per il Turismo -- Roma</unittitle><didnote encodinganalog="500">Italy</didnote><didnote encodinganalog="500">Ente Provinciale per il Turismo</didnote></did></c02>
                <c02 level="file"><did><container localtype="Box-Item">1/7</container><unittitle id="ead10008" encodinganalog="245$a">[Cairo, Egypt]</unittitle><didnote encodinganalog="500">Egypt</didnote></did></c02>
                <c02 level="file"><did><container localtype="Box-Item">1/8</container><unittitle id="ead10009" encodinganalog="245$a">Moscow Illustrated Map</unittitle><didnote encodinganalog="500">Russia</didnote><didnote encodinganalog="500">Intourist Head Office</didnote></did></c02>
                <c02 level="file"><did><container localtype="Box-Item">1/9</container><unittitle id="ead10010" encodinganalog="245$a">Tourist Map of Japan, <date>1974</date></unittitle><unitdate>1974</unitdate><didnote encodinganalog="500">Japan</didnote><didnote encodinganalog="500">Japan National Tourist Organization</didnote></did></c02>
                <c02 level="file"><did><container localtype="Box-Item">1/10</container><unittitle id="ead10011" encodinganalog="245$a">Tourist Map of Tokyo, <date>1976</date></unittitle><unitdate>1976</unitdate><didnote encodinganalog="500">Japan</didnote><didnote encodinganalog="500">Japan National Tourist Organization</didnote></did></c02>
                <c02 level="file"><did><container localtype="Box-Item">1/11</container><unittitle id="ead10012" encodinganalog="245$a">Map of Tokyo &amp; Surrounding District, <date>1954</date></unittitle><unitdate>1954</unitdate><didnote encodinganalog="500">Japan</didnote><didnote encodinganalog="500">Japan Travel Bureau</didnote></did></c02>
                <c02 level="file"><did><container localtype="Box-Item">1/12</container><unittitle id="ead10013" encodinganalog="245$a">Okinawa and Ryukyu Islands</unittitle><didnote encodinganalog="500">Okinawa</didnote><didnote encodinganalog="500">Caltex</didnote></did></c02>
                <c02 level="file"><did><container localtype="Box-Item">1/13</container><unittitle id="ead10014" encodinganalog="245$a">Guide Map of Sapporo City</unittitle><didnote encodinganalog="500">Japan</didnote></did></c02>
                <c02 level="file"><did><container localtype="Box-Item">1/14</container><unittitle id="ead10015" encodinganalog="245$a">Mobilgas Road Map: Hong Kong and the New Territories, <date>1961</date></unittitle><unitdate>1961</unitdate><didnote encodinganalog="500">Hong Kong</didnote><didnote encodinganalog="500">General Drafting Co., Inc.</didnote></did></c02>
                <c02 level="file"><did><container localtype="Box-Item">1/15</container><unittitle id="ead10016" encodinganalog="245$a">Sightseeing Map of Hong Kong</unittitle><didnote encodinganalog="500">Hong Kong</didnote><didnote encodinganalog="500">Chase Advertising, Ltd.</didnote></did></c02>
                <c02 level="file"><did><container localtype="Box-Item">1/16</container><unittitle id="ead10017" encodinganalog="245$a">A.O.A. Map Sheet of Tsimhatsui, Kowloon Peninsula, <date>1974</date></unittitle><unitdate>1974</unitdate><didnote encodinganalog="500">Hong Kong</didnote><didnote encodinganalog="500">A.O.A. Ltd.</didnote></did></c02>
                <c02 level="file"><did><container localtype="Box-Item">1/17</container><unittitle id="ead10018" encodinganalog="245$a">A.O.A. Map Sheet of Wanchai, Hong Kong Island, <date>1974</date></unittitle><unitdate>1974</unitdate><didnote encodinganalog="500">Hong Kong</didnote><didnote encodinganalog="500">A.O.A. Ltd.</didnote></did></c02>
                <c02 level="file"><did><container localtype="Box-Item">1/18</container><unittitle id="ead10019" encodinganalog="245$a">A.O.A. Map of British Crown Colony of Hong Kong, <date>1974</date></unittitle><unitdate>1974</unitdate><didnote encodinganalog="500">Hong Kong</didnote><didnote encodinganalog="500">A.O.A. Ltd.</didnote></did></c02>
                <c02 level="file"><did><container localtype="Box-Item">1/19</container><unittitle id="ead10020" encodinganalog="245$a">A.O.A. "A to Z" [History and Description of Hong Kong]</unittitle><didnote encodinganalog="500">Hong Kong</didnote><didnote encodinganalog="500">A.O.A. Ltd.</didnote></did></c02>
                <c02 level="file"><did><container localtype="Box-Item">1/20</container><unittitle id="ead10021" encodinganalog="245$a">A.O.A. Map Sheet of Hong Kong Urban Areas, Public Transportation, <date>1974</date></unittitle><unitdate>1974</unitdate><didnote encodinganalog="500">Hong Kong</didnote><didnote encodinganalog="500">A.O.A. Ltd.</didnote></did></c02>
                <c02 level="file"><did><container localtype="Box-Item">1/21</container><unittitle id="ead10022" encodinganalog="245$a">A.O.A. Small Map Sheet of Macau</unittitle><didnote encodinganalog="500">Macau</didnote><didnote encodinganalog="500">A.O.A. Ltd.</didnote></did></c02>
                <c02 level="file"><did><container localtype="Box-Item">1/22</container><unittitle id="ead10023" encodinganalog="245$a">Hong Kong and Macau, <date>1970</date></unittitle><unitdate>1970</unitdate><didnote encodinganalog="500">Macau and Hong Kong</didnote></did></c02>
                <c02 level="file"><did><container localtype="Box-Item">1/23</container><unittitle id="ead10024" encodinganalog="245$a">A.O.A. Map Sheet of Portuguese Province of Macau, <date>1974</date></unittitle><unitdate>1974</unitdate><didnote encodinganalog="500">Macau</didnote><didnote encodinganalog="500">A.O.A. Ltd.</didnote></did></c02>
                <c02 level="file"><did><container localtype="Box-Item">1/24</container><unittitle id="ead10025" encodinganalog="245$a">Macau</unittitle><didnote encodinganalog="500">Macau</didnote><didnote encodinganalog="500">A.O.A. Ltd.</didnote></did></c02>
                <c02 level="file"><did><container localtype="Box-Item">1/25</container><unittitle id="ead10026" encodinganalog="245$a">Thailand, <date>1980</date></unittitle><unitdate>1980</unitdate><didnote encodinganalog="500">Thailand</didnote></did></c02>
                <c02 level="file"><did><container localtype="Box-Item">1/26</container><unittitle id="ead10027" encodinganalog="245$a">Ceylon, <date>1963</date></unittitle><unitdate>1963</unitdate><didnote encodinganalog="500">Ceylon</didnote><didnote encodinganalog="500">Government Tourist Bureau</didnote></did></c02></c01>
            
            
            
            
        </dsc>
    </archdesc>
</ead>
