<?xml version="1.0" encoding="utf-8" standalone="no"?>
<!-- Converted [January 2020] from EAD2002 to EAD3 : Encoded Archival Description (EAD), Version 3 : Release: 1.1.1 : Release Date: 2019-12-16 --><?xml-model href="https://www.loc.gov/ead/EAD3/schematron/ead3.sch" type="application/xml" schematypens="http://purl.oclc.org/dsdl/schematron"?><ead xmlns="http://ead3.archivists.org/schema/"
     xmlns:xsi="http://www.w3.org/2001/XMLSchema-instance"
     xsi:schemaLocation="http://ead3.archivists.org/schema/ http://www.loc.gov/ead/ead3.xsd">
   <control repositoryencoding="iso15511" relatedencoding="MARC21"
            countryencoding="iso3166-1"
            scriptencoding="iso15924"
            dateencoding="iso8601"
            langencoding="iso639-2b">
      <recordid encodinganalog="856$u"
                instanceurl="https://hdl.loc.gov/loc.mbrsrs/eadmbrs.rs019001">loc.mbrsrs/eadmbrs.rs019001</recordid>
      <filedesc>
         <titlestmt>
            <titleproper encodinganalog="245$a">Frank Seeley collection</titleproper>
            <author>Author: David Jackson, with contributions by Thomas H. Pease</author>
         </titlestmt>
         <publicationstmt>
            <publisher encodinganalog="260$b">
               <ptr actuate="onload" href="https://hdl.loc.gov/loc.standards/ead.lclogo"
                    show="embed"/>Motion Picture, Broadcasting and Recorded Sound Division,
               Library of Congress</publisher>
            <address>
               <addressline>Washington, D.C. </addressline>
            </address>
            <date normal="2019" encodinganalog="260$c" era="ce" calendar="gregorian">2019</date>
         </publicationstmt>
         <notestmt>
            <controlnote id="versionNote">
               <p>Converted to EAD3 : Encoded Archival Description (EAD), Version 3 : Release: 1.1.1 : Release Date: 2019-12-16. Validating against latest version of schema.</p>
            </controlnote>
            <controlnote id="contactNote">
               <p>Contact information: <ref show="new" actuate="onrequest"
                       href="https://hdl.loc.gov/loc.mbrsrs/mbrsrs.contact">http://hdl.loc.gov/loc.mbrsrs/mbrsrs.contact</ref>
               </p>
            </controlnote>
            <controlnote id="lccnNote">
               <p>Catalog Record: <ref show="new" actuate="onrequest" href="https://lccn.loc.gov/2019615400">https://lccn.loc.gov/2019615400</ref>
               </p>
            </controlnote>
         </notestmt>
      </filedesc>
      <maintenancestatus value="revised">revised</maintenancestatus>
      <maintenanceagency countrycode="US">
         <agencycode>us-dlc</agencycode>
         <agencyname>Library of Congress</agencyname>
      </maintenanceagency>
      <languagedeclaration>
         <language langcode="eng" encodinganalog="040$b">English</language>
         <script scriptcode="Latn">Latin</script>
      </languagedeclaration>
      <conventiondeclaration>
         <abbr>DACS</abbr>
         <citation>Describing Archives: a Content Standard</citation>
      </conventiondeclaration>
      <maintenancehistory>
         <maintenanceevent>
            <eventtype value="revised"/>
            <eventdatetime standarddatetime="2020-01">2020-01</eventdatetime>
            <agenttype value="machine"/>
            <agent>ead3_converter_mfer.xsl</agent>
            <eventdescription>Converted from EAD 2002 to EAD 3 (Release 1.1.1) by ead3_converter_mfer.xsl : Michael Ferrando, Library of Congress.</eventdescription>
         </maintenanceevent>
         <maintenanceevent>
            <eventtype value="updated"/>
            <eventdatetime standarddatetime="2019-10">October 2019</eventdatetime>
            <agenttype value="human"/>
            <agent>Recorded Sound Reference Center, Motion Picture, Broadcasting &amp; Recorded Sound Division, Library of Congress, Washington, D.C.</agent>
            <eventdescription>Changed normal attributes to ISO 8601, and made minor corrections. D. Jackson</eventdescription>
         </maintenanceevent>
         <maintenanceevent>
            <eventtype value="created"/>
            <eventdatetime standarddatetime="2019">2019</eventdatetime>
            <agenttype value="human"/>
            <agent>Library of Congress, Washington, D.C.</agent>
            <eventdescription>Finding aid encoded by David Jackson</eventdescription>
         </maintenanceevent>
      </maintenancehistory>
   </control>
   <archdesc level="collection" relatedencoding="MARC21" localtype="register">
      <did>
         <head>Collection Summary</head>
         <unittitle label="Title" encodinganalog="245$a">Frank Seeley collection  <date altrender="Inclusive Dates" localtype="inclusive" normal="1973">1973</date> 
         </unittitle> 
         <unitdate label="Inclusive Dates" unitdatetype="inclusive" encodinganalog="245$f"
                   era="ce"
                   calendar="gregorian"
                   normal="1973">1973</unitdate> 
         <origination label="Creator">
            <persname encodinganalog="100" source="lcnaf" relator="creator">
               <part>Seeley, Frank,
               1917-2001</part>
            </persname>
         </origination>
         <physdesc label="Textual materials" encodinganalog="300">.15 linear feet (10 items)</physdesc>
         <physdesc label="Sound recordings" encodinganalog="300">6 sound cassettes</physdesc>
         <langmaterial label="Language" encodinganalog="546">
            <language encodinganalog="041" langcode="eng">English</language>
            <descriptivenote>
               <p>Collection materials are in English
         </p>
            </descriptivenote>
         </langmaterial>
         <repository label="Location" encodinganalog="852">
            <corpname>
               <part>
                Recorded Sound Reference Center, Motion Picture, Broadcasting and Recorded
                  Sound Division,  Library of Congress</part>
            </corpname>
            <address>
               <addressline>Washington, D.C.</addressline>
            </address>
         </repository>
         <abstract label="Summary" encodinganalog="520$a">The Frank Seeley collection consists of
            interviews, transcripts, and other documents that were created in conjunction with Frank
            Seeley's Master of Arts in Telecommunications thesis for California State University,
            San Diego.</abstract>
         <physloc label="Location of textual materials" encodinganalog="050">RPA 02972 (box
            1)</physloc>
         <physloc label="Location of sound recordings" encodinganalog="050">RYQ 2975-2980</physloc>
      </did>
      <controlaccess>
         <head>Selected Search Terms</head>
         <p>The following terms have been used to index the description of this collection in the
               Library's online catalog. They are grouped by name of person or organization, by
               subject or location, and by occupation and listed alphabetically therein.</p>
         <controlaccess>
            <head>People</head>
            <persname encodinganalog="600" relator="subject" source="lcnaf">
               <part>Henning, Paul, 1911-2005--Interviews.</part>
            </persname>
            <persname encodinganalog="600" relator="subject" source="lcnaf">
               <part>Jacobs, Seaman--Interviews.</part>
            </persname>
            <persname encodinganalog="600" relator="subject" source="lcnaf">
               <part>Josefsberg, Milt, 1911-1987--Interviews.</part>
            </persname>
            <persname encodinganalog="600" relator="subject" source="lcnaf">
               <part>Kanter, Hal--Interviews.</part>
            </persname>
            <persname encodinganalog="600" relator="subject" source="lcnaf">
               <part>Lear, Norman--Interviews.</part>
            </persname>
            <persname encodinganalog="600" relator="subject" source="lcnaf">
               <part>Marshall, Garry--Interviews.</part>
            </persname>
            <persname encodinganalog="600" relator="subject" source="lcnaf">
               <part>Schwartz, Sherwood--Correspondence.</part>
            </persname>
            <persname encodinganalog="600" relator="subject" source="lcnaf">
               <part>Schwartz, Sherwood--Interviews.</part>
            </persname>
            <persname encodinganalog="100" relator="creator" source="lcnaf">
               <part>Seeley, Frank, 1917-2001, interviewer, collector.</part>
            </persname>
            <persname encodinganalog="600" relator="subject" source="lcnaf">
               <part>Seeley, Frank, 1917-2001--Archives.</part>
            </persname>
            <persname encodinganalog="600" relator="subject" source="lcnaf">
               <part>Seeley, Frank, 1917-2001--Correspondence.</part>
            </persname>
            <persname encodinganalog="600" relator="subject" source="lcnaf">
               <part>Seeley, Frank, 1917-2001.</part>
            </persname>
         </controlaccess>
         <controlaccess>
            <head>Subjects</head>
            <subject encodinganalog="650" source="lcsh">
               <part>Television comedy writers--United States.</part>
            </subject>
         </controlaccess>
         <controlaccess>
            <head>Form/Genre</head>
            <genreform encodinganalog="655" source="aat">
               <part>Correspondence.</part>
            </genreform>
            <genreform encodinganalog="655" source="lcgft">
               <part>Interviews.</part>
            </genreform>
            <genreform encodinganalog="655" source="aat">
               <part>Tables (documents)</part>
            </genreform>
            <genreform encodinganalog="655" source="aat">
               <part>Transcripts.</part>
            </genreform>
         </controlaccess>
      </controlaccess>
      <acqinfo encodinganalog="541">
         <head>Collection Acquisition</head>
         <p>The collection was acquired by the Library of Congress in 2013.</p>
      </acqinfo>
      <accruals encodinganalog="584">
         <head>Additions</head>
         <p>No further additions to the collection are expected.</p>
      </accruals>
      <processinfo encodinganalog="583">
         <head>Processing Information</head>
         <p>The collection was processed by Thom Pease and David Jackson in 2018.</p>
      </processinfo>
      <userestrict encodinganalog="540">
         <head>Use Restrictions</head>
         <p>Restrictions may exist on copying, quoting, or publishing materials included in the
               collection. For additional information, contact a reference librarian in the Recorded
               Sound Reference Center, Motion Picture, Broadcasting and Recorded Sound Division,
               Library of Congress, Washington, DC, 20540-4690; (202) 707-7833.</p>
      </userestrict>
      <accessrestrict encodinganalog="506">
         <head>Access Restrictions</head>
         <p>The Frank Seeley Collection is open for research. Advance notice is required; contact
               a reference librarian in the Recorded Sound Reference Center, Motion Picture,
               Broadcasting and Recorded Sound Division, Library of Congress, Washington, DC,
               20540-4690; (202) 707-7833.</p>
      </accessrestrict>
      <altformavail encodinganalog="530">
         <head>Digital Content</head>
         <p>A digital version of the sound recordings is available for listening in the Recorded
               Sound Reference Center, Motion Picture, Broadcasting and Recorded Sound Division,
               Library of Congress, Washington, DC, 20540-4690; (202) 707-7833.</p>
      </altformavail>
      <prefercite encodinganalog="524">
         <head>Preferred Citation</head>
         <p>Researchers wishing to cite this collection should include the following information:
               [Container number, eg., Box 3], or [Audio tape number, eg., RYB 2480], Frank Seeley
               Collection, Motion Picture, Broadcasting and Recorded Sound Division, Library of
               Congress.</p>
      </prefercite>
      <bioghist encodinganalog="545">
         <head>Biographical Note</head>
         <p>Biographical information on Frank Seeley is available in the finding aid for the Frank
            Seeley Papers at Harry S. Truman presidential Library and Museum <ref show="new" actuate="onrequest"
                 href="http://www.trumanlibrary.org/hstpaper/seeley.HTML">Frank Seeley
               Papers</ref>.</p>
      </bioghist>
      <scopecontent encodinganalog="520">
         <head>Scope and Content Note</head>
         <p>The Frank Seeley collection consists of interviews, transcripts, and other documents
            that were created in conjunction with Frank Seeley's Master of Arts in
            Telecommunications thesis for California State University, San Diego. The proposed title
            for the thesis, as recorded in collection documentation, was <emph render="italic">Television Comedy: Its Creation, Its Creators</emph>.</p>
         <p>The papers consist of correspondence describing the purpose and scope of the project,
            interviews with 7 television comedy writers, and a table recording data points derived
            from the interviews.</p>
      </scopecontent>
      <arrangement encodinganalog="351">
         <head>Collection Arrangement</head>
         <p>The collection is arranged in 3 series:</p>
         <list listtype="unordered" mark="circle">
            <item>
                           <ref target="series1">Series 1: Thesis documentation, 1973, and
               undated</ref>
                        </item>
            <item>
                           <ref target="series2">Series 2: Interview transcripts, 1973</ref>
                        </item>
            <item>
                           <ref target="series3">Series 3: Sound recordings, 1973</ref>
                        </item>
         </list>
      </arrangement>
      <dsc dsctype="combined">
         <head>Container List</head>
         <c01 level="series">
            <did>
               <unittitle id="series1">Series 1. Thesis documentation,  <date normal="1973">1973,
                     and undated</date> 
               </unittitle> 
               <unitdate normal="1973">1973,
                     and undated</unitdate> 
               <physdesc>.05 linear feet</physdesc>
               <physloc>RPA 02792 (box 1)</physloc>
            </did>
            <scopecontent>
               <p>Documentation that records the purpose, scope, and results of Frank Seeley's
                  thesis project, including correspondence describing the purpose and scope of the
                  project, a list of interviewees, and a table recording data points derived from
                  the interviews</p>
            </scopecontent>
            <c02 level="file">
               <did>
                  <container localtype="box-folder">1/1</container>
                  <unittitle>Correspondence with Sherwood Schwartz from Frank Seeley,  <date normal="1973-01-20">1973-01-20</date> 
                  </unittitle> 
                  <unitdate normal="1973-01-20">1973-01-20</unitdate> 
               </did>
               <scopecontent>
                  <p>This letter describes the purpose and scope of Seeley's thesis.</p>
               </scopecontent>
            </c02>
            <c02 level="file">
               <did>
                  <container localtype="box-folder">1/2</container>
                  <unittitle>List of interviewees and the television programs represented by the
                     writers</unittitle>
               </did>
            </c02>
            <c02 level="file">
               <did>
                  <container localtype="box-folder">1/3</container>
                  <unittitle>Table of information taken from the interviews</unittitle>
               </did>
               <scopecontent>
                  <p>Data points recorded in the table include interviewees' age, birthplace,
                     religion, nationality, education, favorite [school] subjects, extracurricular
                     activities, hobbies, military service, prerequisites, comedy writing
                     experience, psychology of humor, definition of comedy or humor, dissection of
                     humor, audience prerequisite, suggestions for would-be comedy writers, formula,
                     and other thoughts and philosophies regarding comedy writing.</p>
               </scopecontent>
            </c02>
         </c01>
         <c01 level="series">
            <did>
               <unittitle id="series2">Series 2. Interview transcripts,  <date normal="1973">1973</date> 
               </unittitle> 
               <unitdate normal="1973">1973</unitdate> 
               <physdesc>.10 linear feet</physdesc>
               <physloc>RPA 02792 (box 1)</physloc>
            </did>
            <scopecontent>
               <p>Transcripts of interviews conducted by Frank Seeley between February 15, 1973 and
                  March 26, 1973 with television comedy writers Paul Henning, Seaman Jacobs, Milt
                  Josefsberg, Hal Kanter, Norman Lear, Garry Marshall, and Sherwood Schwartz.</p>
            </scopecontent>
            <arrangement>
               <p>The transcripts are arranged chronologically by date.</p>
            </arrangement>
            <c02 level="file">
               <did>
                  <container localtype="box-folder">1/4</container>
                  <unittitle id="Schwartz1">Interview with Sherwood Schwartz at Paramount Pictures,
                         <date normal="1973-02-15">1973-02-15</date> 
                  </unittitle> 
                  <unitdate normal="1973-02-15">1973-02-15</unitdate> 
               </did>
            </c02>
            <c02 level="file">
               <did>
                  <container localtype="box-folder">1/5</container>
                  <unittitle id="Kanter1">Interview with Hal Kanter in Encino, California,  <date normal="1973-02-23">1973-02-23</date> 
                     <ref target="MAVIS2515838">Sound recording available</ref>
                  </unittitle> 
                  <unitdate normal="1973-02-23">1973-02-23</unitdate> 
               </did>
            </c02>
            <c02 level="file">
               <did>
                  <container localtype="box-folder">1/6</container>
                  <unittitle id="Josefsberg1">Interview with Milt Josefsberg in Encino, California,
                         <date normal="1973-02-23">1973-02-23</date> 
                     <ref target="MAVIS2515838">Sound recordings available</ref>
                  </unittitle> 
                  <unitdate normal="1973-02-23">1973-02-23</unitdate> 
               </did>
            </c02>
            <c02 level="file">
               <did>
                  <container localtype="box-folder">1/7</container>
                  <unittitle id="Henning1">Interview with Paul Henning at General Services Studios,
                     Hollywood, California,  <date normal="1973-03-16">1973-03-16</date> 
                     <ref target="MAVIS2515836">Sound recording available</ref>
                  </unittitle> 
                  <unitdate normal="1973-03-16">1973-03-16</unitdate> 
               </did>
            </c02>
            <c02 level="file">
               <did>
                  <container localtype="box-folder">1/8</container>
                  <unittitle id="Marshall1">Interview with Garry Marshall at Burbank, opposite
                     Warner Brothers Studios,  <date normal="1973-03-22">1973-03-22</date> 
                     <ref target="MAVIS2515837">Sound recording available</ref>
                  </unittitle> 
                  <unitdate normal="1973-03-22">1973-03-22</unitdate> 
               </did>
            </c02>
            <c02 level="file">
               <did>
                  <container localtype="box-folder">1/9</container>
                  <unittitle id="Jacobs1">Interview with Seaman Jacobs in Beverly Hills,  <date normal="1973-03-24">1973-03-24</date> 
                     <ref target="MAVIS2515826">Sound recording available</ref>
                  </unittitle> 
                  <unitdate normal="1973-03-24">1973-03-24</unitdate> 
               </did>
            </c02>
            <c02 level="file">
               <did>
                  <container localtype="box-folder">1/10</container>
                  <unittitle id="Lear1">Interview with Norman Lear at Century City,  <date normal="1973-03-26">1973-03-26</date> 
                     <ref target="MAVIS2515822">Sound recording available</ref>
                  </unittitle> 
                  <unitdate normal="1973-03-26">1973-03-26</unitdate> 
               </did>
            </c02>
         </c01>
         <c01 level="series">
            <did>
               <unittitle id="series3">Series 3. Sound recordings,  <date normal="1973">1973</date> 
               </unittitle> 
               <unitdate normal="1973">1973</unitdate> 
               <physdesc>6 sound cassettes</physdesc>
               <physloc>RYQ 2975-2980</physloc>
            </did>
            <scopecontent>
               <p>Sound recordings of interviews conducted by Frank Seeley between February 23, 1973
                  and March 26, 1973 with television comedy writers Paul Henning, Seaman Jacobs,
                  Milt Josefsberg, Hal Kanter, Norman Lear, and Garry Marshall.</p>
            </scopecontent>
            <arrangement>
               <p>The recordings are arranged chronologically by date.</p>
            </arrangement>
            <c02 level="item">
               <did>
                  <container localtype="CASS">RYQ 2979</container>
                  <unittitle id="MAVIS2515838">Interview with Hal Kanter,  <date normal="1973-02-23">1973-02-23</date>  ; Interview with Milt Josefberg,
                     part 1,  <date normal="1973-02-23">1973-02-23</date> 
                     <ref target="Kanter1">Transcripts available</ref>
                  </unittitle> 
                  <unitdate normal="1973-02-23">1973-02-23</unitdate>  
                  <unitdate normal="1973-02-23">1973-02-23</unitdate> 
                  <physdesc>1 sound cassette</physdesc>
                  <unitid localtype="MAVISno" label="Local ID number">2515838</unitid>
               </did>
            </c02>
            <c02 level="item">
               <did>
                  <container localtype="CASS">RYQ 2980</container>
                  <unittitle id="MAVIS2515842">Interview with Milt Josefberg, part 2,  <date normal="1973-02-23">1973-02-23</date> 
                     <ref target="Josefsberg1">Transcript available</ref>
                  </unittitle> 
                  <unitdate normal="1973-02-23">1973-02-23</unitdate> 
                  <physdesc>1 sound cassette</physdesc>
                  <unitid localtype="MAVISno" label="Local ID number">2515842</unitid>
               </did>
               <odd>
                  <p>Transcript available in box RPA 02792.</p>
               </odd>
            </c02>
            <c02 level="item">
               <did>
                  <container localtype="CASS">RYQ 2977</container>
                  <unittitle id="MAVIS2515836">Interview with Paul Henning,  <date normal="1973-03-16">1973-03-16</date> 
                     <ref target="Henning1">Transcript available</ref>
                  </unittitle> 
                  <unitdate normal="1973-03-16">1973-03-16</unitdate> 
                  <physdesc>1 sound cassette</physdesc>
                  <unitid localtype="MAVISno" label="Local ID number">2515836</unitid>
               </did>
               <odd>
                  <p>Transcript available in box RPA 02792.</p>
               </odd>
            </c02>
            <c02 level="item">
               <did>
                  <container localtype="CASS">RYQ 2978</container>
                  <unittitle id="MAVIS2515837">Interview with Garry Marshall,  <date normal="1973-03-22">1973-03-22</date> 
                     <ref target="Marshall1">Transcript available</ref>
                  </unittitle> 
                  <unitdate normal="1973-03-22">1973-03-22</unitdate> 
                  <physdesc>1 sound cassette</physdesc>
                  <unitid localtype="MAVISno" label="Local ID number">2515837</unitid>
               </did>
               <odd>
                  <p>Transcript available in box RPA 02792.</p>
               </odd>
            </c02>
            <c02 level="item">
               <did>
                  <container localtype="CASS">RYQ 2976</container>
                  <unittitle id="MAVIS2515826">Interview with Seaman Jacobs,  <date normal="1973-03-24">1973-03-24</date> 
                     <ref target="Jacobs1">Transcript available</ref>
                  </unittitle> 
                  <unitdate normal="1973-03-24">1973-03-24</unitdate> 
                  <physdesc>1 sound cassette</physdesc>
                  <unitid localtype="MAVISno" label="Local ID number">2515826</unitid>
               </did>
            </c02>
            <c02 level="item">
               <did>
                  <container localtype="CASS">RYQ 2975</container>
                  <unittitle id="MAVIS2515822">Interview with Norman Lear, part 1,  <date normal="1973-03-26">1973-03-26</date> 
                     <ref target="Lear1">Transcript available</ref>
                  </unittitle> 
                  <unitdate normal="1973-03-26">1973-03-26</unitdate> 
                  <physdesc>1 sound cassette</physdesc>
                  <unitid localtype="MAVISno" label="Local ID number">2515822</unitid>
               </did>
            </c02>
         </c01>
      </dsc>
   </archdesc>
</ead>