<?xml version="1.0" encoding="UTF-8"?>
<ead xmlns="urn:isbn:1-931666-22-9" xmlns:xsi="http://www.w3.org/2001/XMLSchema-instance"
	xmlns:xlink="http://www.w3.org/1999/xlink" xsi:schemaLocation="urn:isbn:1-931666-22-9 http://www.loc.gov/ead/ead.xsd">
	<eadheader countryencoding="iso3166-1" dateencoding="iso8601" langencoding="iso639-2b" repositoryencoding="iso15511"
		relatedencoding="marc" scriptencoding="iso8601">
		<eadid countrycode="US" mainagencycode="US-NN" url="http://archives.nypl.org/dan/24846.xml">dan24846.xml</eadid>
		<filedesc>
			<titlestmt>
				<titleproper>Guide to the Alfredo Valente negatives, <date>1934-1958</date></titleproper>
			</titlestmt>
			<publicationstmt>
				<publisher>The New York Public Library. Jerome Robbins Dance Division.</publisher>
				<address>
					<addressline>New York Public Library for the Performing Arts, Dorothy and Lewis B. Cullman Center</addressline>
					<addressline>40 Lincoln Center Plaza, New York, NY 10023-7498</addressline>
				</address>
			</publicationstmt>
		</filedesc>
		<profiledesc>
			<creation>EAD generated by archives.nypl.org on <date normal="2019-12-10">December 10, 2019</date></creation>
			<langusage><language langcode="eng">English</language></langusage>
		</profiledesc>
	</eadheader>

	<archdesc level="collection">
		<did>
			<unittitle>Alfredo Valente negatives</unittitle>
			<unitdate type="inclusive" normal="1934/1958">1934-1958</unitdate>
			<unitid type="local_mss">24846</unitid>
			<unitid type="local_call">*MGZEB 19-561</unitid>
			<unitid type="local_b">b21800782</unitid>
			<origination><persname role="pht" source="naf" authfilenumber="http://id.loc.gov/authorities/names/n92055036"
					>Valente, Alfredo</persname></origination>
			<repository><corpname>The New York Public Library. Jerome Robbins Dance Division.</corpname><address>
					<addressline>New York Public Library for the Performing Arts, Dorothy and Lewis B. Cullman Center</addressline>
					<addressline>40 Lincoln Center Plaza, New York, NY 10023-7498</addressline>
				</address></repository>
			<physdesc><extent unit="containers">17 boxes</extent><extent unit="linear_feet">7.67 linear feet</extent></physdesc>
			<abstract>Alfredo Valente (1899-1973) was an Italian-born American photographer. Valente's trademark style was his
				portraits of costumed performers which used artistic camera angles and dramatic lighting. The Alfredo Valente
				negatives are comprised primarily of black and white negatives and some proofs created between 1934 through 1958.
				The majority of photographs are of American Ballet Theatre and Ballet Russe de Monte Carlo. Other companies
				represented are Agnes de Mille Dance Theatre, Ballet for America, Ballet International, Jooss Ballet, and notable
				individual dancers such as La Argentinita, Katherine Dunham, and Ruth St. Denis.</abstract>
			<langmaterial>English</langmaterial>
		</did>
		<bioghist>
			<p>Alfredo Valente (1899-1973) was born in Calabria, Italy where he was trained as a fine artist. In 1927, he
				immigrated to the United States and began his photography career in New York City. In 1931, he became the
				photographer for experimental repertory company the Group Theater. Throughout the 1930s he was regularly published
				in magazines and newspapers including Stage, the preeminent periodical about Broadway. Valente's trademark
				style was his portraits of costumed performers which used artistic camera angles and dramatic lighting. In addition
				to portraiture, Valente documented numerous productions of American Ballet Theatre (then known as Ballet Theatre)
				during the company's formative years in the 1940s. He photographed some of Ballet Theatre's most prominent dancers,
				such as Harold Lang, John Kriza, Alicia Alonso, Nora Kaye, Vera Zorina, Igor Yousketvitch, Alicia Markova, Maria
				Tallchief, André Eglevsky, and Hugh Laing.</p>
		</bioghist>
		<scopecontent>
			<p>The Alfredo Valente negatives consist primarily of black and white negatives and some proofs created between 1934
				through 1958 of various ballet companies, those primarily being American Ballet Theatre and Ballet Russe de Monte
				Carlo. The collection is arranged alphabetically based on company with files identified by either production title
				or dancer name. Other companies represented include the Agnes de Mille Dance Theatre, Ballet for America, Ballet
				International, Jooss Ballet, as well as individual dancers.</p>
			<p>The collection's emphasis on American Ballet Theatre is due to Valente's extensive documentation during its
				formative years of the early to mid-1940s. The negatives in this collection include a variety of studio portrait
				sessions; production shots; and backstage, dressing room, and rehearsal images. Some of Ballet Theatre's most
				well-known productions and its principal dancers photographed include Hugh Laing, Nora Kaye, and Antony Tudor in
					<title>Dim Lustre</title>; John Kriza and Janet Reed in <title>Fancy Free</title>; Alicia Markova and Anton Dolin
				in <title>Firebird</title>; Violette Verdy and Erik Bruhn in <title>Miss Julie</title>; <title>Pillar of
					Fire</title>; and <title>Swan Lake</title>, featuring an array of Ballet Theatre's female principal dancers in the
				role of Odette throughout the years. Additionally, there are individual files of dancers such as Sono
				Osato, André Eglevsky, Jerome Robbins, and Igor Youskevitch among many others.</p>
			<p>Simultaneously, Valente photographed the Ballet Russe de Monte Carlo in the early 1940s when choreographer Léonide
				Massine made many of his most famous works, including <title>Gaîté Parisienne</title>, <title>Rouge et Noir</title>,
					<title>Labyrinth</title>, and <title>Bacchanale</title>. The company's impressive roster was also photographed such
				as Alexandra Danilova, Tania Riabouchinskaya, Tamara Toumanova, Nana Gollner, Mia Slavenska, and Milada Mladova.</p>
			<p>Notable individual performers included in the collection are La Argentinita, Katherine Dunham, Massie Patterson,
				and Ruth St. Denis. Valente also photographed noteworthy dance world figures such as Lincoln Kirstein, Michel Fokine
				and the families of Igor Youskevitch, Léonide Massine, and Nicholas Orloff.</p>
		</scopecontent>
		<prefercite>
			<p>Alfredo Valente negatives, *MGZEB 19-561. Jerome Robbins Dance Division, The New York Public Library for the
				Performing Arts</p>
		</prefercite>
		<processinfo>
			<p>Processed by <name>Tara D. Strongosky</name>, <date>2019</date>.</p>
		</processinfo>
		<accessrestrict>
			<p>Some collections held by the Dance, Music, Recorded Sound, and Theatre Divisions at the New York Public Library
				for the Performing Arts are held off-site and must be requested in advance. Please check the collection records in
						<extref xlink:href="http://catalog.nypl.org/record=LPA_BNUMBER" xlink:type="simple" xlink:actuate="onRequest"
						>the NYPL's online catalog</extref> for detailed location information. For general guidance about requesting
				offsite materials, please consult: <extref
					xlink:href="https://www.nypl.org/about/locations/lpa/requesting-archival-materials" xlink:type="simple"
					xlink:actuate="onRequest">https://www.nypl.org/about/locations/lpa/requesting-archival-materials</extref></p>
			<p>Box 17 is closed for preservation purposes.</p>
		</accessrestrict>
		<userestrict>
			<p>Some photographs are marked on their verso as strictly prohibited from being copied or exhibited as indicated by
				the photographer's stamp. All of these prints are proofs or unretouched photographs.</p>
		</userestrict>
		<controlaccess>
			<persname role="subject" source="naf" authfilenumber="http://id.loc.gov/authorities/names/n97872917">Argentinita,
				1898-1945 -- Photographs</persname>
			<persname role="subject" source="naf" authfilenumber="http://id.loc.gov/authorities/names/n79043983">Dunham,
				Katherine -- Photographs</persname>
			<persname role="subject" source="naf" authfilenumber="http://id.loc.gov/authorities/names/n79139724">St. Denis, Ruth,
				1880-1968 -- Photographs</persname>
			<persname role="pht" source="naf" authfilenumber="http://id.loc.gov/authorities/names/n92055036">Valente,
				Alfredo</persname>
			<corpname role="subject" source="naf" authfilenumber="http://id.loc.gov/authorities/names/no2011184866">Agnes de
				Mille Dance Theatre -- Photographs</corpname>
			<corpname role="subject" source="naf" authfilenumber="http://id.loc.gov/authorities/names/n50064030">American Ballet
				Theatre -- Photographs</corpname>
			<corpname role="subject" source="local">Ballet for America -- Photographs</corpname>
			<corpname role="subject" source="local">Ballet International -- Photographs</corpname>
			<corpname role="subject" source="naf" authfilenumber="http://id.loc.gov/authorities/names/n82036392">Ballet Russe de
				Monte Carlo -- Photographs</corpname>
			<corpname role="subject" source="naf" authfilenumber="http://id.loc.gov/authorities/names/n2009041584">Jooss European
				Ballet -- Photographs</corpname>
			<subject source="lcsh">Ballet companies -- Photographs</subject>
			<subject source="lcsh">Ballet dancers -- Photographs</subject>
			<subject source="lcsh">Dance companies -- Photographs</subject>
			<genreform source="aat" authfilenumber="http://id.loc.gov/authorities/names/300127173">Negatives
				(photographs)</genreform>
			<genreform source="aat" authfilenumber="http://id.loc.gov/authorities/names/300127104">Photographic
				prints</genreform>
			<occupation source="itoamc">Dancers.</occupation>
			<occupation source="itoamc">Photographers.</occupation>
		</controlaccess>
		<dsc>
			<c01 level="file">
				<did>
					<unittitle>Agnes de Mille Dance Theatre</unittitle>
					<unitdate type="inclusive" normal="1953-03/1953-09">1953 March-1953 September</unitdate>
					<unitid type="local_mss">3159566</unitid>
					<container type="box">1</container>
					<container type="folder">1-2</container>
				</did>
			</c01>
			<c01 level="file">
				<did>
					<unittitle>American Ballet Theatre</unittitle>
					<unitdate type="inclusive" normal="1942/1958">1942-1958</unitdate>
					<unitid type="local_mss">3159374</unitid>
				</did>
				<c02 level="file">
					<did>
						<unittitle><title>Afternoon of a Faun</title></unittitle>
						<unitid type="local_mss">3159638</unitid>
						<container type="box">1</container>
						<container type="folder">3</container>
					</did>
				</c02>
				<c02 level="file">
					<did>
						<unittitle><title>Aleko</title></unittitle>
						<unitdate type="inclusive" normal="1942-10/1945-10">1942 October-1945 October</unitdate>
						<unitid type="local_mss">3159639</unitid>
						<container type="box">1</container>
						<container type="folder">4-5</container>
					</did>
					<scopecontent>
						<p>Includes dancers Nora Kaye, André Eglevsky, and John Kriza.</p>
					</scopecontent>
				</c02>
				<c02 level="file">
					<did>
						<unittitle>Alonso, Alicia</unittitle>
						<unitdate type="inclusive" normal="1944-04">1944 April</unitdate>
						<unitid type="local_mss">3159640</unitid>
						<container type="box">1</container>
						<container type="folder">6</container>
					</did>
				</c02>
				<c02 level="file">
					<did>
						<unittitle>Antoine de Paris with dancers</unittitle>
						<unitdate type="inclusive" normal="1945">1945</unitdate>
						<unitid type="local_mss">3159641</unitid>
						<container type="box">1</container>
						<container type="folder">7</container>
					</did>
					<scopecontent>
						<p>Backstage photographs of celebrity hairstylist Antoine de Paris with dancers of the American Ballet
							Theatre.</p>
					</scopecontent>
				</c02>
				<c02 level="file">
					<did>
						<unittitle><title>Le Baiser de la Fée</title></unittitle>
						<unitid type="local_mss">3159642</unitid>
						<container type="box">1</container>
						<container type="folder">8</container>
					</did>
					<scopecontent>
						<p>Includes dancer Alicia Markova.</p>
					</scopecontent>
				</c02>
				<c02 level="file">
					<did>
						<unittitle>Banks, Margaret</unittitle>
						<unitid type="local_mss">3159643</unitid>
						<container type="box">1</container>
						<container type="folder">9</container>
					</did>
				</c02>
				<c02 level="file">
					<did>
						<unittitle><title>The Beloved</title></unittitle>
						<unitid type="local_mss">3159644</unitid>
						<container type="box">1</container>
						<container type="folder">10</container>
					</did>
				</c02>
				<c02 level="file">
					<did>
						<unittitle><title>Billy the Kid</title></unittitle>
						<unitdate type="inclusive" normal="1948-03">1948 March</unitdate>
						<unitid type="local_mss">3159645</unitid>
						<container type="box">1</container>
						<container type="folder">11</container>
					</did>
				</c02>
				<c02 level="file">
					<did>
						<unittitle><title>Bluebeard</title></unittitle>
						<unitdate type="inclusive" normal="1945-10">1945 October</unitdate>
						<unitid type="local_mss">3159646</unitid>
						<container type="box">2</container>
						<container type="folder">1-4</container>
					</did>
				</c02>
				<c02 level="file">
					<did>
						<unittitle><title>La Boutique Fantasque</title></unittitle>
						<unitid type="local_mss">3159647</unitid>
						<container type="box">2</container>
						<container type="folder">5</container>
					</did>
				</c02>
				<c02 level="file">
					<did>
						<unittitle>Bruhn, Erik</unittitle>
						<unitdate type="inclusive" normal="1949/1957">1949-1957</unitdate>
						<unitid type="local_mss">3159649</unitid>
						<container type="box">2</container>
						<container type="folder">6</container>
					</did>
				</c02>
				<c02 level="file">
					<did>
						<unittitle><title>Camille</title></unittitle>
						<unitdate type="inclusive" normal="1946-09">1946 September</unitdate>
						<unitid type="local_mss">3159650</unitid>
						<container type="box">2</container>
						<container type="folder">7-8</container>
					</did>
					<scopecontent>
						<p>Includes dancer Alicia Markova.</p>
					</scopecontent>
				</c02>
				<c02 level="file">
					<did>
						<unittitle><title>Capriccio Espagnol</title></unittitle>
						<unitid type="local_mss">3159651</unitid>
						<container type="box">2</container>
						<container type="folder">9</container>
					</did>
				</c02>
				<c02 level="file">
					<did>
						<unittitle><title>The Combat</title></unittitle>
						<unitdate type="inclusive" normal="1957-05">1957 May</unitdate>
						<unitid type="local_mss">3159652</unitid>
						<container type="box">2</container>
						<container type="folder">10</container>
					</did>
				</c02>
				<c02 level="file">
					<did>
						<unittitle>Conrad, Karen</unittitle>
						<unitid type="local_mss">3159653</unitid>
						<container type="box">2</container>
						<container type="folder">11</container>
					</did>
				</c02>
				<c02 level="file">
					<did>
						<unittitle>Dickson, Charles</unittitle>
						<unitid type="local_mss">3159654</unitid>
						<container type="box">3</container>
						<container type="folder">1</container>
					</did>
				</c02>
				<c02 level="file">
					<did>
						<unittitle><title>Dim Lustre</title></unittitle>
						<unitid type="local_mss">3159655</unitid>
						<container type="box">3</container>
						<container type="folder">2-3</container>
					</did>
					<scopecontent>
						<p>Includes dancers Hugh Laing, Nora Kaye, and Antony Tudor.</p>
					</scopecontent>
				</c02>
				<c02 level="file">
					<did>
						<unittitle><title>Don Domingo de Don Blas</title></unittitle>
						<unitdate type="inclusive" normal="1942-10-01">1942 October 1</unitdate>
						<unitid type="local_mss">3159657</unitid>
						<container type="box">3</container>
						<container type="folder">4</container>
					</did>
					<scopecontent>
						<p>Includes dancers Alicia Markova and Anton Dolin.</p>
					</scopecontent>
				</c02>
				<c02 level="file">
					<did>
						<unittitle><title>Don Quixote</title></unittitle>
						<unitid type="local_mss">3159659</unitid>
						<container type="box">3</container>
						<container type="folder">5</container>
					</did>
				</c02>
				<c02 level="file">
					<did>
						<unittitle>Eckl, Shirley</unittitle>
						<unitid type="local_mss">3159664</unitid>
						<container type="box">3</container>
						<container type="folder">6</container>
					</did>
				</c02>
				<c02 level="file">
					<did>
						<unittitle>Eglevsky, André</unittitle>
						<unitid type="local_mss">3159665</unitid>
						<container type="box">3</container>
						<container type="folder">7</container>
					</did>
				</c02>
				<c02 level="file">
					<did>
						<unittitle><title>Facsimile</title></unittitle>
						<unitid type="local_mss">3159666</unitid>
						<container type="box">3</container>
						<container type="folder">8</container>
					</did>
				</c02>
				<c02 level="file">
					<did>
						<unittitle><title>Fair at Sorochinsk</title></unittitle>
						<unitid type="local_mss">3159667</unitid>
						<container type="box">3</container>
						<container type="folder">9</container>
					</did>
				</c02>
				<c02 level="file">
					<did>
						<unittitle>Fallis, Barbara</unittitle>
						<unitid type="local_mss">3159668</unitid>
						<container type="box">3</container>
						<container type="folder">10</container>
					</did>
				</c02>
				<c02 level="file">
					<did>
						<unittitle><title>Fancy Free</title></unittitle>
						<unitid type="local_mss">3159669</unitid>
						<container type="box">3</container>
						<container type="folder">11-12</container>
					</did>
					<scopecontent>
						<p>Includes dancers John Kriza and Janet Reed.</p>
					</scopecontent>
				</c02>
				<c02 level="file">
					<did>
						<unittitle>Ferguson, Mildred</unittitle>
						<unitid type="local_mss">3159670</unitid>
						<container type="box">3</container>
						<container type="folder">13</container>
					</did>
				</c02>
				<c02 level="file">
					<did>
						<unittitle><title>La Fille Mal Gardée</title></unittitle>
						<unitdate type="inclusive" normal="1957-05">1957 May</unitdate>
						<unitid type="local_mss">3159671</unitid>
						<container type="box">3</container>
						<container type="folder">14</container>
					</did>
				</c02>
				<c02 level="file">
					<did>
						<unittitle><title>Firebird</title></unittitle>
						<unitdate type="inclusive" normal="1945-10">1945 October</unitdate>
						<unitid type="local_mss">3159672</unitid>
						<container type="box">3</container>
						<container type="folder">15-16</container>
					</did>
					<scopecontent>
						<p>Includes dancers Alicia Markova, Anton Dolin, Nora Kaye, and Dimitri Romanoff.</p>
					</scopecontent>
				</c02>
				<c02 level="file">
					<did>
						<unittitle><title>Gaîté Parisienne</title></unittitle>
						<unitdate type="inclusive" normal="1944-12">1944 December</unitdate>
						<unitid type="local_mss">3159673</unitid>
						<container type="box">4</container>
						<container type="folder">1</container>
					</did>
				</c02>
				<c02 level="file">
					<did>
						<unittitle><title>Gala Performance</title></unittitle>
						<unitid type="local_mss">3159675</unitid>
						<container type="box">4</container>
						<container type="folder">2</container>
					</did>
				</c02>
				<c02 level="file">
					<did>
						<unittitle>Gibson, Ian (portaits)</unittitle>
						<unitid type="local_mss">3159676</unitid>
						<container type="box">4</container>
						<container type="folder">3</container>
					</did>
				</c02>
				<c02 level="file">
					<did>
						<unittitle><title>Gift of the Magi</title></unittitle>
						<unitid type="local_mss">3159677</unitid>
						<container type="box">4</container>
						<container type="folder">4-5</container>
					</did>
					<scopecontent>
						<p>Includes dancer Nora Kaye.</p>
					</scopecontent>
				</c02>
				<c02 level="file">
					<did>
						<unittitle><title>Giselle</title></unittitle>
						<unitid type="local_mss">3159678</unitid>
						<container type="box">4</container>
						<container type="folder">6-7</container>
					</did>
					<scopecontent>
						<p>Includes dancers Alicia Markova and Eric Braun.</p>
					</scopecontent>
				</c02>
				<c02 level="file">
					<did>
						<unittitle><title>Graduation Ball</title></unittitle>
						<unitid type="local_mss">3159680</unitid>
						<container type="box">4</container>
						<container type="folder">8-11</container>
					</did>
					<scopecontent>
						<p>Includes dancers Tatiana Riabouchinska and Janet Reed.</p>
					</scopecontent>
				</c02>
				<c02 level="file">
					<did>
						<unittitle><title>Graziana</title></unittitle>
						<unitid type="local_mss">3159681</unitid>
						<container type="box">4</container>
						<container type="folder">12</container>
					</did>
					<scopecontent>
						<p>Includes dancers Nora Kaye, Alicia Alonso, and André Eglevsky.</p>
					</scopecontent>
				</c02>
				<c02 level="file">
					<did>
						<unittitle><title>Helen of Troy</title></unittitle>
						<unitid type="local_mss">3159683</unitid>
						<container type="box">4</container>
						<container type="folder">13-14</container>
					</did>
					<scopecontent>
						<p>Includes dancers Margaret Banks and Maria Karnilova.</p>
					</scopecontent>
				</c02>
				<c02 level="file">
					<did>
						<unittitle>Hobi, Frank W</unittitle>
						<unitid type="local_mss">3159684</unitid>
						<container type="box">5</container>
						<container type="folder">1</container>
					</did>
				</c02>
				<c02 level="file">
					<did>
						<unittitle>Hunt, Jean</unittitle>
						<unitid type="local_mss">3159686</unitid>
						<container type="box">5</container>
						<container type="folder">2</container>
					</did>
				</c02>
				<c02 level="file">
					<did>
						<unittitle><title>Interplay</title></unittitle>
						<unitid type="local_mss">3159687</unitid>
						<container type="box">5</container>
						<container type="folder">3</container>
					</did>
				</c02>
				<c02 level="file">
					<did>
						<unittitle>Kaye, Nora</unittitle>
						<unitid type="local_mss">3159688</unitid>
						<container type="box">5</container>
						<container type="folder">4</container>
					</did>
				</c02>
				<c02 level="file">
					<did>
						<unittitle>Kriza, John</unittitle>
						<unitid type="local_mss">3159689</unitid>
						<container type="box">5</container>
						<container type="folder">5</container>
					</did>
				</c02>
				<c02 level="file">
					<did>
						<unittitle>Laing, Hugh</unittitle>
						<unitid type="local_mss">3159690</unitid>
						<container type="box">5</container>
						<container type="folder">6</container>
					</did>
				</c02>
				<c02 level="file">
					<did>
						<unittitle>Lang, Harold</unittitle>
						<unitdate type="inclusive" normal="1944-11">1944 November</unitdate>
						<unitid type="local_mss">3159691</unitid>
						<container type="box">5</container>
						<container type="folder">7</container>
					</did>
				</c02>
				<c02 level="file">
					<did>
						<unittitle><title>Mademoiselle Angot</title></unittitle>
						<unitid type="local_mss">3159693</unitid>
						<container type="box">5</container>
						<container type="folder">8</container>
					</did>
					<scopecontent>
						<p>Includes dancer Nora Kaye.</p>
					</scopecontent>
				</c02>
				<c02 level="file">
					<did>
						<unittitle>Markova, Alicia</unittitle>
						<unitdate type="inclusive" normal="1943-10/1952-07">1943 October-1952 July</unitdate>
						<unitid type="local_mss">3159694</unitid>
						<container type="box">5</container>
						<container type="folder">9</container>
					</did>
				</c02>
				<c02 level="file">
					<did>
						<unittitle><title>Miss Julie</title></unittitle>
						<unitdate type="inclusive" normal="1958-10">1958 October</unitdate>
						<unitid type="local_mss">3159695</unitid>
						<container type="box">5</container>
						<container type="folder">10-11</container>
					</did>
					<scopecontent>
						<p>Includes dancers Violette Verdy and Erik Bruhn.</p>
					</scopecontent>
				</c02>
				<c02 level="file">
					<did>
						<unittitle><title>The Nutcracker</title></unittitle>
						<unitdate type="inclusive" normal="1946-09">1946 September</unitdate>
						<unitid type="local_mss">3159696</unitid>
						<container type="box">5</container>
						<container type="folder">12</container>
					</did>
				</c02>
				<c02 level="file">
					<did>
						<unittitle><title>On Stage!</title></unittitle>
						<unitid type="local_mss">3159699</unitid>
						<container type="box">6</container>
						<container type="folder">1</container>
					</did>
				</c02>
				<c02 level="file">
					<did>
						<unittitle>Osato, Sono</unittitle>
						<unitdate type="inclusive" normal="1945-02">1945 February</unitdate>
						<unitid type="local_mss">3159701</unitid>
						<container type="box">6</container>
						<container type="folder">2</container>
					</did>
				</c02>
				<c02 level="file">
					<did>
						<unittitle><title>Pas de Dix</title></unittitle>
						<unitdate type="inclusive" normal="1956-02">1956 February</unitdate>
						<unitid type="local_mss">3159702</unitid>
						<container type="box">6</container>
						<container type="folder">3</container>
					</did>
					<scopecontent>
						<p>Includes dancers Maria Tallchief and André Eglevsky.</p>
					</scopecontent>
				</c02>
				<c02 level="file">
					<did>
						<unittitle><title>Pas de Quatre</title></unittitle>
						<unitid type="local_mss">3159703</unitid>
						<container type="box">6</container>
						<container type="folder">4</container>
					</did>
				</c02>
				<c02 level="file">
					<did>
						<unittitle><title>Les Patineurs</title></unittitle>
						<unitid type="local_mss">3159704</unitid>
						<container type="box">6</container>
						<container type="folder">5</container>
					</did>
					<scopecontent>
						<p>Includes dancer John Kriza.</p>
					</scopecontent>
				</c02>
				<c02 level="file">
					<did>
						<unittitle><title>Pillar of Fire</title></unittitle>
						<unitid type="local_mss">3159705</unitid>
						<container type="box">6</container>
						<container type="folder">6</container>
					</did>
				</c02>
				<c02 level="file">
					<did>
						<unittitle><title>Princess Aurora</title></unittitle>
						<unitdate type="inclusive" normal="1947-09-11">1947 September 11</unitdate>
						<unitid type="local_mss">3159707</unitid>
						<container type="box">6</container>
						<container type="folder">7-8</container>
					</did>
				</c02>
				<c02 level="file">
					<did>
						<unittitle>Psota, Vania</unittitle>
						<unitid type="local_mss">3159709</unitid>
						<container type="box">7</container>
						<container type="folder">1</container>
					</did>
				</c02>
				<c02 level="file">
					<did>
						<unittitle>Reed, Janet</unittitle>
						<unitdate type="inclusive" normal="1943-09-29">1943 September 29</unitdate>
						<unitid type="local_mss">3159711</unitid>
						<container type="box">7</container>
						<container type="folder">2</container>
					</did>
				</c02>
				<c02 level="file">
					<did>
						<unittitle>Reed, Richard</unittitle>
						<unitid type="local_mss">3159712</unitid>
						<container type="box">7</container>
						<container type="folder">3</container>
					</did>
				</c02>
				<c02 level="file">
					<did>
						<unittitle>Robbins, Jerome</unittitle>
						<unitid type="local_mss">3159713</unitid>
						<container type="box">7</container>
						<container type="folder">4</container>
					</did>
				</c02>
				<c02 level="file">
					<did>
						<unittitle><title>Rodeo</title></unittitle>
						<unitid type="local_mss">3159714</unitid>
						<container type="box">7</container>
						<container type="folder">5</container>
					</did>
				</c02>
				<c02 level="file">
					<did>
						<unittitle><title>Romeo and Juliet</title></unittitle>
						<unitid type="local_mss">3159715</unitid>
						<container type="box">7</container>
						<container type="folder">6-7</container>
					</did>
					<scopecontent>
						<p>Includes dancers Nora Kaye and Hugh Laing.</p>
					</scopecontent>
				</c02>
				<c02 level="file">
					<did>
						<unittitle><title>Romantic Age</title></unittitle>
						<unitdate type="inclusive" normal="1942-10">1942 October</unitdate>
						<unitid type="local_mss">3159717</unitid>
						<container type="box">7</container>
						<container type="folder">8</container>
					</did>
					<scopecontent>
						<p>Includes dancers John Kriza, Alicia Markova, and Karen Conrad.</p>
					</scopecontent>
				</c02>
				<c02 level="file">
					<did>
						<unittitle><title>Russian Soldier</title></unittitle>
						<unitid type="local_mss">3159718</unitid>
						<container type="box">7</container>
						<container type="folder">9</container>
					</did>
				</c02>
				<c02 level="file">
					<did>
						<unittitle>Sabo, Rozsika</unittitle>
						<unitid type="local_mss">3159719</unitid>
						<container type="box">7</container>
						<container type="folder">10</container>
					</did>
				</c02>
				<c02 level="file">
					<did>
						<unittitle><title>Sebastian</title></unittitle>
						<unitid type="local_mss">3159720</unitid>
						<container type="box">7</container>
						<container type="folder">11</container>
					</did>
				</c02>
				<c02 level="file">
					<did>
						<unittitle>Semenoff, Simon</unittitle>
						<unitid type="local_mss">3159721</unitid>
						<container type="box">7</container>
						<container type="folder">12</container>
					</did>
				</c02>
				<c02 level="file">
					<did>
						<unittitle>Slavenska, Mia and Igor Youskevitch</unittitle>
						<unitid type="local_mss">3159722</unitid>
						<container type="box">7</container>
						<container type="folder">13</container>
					</did>
				</c02>
				<c02 level="file">
					<did>
						<unittitle><title>Le Spectre de la Rose</title></unittitle>
						<unitid type="local_mss">3159723</unitid>
						<container type="box">7</container>
						<container type="folder">14</container>
					</did>
				</c02>
				<c02 level="file">
					<did>
						<unittitle><title>Swan Lake</title></unittitle>
						<unitdate type="inclusive" normal="1946-09">1946 September</unitdate>
						<unitid type="local_mss">3159724</unitid>
						<container type="box">7</container>
						<container type="folder">15-16</container>
					</did>
				</c02>
				<c02 level="file">
					<did>
						<unittitle><title>Les Sylphides</title></unittitle>
						<unitid type="local_mss">3159725</unitid>
						<container type="box">8</container>
						<container type="folder">1</container>
					</did>
					<scopecontent>
						<p>Includes dancer Alicia Markova.</p>
					</scopecontent>
				</c02>
				<c02 level="file">
					<did>
						<unittitle><title>Tally Ho, or The Frail Quarry</title></unittitle>
						<unitdate type="inclusive" normal="1947-09">1947 September</unitdate>
						<unitid type="local_mss">3159726</unitid>
						<container type="box">8</container>
						<container type="folder">2</container>
					</did>
				</c02>
				<c02 level="file">
					<did>
						<unittitle><title>Theme and Variations</title></unittitle>
						<unitid type="local_mss">3159727</unitid>
						<container type="box">8</container>
						<container type="folder">3</container>
					</did>
				</c02>
				<c02 level="file">
					<did>
						<unittitle><title>Undertow</title></unittitle>
						<unitid type="local_mss">3159728</unitid>
						<container type="box">8</container>
						<container type="folder">4-5</container>
					</did>
				</c02>
				<c02 level="file">
					<did>
						<unittitle><title>Waltz Academy</title></unittitle>
						<unitid type="local_mss">3159729</unitid>
						<container type="box">8</container>
						<container type="folder">6</container>
					</did>
					<scopecontent>
						<p>Includes dancer Janet Reed, Alicia Alonso, and Fernando Alonso.</p>
					</scopecontent>
				</c02>
				<c02 level="file">
					<did>
						<unittitle><title>The Wanderer</title></unittitle>
						<unitid type="local_mss">3159730</unitid>
						<container type="box">8</container>
						<container type="folder">7</container>
					</did>
					<scopecontent>
						<p>Includes dancers Vera Zorina and Anton Dolin.</p>
					</scopecontent>
				</c02>
				<c02 level="file">
					<did>
						<unittitle>Wilcox, Virginia</unittitle>
						<unitid type="local_mss">3159731</unitid>
						<container type="box">8</container>
						<container type="folder">8</container>
					</did>
				</c02>
				<c02 level="file">
					<did>
						<unittitle>Youskevitch, Igor</unittitle>
						<unitid type="local_mss">3159732</unitid>
						<container type="box">8</container>
						<container type="folder">9-10</container>
					</did>
					<scopecontent>
						<p>Includes portraits of Youskevitch in his United States Navy uniform.</p>
					</scopecontent>
				</c02>
				<c02 level="file">
					<did>
						<unittitle>Youskevitch family</unittitle>
						<unitid type="local_mss">3159733</unitid>
						<container type="box">8</container>
						<container type="folder">11</container>
					</did>
				</c02>
				<c02 level="file">
					<did>
						<unittitle>Dressing rooms</unittitle>
						<unitdate type="inclusive" normal="1942-10/1943-10">1942 October-1943 October</unitdate>
						<unitid type="local_mss">3159734</unitid>
						<container type="box">8</container>
						<container type="folder">12</container>
					</did>
				</c02>
				<c02 level="file">
					<did>
						<unittitle>Rehearsals</unittitle>
						<unitid type="local_mss">3159735</unitid>
						<container type="box">8</container>
						<container type="folder">13</container>
					</did>
				</c02>
				<c02 level="file">
					<did>
						<unittitle>Unidentified negatives</unittitle>
						<unitid type="local_mss">3159737</unitid>
						<container type="box">9</container>
						<container type="folder">1</container>
					</did>
				</c02>
			</c01>
			<c01 level="file">
				<did>
					<unittitle>Ballet for America</unittitle>
					<unitdate type="inclusive" normal="1946-08/1946-09">1946 August-September</unitdate>
					<unitid type="local_mss">3159377</unitid>
					<container type="box">9</container>
					<container type="folder">2</container>
				</did>
			</c01>
			<c01 level="file">
				<did>
					<unittitle>Ballet International</unittitle>
					<unitdate type="inclusive" normal="1944/1946">1944-1946</unitdate>
					<unitid type="local_mss">3159376</unitid>
				</did>
				<c02 level="file">
					<did>
						<unittitle><title>Constantia</title></unittitle>
						<unitdate type="inclusive" normal="1946-10">1946 October</unitdate>
						<unitid type="local_mss">3159739</unitid>
						<container type="box">9</container>
						<container type="folder">3</container>
					</did>
				</c02>
				<c02 level="file">
					<did>
						<unittitle>Essen, Viola</unittitle>
						<unitdate type="inclusive" normal="1944-11-21">1944 November 21</unitdate>
						<unitid type="local_mss">3159741</unitid>
						<container type="box">9</container>
						<container type="folder">4</container>
					</did>
				</c02>
				<c02 level="file">
					<did>
						<unittitle><title>Mad Tristan</title></unittitle>
						<unitdate type="inclusive" normal="1944-12">1944 December</unitdate>
						<unitid type="local_mss">3159742</unitid>
						<container type="box">9</container>
						<container type="folder">5</container>
					</did>
				</c02>
				<c02 level="file">
					<did>
						<unittitle><title>The Mute Wife</title></unittitle>
						<unitid type="local_mss">3159743</unitid>
						<container type="box">9</container>
						<container type="folder">6</container>
					</did>
					<scopecontent>
						<p>Includes dancers Antonia Cobos, George Skibine, and Francisco Moncion.</p>
					</scopecontent>
				</c02>
				<c02 level="file">
					<did>
						<unittitle><title>Swan Lake</title></unittitle>
						<unitid type="local_mss">3159740</unitid>
						<container type="box">9</container>
						<container type="folder">7</container>
					</did>
				</c02>
				<c02 level="file">
					<did>
						<unittitle>Unidentified negatives</unittitle>
						<unitdate type="inclusive" normal="1944/1945" certainty="approximate">circa 1944-1945</unitdate>
						<unitid type="local_mss">3159744</unitid>
						<container type="box">9</container>
						<container type="folder">8</container>
					</did>
				</c02>
			</c01>
			<c01 level="file">
				<did>
					<unittitle>Ballet Russe de Monte Carlo</unittitle>
					<unitdate type="inclusive" normal="1942/1946">1942-1946</unitdate>
					<unitid type="local_mss">3159375</unitid>
				</did>
				<c02 level="file">
					<did>
						<unittitle><title>Le Baiser de la Fée</title></unittitle>
						<unitid type="local_mss">3159746</unitid>
						<container type="box">9</container>
						<container type="folder">9</container>
					</did>
					<scopecontent>
						<p>Includes dancers André Eglevsky and Alexandra Danilova.</p>
					</scopecontent>
				</c02>
				<c02 level="file">
					<did>
						<unittitle><title>Bacchanale</title></unittitle>
						<unitid type="local_mss">3159747</unitid>
						<container type="box">9</container>
						<container type="folder">10</container>
					</did>
					<scopecontent>
						<p>Costumes and sets designed by Salvador Dalí. Includes dancer Milada Mladova.</p>
					</scopecontent>
				</c02>
				<c02 level="file">
					<did>
						<unittitle>Baranova, Irina</unittitle>
						<unitdate type="inclusive" normal="1944-01/1945-08">1944 January-1945 August</unitdate>
						<unitid type="local_mss">3159748</unitid>
						<container type="box">9</container>
						<container type="folder">11-12</container>
					</did>
				</c02>
				<c02 level="file">
					<did>
						<unittitle><title>Bogatyri</title></unittitle>
						<unitid type="local_mss">3159749</unitid>
						<container type="box">10</container>
						<container type="folder">1</container>
					</did>
				</c02>
				<c02 level="file">
					<did>
						<unittitle>Bolender, Todd</unittitle>
						<unitdate type="inclusive" normal="1945-09">1945 September</unitdate>
						<unitid type="local_mss">3159750</unitid>
						<container type="box">10</container>
						<container type="folder">2</container>
					</did>
				</c02>
				<c02 level="file">
					<did>
						<unittitle><title>Cain and Abel</title></unittitle>
						<unitdate type="inclusive" normal="1946">1946</unitdate>
						<unitid type="local_mss">3159752</unitid>
						<container type="box">10</container>
						<container type="folder">3</container>
					</did>
				</c02>
				<c02 level="file">
					<did>
						<unittitle><title>Capriccio Espagnol</title></unittitle>
						<unitid type="local_mss">3159753</unitid>
						<container type="box">10</container>
						<container type="folder">4</container>
					</did>
				</c02>
				<c02 level="file">
					<did>
						<unittitle><title>Chopin Concerto</title></unittitle>
						<unitdate type="inclusive" normal="1942-09-28">1942 September 28</unitdate>
						<unitid type="local_mss">3159754</unitid>
						<container type="box">10</container>
						<container type="folder">5</container>
					</did>
				</c02>
				<c02 level="file">
					<did>
						<unittitle><title>Coppélia</title></unittitle>
						<unitid type="local_mss">3159755</unitid>
						<container type="box">10</container>
						<container type="folder">6</container>
					</did>
				</c02>
				<c02 level="file">
					<did>
						<unittitle><title>Devil's Holiday</title></unittitle>
						<unitid type="local_mss">3159756</unitid>
						<container type="box">10</container>
						<container type="folder">7-8</container>
					</did>
					<scopecontent>
						<p>Includes dancers Paul Petroff, Alexandra Danilova, Milada Mladova, and Marina Novikova.</p>
					</scopecontent>
				</c02>
				<c02 level="file">
					<did>
						<unittitle><title>Fantaisie Symphony</title></unittitle>
						<unitdate type="inclusive" normal="1946-10">1946 October</unitdate>
						<unitid type="local_mss">3159757</unitid>
						<container type="box">10</container>
						<container type="folder">9</container>
					</did>
				</c02>
				<c02 level="file">
					<did>
						<unittitle><title>Gaîté Parisienne</title></unittitle>
						<unitdate type="inclusive" normal="1942-10-13">1942 October 13</unitdate>
						<unitid type="local_mss">3159758</unitid>
						<container type="box">10</container>
						<container type="folder">10-11</container>
					</did>
				</c02>
				<c02 level="file">
					<did>
						<unittitle><title>Ghost Town</title></unittitle>
						<unitid type="local_mss">3159759</unitid>
						<container type="box">10</container>
						<container type="folder">12</container>
					</did>
				</c02>
				<c02 level="file">
					<did>
						<unittitle><title>Giselle</title></unittitle>
						<unitid type="local_mss">3159760</unitid>
						<container type="box">11</container>
						<container type="folder">1-3</container>
					</did>
					<scopecontent>
						<p>Includes dancers Alicia Markova, Anton Dolin, Mia Slavenska, and Tamara Toumanova.</p>
					</scopecontent>
				</c02>
				<c02 level="file">
					<did>
						<unittitle>Gollner, Nana</unittitle>
						<unitid type="local_mss">3159761</unitid>
						<container type="box">11</container>
						<container type="folder">4</container>
					</did>
				</c02>
				<c02 level="file">
					<did>
						<unittitle>Hightower, Rosella and André Eglevsky</unittitle>
						<unitid type="local_mss">3159762</unitid>
						<container type="box">11</container>
						<container type="folder">5</container>
					</did>
				</c02>
				<c02 level="file">
					<did>
						<unittitle>Krassovska, Natalie</unittitle>
						<unitid type="local_mss">3159763</unitid>
						<container type="box">11</container>
						<container type="folder">6</container>
					</did>
				</c02>
				<c02 level="file">
					<did>
						<unittitle><title>Labyrinth</title></unittitle>
						<unitid type="local_mss">3159764</unitid>
						<container type="box">11</container>
						<container type="folder">7</container>
					</did>
					<scopecontent>
						<p>Includes dancers Tamara Toumanova and Igor Youskevitch.</p>
					</scopecontent>
				</c02>
				<c02 level="file">
					<did>
						<unittitle><title>Magic Swan</title></unittitle>
						<unitid type="local_mss">3159765</unitid>
						<container type="box">11</container>
						<container type="folder">8</container>
					</did>
					<scopecontent>
						<p>Includes dancers Tamara Toumanova and Igor Youskevitch.</p>
					</scopecontent>
				</c02>
				<c02 level="file">
					<did>
						<unittitle>Massine family</unittitle>
						<unitdate type="inclusive" normal="1944-05-11">1944 May 11</unitdate>
						<unitid type="local_mss">3159766</unitid>
						<container type="box">11</container>
						<container type="folder">9</container>
					</did>
				</c02>
				<c02 level="file">
					<did>
						<unittitle>Mdalova, Milada</unittitle>
						<unitid type="local_mss">3159767</unitid>
						<container type="box">11</container>
						<container type="folder">10</container>
					</did>
				</c02>
				<c02 level="file">
					<did>
						<unittitle><title>The Mute Wife</title></unittitle>
						<unitdate type="inclusive" normal="1946-10">1946 October</unitdate>
						<unitid type="local_mss">3159768</unitid>
						<container type="box">11</container>
						<container type="folder">11</container>
					</did>
				</c02>
				<c02 level="file">
					<did>
						<unittitle><title>The New Yorker</title></unittitle>
						<unitid type="local_mss">3159769</unitid>
						<container type="box">11</container>
						<container type="folder">12</container>
					</did>
				</c02>
				<c02 level="file">
					<did>
						<unittitle><title>The Nutcracker</title></unittitle>
						<unitid type="local_mss">3159770</unitid>
						<container type="box">11</container>
						<container type="folder">13</container>
					</did>
				</c02>
				<c02 level="file">
					<did>
						<unittitle>Orloff family</unittitle>
						<unitdate type="inclusive" normal="1946">1946</unitdate>
						<unitid type="local_mss">3159771</unitid>
						<container type="box">11</container>
						<container type="folder">14</container>
					</did>
					<scopecontent>
						<p>Portraits of Nicholas, Nina, and Shurik Orloff.</p>
					</scopecontent>
				</c02>
				<c02 level="file">
					<did>
						<unittitle><title>Paganini</title></unittitle>
						<unitdate type="inclusive" normal="1946">1946</unitdate>
						<unitid type="local_mss">3159796</unitid>
						<container type="box">12</container>
						<container type="folder">1</container>
					</did>
				</c02>
				<c02 level="file">
					<did>
						<unittitle><title>Poker Game</title></unittitle>
						<unitid type="local_mss">3159797</unitid>
						<container type="box">12</container>
						<container type="folder">2</container>
					</did>
				</c02>
				<c02 level="file">
					<did>
						<unittitle><title>Prodigal Son</title></unittitle>
						<unitid type="local_mss">3159798</unitid>
						<container type="box">12</container>
						<container type="folder">3</container>
					</did>
				</c02>
				<c02 level="file">
					<did>
						<unittitle>Riabouchinskaya, Tania</unittitle>
						<unitdate type="inclusive" normal="1945-08">1945 August</unitdate>
						<unitid type="local_mss">3159799</unitid>
						<container type="box">12</container>
						<container type="folder">4</container>
					</did>
				</c02>
				<c02 level="file">
					<did>
						<unittitle><title>Rouge et Noir</title></unittitle>
						<unitid type="local_mss">3159800</unitid>
						<container type="box">12</container>
						<container type="folder">5</container>
					</did>
					<scopecontent>
						<p>Scenery and costumes by artist Henri Matisse.</p>
					</scopecontent>
				</c02>
				<c02 level="file">
					<did>
						<unittitle><title>Scheherazade</title></unittitle>
						<unitid type="local_mss">3159801</unitid>
						<container type="box">12</container>
						<container type="folder">6</container>
					</did>
				</c02>
				<c02 level="file">
					<did>
						<unittitle><title>Serenade</title></unittitle>
						<unitid type="local_mss">3159802</unitid>
						<container type="box">12</container>
						<container type="folder">7</container>
					</did>
				</c02>
				<c02 level="file">
					<did>
						<unittitle><title>Seventh Symphony</title></unittitle>
						<unitid type="local_mss">3159803</unitid>
						<container type="box">12</container>
						<container type="folder">8</container>
					</did>
				</c02>
				<c02 level="file">
					<did>
						<unittitle>Slavenska, Mia</unittitle>
						<unitid type="local_mss">3159804</unitid>
						<container type="box">12</container>
						<container type="folder">9-10</container>
					</did>
				</c02>
				<c02 level="file">
					<did>
						<unittitle>Slavenska, Mia and Michel Panieff</unittitle>
						<unitid type="local_mss">3159805</unitid>
						<container type="box">12</container>
						<container type="folder">11</container>
					</did>
				</c02>
				<c02 level="file">
					<did>
						<unittitle>Toumanova, Tamara</unittitle>
						<unitid type="local_mss">3159806</unitid>
						<container type="box">13</container>
						<container type="folder">1-2</container>
					</did>
				</c02>
				<c02 level="file">
					<did>
						<unittitle>Vallon, Jeanne and André Eglevsky</unittitle>
						<unitid type="local_mss">3159807</unitid>
						<container type="box">13</container>
						<container type="folder">3</container>
					</did>
				</c02>
				<c02 level="file">
					<did>
						<unittitle><title>Vienna, 1814</title></unittitle>
						<unitid type="local_mss">3159808</unitid>
						<container type="box">13</container>
						<container type="folder">4</container>
					</did>
				</c02>
				<c02 level="file">
					<did>
						<unittitle>Zorina, Vera</unittitle>
						<unitdate type="inclusive" normal="1945-02-02">1945 February 2</unitdate>
						<unitid type="local_mss">3159809</unitid>
						<container type="box">13</container>
						<container type="folder">5</container>
					</did>
				</c02>
				<c02 level="file">
					<did>
						<unittitle>Youskevtich, Anna</unittitle>
						<unitid type="local_mss">3159810</unitid>
						<container type="box">13</container>
						<container type="folder">6</container>
					</did>
				</c02>
			</c01>
			<c01 level="file">
				<did>
					<unittitle>Jooss Ballet</unittitle>
					<unitid type="local_mss">3159811</unitid>
					<container type="box">13</container>
					<container type="folder">7</container>
				</did>
			</c01>
			<c01 level="file">
				<did>
					<unittitle>Individuals</unittitle>
					<unitdate type="inclusive" normal="1934/1956">1934-1956</unitdate>
					<unitid type="local_mss">3159378</unitid>
				</did>
				<c02 level="file">
					<did>
						<unittitle>Adjemova, Sirena</unittitle>
						<unitid type="local_mss">3159812</unitid>
						<container type="box">13</container>
						<container type="folder">8</container>
					</did>
				</c02>
				<c02 level="file">
					<did>
						<unittitle>Amaya, Carmen</unittitle>
						<unitdate type="inclusive" normal="1956-06">1956 June</unitdate>
						<unitid type="local_mss">3159813</unitid>
						<container type="box">13</container>
						<container type="folder">9-10</container>
					</did>
				</c02>
				<c02 level="file">
					<did>
						<unittitle>La Argentinita</unittitle>
						<unitdate type="inclusive" normal="1945-07-02">1945 July 2</unitdate>
						<unitid type="local_mss">3159814</unitid>
						<container type="box">14</container>
						<container type="folder">1-4</container>
					</did>
					<scopecontent>
						<p>Includes the dancer in a production of <title>Pictures of Goya</title>.</p>
					</scopecontent>
				</c02>
				<c02 level="file">
					<did>
						<unittitle>Cartier, Jacques</unittitle>
						<unitdate type="inclusive" normal="1934-10">1934 October</unitdate>
						<unitid type="local_mss">3159815</unitid>
						<container type="box">14</container>
						<container type="folder">5</container>
					</did>
				</c02>
				<c02 level="file">
					<did>
						<unittitle>Deering, Jane</unittitle>
						<unitid type="local_mss">3159816</unitid>
						<container type="box">14</container>
						<container type="folder">6</container>
					</did>
				</c02>
				<c02 level="file">
					<did>
						<unittitle>Dunham, Katherine</unittitle>
						<unitdate type="inclusive" normal="1943-10-28">1943 October 28</unitdate>
						<unitid type="local_mss">3159817</unitid>
						<container type="box">14</container>
						<container type="folder">7-9</container>
					</did>
					<scopecontent>
						<p>Includes the dancer in a production of <title>Tropical Revue</title>.</p>
					</scopecontent>
				</c02>
				<c02 level="file">
					<did>
						<unittitle>Fokine, Michel</unittitle>
						<unitid type="local_mss">3159818</unitid>
						<container type="box">14</container>
						<container type="folder">10</container>
					</did>
				</c02>
				<c02 level="file">
					<did>
						<unittitle>Kirstein, Lincoln</unittitle>
						<unitdate type="inclusive" normal="1953-09">1953 September</unitdate>
						<unitid type="local_mss">3159819</unitid>
						<container type="box">14</container>
						<container type="folder">11</container>
					</did>
				</c02>
				<c02 level="file">
					<did>
						<unittitle>Linn, Bambi</unittitle>
						<unitid type="local_mss">3159820</unitid>
						<container type="box">14</container>
						<container type="folder">12</container>
					</did>
				</c02>
				<c02 level="file">
					<did>
						<unittitle>Patterson, Massie</unittitle>
						<unitdate type="inclusive" normal="1952-12-18/1954-03-31">1952 December 18-1954 March</unitdate>
						<unitid type="local_mss">3159821</unitid>
						<container type="box">15</container>
						<container type="folder">1</container>
					</did>
					<scopecontent>
						<p>Includes the dancer in a production of <title>Calypso Carousel</title>.</p>
					</scopecontent>
				</c02>
				<c02 level="file">
					<did>
						<unittitle>Premice, Josephine</unittitle>
						<unitdate type="inclusive" normal="1946-01-29">1946 January 29</unitdate>
						<unitid type="local_mss">3159822</unitid>
						<container type="box">15</container>
						<container type="folder">2</container>
					</did>
				</c02>
				<c02 level="file">
					<did>
						<unittitle>Reeves, Jeanne</unittitle>
						<unitid type="local_mss">3159823</unitid>
						<container type="box">15</container>
						<container type="folder">3</container>
					</did>
				</c02>
				<c02 level="file">
					<did>
						<unittitle>Ricarda, Ana</unittitle>
						<unitid type="local_mss">3159824</unitid>
						<container type="box">15</container>
						<container type="folder">4</container>
					</did>
				</c02>
				<c02 level="file">
					<did>
						<unittitle>St. Denis, Ruth</unittitle>
						<unitid type="local_mss">3159825</unitid>
						<container type="box">15</container>
						<container type="folder">5</container>
					</did>
				</c02>
				<c02 level="file">
					<did>
						<unittitle>Shankar, Uday and company</unittitle>
						<unitid type="local_mss">3159826</unitid>
						<container type="box">15</container>
						<container type="folder">6-7</container>
					</did>
				</c02>
			</c01>
			<c01 level="file">
				<did>
					<unittitle>Unidentified proofs</unittitle>
					<unitid type="local_mss">3159827</unitid>
					<container type="box">15</container>
					<container type="folder">8-9</container>
					<container type="box">16</container>
					<container type="folder">1-2</container>
				</did>
			</c01>
			<c01 level="file">
				<did>
					<unittitle>Unidentified negatives</unittitle>
					<unitid type="local_mss">3159828</unitid>
					<container type="box">16</container>
					<container type="folder">3-6</container>
					<container type="box">17</container>
				</did>
				<scopecontent>
					<p>Box 17 contains unidentified 35mm nitrate film.</p>
				</scopecontent>
				<accessrestrict>
					<p>Box 17 is closed for preservation purposes.</p>
				</accessrestrict>
			</c01>
		</dsc>
	</archdesc>
</ead>
