<?xml version="1.0" encoding="UTF-8"?>
<ead xmlns="urn:isbn:1-931666-22-9" xmlns:xsi="http://www.w3.org/2001/XMLSchema-instance"
	xmlns:xlink="http://www.w3.org/1999/xlink" xsi:schemaLocation="urn:isbn:1-931666-22-9 http://www.loc.gov/ead/ead.xsd">
	<eadheader countryencoding="iso3166-1" dateencoding="iso8601" langencoding="iso639-2b" repositoryencoding="iso15511"
		relatedencoding="marc" scriptencoding="iso8601">
		<eadid countrycode="US" mainagencycode="US-NN" url="http://archives.nypl.org/dan/24923.xml">dan24923.xml</eadid>
		<filedesc>
			<titlestmt>
				<titleproper>Guide to the Nancy Reynolds collection, <date>1980-2014</date></titleproper>
			</titlestmt>
			<publicationstmt>
				<publisher>The New York Public Library. Jerome Robbins Dance Division.</publisher>
				<address>
					<addressline>New York Public Library for the Performing Arts, Dorothy and Lewis B. Cullman Center</addressline>
					<addressline>40 Lincoln Center Plaza, New York, NY 10023-7498</addressline>
				</address>
			</publicationstmt>
		</filedesc>
		<profiledesc>
			<creation>EAD generated by archives.nypl.org on <date normal="2019-12-10">December 10, 2019</date></creation>
			<langusage><language langcode="eng">English</language></langusage>
		</profiledesc>
	</eadheader>

	<archdesc level="collection">
		<did>
			<unittitle>Nancy Reynolds collection</unittitle>
			<unitdate type="inclusive" normal="1980/2014">1980-2014</unitdate>
			<unitid type="local_mss">24923</unitid>
			<unitid type="local_call">(S) *MGZMD 503</unitid>
			<unitid type="local_b">b21978946</unitid>
			<origination><persname source="lcsh">Reynolds, Nancy, 1938-</persname></origination>
			<repository><corpname>The New York Public Library. Jerome Robbins Dance Division.</corpname><address>
					<addressline>New York Public Library for the Performing Arts, Dorothy and Lewis B. Cullman Center</addressline>
					<addressline>40 Lincoln Center Plaza, New York, NY 10023-7498</addressline>
				</address></repository>
			<physdesc><extent unit="containers">82 boxes</extent><extent unit="linear_feet">33.13 linear feet</extent></physdesc>
			<abstract>The Nancy Reynolds collection, dating from the 1980s to 2014 (bulk dates 1990s), primarily document the
				George Balanchine Foundation's commitment to continuing Balanchine's legacy as well as the day-to-day operations of
				this non-profit foundation. Nancy Reynolds is the director of the Foundation and is considered a leading authority
				on George Balanchine. The collection also contains files on the publication <title>No Fixed Points: Dance in the
					Twentieth Century</title> co-written with Malcolm McCormick.</abstract>
			<langmaterial>English</langmaterial>
		</did>
		<bioghist>
			<p>Nancy Reynolds (born 1938) is the director of the George Balanchine Foundation and considered the leading scholar
				on Balanchine ballets. The Foundation (incorporated in 1983) uses its legacy to advance the development of dance and
				its allied arts throughout the world. Reynolds, also an author, co-wrote with Malcolm McCormick, the book <title>No
					Fixed Points: Dance in the Twentieth Century</title> (2003).</p>
		</bioghist>
		<scopecontent>
			<p>The Nancy Reynolds papers, dating from the 1980s to 2014 (bulk dates 1990s), primarily document the George
				Balanchine Foundation's commitment to continuing Balanchine's legacy as well as the day-to-day operations of this
				non-profit foundation. The collection also contains files on the publication <title>No Fixed Points: Dance in the
					Twentieth Century</title>.</p>
			<p>The collection is arranged into two main groups, the George Balanchine Foundation files, and <title>No Fixed
					Points: Dance in the Twentieth Century files</title> files.</p>
			<p>The George Balanchine Foundation files document the taping of live performances through the George Balanchine
				Foundation Video Archives. Dancers who originated important Balanchine ballet roles were invited back to teach and
				choreograph. International artists include Maria Tallchief, Dame Alicia Markova, Arthur Mitchell, Frederic Franklin
				and Patricia Wilde.</p>
			<p>The files also document other major projects such as Popular Balanchine (Popular Balanchine Dossiers), which was
				designed to compile material about Balanchine's work as a choreographer and artistic collaborator for revues, the
				popular stage, and movies.</p>
			<p>Other files include correspondence; edited scripts and commentary; oral history transcripts; notes; press books;
				promotional materials; dance publications; performance and rehearsal photographs that feature Balanchine, and the
				New York City Ballet; and performance audio and video materials.</p>
			<p>The second group consists of files created during the research and preparation for the publication <title>No Fixed
					Points: Dance in the Twentieth Century</title>. The files hold extensive correspondence between Reynolds and her
				co-author Malcolm McCormick, correspondence with the publisher, promotional material, oral history transcripts,
				press clippings, and notes.</p>
			<p>Other materials not related to the foundation are Reynold's research files used for <title>Ballet, Bias and
					Belief: Three Pamphlets Collected and Other Dance Writings of Kirstein</title> (1983); and assorted photographs of
				dancers and performances.</p>
		</scopecontent>
		<prefercite>
			<p>Nancy Reynolds collection, (S) *MGZMD 503. Jerome Robbins Dance Division, The New York Public Library for the
				Performing Arts</p>
		</prefercite>
		<acqinfo>
			<p>The collection was donated by Nancy Reynolds, 2019.</p>
		</acqinfo>
		<processinfo>
			<p>Processed by <name>Valerie Wingfield</name> in <date>2019</date>.</p>
		</processinfo>
		<accessrestrict>
			<p>Some collections held by the Dance, Music, Recorded Sound, and Theatre Divisions at the New York Public Library
				for the Performing Arts are held off-site and must be requested in advance. Please check the collection records in
						<extref xlink:href="http://catalog.nypl.org/record=LPA_BNUMBER" xlink:type="simple" xlink:actuate="onRequest"
						>the NYPL's online catalog</extref> for detailed location information. For general guidance about requesting
				offsite materials, please consult: <extref
					xlink:href="https://www.nypl.org/about/locations/lpa/requesting-archival-materials" xlink:type="simple"
					xlink:actuate="onRequest">https://www.nypl.org/about/locations/lpa/requesting-archival-materials</extref></p>
			<p>Inquiries regarding audio and moving image materials in the collection may be directed to the Jerome Robbins Dance
				Division (dance@nypl.org). Audio and moving image materials will be subject to preservation assessment and migration
				prior to access.</p>
		</accessrestrict>
		<controlaccess>
			<persname role="subject" source="naf" authfilenumber="http://id.loc.gov/authorities/names/n50017594">Balanchine,
				George</persname>
			<persname role="aut" source="local">McCormick, Malcolm</persname>
			<persname source="lcsh" authfilenumber="http://id.loc.gov/authorities/names/n78095323">Reynolds, Nancy,
				1938-</persname>
			<corpname role="subject" source="naf" authfilenumber="http://id.loc.gov/authorities/names/nr94042287">George
				Balanchine Foundation</corpname>
			<subject source="lcsh">Ballet -- History -- 20th century</subject>
			<subject source="lcsh">Modern dance -- History -- 20th century</subject>
			<subject source="lcsh">Theatrical productions -- New York (State) -- New York -- 20th century</subject>
			<genreform source="aat" authfilenumber="http://id.loc.gov/authorities/names/300026867">Clippings (information
				artifacts)</genreform>
			<genreform source="aat" authfilenumber="http://id.loc.gov/authorities/names/300026931">Drafts (documents)</genreform>
		</controlaccess>
		<dsc>
			<c01 level="file">
				<did>
					<unittitle>George Balanchine Foundation files</unittitle>
					<unitid type="local_mss">3189811</unitid>
				</did>
				<c02 level="file">
					<did>
						<unittitle>Archives Videos Working folders</unittitle>
						<unitdate type="inclusive" normal="1994/1996">1994-1996</unitdate>
						<unitid type="local_mss">3189812</unitid>
					</did>
					<arrangement>
						<p>The files were previously arranged into groups. The files were arranged by the surname of the artist.</p>
					</arrangement>
					<c03 level="file">
						<did>
							<unittitle>Markova, Alicia</unittitle>
							<unitdate type="inclusive" normal="1995">1995</unitdate>
							<unitid type="local_mss">3189857</unitid>
							<container type="box">1</container>
							<container type="folder">1-10</container>
						</did>
						<scopecontent>
							<p><title>Le Chant du Rossignol</title>.</p>
						</scopecontent>
					</c03>
					<c03 level="file">
						<did>
							<unittitle><title>Mozartiana</title></unittitle>
							<unitdate type="inclusive" normal="1995/1996">1995-1996</unitdate>
							<unitid type="local_mss">3189894</unitid>
							<container type="box">2</container>
							<container type="folder">1-8</container>
						</did>
					</c03>
					<c03 level="file">
						<did>
							<unittitle>Nightingale Press</unittitle>
							<unitdate type="inclusive" normal="1995">1995</unitdate>
							<unitid type="local_mss">3189923</unitid>
							<container type="box">3</container>
							<container type="folder">1-2</container>
						</did>
					</c03>
					<c03 level="file">
						<did>
							<unittitle>Nonesuch Dance Collection</unittitle>
							<unitdate type="inclusive" normal="1995">1995</unitdate>
							<unitid type="local_mss">3189925</unitid>
							<container type="box">3</container>
							<container type="folder">3-4</container>
						</did>
					</c03>
					<c03 level="file">
						<did>
							<unittitle>Tallchief, Maria</unittitle>
							<unitid type="local_mss">3189936</unitid>
							<container type="box">3</container>
							<container type="folder">5-11</container>
							<container type="box">4</container>
							<container type="folder">1-7</container>
						</did>
						<scopecontent>
							<p>Five productions:<title>Firebird</title>, <title>Orpheus</title>, <title>The Four Temperaments</title>,
									<title>Nutcracker</title> and <title>Scotch Symphony</title>.</p>
						</scopecontent>
					</c03>
					<c03 level="file">
						<did>
							<unittitle>Wilde, Patricia</unittitle>
							<unitdate type="inclusive" normal="1995/1996">1995-1996</unitdate>
							<unitid type="local_mss">3189965</unitid>
							<container type="box">4</container>
							<container type="folder">8-11</container>
							<container type="box">5</container>
							<container type="folder">1</container>
						</did>
						<scopecontent>
							<p>Two productions:<title>Square Dance</title> and <title>Raymonda Variations</title>.</p>
						</scopecontent>
					</c03>
				</c02>
				<c02 level="file">
					<did>
						<unittitle>Archives Videos Working folders</unittitle>
						<unitdate type="inclusive" normal="1996/1999">1996-1999</unitdate>
						<unitid type="local_mss">3190083</unitid>
					</did>
					<c03 level="file">
						<did>
							<unittitle>Alonso, Alicia</unittitle>
							<unitdate type="inclusive" normal="1998">1998</unitdate>
							<unitid type="local_mss">3190084</unitid>
							<container type="box">5</container>
							<container type="folder">2-5</container>
						</did>
						<scopecontent>
							<p><title>Theme and Variations</title>.</p>
						</scopecontent>
					</c03>
					<c03 level="file">
						<did>
							<unittitle>Bolender, Todd</unittitle>
							<unitdate type="inclusive" normal="1997">1997</unitdate>
							<unitid type="local_mss">3190085</unitid>
							<container type="box">5</container>
							<container type="folder">6-8</container>
						</did>
						<scopecontent>
							<p><title>The Four Temperaments</title>.</p>
						</scopecontent>
					</c03>
					<c03 level="file">
						<did>
							<unittitle>Franklin, Frederic</unittitle>
							<unitdate type="inclusive" normal="1997/1999">1997-1999</unitdate>
							<unitid type="local_mss">3190086</unitid>
							<container type="box">6</container>
							<container type="folder">1-3</container>
						</did>
						<scopecontent>
							<p>Two productions <title>Raymonda I</title>, and <title>Raymonda II</title>.</p>
						</scopecontent>
					</c03>
					<c03 level="file">
						<did>
							<unittitle>Goldner, Nancy</unittitle>
							<unitdate type="inclusive" normal="1998">1998</unitdate>
							<unitid type="local_mss">3190087</unitid>
							<container type="box">6</container>
							<container type="folder">4</container>
						</did>
						<scopecontent>
							<p>The files hold information about lectures for on behalf of the Foundation.</p>
						</scopecontent>
					</c03>
					<c03 level="file">
						<did>
							<unittitle>Hayden, Melissa</unittitle>
							<unitdate type="inclusive" normal="1999">1999</unitdate>
							<unitid type="local_mss">3190088</unitid>
							<container type="box">6</container>
							<container type="folder">5-7</container>
						</did>
						<scopecontent>
							<p>Two productions: <title>Stars and Stripes</title> and <title>Donizetti Variations</title>.</p>
						</scopecontent>
					</c03>
					<c03 level="file">
						<did>
							<unittitle><title>Jeu de Cartes</title></unittitle>
							<unitid type="local_mss">3190090</unitid>
							<container type="box">6</container>
							<container type="folder">8</container>
						</did>
						<scopecontent>
							<p>The file indicates that the project was abandoned due to insufficient material.</p>
						</scopecontent>
					</c03>
					<c03 level="file">
						<did>
							<unittitle>Kent, Allegra</unittitle>
							<unitdate type="inclusive" normal="1999">1999</unitdate>
							<unitid type="local_mss">3190089</unitid>
							<container type="box">7</container>
							<container type="folder">1-5</container>
						</did>
						<scopecontent>
							<p>Two productions: <title>La Sonnambula</title> and <title>Bugaku</title>.</p>
						</scopecontent>
					</c03>
					<c03 level="file">
						<did>
							<unittitle>Marie-Jeanne, and Ashley, Merrill</unittitle>
							<unitdate type="inclusive" normal="1996">1996</unitdate>
							<unitid type="local_mss">3190091</unitid>
							<container type="box">7</container>
							<container type="folder">6-9</container>
						</did>
						<scopecontent>
							<p>Three productions: <title>Concerto Barocco</title>, <title>Ballet Imperial</title> and the <title>Russian
									Dance</title>.</p>
						</scopecontent>
					</c03>
					<c03 level="file">
						<did>
							<unittitle>Tallchief, Maria and Franklin, Frederic</unittitle>
							<unitdate type="inclusive" normal="1998">1998</unitdate>
							<unitid type="local_mss">3190092</unitid>
							<container type="box">8</container>
							<container type="folder">1-6</container>
						</did>
						<scopecontent>
							<p><title>Le Baiser de la fée</title>.</p>
						</scopecontent>
					</c03>
					<c03 level="file">
						<did>
							<unittitle>Tallchief, Maria</unittitle>
							<unitdate type="inclusive" normal="1997">1997</unitdate>
							<unitdate type="inclusive" normal="1999">1999</unitdate>
							<unitid type="local_mss">3190093</unitid>
							<container type="box">8</container>
							<container type="folder">7-10</container>
							<container type="box">9</container>
							<container type="folder">1-2</container>
						</did>
						<scopecontent>
							<p>Four productions:<title>Firebird</title>, <title>Swan Lake</title>, <title>Apollo</title> and <title>Pas de
									Dix</title>.</p>
						</scopecontent>
					</c03>
					<c03 level="file">
						<did>
							<unittitle>Tallchief, Maria and Tallchief, Marjorie</unittitle>
							<unitdate type="inclusive" normal="1998">1998</unitdate>
							<unitid type="local_mss">3190094</unitid>
							<container type="box">9</container>
							<container type="folder">3-4</container>
						</did>
						<scopecontent>
							<p><title>Allegro</title>.</p>
						</scopecontent>
					</c03>
				</c02>
				<c02 level="file">
					<did>
						<unittitle>Archives Videos Working folders</unittitle>
						<unitdate type="inclusive" normal="2000/2003">2000-2003</unitdate>
						<unitid type="local_mss">3190095</unitid>
					</did>
					<c03 level="file">
						<did>
							<unittitle>Bolender, Todd</unittitle>
							<unitdate type="inclusive" normal="2000">2000</unitdate>
							<unitid type="local_mss">3190096</unitid>
							<container type="box">9</container>
							<container type="folder">5-8</container>
							<container type="box">10</container>
							<container type="folder">1-4</container>
						</did>
						<scopecontent>
							<p>Two productions:<title>Renard</title> and <title>Renard II</title>.</p>
						</scopecontent>
					</c03>
					<c03 level="file">
						<did>
							<unittitle><title>Emeralds</title></unittitle>
							<unitdate type="inclusive" normal="2003">2003</unitdate>
							<unitid type="local_mss">3190097</unitid>
							<container type="box">10</container>
							<container type="folder">5-6</container>
						</did>
						<scopecontent>
							<p>The file indicates that Violette Verdy would coach the production.</p>
						</scopecontent>
					</c03>
					<c03 level="file">
						<did>
							<unittitle>Farrell, Suzanne</unittitle>
							<unitdate type="inclusive" normal="2001">2001</unitdate>
							<unitid type="local_mss">3190098</unitid>
							<container type="box">10</container>
							<container type="folder">7-8</container>
						</did>
						<scopecontent>
							<p>Two productions: <title>Movements for Piano and Orchestra</title> and <title>Monumentum pro
								Gesualdo</title>.</p>
						</scopecontent>
					</c03>
					<c03 level="file">
						<did>
							<unittitle>Franklin, Frederic</unittitle>
							<unitdate type="inclusive" normal="2000/2003">2000-2003</unitdate>
							<unitid type="local_mss">3190099</unitid>
							<container type="box">10</container>
							<container type="folder">9-11</container>
							<container type="box">11</container>
							<container type="folder">1-6</container>
						</did>
						<scopecontent>
							<p>Two productions: <title>Mozartiana</title> and <title>The Night Shadow</title>.</p>
						</scopecontent>
					</c03>
					<c03 level="file">
						<did>
							<unittitle>Leskova, Tatiana</unittitle>
							<unitdate type="inclusive" normal="2000/2002">2000-2002</unitdate>
							<unitid type="local_mss">3191909</unitid>
							<container type="box">11</container>
							<container type="folder">7-10</container>
						</did>
						<scopecontent>
							<p>The files concern her work with Balanchine.</p>
						</scopecontent>
					</c03>
					<c03 level="file">
						<did>
							<unittitle>Mann, Nancy</unittitle>
							<unitdate type="inclusive" normal="2001">2001</unitdate>
							<unitid type="local_mss">3190100</unitid>
							<container type="box">12</container>
							<container type="folder">1</container>
						</did>
						<scopecontent>
							<p><title>Reminiscence</title>.</p>
						</scopecontent>
					</c03>
					<c03 level="file">
						<did>
							<unittitle>Mitchell, Arthur</unittitle>
							<unitdate type="inclusive" normal="2001/2002">2001-2002</unitdate>
							<unitdate type="inclusive" normal="2006">2006</unitdate>
							<unitid type="local_mss">3190101</unitid>
							<container type="box">12</container>
							<container type="folder">2-4</container>
						</did>
						<scopecontent>
							<p>Pas de Deux from <title>Agon</title>.</p>
						</scopecontent>
					</c03>
					<c03 level="file">
						<did>
							<unittitle>Tomasson, Helgi</unittitle>
							<unitdate type="inclusive" normal="2003">2003</unitdate>
							<unitid type="local_mss">3190102</unitid>
							<container type="box">12</container>
							<container type="folder">5-6</container>
						</did>
						<scopecontent>
							<p><title>Divertimento</title> from <title>Le Baiser de la fée</title>.</p>
						</scopecontent>
					</c03>
					<c03 level="file">
						<did>
							<unittitle>Tschaikovsky's <title>Pas de Deux</title></unittitle>
							<unitdate type="inclusive" normal="2003">2003</unitdate>
							<unitid type="local_mss">3190103</unitid>
							<container type="box">12</container>
							<container type="folder">7</container>
						</did>
					</c03>
					<c03 level="file">
						<did>
							<unittitle>Von Arnoldingen, Karin</unittitle>
							<unitdate type="inclusive" normal="2000">2000</unitdate>
							<unitid type="local_mss">3190104</unitid>
							<container type="box">12</container>
							<container type="folder">8-9</container>
						</did>
						<scopecontent>
							<p><title>Davidsbundlertanze</title>.</p>
						</scopecontent>
					</c03>
				</c02>
				<c02 level="file">
					<did>
						<unittitle>Popular Balanchine I</unittitle>
						<unitdate type="inclusive" normal="1999/2010">1999-2010</unitdate>
						<unitid type="local_mss">3190105</unitid>
					</did>
					<scopecontent>
						<p>The files for Balanchine 1 and 2 are the working files for the project that eventually becomes the
								<title>Popular Balanchine Dossiers</title>. Claude Conyers served as project manager from 2000 to 2004.</p>
					</scopecontent>
					<c03 level="file">
						<did>
							<unittitle>Contacts</unittitle>
							<unitdate type="inclusive" normal="2000/2001">2000-2001</unitdate>
							<unitid type="local_mss">3190106</unitid>
							<container type="box">13</container>
							<container type="folder">1-2</container>
						</did>
					</c03>
					<c03 level="file">
						<did>
							<unittitle>Conyers, Claude</unittitle>
							<unitdate type="inclusive" normal="1999/2004">1999-2004</unitdate>
							<unitid type="local_mss">3190107</unitid>
							<container type="box">13</container>
							<container type="folder">3-6</container>
						</did>
						<scopecontent>
							<p>The files holds correspondence between Reynolds and Conyers regarding the project.</p>
						</scopecontent>
					</c03>
					<c03 level="file">
						<did>
							<unittitle>EBay Artifacts</unittitle>
							<unitdate type="inclusive" normal="2000">2000</unitdate>
							<unitid type="local_mss">3190108</unitid>
							<container type="box">13</container>
							<container type="folder">7</container>
						</did>
					</c03>
					<c03 level="file">
						<did>
							<unittitle>Entre'Acte</unittitle>
							<unitid type="local_mss">3190109</unitid>
							<container type="box">13</container>
							<container type="folder">8</container>
						</did>
					</c03>
					<c03 level="file">
						<did>
							<unittitle>Financial</unittitle>
							<unitdate type="inclusive" normal="2000/2004">2000-2004</unitdate>
							<unitid type="local_mss">3190111</unitid>
							<container type="box">14</container>
							<container type="folder">1</container>
						</did>
					</c03>
					<c03 level="file">
						<did>
							<unittitle>Guidelines for Popular Balanchine</unittitle>
							<unitdate type="inclusive" normal="2002/2010">2002-2010</unitdate>
							<unitid type="local_mss">3190112</unitid>
							<container type="box">14</container>
							<container type="folder">2</container>
						</did>
					</c03>
					<c03 level="file">
						<did>
							<unittitle>Hirschfeld, Al</unittitle>
							<unitdate type="inclusive" normal="2000">2000</unitdate>
							<unitid type="local_mss">3190110</unitid>
							<container type="box">14</container>
							<container type="folder">3</container>
						</did>
					</c03>
					<c03 level="file">
						<did>
							<unittitle>Initial Set Up for Project</unittitle>
							<unitdate type="inclusive" normal="1999/2000">1999-2000</unitdate>
							<unitid type="local_mss">3190119</unitid>
							<container type="box">14</container>
							<container type="folder">4</container>
						</did>
					</c03>
					<c03 level="file">
						<did>
							<unittitle>Interviews Regarding Popular Balanchine Oral History Project</unittitle>
							<unitdate type="inclusive" normal="2000/2005">2000-2005</unitdate>
							<unitid type="local_mss">3190113</unitid>
							<container type="box">14</container>
							<container type="folder">5-6</container>
						</did>
					</c03>
					<c03 level="file">
						<did>
							<unittitle>Kimball, Robert</unittitle>
							<unitdate type="inclusive" normal="2000">2000</unitdate>
							<unitid type="local_mss">3190114</unitid>
							<container type="box">14</container>
							<container type="folder">7</container>
						</did>
					</c03>
					<c03 level="file">
						<did>
							<unittitle>Library of Congress</unittitle>
							<unitdate type="inclusive" normal="2000/2004">2000-2004</unitdate>
							<unitid type="local_mss">3190115</unitid>
							<container type="box">14</container>
							<container type="folder">8</container>
						</did>
					</c03>
					<c03 level="file">
						<did>
							<unittitle>New York Public Library. Dance Division</unittitle>
							<unitdate type="inclusive" normal="2000/2005">2000-2005</unitdate>
							<unitid type="local_mss">3190116</unitid>
							<container type="box">15</container>
							<container type="folder">1</container>
						</did>
					</c03>
					<c03 level="file">
						<did>
							<unittitle>Overview of the Project</unittitle>
							<unitdate type="inclusive" normal="2004">2004</unitdate>
							<unitid type="local_mss">3190117</unitid>
							<container type="box">15</container>
							<container type="folder">2-4</container>
						</did>
						<scopecontent>
							<p>Book one of two. Dossier compiled by Claude Conyers.</p>
						</scopecontent>
					</c03>
					<c03 level="file">
						<did>
							<unittitle>Semi-Annual Report</unittitle>
							<unitdate type="inclusive" normal="2000/2001">2000-2001</unitdate>
							<unitid type="local_mss">3190118</unitid>
							<container type="box">15</container>
							<container type="folder">5</container>
						</did>
					</c03>
					<c03 level="file">
						<did>
							<unittitle>Society of Dance History Scholars Annual Conference</unittitle>
							<unitdate type="inclusive" normal="2000">2000</unitdate>
							<unitid type="local_mss">3190120</unitid>
							<container type="box">15</container>
							<container type="folder">6</container>
						</did>
					</c03>
					<c03 level="file">
						<did>
							<unittitle>University of Utah Ballet Department</unittitle>
							<unitdate type="inclusive" normal="2000">2000</unitdate>
							<unitid type="local_mss">3190121</unitid>
							<container type="box">15</container>
							<container type="folder">7</container>
						</did>
					</c03>
					<c03 level="file">
						<did>
							<unittitle>Slides from Historical Ballet Productions</unittitle>
							<unitid type="local_mss">3190122</unitid>
							<container type="box">15</container>
							<container type="folder">8-9</container>
						</did>
					</c03>
				</c02>
				<c02 level="file">
					<did>
						<unittitle>Popular Balanchine II</unittitle>
						<unitdate type="inclusive" normal="1992">1992</unitdate>
						<unitdate type="inclusive" normal="2000/2004">2000-2004</unitdate>
						<unitid type="local_mss">3190123</unitid>
					</did>
					<c03 level="file">
						<did>
							<unittitle>Conclusion Of Project</unittitle>
							<unitdate type="inclusive" normal="2004">2004</unitdate>
							<unitid type="local_mss">3190124</unitid>
							<container type="box">16</container>
							<container type="folder">1</container>
						</did>
					</c03>
					<c03 level="file">
						<did>
							<unittitle>Aldrich, Elizabeth</unittitle>
							<unitdate type="inclusive" normal="2000/2002">2000-2002</unitdate>
							<unitid type="local_mss">3190125</unitid>
							<container type="box">16</container>
							<container type="folder">2</container>
						</did>
						<scopecontent>
							<p><title>Mr. Strauss Goes to Boston</title>.</p>
						</scopecontent>
					</c03>
					<c03 level="file">
						<did>
							<unittitle>Banes, Sally</unittitle>
							<unitdate type="inclusive" normal="2000/2005">2000-2005.</unitdate>
							<unitid type="local_mss">3190126</unitid>
							<container type="box">16</container>
							<container type="folder">3</container>
						</did>
						<scopecontent>
							<p><title>The Ballad of the Elephants</title>.</p>
						</scopecontent>
					</c03>
					<c03 level="file">
						<did>
							<unittitle>Caines, Christopher</unittitle>
							<unitdate type="inclusive" normal="2000/2002">2000-2002</unitdate>
							<unitid type="local_mss">3190127</unitid>
							<container type="box">16</container>
							<container type="folder">4</container>
						</did>
						<scopecontent>
							<p><title>What's Up</title>.</p>
						</scopecontent>
					</c03>
					<c03 level="file">
						<did>
							<unittitle>Chazzin-Bennahum, Judith</unittitle>
							<unitdate type="inclusive" normal="2000/2002">2000-2002</unitdate>
							<unitid type="local_mss">3190128</unitid>
							<container type="box">16</container>
							<container type="folder">5-6</container>
						</did>
						<scopecontent>
							<p>Two productions: <title>Orphée aux Enfers</title> and <title>Courtin Time</title>.</p>
						</scopecontent>
					</c03>
					<c03 level="file">
						<did>
							<unittitle>Conyers, Claude</unittitle>
							<unitdate type="inclusive" normal="2004">2004</unitdate>
							<unitid type="local_mss">3190129</unitid>
							<container type="box">16</container>
							<container type="folder">7</container>
						</did>
						<scopecontent>
							<p><title>Balieff's Chauve-Souris</title>.</p>
						</scopecontent>
					</c03>
					<c03 level="file">
						<did>
							<unittitle>DeFranz, Thomas</unittitle>
							<unitdate type="inclusive" normal="2001">2001</unitdate>
							<unitid type="local_mss">3190130</unitid>
							<container type="box">16</container>
							<container type="folder">8-10</container>
						</did>
						<scopecontent>
							<p><title>House of Flowers</title>.</p>
						</scopecontent>
					</c03>
					<c03 level="file">
						<did>
							<unittitle>Dorris, George</unittitle>
							<unitdate type="inclusive" normal="2000/2004">2000-2004</unitdate>
							<unitid type="local_mss">3190131</unitid>
							<container type="box">17</container>
							<container type="folder">1-2</container>
						</did>
						<scopecontent>
							<p><title>The Merry Widow</title>.</p>
						</scopecontent>
					</c03>
					<c03 level="file">
						<did>
							<unittitle>Fullington, Doug</unittitle>
							<unitdate type="inclusive" normal="1999/2002">1999-2002</unitdate>
							<unitid type="local_mss">3190132</unitid>
							<container type="box">17</container>
							<container type="folder">3</container>
						</did>
						<scopecontent>
							<p><title>Dream With Music</title>.</p>
						</scopecontent>
					</c03>
					<c03 level="file">
						<did>
							<unittitle>Garafola, Lynn</unittitle>
							<unitdate type="inclusive" normal="2000/2002">2000-2002</unitdate>
							<unitid type="local_mss">3190133</unitid>
							<container type="box">17</container>
							<container type="folder">4</container>
						</did>
						<scopecontent>
							<p>Hollywood Hills (general topic).</p>
						</scopecontent>
					</c03>
					<c03 level="file">
						<did>
							<unittitle>Genne, Beth and Hill, Constance</unittitle>
							<unitdate type="inclusive" normal="2000/2002">2000-2002</unitdate>
							<unitid type="local_mss">3190134</unitid>
							<container type="box">17</container>
							<container type="folder">5-6</container>
							<container type="box">18</container>
							<container type="folder">1-2</container>
						</did>
						<scopecontent>
							<p>General topic on Hollywood films.</p>
						</scopecontent>
					</c03>
					<c03 level="file">
						<did>
							<unittitle>Hardy, Camille</unittitle>
							<unitdate type="inclusive" normal="2001/2005">2001-2005</unitdate>
							<unitid type="local_mss">3190135</unitid>
							<container type="box">18</container>
							<container type="folder">3</container>
						</did>
						<scopecontent>
							<p><title>Stars in Your Eyes</title>.</p>
						</scopecontent>
					</c03>
					<c03 level="file">
						<did>
							<unittitle>Hill, Constance Valis</unittitle>
							<unitdate type="inclusive" normal="1999/2000">1999-2000</unitdate>
							<unitid type="local_mss">3190136</unitid>
							<container type="box">18</container>
							<container type="folder">4-7</container>
						</did>
						<scopecontent>
							<p><title>Cabin in the Sky</title>.</p>
						</scopecontent>
					</c03>
					<c03 level="file">
						<did>
							<unittitle>Hunt, Marilyn</unittitle>
							<unitdate type="inclusive" normal="2000/2001">2000-2001</unitdate>
							<unitid type="local_mss">3190137</unitid>
							<container type="box">19</container>
							<container type="folder">1</container>
						</did>
						<scopecontent>
							<p><title>Louisiana Purchase</title>.</p>
						</scopecontent>
					</c03>
					<c03 level="file">
						<did>
							<unittitle>Leopold, David</unittitle>
							<unitdate type="inclusive" normal="1999/2002">1999-2002</unitdate>
							<unitid type="local_mss">3190138</unitid>
							<container type="box">19</container>
							<container type="folder">2-3</container>
						</did>
						<scopecontent>
							<p><title>The Boys From Syracuse</title>.</p>
						</scopecontent>
					</c03>
					<c03 level="file">
						<did>
							<unittitle>Mattingly, Kate</unittitle>
							<unitdate type="inclusive" normal="2000/2002">2000-2002</unitdate>
							<unitid type="local_mss">3190139</unitid>
							<container type="box">19</container>
							<container type="folder">4</container>
						</did>
						<scopecontent>
							<p><title>Keep Off the Grass</title>.</p>
						</scopecontent>
					</c03>
					<c03 level="file">
						<did>
							<unittitle>Newman, Barbara</unittitle>
							<unitdate type="inclusive" normal="2000/2002">2000-2002</unitdate>
							<unitid type="local_mss">3190140</unitid>
							<container type="box">19</container>
							<container type="folder">5</container>
						</did>
						<scopecontent>
							<p><title>Dark Red Roses</title>.</p>
						</scopecontent>
					</c03>
					<c03 level="file">
						<did>
							<unittitle>Palfry, Barbara</unittitle>
							<unitdate type="inclusive" normal="2000/2002">2000-2002</unitdate>
							<unitid type="local_mss">3190141</unitid>
							<container type="box">19</container>
							<container type="folder">6</container>
						</did>
					</c03>
					<c03 level="file">
						<did>
							<unittitle>Researchers</unittitle>
							<unitdate type="inclusive" normal="2000/2001">2000-2001</unitdate>
							<unitid type="local_mss">3190142</unitid>
							<container type="box">19</container>
							<container type="folder">7</container>
						</did>
						<scopecontent>
							<p>General Information.</p>
						</scopecontent>
					</c03>
					<c03 level="file">
						<did>
							<unittitle>Ross, Janice and Slavonia, Catherine Ryan</unittitle>
							<unitdate type="inclusive" normal="2000/2005">2000-2005</unitdate>
							<unitid type="local_mss">3190143</unitid>
							<container type="box">19</container>
							<container type="folder">8</container>
						</did>
						<scopecontent>
							<p><title>Song of Norway: Dances by Balanchine</title>.</p>
						</scopecontent>
					</c03>
					<c03 level="file">
						<did>
							<unittitle>Sommer, Sally</unittitle>
							<unitdate type="inclusive" normal="2000/2002">2000-2002</unitdate>
							<unitid type="local_mss">3190144</unitid>
							<container type="box">19</container>
							<container type="folder">9</container>
						</did>
						<scopecontent>
							<p><title>Where's Charley?</title></p>
						</scopecontent>
					</c03>
					<c03 level="file">
						<did>
							<unittitle>Vaughn, David</unittitle>
							<unitdate type="inclusive" normal="2000/2002">2000-2002</unitdate>
							<unitid type="local_mss">3190145</unitid>
							<container type="box">19</container>
							<container type="folder">10</container>
						</did>
					</c03>
					<c03 level="file">
						<did>
							<unittitle>Zorina, Peru</unittitle>
							<unitdate type="inclusive" normal="1992">1992</unitdate>
							<unitdate type="inclusive" normal="2000/2005">2000-2005</unitdate>
							<unitid type="local_mss">3190146</unitid>
							<container type="box">19</container>
							<container type="folder">11-12</container>
						</did>
						<scopecontent>
							<p>The file also holds some correspondence from the 1990s for a potential Zorina project not related to the
								Balanchine Project.</p>
						</scopecontent>
					</c03>
				</c02>
				<c02 level="file">
					<did>
						<unittitle>New York Public Library. Library of Performing Arts</unittitle>
						<unitdate type="inclusive" normal="1994/2004">1994-2004</unitdate>
						<unitid type="local_mss">3190147</unitid>
					</did>
					<c03 level="file">
						<did>
							<unittitle>Correspondence</unittitle>
							<unitdate type="inclusive" normal="1994/2004">1994-2004</unitdate>
							<unitid type="local_mss">3191093</unitid>
							<container type="box">20</container>
							<container type="folder">1-5</container>
						</did>
					</c03>
					<c03 level="file">
						<did>
							<unittitle>Dance Text</unittitle>
							<unitdate type="inclusive" normal="2000/2004">2000-2004</unitdate>
							<unitid type="local_mss">3191076</unitid>
							<container type="box">20</container>
							<container type="folder">6</container>
						</did>
					</c03>
					<c03 level="file">
						<did>
							<unittitle>Endowment Party</unittitle>
							<unitdate type="inclusive" normal="1994">1994</unitdate>
							<unitid type="local_mss">3191094</unitid>
							<container type="box">20</container>
							<container type="folder">7</container>
						</did>
					</c03>
					<c03 level="file">
						<did>
							<unittitle>George Balanchine Centennial</unittitle>
							<unitdate type="inclusive" normal="2004">2004</unitdate>
							<unitid type="local_mss">3191075</unitid>
							<container type="box">20</container>
							<container type="folder">8-9</container>
						</did>
					</c03>
					<c03 level="file">
						<did>
							<unittitle>Graphic Designs for Promotional Materials</unittitle>
							<unitid type="local_mss">3191095</unitid>
							<container type="box">21</container>
							<container type="folder">1-2</container>
						</did>
					</c03>
					<c03 level="file">
						<did>
							<unittitle>Guggenheim Museum Exhibits</unittitle>
							<unitdate type="inclusive" normal="2003/2004">2003-2004</unitdate>
							<unitid type="local_mss">3191096</unitid>
							<container type="box">21</container>
							<container type="folder">3-8</container>
						</did>
					</c03>
					<c03 level="file">
						<did>
							<unittitle>Jordan, Stephanie</unittitle>
							<unitdate type="inclusive" normal="2000/2010">2000-2010</unitdate>
							<unitid type="local_mss">3191077</unitid>
						</did>
						<scopecontent>
							<p>Most of the files are about Jordan's videotape <title>Music Dances: Balanchine Choreographs
								Stravinsky</title>.</p>
						</scopecontent>
						<c04 level="file">
							<did>
								<unittitle>Correspondence</unittitle>
								<unitdate type="inclusive" normal="2001/2003">2001-2003</unitdate>
								<unitid type="local_mss">3191078</unitid>
								<container type="box">22</container>
								<container type="folder">1-5</container>
							</did>
						</c04>
						<c04 level="file">
							<did>
								<unittitle>Financial</unittitle>
								<unitdate type="inclusive" normal="2000/2003">2000-2003</unitdate>
								<unitid type="local_mss">3191079</unitid>
								<container type="box">22</container>
								<container type="folder">6</container>
							</did>
						</c04>
						<c04 level="file">
							<did>
								<unittitle>Marketing</unittitle>
								<unitdate type="inclusive" normal="2002/2010">2002-2010</unitdate>
								<unitid type="local_mss">3191080</unitid>
								<container type="box">22</container>
								<container type="folder">7</container>
								<container type="box">23</container>
								<container type="folder">1-3</container>
							</did>
						</c04>
						<c04 level="file">
							<did>
								<unittitle>Music Dances Project</unittitle>
								<unitdate type="inclusive" normal="2000/2010">2000-2010</unitdate>
								<unitid type="local_mss">3191081</unitid>
								<container type="box">23</container>
								<container type="folder">4-7</container>
							</did>
						</c04>
						<c04 level="file">
							<did>
								<unittitle>Production. Technical Information</unittitle>
								<unitdate type="inclusive" normal="2001">2001</unitdate>
								<unitid type="local_mss">3191084</unitid>
								<container type="box">23</container>
								<container type="folder">8</container>
							</did>
						</c04>
						<c04 level="file">
							<did>
								<unittitle>Reception in London</unittitle>
								<unitdate type="inclusive" normal="2002">2002</unitdate>
								<unitid type="local_mss">3191083</unitid>
								<container type="box">24</container>
								<container type="folder">1-2</container>
							</did>
						</c04>
						<c04 level="file">
							<did>
								<unittitle>Reception in New York City</unittitle>
								<unitdate type="inclusive" normal="2003">2003</unitdate>
								<unitid type="local_mss">3191082</unitid>
								<container type="box">24</container>
								<container type="folder">3-4</container>
							</did>
						</c04>
						<c04 level="file">
							<did>
								<unittitle>Reviews</unittitle>
								<unitdate type="inclusive" normal="2003">2003</unitdate>
								<unitid type="local_mss">3191085</unitid>
								<container type="box">24</container>
								<container type="folder">5</container>
							</did>
						</c04>
						<c04 level="file">
							<did>
								<unittitle>Scheduling</unittitle>
								<unitdate type="inclusive" normal="2000/2001">2000-2001</unitdate>
								<unitid type="local_mss">3191086</unitid>
								<container type="box">24</container>
								<container type="folder">6-7</container>
							</did>
						</c04>
						<c04 level="file">
							<did>
								<unittitle>Stravinsky and Ashton Video Project</unittitle>
								<unitdate type="inclusive" normal="2003">2003</unitdate>
								<unitid type="local_mss">3191087</unitid>
								<container type="box">24</container>
								<container type="folder">8</container>
							</did>
						</c04>
					</c03>
					<c03 level="file">
						<did>
							<unittitle>New York City Ballet Programs in Japan</unittitle>
							<unitid type="local_mss">3191088</unitid>
							<container type="box">25</container>
							<container type="folder">1</container>
						</did>
						<scopecontent>
							<p>Photocopies of programs</p>
						</scopecontent>
					</c03>
					<c03 level="file">
						<did>
							<unittitle>Ney, Joanna</unittitle>
							<unitdate type="inclusive" normal="2004">2004</unitdate>
							<unitid type="local_mss">3191089</unitid>
							<container type="box">25</container>
							<container type="folder">2</container>
						</did>
					</c03>
					<c03 level="file">
						<did>
							<unittitle>Popular Balanchine Benefit</unittitle>
							<unitdate type="inclusive" normal="2003">2003</unitdate>
							<unitid type="local_mss">3191091</unitid>
							<container type="box">25</container>
							<container type="folder">3</container>
						</did>
					</c03>
					<c03 level="file">
						<did>
							<unittitle>Press Kits</unittitle>
							<unitdate type="inclusive" normal="1990/2000">1990-2000</unitdate>
							<unitid type="local_mss">3191099</unitid>
							<container type="box">25</container>
							<container type="folder">4-9</container>
						</did>
					</c03>
					<c03 level="file">
						<did>
							<unittitle>Press Release</unittitle>
							<unitdate type="inclusive" normal="2008">2008</unitdate>
							<unitid type="local_mss">3191103</unitid>
							<container type="box">26</container>
							<container type="folder">1</container>
						</did>
					</c03>
					<c03 level="file">
						<did>
							<unittitle>Promotional Materials</unittitle>
							<unitdate type="inclusive" normal="1990/1999">1990s</unitdate>
							<unitid type="local_mss">3191110</unitid>
							<container type="box">26</container>
							<container type="folder">2-4</container>
						</did>
					</c03>
					<c03 level="file">
						<did>
							<unittitle>Video Archives Launch at Dance Heritage Site</unittitle>
							<unitdate type="inclusive" normal="1997">1997</unitdate>
							<unitid type="local_mss">3191112</unitid>
							<container type="box">26</container>
							<container type="folder">5</container>
						</did>
					</c03>
					<c03 level="file">
						<did>
							<unittitle><title>Wall to Wall George Balanchine</title></unittitle>
							<unitdate type="inclusive" normal="2004">2004</unitdate>
							<unitid type="local_mss">3191090</unitid>
							<container type="box">26</container>
							<container type="folder">6</container>
						</did>
					</c03>
					<c03 level="file">
						<did>
							<unittitle>Website Development</unittitle>
							<unitdate type="inclusive" normal="2000/2003">2000-2003</unitdate>
							<unitid type="local_mss">3191092</unitid>
							<container type="box">26</container>
							<container type="folder">7-9</container>
						</did>
					</c03>
				</c02>
				<c02 level="file">
					<did>
						<unittitle>Press Archives</unittitle>
						<unitdate type="inclusive" normal="1994/2005">1994-2005</unitdate>
						<unitid type="local_mss">3191119</unitid>
					</did>
					<c03 level="file">
						<did>
							<unittitle>Clippings</unittitle>
							<unitdate type="inclusive" normal="1994/2005">1994-2005</unitdate>
							<unitid type="local_mss">3191122</unitid>
							<container type="box">27</container>
							<container type="folder">1-8</container>
							<container type="box">28</container>
							<container type="folder">1-9</container>
						</did>
					</c03>
				</c02>
				<c02 level="file">
					<did>
						<unittitle>Nancy Remick Reynolds Endowment Guest Book</unittitle>
						<unitdate type="inclusive" normal="1994">1994</unitdate>
						<unitid type="local_mss">3191165</unitid>
						<container type="box">28</container>
						<container type="folder">10</container>
					</did>
				</c02>
				<c02 level="file">
					<did>
						<unittitle>Contact Sheets and Negatives</unittitle>
						<unitdate type="inclusive" normal="1996/1999">1996-1999</unitdate>
						<unitid type="local_mss">3191386</unitid>
					</did>
					<scopecontent>
						<p>The files hold contact sheets and negatives generated from the George Balanchine Video Project.</p>
					</scopecontent>
					<c03 level="file">
						<did>
							<unittitle>Alonso, Alicia</unittitle>
							<unitdate type="inclusive" normal="1998">1998</unitdate>
							<unitid type="local_mss">3191387</unitid>
							<container type="box">40</container>
							<container type="folder">1</container>
						</did>
						<scopecontent>
							<p><title>Themes and Variations.</title></p>
						</scopecontent>
					</c03>
					<c03 level="file">
						<did>
							<unittitle>Bolander, Todd</unittitle>
							<unitdate type="inclusive" normal="1997">1997</unitdate>
							<unitid type="local_mss">3191388</unitid>
							<container type="box">40</container>
							<container type="folder">3-4</container>
						</did>
						<scopecontent>
							<p><title>The Four Temperaments</title> and <title>Renard</title></p>
						</scopecontent>
					</c03>
					<c03 level="file">
						<did>
							<unittitle>Franklin, Frederic</unittitle>
							<unitdate type="inclusive" normal="1996">1996</unitdate>
							<unitid type="local_mss">3191389</unitid>
							<container type="box">41</container>
							<container type="folder">1--4</container>
						</did>
						<scopecontent>
							<p>Three productions: <title>Mozartiana</title>, <title>Raymonda</title> and <title>La Sonnambula</title>.</p>
						</scopecontent>
					</c03>
					<c03 level="file">
						<did>
							<unittitle><title>Jeu de Cartes</title></unittitle>
							<unitid type="local_mss">3191390</unitid>
							<container type="box">42</container>
							<container type="folder">1</container>
						</did>
					</c03>
					<c03 level="file">
						<did>
							<unittitle>Kent, Allegra</unittitle>
							<unitdate type="inclusive" normal="1999">1999</unitdate>
							<unitid type="local_mss">3191392</unitid>
							<container type="box">42</container>
							<container type="folder">2</container>
						</did>
						<scopecontent>
							<p><title>La Sonnambula,</title> and <title>Bugaku.</title></p>
						</scopecontent>
					</c03>
					<c03 level="file">
						<did>
							<unittitle>Mann, Nancy</unittitle>
							<unitid type="local_mss">3191393</unitid>
							<container type="box">42</container>
							<container type="folder">3</container>
						</did>
					</c03>
					<c03 level="file">
						<did>
							<unittitle>Marie-Jeanne, Ashley, Merrill</unittitle>
							<unitdate type="inclusive" normal="1996">1996</unitdate>
							<unitid type="local_mss">3191394</unitid>
							<container type="box">42</container>
							<container type="folder">4</container>
						</did>
					</c03>
					<c03 level="file">
						<did>
							<unittitle>Markova, Alicia</unittitle>
							<unitdate type="inclusive" normal="1995">1995</unitdate>
							<unitid type="local_mss">3191396</unitid>
							<container type="box">42</container>
							<container type="folder">5</container>
						</did>
						<scopecontent>
							<p><title>Chant de Rossignol</title></p>
						</scopecontent>
					</c03>
					<c03 level="file">
						<did>
							<unittitle>Tallchief, Maria</unittitle>
							<unitid type="local_mss">3191398</unitid>
							<container type="box">43</container>
							<container type="folder">1-4</container>
						</did>
						<scopecontent>
							<p>The files reflect several of Tallchief's works.</p>
						</scopecontent>
					</c03>
					<c03 level="file">
						<did>
							<unittitle>Von Arnoldingen, Karin</unittitle>
							<unitdate type="inclusive" normal="2000">2000</unitdate>
							<unitid type="local_mss">3191399</unitid>
							<container type="box">43</container>
							<container type="folder">5</container>
						</did>
					</c03>
					<c03 level="file">
						<did>
							<unittitle>Wilde, Patricia</unittitle>
							<unitdate type="inclusive" normal="1996">1996</unitdate>
							<unitid type="local_mss">3191400</unitid>
						</did>
						<scopecontent>
							<p><title>Square Dance,</title> and <title>Raymonda Variations.</title></p>
						</scopecontent>
					</c03>
				</c02>
				<c02 level="file">
					<did>
						<unittitle>Score</unittitle>
						<unitdate type="inclusive" normal="2002">2002</unitdate>
						<unitid type="local_mss">3191403</unitid>
					</did>
					<c03 level="file">
						<did>
							<unittitle><title>La Concurrence</title></unittitle>
							<unitdate type="inclusive" normal="2002">2002</unitdate>
							<unitid type="local_mss">3191406</unitid>
							<container type="box">44</container>
							<container type="folder">1</container>
						</did>
						<scopecontent>
							<p>Pianist Nancy McDill.</p>
						</scopecontent>
					</c03>
				</c02>
			</c01>
			<c01 level="file">
				<did>
					<unittitle>Subject Files</unittitle>
					<unitdate type="inclusive" normal="1980/1990">1980-1990</unitdate>
					<unitid type="local_mss">3191129</unitid>
				</did>
				<c02 level="file">
					<did>
						<unittitle><title>International Encyclopedia of Dance</title></unittitle>
						<unitdate type="inclusive" normal="1980/1999">1980-1990s</unitdate>
						<unitid type="local_mss">3191166</unitid>
						<container type="box">29</container>
						<container type="folder">1-8</container>
					</did>
					<scopecontent>
						<p>The files regard entries in the Encyclopedia.</p>
					</scopecontent>
				</c02>
				<c02 level="file">
					<did>
						<unittitle>Kirstein, Lincoln</unittitle>
						<unitdate type="inclusive" normal="1983">1983</unitdate>
						<unitid type="local_mss">3191167</unitid>
					</did>
					<c03 level="file">
						<did>
							<unittitle>Articles About Kirstein</unittitle>
							<unitid type="local_mss">3191168</unitid>
							<container type="box">30</container>
							<container type="folder">1-6</container>
						</did>
					</c03>
					<c03 level="file">
						<did>
							<unittitle>Biographical Information About Kirstein</unittitle>
							<unitid type="local_mss">3191169</unitid>
							<container type="box">31</container>
							<container type="folder">1-3</container>
						</did>
					</c03>
					<c03 level="file">
						<did>
							<unittitle><title>Lincoln Kirstein, Ballet, Bias and Belief: Three Pamphlets Collected and Other Dance Writings
									of Lincoln Kirstein</title></unittitle>
							<unitdate type="inclusive" normal="1980/1989">1980s</unitdate>
							<unitid type="local_mss">3191170</unitid>
							<container type="box">31</container>
							<container type="folder">4-7</container>
						</did>
						<scopecontent>
							<p>This file contains Reynolds' research done in preparation for the book.</p>
						</scopecontent>
					</c03>
					<c03 level="file">
						<did>
							<unittitle><title>Movements and Metaphors</title></unittitle>
							<unitid type="local_mss">3191174</unitid>
							<note>
								<p>Reynolds was the in-house editor at Praeger Publisher for Kristein's book.</p>
							</note>
							<container type="box">32</container>
							<container type="folder">1-2</container>
						</did>
						<scopecontent>
							<p>The file contains photocopies of Kristein's correspondence.</p>
						</scopecontent>
					</c03>
					<c03 level="file">
						<did>
							<unittitle><title>Remembering Lincoln</title></unittitle>
							<unitdate type="inclusive" normal="2007">2007</unitdate>
							<unitid type="local_mss">3191176</unitid>
							<note>
								<p>Reynolds was the editor.</p>
							</note>
							<container type="box">32</container>
							<container type="folder">3-9</container>
						</did>
					</c03>
				</c02>
				<c02 level="file">
					<did>
						<unittitle>"Miscellaneous Information"</unittitle>
						<unitid type="local_mss">3191191</unitid>
						<container type="box">33</container>
						<container type="folder">1-5</container>
					</did>
					<scopecontent>
						<p>Assorted material for research.</p>
					</scopecontent>
				</c02>
			</c01>
			<c01 level="file">
				<did>
					<unittitle>Photographs</unittitle>
					<unitid type="local_mss">3191193</unitid>
				</did>
				<c02 level="file">
					<did>
						<unittitle>Individuals</unittitle>
						<unitid type="local_mss">3191194</unitid>
					</did>
					<scopecontent>
						<p>The photographs may include other dancers in the images.</p>
					</scopecontent>
					<arrangement>
						<p>Alphabetically arranged by surname.</p>
					</arrangement>
					<c03 level="file">
						<did>
							<unittitle>Adams, Amy</unittitle>
							<unitid type="local_mss">3191195</unitid>
							<container type="box">34</container>
							<container type="folder">1</container>
						</did>
					</c03>
					<c03 level="file">
						<did>
							<unittitle>Bliss, Herbert</unittitle>
							<unitid type="local_mss">3191196</unitid>
							<container type="box">34</container>
							<container type="folder">2</container>
						</did>
					</c03>
					<c03 level="file">
						<did>
							<unittitle>Boal, Peter</unittitle>
							<unitid type="local_mss">3191200</unitid>
							<container type="box">34</container>
							<container type="folder">3</container>
						</did>
					</c03>
					<c03 level="file">
						<did>
							<unittitle>d'Ambroise, Jacques</unittitle>
							<unitid type="local_mss">3191202</unitid>
							<container type="box">34</container>
							<container type="folder">4</container>
						</did>
					</c03>
					<c03 level="file">
						<did>
							<unittitle>Dollar, William</unittitle>
							<unitid type="local_mss">3191204</unitid>
							<container type="box">34</container>
							<container type="folder">5</container>
						</did>
					</c03>
					<c03 level="file">
						<did>
							<unittitle>Farrell, Suzanne</unittitle>
							<unitid type="local_mss">3191206</unitid>
							<container type="box">34</container>
							<container type="folder">6</container>
						</did>
					</c03>
					<c03 level="file">
						<did>
							<unittitle>Frolich, Jean-Pierre</unittitle>
							<unitid type="local_mss">3191209</unitid>
							<container type="box">34</container>
							<container type="folder">7</container>
						</did>
					</c03>
					<c03 level="file">
						<did>
							<unittitle>Kent, Allegra</unittitle>
							<unitid type="local_mss">3191211</unitid>
							<container type="box">34</container>
							<container type="folder">8</container>
						</did>
					</c03>
					<c03 level="file">
						<did>
							<unittitle>Kirkland, Gelsey</unittitle>
							<unitid type="local_mss">3191214</unitid>
							<container type="box">34</container>
							<container type="folder">9</container>
						</did>
					</c03>
					<c03 level="file">
						<did>
							<unittitle>LeClercq, Tanaquil</unittitle>
							<unitid type="local_mss">3191216</unitid>
							<container type="box">34</container>
							<container type="folder">10</container>
						</did>
					</c03>
					<c03 level="file">
						<did>
							<unittitle>Lyon, Annabelle</unittitle>
							<unitid type="local_mss">3191217</unitid>
							<container type="box">34</container>
							<container type="folder">11</container>
						</did>
					</c03>
					<c03 level="file">
						<did>
							<unittitle>McBride, Patricia</unittitle>
							<unitid type="local_mss">3191220</unitid>
							<container type="box">34</container>
							<container type="folder">12</container>
						</did>
					</c03>
					<c03 level="file">
						<did>
							<unittitle>Magallanes, Nicholas</unittitle>
							<unitid type="local_mss">3191222</unitid>
							<container type="box">34</container>
							<container type="folder">13</container>
						</did>
					</c03>
					<c03 level="file">
						<did>
							<unittitle>Marie-Jeanne</unittitle>
							<unitid type="local_mss">3191224</unitid>
							<container type="box">34</container>
							<container type="folder">14</container>
						</did>
					</c03>
					<c03 level="file">
						<did>
							<unittitle>Martins, Peter</unittitle>
							<unitid type="local_mss">3191225</unitid>
							<container type="box">34</container>
							<container type="folder">15</container>
						</did>
					</c03>
					<c03 level="file">
						<did>
							<unittitle>Mitchell, Arthur</unittitle>
							<unitid type="local_mss">3191228</unitid>
							<container type="box">34</container>
							<container type="folder">16</container>
						</did>
					</c03>
					<c03 level="file">
						<did>
							<unittitle>Mounsey, Yvonne</unittitle>
							<unitid type="local_mss">3191229</unitid>
							<container type="box">34</container>
							<container type="folder">17</container>
						</did>
					</c03>
					<c03 level="file">
						<did>
							<unittitle>Reed, Janet</unittitle>
							<unitid type="local_mss">3191230</unitid>
							<container type="box">34</container>
							<container type="folder">18</container>
						</did>
					</c03>
					<c03 level="file">
						<did>
							<unittitle>Reiman, Elise</unittitle>
							<unitid type="local_mss">3191231</unitid>
							<container type="box">34</container>
							<container type="folder">19</container>
						</did>
					</c03>
					<c03 level="file">
						<did>
							<unittitle>Saland, Stephanie</unittitle>
							<unitid type="local_mss">3191232</unitid>
							<container type="box">34</container>
							<container type="folder">20</container>
						</did>
					</c03>
					<c03 level="file">
						<did>
							<unittitle>Stuart, Murial</unittitle>
							<unitid type="local_mss">3191233</unitid>
							<container type="box">34</container>
							<container type="folder">21</container>
						</did>
					</c03>
					<c03 level="file">
						<did>
							<unittitle>Tallchief, Maria</unittitle>
							<unitid type="local_mss">3191234</unitid>
							<container type="box">34</container>
							<container type="folder">22</container>
						</did>
					</c03>
					<c03 level="file">
						<did>
							<unittitle>Thompkins, Beatrice</unittitle>
							<unitid type="local_mss">3191235</unitid>
							<container type="box">34</container>
							<container type="folder">23</container>
						</did>
					</c03>
					<c03 level="file">
						<did>
							<unittitle>Verdy, Violette</unittitle>
							<unitid type="local_mss">3191237</unitid>
							<container type="box">34</container>
							<container type="folder">24</container>
						</did>
					</c03>
					<c03 level="file">
						<did>
							<unittitle>Villela, Edward</unittitle>
							<unitid type="local_mss">3191239</unitid>
							<container type="box">34</container>
							<container type="folder">25</container>
						</did>
					</c03>
					<c03 level="file">
						<did>
							<unittitle>von Arnoldingen, Karin</unittitle>
							<unitid type="local_mss">3191241</unitid>
							<container type="box">34</container>
							<container type="folder">26</container>
						</did>
					</c03>
					<c03 level="file">
						<did>
							<unittitle>Watts, Heather</unittitle>
							<unitid type="local_mss">3191242</unitid>
							<container type="box">34</container>
							<container type="folder">27</container>
						</did>
					</c03>
					<c03 level="file">
						<did>
							<unittitle>Wilde, Patricia</unittitle>
							<unitid type="local_mss">3191244</unitid>
							<container type="box">34</container>
							<container type="folder">28</container>
						</did>
					</c03>
					<c03 level="file">
						<did>
							<unittitle>Assorted Sets, Productions</unittitle>
							<unitid type="local_mss">3191245</unitid>
							<container type="box">34</container>
							<container type="folder">29</container>
						</did>
					</c03>
				</c02>
				<c02 level="file">
					<did>
						<unittitle>Productions Photographs</unittitle>
						<unitid type="local_mss">3191246</unitid>
					</did>
					<scopecontent>
						<p>The photographs (mostly proofs) are an assortment of ballet productions, photographs used for publications, and
							photographs identified by photographer.</p>
					</scopecontent>
					<c03 level="file">
						<did>
							<unittitle>Balanchine, George</unittitle>
							<unitid type="local_mss">3191310</unitid>
							<container type="box">35</container>
							<container type="folder">1-2</container>
						</did>
					</c03>
					<c03 level="file">
						<did>
							<unittitle>Bournonville Method Ballet Productions</unittitle>
							<unitid type="local_mss">3191315</unitid>
							<container type="box">35</container>
							<container type="folder">3</container>
						</did>
					</c03>
					<c03 level="file">
						<did>
							<unittitle>Cook, Susan</unittitle>
							<unitid type="local_mss">3191318</unitid>
							<container type="box">35</container>
							<container type="folder">4</container>
						</did>
					</c03>
					<c03 level="file">
						<did>
							<unittitle>Dance Catalogue</unittitle>
							<unitid type="local_mss">3191319</unitid>
							<container type="box">35</container>
							<container type="folder">5-10</container>
							<container type="box">36</container>
							<container type="folder">1</container>
						</did>
					</c03>
					<c03 level="file">
						<did>
							<unittitle><title>Dancing Times</title></unittitle>
							<unitdate type="inclusive" normal="1982/1985">1982-1985</unitdate>
							<unitid type="local_mss">3191321</unitid>
							<container type="box">36</container>
							<container type="folder">2-5</container>
						</did>
					</c03>
					<c03 level="file">
						<did>
							<unittitle>Godwin, Dwight S. and Other Photographers</unittitle>
							<unitid type="local_mss">3191326</unitid>
							<container type="box">36</container>
							<container type="folder">6-10</container>
						</did>
					</c03>
					<c03 level="file">
						<did>
							<unittitle>Greenfield, Lois</unittitle>
							<unitid type="local_mss">3191341</unitid>
							<container type="box">37</container>
							<container type="folder">1</container>
						</did>
					</c03>
					<c03 level="file">
						<did>
							<unittitle>New York City Ballet</unittitle>
							<unitdate type="inclusive" normal="1980/1989">1980s-1980s</unitdate>
							<unitid type="local_mss">3191344</unitid>
							<container type="box">37</container>
							<container type="folder">2-3</container>
						</did>
					</c03>
					<c03 level="file">
						<did>
							<unittitle>Productions</unittitle>
							<unitdate type="inclusive" normal="1980/2009">1980s-2000s</unitdate>
							<unitid type="local_mss">3191354</unitid>
							<container type="box">37</container>
							<container type="folder">4-8</container>
							<container type="box">38</container>
							<container type="folder">1-4</container>
						</did>
						<scopecontent>
							<p>The files hold photographs of mostly New York productions and touring ballet companies.</p>
						</scopecontent>
					</c03>
					<c03 level="file">
						<did>
							<unittitle>Swope, Martha</unittitle>
							<unitid type="local_mss">3191372</unitid>
							<container type="box">38</container>
							<container type="folder">5-10</container>
							<container type="box">39</container>
							<container type="folder">1-4</container>
						</did>
					</c03>
				</c02>
			</c01>
			<c01 level="file">
				<did>
					<unittitle><title>No Fixed Points: Dance in the Twentieth Century</title></unittitle>
					<unitdate type="inclusive" normal="1984/2014">1984-2014</unitdate>
					<unitid type="local_mss">3191401</unitid>
				</did>
				<scopecontent>
					<p>The files in boxes 45 to 47 consist of correspondence between the authors and the publishing companies.</p>
				</scopecontent>
				<c02 level="file">
					<did>
						<unittitle>Reynolds and McCormick</unittitle>
						<unitdate type="inclusive" normal="1984/2014">1984-2014</unitdate>
						<unitid type="local_mss">3191414</unitid>
						<container type="box">45</container>
						<container type="folder">1-6</container>
						<container type="box">46</container>
						<container type="folder">1-5</container>
					</did>
				</c02>
				<c02 level="file">
					<did>
						<unittitle>Yale University Press</unittitle>
						<unitdate type="inclusive" normal="1995/2014">1995-2014</unitdate>
						<unitid type="local_mss">3191485</unitid>
						<container type="box">46</container>
						<container type="folder">7</container>
						<container type="box">47</container>
						<container type="folder">1-5</container>
					</did>
				</c02>
				<c02 level="file">
					<did>
						<unittitle>Design Productions</unittitle>
						<unitid type="local_mss">3191487</unitid>
						<container type="box">47</container>
						<container type="folder">6</container>
						<container type="box">48</container>
						<container type="folder">1-2</container>
					</did>
				</c02>
				<c02 level="file">
					<did>
						<unittitle>Penultimate Drafts</unittitle>
						<unitid type="local_mss">3191515</unitid>
					</did>
					<c03 level="file">
						<did>
							<unittitle>Chapters 1-17</unittitle>
							<unitid type="local_mss">3191492</unitid>
							<container type="box">48</container>
							<container type="folder">3-8</container>
							<container type="box">49</container>
							<container type="folder">1-7</container>
							<container type="box">50</container>
							<container type="folder">1-7</container>
							<container type="box">51</container>
							<container type="folder">1-7</container>
						</did>
					</c03>
				</c02>
				<c02 level="file">
					<did>
						<unittitle>Drafts and Notes</unittitle>
						<unitid type="local_mss">3191519</unitid>
					</did>
					<c03 level="file">
						<did>
							<unittitle>Front and End Matters</unittitle>
							<unitdate type="inclusive" normal="1990/2009">1990s-2000s</unitdate>
							<unitid type="local_mss">3191522</unitid>
							<container type="box">52</container>
							<container type="folder">1-6</container>
						</did>
						<scopecontent>
							<p>Bibliography, Dictionaries, Index, Preface and readers reports.</p>
						</scopecontent>
					</c03>
					<c03 level="file">
						<did>
							<unittitle>Notes and Drafts</unittitle>
							<unitid type="local_mss">3191558</unitid>
						</did>
					</c03>
					<c03 level="file">
						<did>
							<unittitle>Chapter 1 and 2</unittitle>
							<unitdate type="inclusive" normal="1998">1998</unitdate>
							<unitid type="local_mss">3191559</unitid>
							<container type="box">52</container>
							<container type="folder">7-8</container>
							<container type="box">53</container>
							<container type="folder">1-3</container>
						</did>
					</c03>
					<c03 level="file">
						<did>
							<unittitle>Chapter 1</unittitle>
							<unitdate type="inclusive" normal="1984/1986">1984-1986</unitdate>
							<unitid type="local_mss">3191560</unitid>
							<container type="box">53</container>
							<container type="folder">4-6</container>
						</did>
					</c03>
					<c03 level="file">
						<did>
							<unittitle>Chapter 2</unittitle>
							<unitdate type="inclusive" normal="1986">1986</unitdate>
							<unitid type="local_mss">3191561</unitid>
							<container type="box">53</container>
							<container type="folder">7</container>
							<container type="box">54</container>
							<container type="folder">1-9</container>
							<container type="box">55</container>
							<container type="folder">1</container>
						</did>
						<scopecontent>
							<p>The files includes notes on Serge Diaghilev.</p>
						</scopecontent>
					</c03>
					<c03 level="file">
						<did>
							<unittitle>Chapter 3</unittitle>
							<unitdate type="inclusive" normal="1980">1980</unitdate>
							<unitdate type="inclusive" normal="1998">1998</unitdate>
							<unitid type="local_mss">3191562</unitid>
							<container type="box">55</container>
							<container type="folder">2-8</container>
						</did>
					</c03>
					<c03 level="file">
						<did>
							<unittitle>Chapter 4</unittitle>
							<unitdate type="inclusive" normal="1985/1996">1985-1996</unitdate>
							<unitid type="local_mss">3191563</unitid>
							<container type="box">56</container>
							<container type="folder">1-7</container>
							<container type="box">57</container>
							<container type="folder">1-5</container>
						</did>
					</c03>
					<c03 level="file">
						<did>
							<unittitle>Chapter 5</unittitle>
							<unitdate type="inclusive" normal="1985">1985</unitdate>
							<unitdate type="inclusive" normal="1998">1998</unitdate>
							<unitid type="local_mss">3191565</unitid>
							<container type="box">57</container>
							<container type="folder">6-9</container>
							<container type="box">58</container>
							<container type="folder">1-2</container>
						</did>
					</c03>
					<c03 level="file">
						<did>
							<unittitle>Chapter 6</unittitle>
							<unitdate type="inclusive" normal="1987/1988">1987-1988</unitdate>
							<unitid type="local_mss">3191566</unitid>
							<container type="box">59</container>
							<container type="folder">1-7</container>
							<container type="box">60</container>
							<container type="folder">1-5</container>
							<container type="box">58</container>
							<container type="folder">3-9</container>
						</did>
					</c03>
					<c03 level="file">
						<did>
							<unittitle>Chapter 7</unittitle>
							<unitdate type="inclusive" normal="1989/1990">1989-1990</unitdate>
							<unitid type="local_mss">3191569</unitid>
							<container type="box">60</container>
							<container type="folder">6-8</container>
							<container type="box">61</container>
							<container type="folder">1-2</container>
						</did>
					</c03>
					<c03 level="file">
						<did>
							<unittitle>Chapter 8</unittitle>
							<unitdate type="inclusive" normal="1989/1998">1989-1998</unitdate>
							<unitid type="local_mss">3191589</unitid>
							<container type="box">61</container>
							<container type="folder">3-9</container>
							<container type="box">62</container>
							<container type="folder">1-4</container>
						</did>
					</c03>
					<c03 level="file">
						<did>
							<unittitle>Chapter 9</unittitle>
							<unitdate type="inclusive" normal="1987/2000">1987-2000</unitdate>
							<unitid type="local_mss">3191684</unitid>
							<container type="box">62</container>
							<container type="folder">5-9</container>
						</did>
					</c03>
					<c03 level="file">
						<did>
							<unittitle>Chapter 10</unittitle>
							<unitdate type="inclusive" normal="1987/1989">1987-1989</unitdate>
							<unitid type="local_mss">3191685</unitid>
							<container type="box">62</container>
							<container type="folder">10</container>
							<container type="box">63</container>
							<container type="folder">1-8</container>
						</did>
					</c03>
					<c03 level="file">
						<did>
							<unittitle>Chapter 11</unittitle>
							<unitdate type="inclusive" normal="1988/1989">1988-1989</unitdate>
							<unitdate type="inclusive" normal="1998">1998</unitdate>
							<unitid type="local_mss">3191686</unitid>
							<container type="box">63</container>
							<container type="folder">9-10</container>
							<container type="box">64</container>
							<container type="folder">1-4</container>
						</did>
					</c03>
					<c03 level="file">
						<did>
							<unittitle>Chapter 12</unittitle>
							<unitdate type="inclusive" normal="1991/1993">1991-1993</unitdate>
							<unitid type="local_mss">3191687</unitid>
							<container type="box">64</container>
							<container type="folder">5-8</container>
							<container type="box">65</container>
							<container type="folder">1-9</container>
							<container type="box">66</container>
							<container type="folder">1-6</container>
						</did>
					</c03>
					<c03 level="file">
						<did>
							<unittitle>Chapter 13</unittitle>
							<unitdate type="inclusive" normal="1991/1994">1991-1994</unitdate>
							<unitid type="local_mss">3191690</unitid>
							<container type="box">66</container>
							<container type="folder">7-9</container>
							<container type="box">67</container>
							<container type="folder">1-10</container>
							<container type="box">68</container>
							<container type="folder">1-8</container>
						</did>
					</c03>
					<c03 level="file">
						<did>
							<unittitle>Chapter 14</unittitle>
							<unitdate type="inclusive" normal="1996/1997">1996-1997</unitdate>
							<unitid type="local_mss">3191693</unitid>
							<container type="box">69</container>
							<container type="folder">1-9</container>
							<container type="box">70</container>
							<container type="folder">1-8</container>
							<container type="box">71</container>
							<container type="folder">1-9</container>
							<container type="box">72</container>
							<container type="folder">1-8</container>
							<container type="box">73</container>
							<container type="folder">1-7</container>
							<container type="box">74</container>
							<container type="folder">1-6</container>
							<container type="box">75</container>
							<container type="folder">1-6</container>
							<container type="box">76</container>
							<container type="folder">1-6</container>
							<container type="box">77</container>
							<container type="folder">1-2</container>
						</did>
						<scopecontent>
							<p>Chapter 14 holds mostly notes.</p>
						</scopecontent>
					</c03>
					<c03 level="file">
						<did>
							<unittitle>Chapter 15</unittitle>
							<unitdate type="inclusive" normal="1997/1998">1997-1998</unitdate>
							<unitid type="local_mss">3191698</unitid>
							<container type="box">77</container>
							<container type="folder">3-7</container>
							<container type="box">78</container>
							<container type="folder">1-8</container>
							<container type="box">79</container>
							<container type="folder">1-8</container>
							<container type="box">80</container>
							<container type="folder">1-9</container>
						</did>
					</c03>
					<c03 level="file">
						<did>
							<unittitle>Chapter 16</unittitle>
							<unitdate type="inclusive" normal="1991">1991</unitdate>
							<unitid type="local_mss">3191712</unitid>
							<container type="box">81</container>
							<container type="folder">1-6</container>
						</did>
					</c03>
					<c03 level="file">
						<did>
							<unittitle>Chapter 17</unittitle>
							<unitdate type="inclusive" normal="1990/1999">1990s</unitdate>
							<unitid type="local_mss">3191713</unitid>
							<container type="box">81</container>
							<container type="folder">7-9</container>
						</did>
					</c03>
					<c03 level="file">
						<did>
							<unittitle>Final Picture Selections. Photograph Research and Reviews</unittitle>
							<unitid type="local_mss">3191714</unitid>
							<container type="box">82</container>
							<container type="folder">1-7</container>
						</did>
					</c03>
					<c03 level="file">
						<did>
							<unittitle>Guest Book for Reception</unittitle>
							<unitid type="local_mss">3191715</unitid>
							<container type="box">82</container>
							<container type="folder">8</container>
						</did>
					</c03>
				</c02>
			</c01>
			<c01 level="file">
				<did>
					<unittitle>Audio and Moving Image Materials</unittitle>
					<unitid type="local_mss">3191846</unitid>
				</did>
				<accessrestrict>
					<p>Inquiries regarding audio and moving image materials in the collection may be directed to the Jerome Robbins
						Dance Division (dance@nypl.org). Audio and moving image materials will be subject to preservation assessment and
						migration prior to access.</p>
				</accessrestrict>
			</c01>
		</dsc>
	</archdesc>
</ead>
