CPF-Source-ID-Anchor	CPF-Type	CPF-Relation-Type	CPF-Source-ID-Target	RD-Type	RD-Relation-Type	RD-Source-ID
9252-Archives_Orn86.c01				ArchivalResource	creatorOf	9252-Archives_Orn86.xml
9252-Archives_Orn86.c02				ArchivalResource	creatorOf	9252-Archives_Orn86.xml
9252-Archives_Orn86.c03				ArchivalResource	creatorOf	9252-Archives_Orn86.xml
9294-Archives_Orn109.r001	corporateBody	associatedWith	9294-Archives_Orn109.c01	ArchivalResource	referencedIn	9294-Archives_Orn109.xml
	corporateBody	associatedWith	9294-Archives_Orn109.c02
9294-Archives_Orn109.c01	person	associatedWith	9294-Archives_Orn109.r001	ArchivalResource	creatorOf	9294-Archives_Orn109.xml
	corporateBody	associatedWith	9294-Archives_Orn109.c02
9294-Archives_Orn109.c02	person	associatedWith	9294-Archives_Orn109.r001	ArchivalResource	creatorOf	9294-Archives_Orn109.xml
	corporateBody	associatedWith	9294-Archives_Orn109.c01
9356-Archives_Orn187.c01				ArchivalResource	creatorOf	9356-Archives_Orn187.xml
9176-Archives_Orn27.c01				ArchivalResource	creatorOf	9176-Archives_Orn27.xml
9261-Archives_Orn80.c01				ArchivalResource	creatorOf	9261-Archives_Orn80.xml
9351-Archives_Orn183.c01				ArchivalResource	creatorOf	9351-Archives_Orn183.xml
9177-Archives_Orn28.c01				ArchivalResource	creatorOf	9177-Archives_Orn28.xml
9354-Archives_Orn185.c01				ArchivalResource	creatorOf	9354-Archives_Orn185.xml
9354-Archives_Orn185.c02				ArchivalResource	creatorOf	9354-Archives_Orn185.xml
9350-Archives_Orn182.c01				ArchivalResource	creatorOf	9350-Archives_Orn182.xml
9250-Archives_Orn66.c01				ArchivalResource	creatorOf	9250-Archives_Orn66.xml
9159-Archives_Orn11.c01				ArchivalResource	creatorOf	9159-Archives_Orn11.xml
9180-Archives_Orn32.c01	corporateBody	associatedWith	9180-Archives_Orn32.r001	ArchivalResource	creatorOf	9180-Archives_Orn32.xml
9180-Archives_Orn32.r001	corporateBody	associatedWith	9180-Archives_Orn32.c01	ArchivalResource	referencedIn	9180-Archives_Orn32.xml
8523-Archives_Orn60.c01	person	associatedWith	8523-Archives_Orn60.c02	ArchivalResource	creatorOf	8523-Archives_Orn60.xml
	person	associatedWith	8523-Archives_Orn60.c03
	person	associatedWith	8523-Archives_Orn60.c04
	person	associatedWith	8523-Archives_Orn60.c05
	person	associatedWith	8523-Archives_Orn60.c06
	person	associatedWith	8523-Archives_Orn60.c07
	person	associatedWith	8523-Archives_Orn60.c08
	person	associatedWith	8523-Archives_Orn60.c09
	person	associatedWith	8523-Archives_Orn60.c10
	person	associatedWith	8523-Archives_Orn60.c11
	person	associatedWith	8523-Archives_Orn60.c12
	person	associatedWith	8523-Archives_Orn60.c13
	person	associatedWith	8523-Archives_Orn60.r001
	corporateBody	associatedWith	8523-Archives_Orn60.c14
	corporateBody	associatedWith	8523-Archives_Orn60.c15
	corporateBody	associatedWith	8523-Archives_Orn60.r002
8523-Archives_Orn60.c02	person	associatedWith	8523-Archives_Orn60.c01	ArchivalResource	creatorOf	8523-Archives_Orn60.xml
	person	associatedWith	8523-Archives_Orn60.c03
	person	associatedWith	8523-Archives_Orn60.c04
	person	associatedWith	8523-Archives_Orn60.c05
	person	associatedWith	8523-Archives_Orn60.c06
	person	associatedWith	8523-Archives_Orn60.c07
	person	associatedWith	8523-Archives_Orn60.c08
	person	associatedWith	8523-Archives_Orn60.c09
	person	associatedWith	8523-Archives_Orn60.c10
	person	associatedWith	8523-Archives_Orn60.c11
	person	associatedWith	8523-Archives_Orn60.c12
	person	associatedWith	8523-Archives_Orn60.c13
	person	associatedWith	8523-Archives_Orn60.r001
	corporateBody	associatedWith	8523-Archives_Orn60.c14
	corporateBody	associatedWith	8523-Archives_Orn60.c15
	corporateBody	associatedWith	8523-Archives_Orn60.r002
8523-Archives_Orn60.c03	person	associatedWith	8523-Archives_Orn60.c01	ArchivalResource	creatorOf	8523-Archives_Orn60.xml
	person	associatedWith	8523-Archives_Orn60.c02
	person	associatedWith	8523-Archives_Orn60.c04
	person	associatedWith	8523-Archives_Orn60.c05
	person	associatedWith	8523-Archives_Orn60.c06
	person	associatedWith	8523-Archives_Orn60.c07
	person	associatedWith	8523-Archives_Orn60.c08
	person	associatedWith	8523-Archives_Orn60.c09
	person	associatedWith	8523-Archives_Orn60.c10
	person	associatedWith	8523-Archives_Orn60.c11
	person	associatedWith	8523-Archives_Orn60.c12
	person	associatedWith	8523-Archives_Orn60.c13
	person	associatedWith	8523-Archives_Orn60.r001
	corporateBody	associatedWith	8523-Archives_Orn60.c14
	corporateBody	associatedWith	8523-Archives_Orn60.c15
	corporateBody	associatedWith	8523-Archives_Orn60.r002
8523-Archives_Orn60.c04	person	associatedWith	8523-Archives_Orn60.c01	ArchivalResource	creatorOf	8523-Archives_Orn60.xml
	person	associatedWith	8523-Archives_Orn60.c02
	person	associatedWith	8523-Archives_Orn60.c03
	person	associatedWith	8523-Archives_Orn60.c05
	person	associatedWith	8523-Archives_Orn60.c06
	person	associatedWith	8523-Archives_Orn60.c07
	person	associatedWith	8523-Archives_Orn60.c08
	person	associatedWith	8523-Archives_Orn60.c09
	person	associatedWith	8523-Archives_Orn60.c10
	person	associatedWith	8523-Archives_Orn60.c11
	person	associatedWith	8523-Archives_Orn60.c12
	person	associatedWith	8523-Archives_Orn60.c13
	person	associatedWith	8523-Archives_Orn60.r001
	corporateBody	associatedWith	8523-Archives_Orn60.c14
	corporateBody	associatedWith	8523-Archives_Orn60.c15
	corporateBody	associatedWith	8523-Archives_Orn60.r002
8523-Archives_Orn60.c05	person	associatedWith	8523-Archives_Orn60.c01	ArchivalResource	creatorOf	8523-Archives_Orn60.xml
	person	associatedWith	8523-Archives_Orn60.c02
	person	associatedWith	8523-Archives_Orn60.c03
	person	associatedWith	8523-Archives_Orn60.c04
	person	associatedWith	8523-Archives_Orn60.c06
	person	associatedWith	8523-Archives_Orn60.c07
	person	associatedWith	8523-Archives_Orn60.c08
	person	associatedWith	8523-Archives_Orn60.c09
	person	associatedWith	8523-Archives_Orn60.c10
	person	associatedWith	8523-Archives_Orn60.c11
	person	associatedWith	8523-Archives_Orn60.c12
	person	associatedWith	8523-Archives_Orn60.c13
	person	associatedWith	8523-Archives_Orn60.r001
	corporateBody	associatedWith	8523-Archives_Orn60.c14
	corporateBody	associatedWith	8523-Archives_Orn60.c15
	corporateBody	associatedWith	8523-Archives_Orn60.r002
8523-Archives_Orn60.c06	person	associatedWith	8523-Archives_Orn60.c01	ArchivalResource	creatorOf	8523-Archives_Orn60.xml
	person	associatedWith	8523-Archives_Orn60.c02
	person	associatedWith	8523-Archives_Orn60.c03
	person	associatedWith	8523-Archives_Orn60.c04
	person	associatedWith	8523-Archives_Orn60.c05
	person	associatedWith	8523-Archives_Orn60.c07
	person	associatedWith	8523-Archives_Orn60.c08
	person	associatedWith	8523-Archives_Orn60.c09
	person	associatedWith	8523-Archives_Orn60.c10
	person	associatedWith	8523-Archives_Orn60.c11
	person	associatedWith	8523-Archives_Orn60.c12
	person	associatedWith	8523-Archives_Orn60.c13
	person	associatedWith	8523-Archives_Orn60.r001
	corporateBody	associatedWith	8523-Archives_Orn60.c14
	corporateBody	associatedWith	8523-Archives_Orn60.c15
	corporateBody	associatedWith	8523-Archives_Orn60.r002
8523-Archives_Orn60.c07	person	associatedWith	8523-Archives_Orn60.c01	ArchivalResource	creatorOf	8523-Archives_Orn60.xml
	person	associatedWith	8523-Archives_Orn60.c02
	person	associatedWith	8523-Archives_Orn60.c03
	person	associatedWith	8523-Archives_Orn60.c04
	person	associatedWith	8523-Archives_Orn60.c05
	person	associatedWith	8523-Archives_Orn60.c06
	person	associatedWith	8523-Archives_Orn60.c08
	person	associatedWith	8523-Archives_Orn60.c09
	person	associatedWith	8523-Archives_Orn60.c10
	person	associatedWith	8523-Archives_Orn60.c11
	person	associatedWith	8523-Archives_Orn60.c12
	person	associatedWith	8523-Archives_Orn60.c13
	person	associatedWith	8523-Archives_Orn60.r001
	corporateBody	associatedWith	8523-Archives_Orn60.c14
	corporateBody	associatedWith	8523-Archives_Orn60.c15
	corporateBody	associatedWith	8523-Archives_Orn60.r002
8523-Archives_Orn60.c08	person	associatedWith	8523-Archives_Orn60.c01	ArchivalResource	creatorOf	8523-Archives_Orn60.xml
	person	associatedWith	8523-Archives_Orn60.c02
	person	associatedWith	8523-Archives_Orn60.c03
	person	associatedWith	8523-Archives_Orn60.c04
	person	associatedWith	8523-Archives_Orn60.c05
	person	associatedWith	8523-Archives_Orn60.c06
	person	associatedWith	8523-Archives_Orn60.c07
	person	associatedWith	8523-Archives_Orn60.c09
	person	associatedWith	8523-Archives_Orn60.c10
	person	associatedWith	8523-Archives_Orn60.c11
	person	associatedWith	8523-Archives_Orn60.c12
	person	associatedWith	8523-Archives_Orn60.c13
	person	associatedWith	8523-Archives_Orn60.r001
	corporateBody	associatedWith	8523-Archives_Orn60.c14
	corporateBody	associatedWith	8523-Archives_Orn60.c15
	corporateBody	associatedWith	8523-Archives_Orn60.r002
8523-Archives_Orn60.c09	person	associatedWith	8523-Archives_Orn60.c01	ArchivalResource	creatorOf	8523-Archives_Orn60.xml
	person	associatedWith	8523-Archives_Orn60.c02
	person	associatedWith	8523-Archives_Orn60.c03
	person	associatedWith	8523-Archives_Orn60.c04
	person	associatedWith	8523-Archives_Orn60.c05
	person	associatedWith	8523-Archives_Orn60.c06
	person	associatedWith	8523-Archives_Orn60.c07
	person	associatedWith	8523-Archives_Orn60.c08
	person	associatedWith	8523-Archives_Orn60.c10
	person	associatedWith	8523-Archives_Orn60.c11
	person	associatedWith	8523-Archives_Orn60.c12
	person	associatedWith	8523-Archives_Orn60.c13
	person	associatedWith	8523-Archives_Orn60.r001
	corporateBody	associatedWith	8523-Archives_Orn60.c14
	corporateBody	associatedWith	8523-Archives_Orn60.c15
	corporateBody	associatedWith	8523-Archives_Orn60.r002
8523-Archives_Orn60.c10	person	associatedWith	8523-Archives_Orn60.c01	ArchivalResource	creatorOf	8523-Archives_Orn60.xml
	person	associatedWith	8523-Archives_Orn60.c02
	person	associatedWith	8523-Archives_Orn60.c03
	person	associatedWith	8523-Archives_Orn60.c04
	person	associatedWith	8523-Archives_Orn60.c05
	person	associatedWith	8523-Archives_Orn60.c06
	person	associatedWith	8523-Archives_Orn60.c07
	person	associatedWith	8523-Archives_Orn60.c08
	person	associatedWith	8523-Archives_Orn60.c09
	person	associatedWith	8523-Archives_Orn60.c11
	person	associatedWith	8523-Archives_Orn60.c12
	person	associatedWith	8523-Archives_Orn60.c13
	person	associatedWith	8523-Archives_Orn60.r001
	corporateBody	associatedWith	8523-Archives_Orn60.c14
	corporateBody	associatedWith	8523-Archives_Orn60.c15
	corporateBody	associatedWith	8523-Archives_Orn60.r002
8523-Archives_Orn60.c11	person	associatedWith	8523-Archives_Orn60.c01	ArchivalResource	creatorOf	8523-Archives_Orn60.xml
	person	associatedWith	8523-Archives_Orn60.c02
	person	associatedWith	8523-Archives_Orn60.c03
	person	associatedWith	8523-Archives_Orn60.c04
	person	associatedWith	8523-Archives_Orn60.c05
	person	associatedWith	8523-Archives_Orn60.c06
	person	associatedWith	8523-Archives_Orn60.c07
	person	associatedWith	8523-Archives_Orn60.c08
	person	associatedWith	8523-Archives_Orn60.c09
	person	associatedWith	8523-Archives_Orn60.c10
	person	associatedWith	8523-Archives_Orn60.c12
	person	associatedWith	8523-Archives_Orn60.c13
	person	associatedWith	8523-Archives_Orn60.r001
	corporateBody	associatedWith	8523-Archives_Orn60.c14
	corporateBody	associatedWith	8523-Archives_Orn60.c15
	corporateBody	associatedWith	8523-Archives_Orn60.r002
8523-Archives_Orn60.c12	person	associatedWith	8523-Archives_Orn60.c01	ArchivalResource	creatorOf	8523-Archives_Orn60.xml
	person	associatedWith	8523-Archives_Orn60.c02
	person	associatedWith	8523-Archives_Orn60.c03
	person	associatedWith	8523-Archives_Orn60.c04
	person	associatedWith	8523-Archives_Orn60.c05
	person	associatedWith	8523-Archives_Orn60.c06
	person	associatedWith	8523-Archives_Orn60.c07
	person	associatedWith	8523-Archives_Orn60.c08
	person	associatedWith	8523-Archives_Orn60.c09
	person	associatedWith	8523-Archives_Orn60.c10
	person	associatedWith	8523-Archives_Orn60.c11
	person	associatedWith	8523-Archives_Orn60.c13
	person	associatedWith	8523-Archives_Orn60.r001
	corporateBody	associatedWith	8523-Archives_Orn60.c14
	corporateBody	associatedWith	8523-Archives_Orn60.c15
	corporateBody	associatedWith	8523-Archives_Orn60.r002
8523-Archives_Orn60.c13	person	associatedWith	8523-Archives_Orn60.c01	ArchivalResource	creatorOf	8523-Archives_Orn60.xml
	person	associatedWith	8523-Archives_Orn60.c02
	person	associatedWith	8523-Archives_Orn60.c03
	person	associatedWith	8523-Archives_Orn60.c04
	person	associatedWith	8523-Archives_Orn60.c05
	person	associatedWith	8523-Archives_Orn60.c06
	person	associatedWith	8523-Archives_Orn60.c07
	person	associatedWith	8523-Archives_Orn60.c08
	person	associatedWith	8523-Archives_Orn60.c09
	person	associatedWith	8523-Archives_Orn60.c10
	person	associatedWith	8523-Archives_Orn60.c11
	person	associatedWith	8523-Archives_Orn60.c12
	person	associatedWith	8523-Archives_Orn60.r001
	corporateBody	associatedWith	8523-Archives_Orn60.c14
	corporateBody	associatedWith	8523-Archives_Orn60.c15
	corporateBody	associatedWith	8523-Archives_Orn60.r002
8523-Archives_Orn60.c14	person	associatedWith	8523-Archives_Orn60.c01	ArchivalResource	creatorOf	8523-Archives_Orn60.xml
	person	associatedWith	8523-Archives_Orn60.c02
	person	associatedWith	8523-Archives_Orn60.c03
	person	associatedWith	8523-Archives_Orn60.c04
	person	associatedWith	8523-Archives_Orn60.c05
	person	associatedWith	8523-Archives_Orn60.c06
	person	associatedWith	8523-Archives_Orn60.c07
	person	associatedWith	8523-Archives_Orn60.c08
	person	associatedWith	8523-Archives_Orn60.c09
	person	associatedWith	8523-Archives_Orn60.c10
	person	associatedWith	8523-Archives_Orn60.c11
	person	associatedWith	8523-Archives_Orn60.c12
	person	associatedWith	8523-Archives_Orn60.c13
	person	associatedWith	8523-Archives_Orn60.r001
	corporateBody	associatedWith	8523-Archives_Orn60.c15
	corporateBody	associatedWith	8523-Archives_Orn60.r002
8523-Archives_Orn60.c15	person	associatedWith	8523-Archives_Orn60.c01	ArchivalResource	creatorOf	8523-Archives_Orn60.xml
	person	associatedWith	8523-Archives_Orn60.c02
	person	associatedWith	8523-Archives_Orn60.c03
	person	associatedWith	8523-Archives_Orn60.c04
	person	associatedWith	8523-Archives_Orn60.c05
	person	associatedWith	8523-Archives_Orn60.c06
	person	associatedWith	8523-Archives_Orn60.c07
	person	associatedWith	8523-Archives_Orn60.c08
	person	associatedWith	8523-Archives_Orn60.c09
	person	associatedWith	8523-Archives_Orn60.c10
	person	associatedWith	8523-Archives_Orn60.c11
	person	associatedWith	8523-Archives_Orn60.c12
	person	associatedWith	8523-Archives_Orn60.c13
	person	associatedWith	8523-Archives_Orn60.r001
	corporateBody	associatedWith	8523-Archives_Orn60.c14
	corporateBody	associatedWith	8523-Archives_Orn60.r002
8523-Archives_Orn60.r002	person	associatedWith	8523-Archives_Orn60.c01	ArchivalResource	referencedIn	8523-Archives_Orn60.xml
	person	associatedWith	8523-Archives_Orn60.c02
	person	associatedWith	8523-Archives_Orn60.c03
	person	associatedWith	8523-Archives_Orn60.c04
	person	associatedWith	8523-Archives_Orn60.c05
	person	associatedWith	8523-Archives_Orn60.c06
	person	associatedWith	8523-Archives_Orn60.c07
	person	associatedWith	8523-Archives_Orn60.c08
	person	associatedWith	8523-Archives_Orn60.c09
	person	associatedWith	8523-Archives_Orn60.c10
	person	associatedWith	8523-Archives_Orn60.c11
	person	associatedWith	8523-Archives_Orn60.c12
	person	associatedWith	8523-Archives_Orn60.c13
	corporateBody	associatedWith	8523-Archives_Orn60.c14
	corporateBody	associatedWith	8523-Archives_Orn60.c15
9196-Archives_Orn55.c01				ArchivalResource	creatorOf	9196-Archives_Orn55.xml
9355-Archives_Orn186.c01				ArchivalResource	creatorOf	9355-Archives_Orn186.xml
9167-Archives_Orn17.c01	corporateBody	associatedWith	9167-Archives_Orn17.r001	ArchivalResource	creatorOf	9167-Archives_Orn17.xml
9167-Archives_Orn17.r001	corporateBody	associatedWith	9167-Archives_Orn17.c01	ArchivalResource	referencedIn	9167-Archives_Orn17.xml
9366-Archives_Orn214.c01				ArchivalResource	creatorOf	9366-Archives_Orn214.xml
9272-Archives_Orn93.c01				ArchivalResource	creatorOf	9272-Archives_Orn93.xml
9195-Archives_Orn54.c01				ArchivalResource	creatorOf	9195-Archives_Orn54.xml
9243-Archives_Orn58.c01				ArchivalResource	creatorOf	9243-Archives_Orn58.xml
9241-Archives_Orn85.c01				ArchivalResource	creatorOf	9241-Archives_Orn85.xml
9365-Archives_Orn213.c01				ArchivalResource	creatorOf	9365-Archives_Orn213.xml
9168-Archives_Orn18.c01	corporateBody	associatedWith	9168-Archives_Orn18.c02	ArchivalResource	creatorOf	9168-Archives_Orn18.xml
	corporateBody	associatedWith	9168-Archives_Orn18.r001
9168-Archives_Orn18.c02	person	associatedWith	9168-Archives_Orn18.c01	ArchivalResource	creatorOf	9168-Archives_Orn18.xml
	corporateBody	associatedWith	9168-Archives_Orn18.r001
9168-Archives_Orn18.r001	person	associatedWith	9168-Archives_Orn18.c01	ArchivalResource	referencedIn	9168-Archives_Orn18.xml
	corporateBody	associatedWith	9168-Archives_Orn18.c02
9242-Archives_Orn57.c01				ArchivalResource	creatorOf	9242-Archives_Orn57.xml
9323-Archives_Orn129.c01	person	associatedWith	9323-Archives_Orn129.r001	ArchivalResource	creatorOf	9323-Archives_Orn129.xml
9323-Archives_Orn129.r001	person	associatedWith	9323-Archives_Orn129.c01	ArchivalResource	referencedIn	9323-Archives_Orn129.xml
9367-Archives_Orn198.c01	corporateBody	associatedWith	9367-Archives_Orn198.r001	ArchivalResource	creatorOf	9367-Archives_Orn198.xml
9367-Archives_Orn198.r001	corporateBody	associatedWith	9367-Archives_Orn198.c01	ArchivalResource	referencedIn	9367-Archives_Orn198.xml
9178-Archives_Orn30.c01	corporateBody	associatedWith	9178-Archives_Orn30.r001	ArchivalResource	creatorOf	9178-Archives_Orn30.xml
9178-Archives_Orn30.r001	corporateBody	associatedWith	9178-Archives_Orn30.c01	ArchivalResource	referencedIn	9178-Archives_Orn30.xml
9322-Archives_Orn128.c01				ArchivalResource	creatorOf	9322-Archives_Orn128.xml
9271-Archives_Orn92.c01				ArchivalResource	creatorOf	9271-Archives_Orn92.xml
9271-Archives_Orn92.c02				ArchivalResource	creatorOf	9271-Archives_Orn92.xml
9175-Archives_Orn26.c01				ArchivalResource	creatorOf	9175-Archives_Orn26.xml
9262-Archives_Orn81.c01	corporateBody	associatedWith	9262-Archives_Orn81.r001	ArchivalResource	creatorOf	9262-Archives_Orn81.xml
9262-Archives_Orn81.r001	corporateBody	associatedWith	9262-Archives_Orn81.c01	ArchivalResource	referencedIn	9262-Archives_Orn81.xml
9353-Archives_Orn184.c01				ArchivalResource	creatorOf	9353-Archives_Orn184.xml
9353-Archives_Orn184.c02				ArchivalResource	creatorOf	9353-Archives_Orn184.xml
9253-Archives_Orn72.c01				ArchivalResource	creatorOf	9253-Archives_Orn72.xml
9253-Archives_Orn72.c02				ArchivalResource	creatorOf	9253-Archives_Orn72.xml
9253-Archives_Orn72.c03				ArchivalResource	creatorOf	9253-Archives_Orn72.xml
9352-Archives_Orn191.r001	corporateBody	associatedWith	9352-Archives_Orn191.c01	ArchivalResource	referencedIn	9352-Archives_Orn191.xml
9352-Archives_Orn191.r002	corporateBody	associatedWith	9352-Archives_Orn191.c01	ArchivalResource	referencedIn	9352-Archives_Orn191.xml
9352-Archives_Orn191.r003	corporateBody	associatedWith	9352-Archives_Orn191.c01	ArchivalResource	referencedIn	9352-Archives_Orn191.xml
9352-Archives_Orn191.r004	corporateBody	associatedWith	9352-Archives_Orn191.c01	ArchivalResource	referencedIn	9352-Archives_Orn191.xml
9352-Archives_Orn191.r005	corporateBody	associatedWith	9352-Archives_Orn191.c01	ArchivalResource	referencedIn	9352-Archives_Orn191.xml
9352-Archives_Orn191.c01	person	associatedWith	9352-Archives_Orn191.r001	ArchivalResource	creatorOf	9352-Archives_Orn191.xml
	person	associatedWith	9352-Archives_Orn191.r002
	person	associatedWith	9352-Archives_Orn191.r003
	person	associatedWith	9352-Archives_Orn191.r004
	person	associatedWith	9352-Archives_Orn191.r005
9291-Archives_Orn123.c01				ArchivalResource	creatorOf	9291-Archives_Orn123.xml
9164-Archives_Orn14.c01				ArchivalResource	creatorOf	9164-Archives_Orn14.xml
9293-Archives_Orn108.c01	corporateBody	associatedWith	9293-Archives_Orn108.r001	ArchivalResource	creatorOf	9293-Archives_Orn108.xml
9293-Archives_Orn108.r001	person	associatedWith	9293-Archives_Orn108.c01	ArchivalResource	referencedIn	9293-Archives_Orn108.xml
9290-Archives_Orn122.c01				ArchivalResource	creatorOf	9290-Archives_Orn122.xml
9290-Archives_Orn122.c02				ArchivalResource	creatorOf	9290-Archives_Orn122.xml
9342-Archives_Orn154.c01				ArchivalResource	creatorOf	9342-Archives_Orn154.xml
9170-Archives_Orn22.c01				ArchivalResource	creatorOf	9170-Archives_Orn22.xml
9377-Archives_Orn215.c01				ArchivalResource	creatorOf	9377-Archives_Orn215.xml
9343-Archives_Orn155.c01				ArchivalResource	creatorOf	9343-Archives_Orn155.xml
9343-Archives_Orn155.c02				ArchivalResource	creatorOf	9343-Archives_Orn155.xml
9157-Archives_Orn9.c01				ArchivalResource	creatorOf	9157-Archives_Orn9.xml
9402-Archives_Orn259.c01	person	associatedWith	9402-Archives_Orn259.r001	ArchivalResource	creatorOf	9402-Archives_Orn259.xml
	person	associatedWith	9402-Archives_Orn259.r002
	person	associatedWith	9402-Archives_Orn259.r003
	corporateBody	associatedWith	9402-Archives_Orn259.r004
9402-Archives_Orn259.r001	person	associatedWith	9402-Archives_Orn259.c01	ArchivalResource	referencedIn	9402-Archives_Orn259.xml
9402-Archives_Orn259.r002	person	associatedWith	9402-Archives_Orn259.c01	ArchivalResource	referencedIn	9402-Archives_Orn259.xml
9402-Archives_Orn259.r003	person	associatedWith	9402-Archives_Orn259.c01	ArchivalResource	referencedIn	9402-Archives_Orn259.xml
9402-Archives_Orn259.r004	person	associatedWith	9402-Archives_Orn259.c01	ArchivalResource	referencedIn	9402-Archives_Orn259.xml
9304-Archives_Orn118.c01				ArchivalResource	creatorOf	9304-Archives_Orn118.xml
9304-Archives_Orn118.c02				ArchivalResource	creatorOf	9304-Archives_Orn118.xml
9305-Archives_Orn119.c01				ArchivalResource	creatorOf	9305-Archives_Orn119.xml
9305-Archives_Orn119.c02				ArchivalResource	creatorOf	9305-Archives_Orn119.xml
9305-Archives_Orn119.c03				ArchivalResource	creatorOf	9305-Archives_Orn119.xml
9305-Archives_Orn119.c04				ArchivalResource	creatorOf	9305-Archives_Orn119.xml
9368-Archives_Orn199.c01				ArchivalResource	creatorOf	9368-Archives_Orn199.xml
9368-Archives_Orn199.c02				ArchivalResource	creatorOf	9368-Archives_Orn199.xml
9368-Archives_Orn199.c03				ArchivalResource	creatorOf	9368-Archives_Orn199.xml
9246-Archives_Orn62.c01				ArchivalResource	creatorOf	9246-Archives_Orn62.xml
9190-Archives_Orn44.c01				ArchivalResource	creatorOf	9190-Archives_Orn44.xml
9186-Archives_Orn37.c01				ArchivalResource	creatorOf	9186-Archives_Orn37.xml
9382-Archives_Orn212.c01				ArchivalResource	creatorOf	9382-Archives_Orn212.xml
9382-Archives_Orn212.c02				ArchivalResource	creatorOf	9382-Archives_Orn212.xml
9279-Archives_Orn97.c01				ArchivalResource	creatorOf	9279-Archives_Orn97.xml
9264-Archives_Orn82.c01				ArchivalResource	creatorOf	9264-Archives_Orn82.xml
9256-Archives_Orn75.c01				ArchivalResource	creatorOf	9256-Archives_Orn75.xml
9248-Archives_Orn64.c01				ArchivalResource	creatorOf	9248-Archives_Orn64.xml
9187-Archives_Orn38.c01				ArchivalResource	creatorOf	9187-Archives_Orn38.xml
9380-Archives_Orn210.c01				ArchivalResource	creatorOf	9380-Archives_Orn210.xml
9373-Archives_Orn204.c01				ArchivalResource	creatorOf	9373-Archives_Orn204.xml
9384-Archives_Orn217.c01				ArchivalResource	creatorOf	9384-Archives_Orn217.xml
9173-Archives_Orn24.c01				ArchivalResource	creatorOf	9173-Archives_Orn24.xml
9381-Archives_Orn211.c01				ArchivalResource	creatorOf	9381-Archives_Orn211.xml
9381-Archives_Orn211.c02				ArchivalResource	creatorOf	9381-Archives_Orn211.xml
9148-Archives_Orn255.c01				ArchivalResource	creatorOf	9148-Archives_Orn255.xml
9148-Archives_Orn255.c02				ArchivalResource	creatorOf	9148-Archives_Orn255.xml
9148-Archives_Orn255.c03				ArchivalResource	creatorOf	9148-Archives_Orn255.xml
9345-Archives_Orn157.c01				ArchivalResource	creatorOf	9345-Archives_Orn157.xml
9255-Archives_Orn74.c01				ArchivalResource	creatorOf	9255-Archives_Orn74.xml
9306-Archives_Orn120.r001	corporateBody	associatedWith	9306-Archives_Orn120.c01	ArchivalResource	referencedIn	9306-Archives_Orn120.xml
	corporateBody	associatedWith	9306-Archives_Orn120.c02
9306-Archives_Orn120.c01	person	associatedWith	9306-Archives_Orn120.r001	ArchivalResource	creatorOf	9306-Archives_Orn120.xml
	corporateBody	associatedWith	9306-Archives_Orn120.c02
9306-Archives_Orn120.c02	person	associatedWith	9306-Archives_Orn120.r001	ArchivalResource	creatorOf	9306-Archives_Orn120.xml
	corporateBody	associatedWith	9306-Archives_Orn120.c01
9268-Archives_Orn89.c01	person	associatedWith	9268-Archives_Orn89.r001	ArchivalResource	creatorOf	9268-Archives_Orn89.xml
	corporateBody	associatedWith	9268-Archives_Orn89.r002
9268-Archives_Orn89.r001	person	associatedWith	9268-Archives_Orn89.c01	ArchivalResource	referencedIn	9268-Archives_Orn89.xml
9268-Archives_Orn89.r002	person	associatedWith	9268-Archives_Orn89.c01	ArchivalResource	referencedIn	9268-Archives_Orn89.xml
9185-Archives_Orn36.c01				ArchivalResource	creatorOf	9185-Archives_Orn36.xml
9245-Archives_Orn61.c01				ArchivalResource	creatorOf	9245-Archives_Orn61.xml
9344-Archives_Orn156.c01				ArchivalResource	creatorOf	9344-Archives_Orn156.xml
9344-Archives_Orn156.c02				ArchivalResource	creatorOf	9344-Archives_Orn156.xml
9344-Archives_Orn156.c03				ArchivalResource	creatorOf	9344-Archives_Orn156.xml
9344-Archives_Orn156.c04				ArchivalResource	creatorOf	9344-Archives_Orn156.xml
9383-Archives_Orn216.c01				ArchivalResource	creatorOf	9383-Archives_Orn216.xml
9307-Archives_Orn121.c01	person	associatedWith	9307-Archives_Orn121.r001	ArchivalResource	creatorOf	9307-Archives_Orn121.xml
	corporateBody	associatedWith	9307-Archives_Orn121.r002
	corporateBody	associatedWith	9307-Archives_Orn121.r003
	corporateBody	associatedWith	9307-Archives_Orn121.r004
9307-Archives_Orn121.r001	person	associatedWith	9307-Archives_Orn121.c01	ArchivalResource	referencedIn	9307-Archives_Orn121.xml
9307-Archives_Orn121.r002	person	associatedWith	9307-Archives_Orn121.c01	ArchivalResource	referencedIn	9307-Archives_Orn121.xml
9307-Archives_Orn121.r003	person	associatedWith	9307-Archives_Orn121.c01	ArchivalResource	referencedIn	9307-Archives_Orn121.xml
9307-Archives_Orn121.r004	person	associatedWith	9307-Archives_Orn121.c01	ArchivalResource	referencedIn	9307-Archives_Orn121.xml
9374-Archives_Orn205.c01				ArchivalResource	creatorOf	9374-Archives_Orn205.xml
9162-Archives_Orn12.c01				ArchivalResource	creatorOf	9162-Archives_Orn12.xml
9156-Archives_Orn8.c01				ArchivalResource	creatorOf	9156-Archives_Orn8.xml
9358-Archives_Orn192.r001	corporateBody	associatedWith	9358-Archives_Orn192.c01	ArchivalResource	referencedIn	9358-Archives_Orn192.xml
9358-Archives_Orn192.c01	person	associatedWith	9358-Archives_Orn192.r001	ArchivalResource	creatorOf	9358-Archives_Orn192.xml
	corporateBody	associatedWith	9358-Archives_Orn192.r002
	corporateBody	associatedWith	9358-Archives_Orn192.r003
9358-Archives_Orn192.r002	corporateBody	associatedWith	9358-Archives_Orn192.c01	ArchivalResource	referencedIn	9358-Archives_Orn192.xml
9358-Archives_Orn192.r003	corporateBody	associatedWith	9358-Archives_Orn192.c01	ArchivalResource	referencedIn	9358-Archives_Orn192.xml
9319-Archives_Orn125.c01	corporateBody	associatedWith	9319-Archives_Orn125.c02	ArchivalResource	creatorOf	9319-Archives_Orn125.xml
	corporateBody	associatedWith	9319-Archives_Orn125.r001
9319-Archives_Orn125.c02	person	associatedWith	9319-Archives_Orn125.c01	ArchivalResource	creatorOf	9319-Archives_Orn125.xml
	corporateBody	associatedWith	9319-Archives_Orn125.r001
9319-Archives_Orn125.r001	person	associatedWith	9319-Archives_Orn125.c01	ArchivalResource	referencedIn	9319-Archives_Orn125.xml
	corporateBody	associatedWith	9319-Archives_Orn125.c02
9371-Archives_Orn202.c01				ArchivalResource	creatorOf	9371-Archives_Orn202.xml
9359-Archives_Orn193.c01				ArchivalResource	creatorOf	9359-Archives_Orn193.xml
9376-Archives_Orn207.c01	person	associatedWith	9376-Archives_Orn207.c02	ArchivalResource	creatorOf	9376-Archives_Orn207.xml
	corporateBody	associatedWith	9376-Archives_Orn207.r001
9376-Archives_Orn207.c02	person	associatedWith	9376-Archives_Orn207.c01	ArchivalResource	creatorOf	9376-Archives_Orn207.xml
	corporateBody	associatedWith	9376-Archives_Orn207.r001
9376-Archives_Orn207.r001	person	associatedWith	9376-Archives_Orn207.c01	ArchivalResource	referencedIn	9376-Archives_Orn207.xml
	person	associatedWith	9376-Archives_Orn207.c02
9258-Archives_Orn77.c01				ArchivalResource	creatorOf	9258-Archives_Orn77.xml
9341-Archives_Orn190.c01				ArchivalResource	creatorOf	9341-Archives_Orn190.xml
9341-Archives_Orn190.c02				ArchivalResource	creatorOf	9341-Archives_Orn190.xml
9341-Archives_Orn190.c03				ArchivalResource	creatorOf	9341-Archives_Orn190.xml
9341-Archives_Orn190.c04				ArchivalResource	creatorOf	9341-Archives_Orn190.xml
9341-Archives_Orn190.c05				ArchivalResource	creatorOf	9341-Archives_Orn190.xml
9341-Archives_Orn190.c06				ArchivalResource	creatorOf	9341-Archives_Orn190.xml
9302-Archives_Orn124.c01	corporateBody	associatedWith	9302-Archives_Orn124.r001	ArchivalResource	creatorOf	9302-Archives_Orn124.xml
9302-Archives_Orn124.r001	corporateBody	associatedWith	9302-Archives_Orn124.c01	ArchivalResource	referencedIn	9302-Archives_Orn124.xml
9370-Archives_Orn201.c01				ArchivalResource	creatorOf	9370-Archives_Orn201.xml
9370-Archives_Orn201.c02				ArchivalResource	creatorOf	9370-Archives_Orn201.xml
9269-Archives_Orn90.c01				ArchivalResource	creatorOf	9269-Archives_Orn90.xml
9149-Archives_Orn48.c01				ArchivalResource	creatorOf	9149-Archives_Orn48.xml
9193-Archives_Orn47.c01				ArchivalResource	creatorOf	9193-Archives_Orn47.xml
9259-Archives_Orn78.c01				ArchivalResource	creatorOf	9259-Archives_Orn78.xml
9259-Archives_Orn78.c02				ArchivalResource	creatorOf	9259-Archives_Orn78.xml
9240-Archives_Orn84a.c01				ArchivalResource	creatorOf	9240-Archives_Orn84a.xml
9240-Archives_Orn84a.c02				ArchivalResource	creatorOf	9240-Archives_Orn84a.xml
9280-Archives_Orn98.c01	corporateBody	associatedWith	9280-Archives_Orn98.r001	ArchivalResource	creatorOf	9280-Archives_Orn98.xml
	corporateBody	associatedWith	9280-Archives_Orn98.r002
9280-Archives_Orn98.r001	corporateBody	associatedWith	9280-Archives_Orn98.c01	ArchivalResource	referencedIn	9280-Archives_Orn98.xml
9280-Archives_Orn98.r002	corporateBody	associatedWith	9280-Archives_Orn98.c01	ArchivalResource	referencedIn	9280-Archives_Orn98.xml
9369-Archives_Orn200.c01				ArchivalResource	creatorOf	9369-Archives_Orn200.xml
9369-Archives_Orn200.c02				ArchivalResource	creatorOf	9369-Archives_Orn200.xml
9372-Archives_Orn203.c01				ArchivalResource	creatorOf	9372-Archives_Orn203.xml
9375-Archives_Orn206.c01				ArchivalResource	creatorOf	9375-Archives_Orn206.xml
9328-Archives_Orn133.c01				ArchivalResource	creatorOf	9328-Archives_Orn133.xml
9328-Archives_Orn133.c02				ArchivalResource	creatorOf	9328-Archives_Orn133.xml
9301-Archives_Orn116.c01				ArchivalResource	creatorOf	9301-Archives_Orn116.xml
9188-Archives_Orn39.c01	corporateBody	associatedWith	9188-Archives_Orn39.r001	ArchivalResource	creatorOf	9188-Archives_Orn39.xml
9188-Archives_Orn39.r001	corporateBody	associatedWith	9188-Archives_Orn39.c01	ArchivalResource	referencedIn	9188-Archives_Orn39.xml
9340-Archives_Orn189.c01				ArchivalResource	creatorOf	9340-Archives_Orn189.xml
9340-Archives_Orn189.c02				ArchivalResource	creatorOf	9340-Archives_Orn189.xml
9338-Archives_Orn146.c01				ArchivalResource	creatorOf	9338-Archives_Orn146.xml
9338-Archives_Orn146.c02				ArchivalResource	creatorOf	9338-Archives_Orn146.xml
9395-Archives_Orn254.r001	corporateBody	associatedWith	9395-Archives_Orn254.c01	ArchivalResource	referencedIn	9395-Archives_Orn254.xml
9395-Archives_Orn254.r002	corporateBody	associatedWith	9395-Archives_Orn254.c01	ArchivalResource	referencedIn	9395-Archives_Orn254.xml
9395-Archives_Orn254.r003	corporateBody	associatedWith	9395-Archives_Orn254.c01	ArchivalResource	referencedIn	9395-Archives_Orn254.xml
9395-Archives_Orn254.c01	person	associatedWith	9395-Archives_Orn254.r001	ArchivalResource	creatorOf	9395-Archives_Orn254.xml
	person	associatedWith	9395-Archives_Orn254.r002
	person	associatedWith	9395-Archives_Orn254.r003
	corporateBody	associatedWith	9395-Archives_Orn254.r004
9395-Archives_Orn254.r004	corporateBody	associatedWith	9395-Archives_Orn254.c01	ArchivalResource	referencedIn	9395-Archives_Orn254.xml
9339-Archives_Orn147.c01	corporateBody	associatedWith	9339-Archives_Orn147.r001	ArchivalResource	creatorOf	9339-Archives_Orn147.xml
9339-Archives_Orn147.r001	person	associatedWith	9339-Archives_Orn147.c01	ArchivalResource	referencedIn	9339-Archives_Orn147.xml
9163-Archives_Orn13.c01				ArchivalResource	creatorOf	9163-Archives_Orn13.xml
9400-Archives_Orn252.r001	corporateBody	associatedWith	9400-Archives_Orn252.c01	ArchivalResource	referencedIn	9400-Archives_Orn252.xml
9400-Archives_Orn252.r002	corporateBody	associatedWith	9400-Archives_Orn252.c01	ArchivalResource	referencedIn	9400-Archives_Orn252.xml
9400-Archives_Orn252.c01	person	associatedWith	9400-Archives_Orn252.r001	ArchivalResource	creatorOf	9400-Archives_Orn252.xml
	person	associatedWith	9400-Archives_Orn252.r002
9327-Archives_Orn140.r001	corporateBody	associatedWith	9327-Archives_Orn140.c01	ArchivalResource	referencedIn	9327-Archives_Orn140.xml
9327-Archives_Orn140.r002	corporateBody	associatedWith	9327-Archives_Orn140.c01	ArchivalResource	referencedIn	9327-Archives_Orn140.xml
9327-Archives_Orn140.r003	corporateBody	associatedWith	9327-Archives_Orn140.c01	ArchivalResource	referencedIn	9327-Archives_Orn140.xml
9327-Archives_Orn140.c01	person	associatedWith	9327-Archives_Orn140.r001	ArchivalResource	creatorOf	9327-Archives_Orn140.xml
	person	associatedWith	9327-Archives_Orn140.r002
	person	associatedWith	9327-Archives_Orn140.r003
	corporateBody	associatedWith	9327-Archives_Orn140.r004
9327-Archives_Orn140.r004	corporateBody	associatedWith	9327-Archives_Orn140.c01	ArchivalResource	referencedIn	9327-Archives_Orn140.xml
9303-Archives_Orn117.c01				ArchivalResource	creatorOf	9303-Archives_Orn117.xml
9347-Archives_Orn159.c01				ArchivalResource	creatorOf	9347-Archives_Orn159.xml
9300-Archives_Orn115.c01	corporateBody	associatedWith	9300-Archives_Orn115.r001	ArchivalResource	creatorOf	9300-Archives_Orn115.xml
9300-Archives_Orn115.r001	corporateBody	associatedWith	9300-Archives_Orn115.c01	ArchivalResource	referencedIn	9300-Archives_Orn115.xml
9298-Archives_Orn113.c01				ArchivalResource	creatorOf	9298-Archives_Orn113.xml
9298-Archives_Orn113.c02				ArchivalResource	creatorOf	9298-Archives_Orn113.xml
9192-Archives_Orn46.c01				ArchivalResource	creatorOf	9192-Archives_Orn46.xml
9192-Archives_Orn46.c02				ArchivalResource	creatorOf	9192-Archives_Orn46.xml
9184-Archives_Orn35.c01				ArchivalResource	creatorOf	9184-Archives_Orn35.xml
9387-Archives_Orn195.r001	corporateBody	associatedWith	9387-Archives_Orn195.c01	ArchivalResource	referencedIn	9387-Archives_Orn195.xml
9387-Archives_Orn195.c01	person	associatedWith	9387-Archives_Orn195.r001	ArchivalResource	creatorOf	9387-Archives_Orn195.xml
	corporateBody	associatedWith	9387-Archives_Orn195.r002
9387-Archives_Orn195.r002	corporateBody	associatedWith	9387-Archives_Orn195.c01	ArchivalResource	referencedIn	9387-Archives_Orn195.xml
9394-Archives_Orn256.c01	person	associatedWith	9394-Archives_Orn256.c02	ArchivalResource	creatorOf	9394-Archives_Orn256.xml
	person	associatedWith	9394-Archives_Orn256.c03
	corporateBody	associatedWith	9394-Archives_Orn256.c04
	corporateBody	associatedWith	9394-Archives_Orn256.r001
9394-Archives_Orn256.c02	person	associatedWith	9394-Archives_Orn256.c01	ArchivalResource	creatorOf	9394-Archives_Orn256.xml
	person	associatedWith	9394-Archives_Orn256.c03
	corporateBody	associatedWith	9394-Archives_Orn256.c04
	corporateBody	associatedWith	9394-Archives_Orn256.r001
9394-Archives_Orn256.c03	person	associatedWith	9394-Archives_Orn256.c01	ArchivalResource	creatorOf	9394-Archives_Orn256.xml
	person	associatedWith	9394-Archives_Orn256.c02
	corporateBody	associatedWith	9394-Archives_Orn256.c04
	corporateBody	associatedWith	9394-Archives_Orn256.r001
9394-Archives_Orn256.c04	person	associatedWith	9394-Archives_Orn256.c01	ArchivalResource	creatorOf	9394-Archives_Orn256.xml
	person	associatedWith	9394-Archives_Orn256.c02
	person	associatedWith	9394-Archives_Orn256.c03
	corporateBody	associatedWith	9394-Archives_Orn256.r001
9394-Archives_Orn256.r001	person	associatedWith	9394-Archives_Orn256.c01	ArchivalResource	referencedIn	9394-Archives_Orn256.xml
	person	associatedWith	9394-Archives_Orn256.c02
	person	associatedWith	9394-Archives_Orn256.c03
	corporateBody	associatedWith	9394-Archives_Orn256.c04
9346-Archives_Orn158.r001	corporateBody	associatedWith	9346-Archives_Orn158.c01	ArchivalResource	referencedIn	9346-Archives_Orn158.xml
9346-Archives_Orn158.r002	corporateBody	associatedWith	9346-Archives_Orn158.c01	ArchivalResource	referencedIn	9346-Archives_Orn158.xml
9346-Archives_Orn158.c01	person	associatedWith	9346-Archives_Orn158.r001	ArchivalResource	creatorOf	9346-Archives_Orn158.xml
	person	associatedWith	9346-Archives_Orn158.r002
	corporateBody	associatedWith	9346-Archives_Orn158.r003
	corporateBody	associatedWith	9346-Archives_Orn158.r004
9346-Archives_Orn158.r003	corporateBody	associatedWith	9346-Archives_Orn158.c01	ArchivalResource	referencedIn	9346-Archives_Orn158.xml
9346-Archives_Orn158.r004	corporateBody	associatedWith	9346-Archives_Orn158.c01	ArchivalResource	referencedIn	9346-Archives_Orn158.xml
9317-Archives_Orn148.c01	corporateBody	associatedWith	9317-Archives_Orn148.r001	ArchivalResource	creatorOf	9317-Archives_Orn148.xml
	corporateBody	associatedWith	9317-Archives_Orn148.r002
9317-Archives_Orn148.r001	person	associatedWith	9317-Archives_Orn148.c01	ArchivalResource	referencedIn	9317-Archives_Orn148.xml
9317-Archives_Orn148.r002	person	associatedWith	9317-Archives_Orn148.c01	ArchivalResource	referencedIn	9317-Archives_Orn148.xml
9386-Archives_Orn219.c01				ArchivalResource	creatorOf	9386-Archives_Orn219.xml
9329-Archives_Orn134.c01				ArchivalResource	creatorOf	9329-Archives_Orn134.xml
9332-Archives_Orn137.c01				ArchivalResource	creatorOf	9332-Archives_Orn137.xml
9332-Archives_Orn137.c02				ArchivalResource	creatorOf	9332-Archives_Orn137.xml
9332-Archives_Orn137.c03				ArchivalResource	creatorOf	9332-Archives_Orn137.xml
9171-Archives_Orn23.c01				ArchivalResource	creatorOf	9171-Archives_Orn23.xml
9266-Archives_Orn84.c01				ArchivalResource	creatorOf	9266-Archives_Orn84.xml
9266-Archives_Orn84.c02				ArchivalResource	creatorOf	9266-Archives_Orn84.xml
9254-Archives_Orn73.c01				ArchivalResource	creatorOf	9254-Archives_Orn73.xml
9254-Archives_Orn73.c02				ArchivalResource	creatorOf	9254-Archives_Orn73.xml
9254-Archives_Orn73.c03				ArchivalResource	creatorOf	9254-Archives_Orn73.xml
9247-Archives_Orn63.c01				ArchivalResource	creatorOf	9247-Archives_Orn63.xml
9152-Archives_Orn4.c01	corporateBody	associatedWith	9152-Archives_Orn4.r001	ArchivalResource	creatorOf	9152-Archives_Orn4.xml
	corporateBody	associatedWith	9152-Archives_Orn4.r002
	corporateBody	associatedWith	9152-Archives_Orn4.r003
9152-Archives_Orn4.r001	person	associatedWith	9152-Archives_Orn4.c01	ArchivalResource	referencedIn	9152-Archives_Orn4.xml
9152-Archives_Orn4.r002	person	associatedWith	9152-Archives_Orn4.c01	ArchivalResource	referencedIn	9152-Archives_Orn4.xml
9152-Archives_Orn4.r003	person	associatedWith	9152-Archives_Orn4.c01	ArchivalResource	referencedIn	9152-Archives_Orn4.xml
9257-Archives_Orn76.r001	corporateBody	associatedWith	9257-Archives_Orn76.c01	ArchivalResource	referencedIn	9257-Archives_Orn76.xml
9257-Archives_Orn76.c01	person	associatedWith	9257-Archives_Orn76.r001	ArchivalResource	creatorOf	9257-Archives_Orn76.xml
9330-Archives_Orn135.c01				ArchivalResource	creatorOf	9330-Archives_Orn135.xml
9249-Archives_Orn65.c01				ArchivalResource	creatorOf	9249-Archives_Orn65.xml
9385-Archives_Orn218.c01				ArchivalResource	creatorOf	9385-Archives_Orn218.xml
9385-Archives_Orn218.c02				ArchivalResource	creatorOf	9385-Archives_Orn218.xml
9265-Archives_Orn83.c01	corporateBody	associatedWith	9265-Archives_Orn83.r001	ArchivalResource	creatorOf	9265-Archives_Orn83.xml
9265-Archives_Orn83.r001	corporateBody	associatedWith	9265-Archives_Orn83.c01	ArchivalResource	referencedIn	9265-Archives_Orn83.xml
9401-Archives_Orn257.c01	corporateBody	associatedWith	9401-Archives_Orn257.r001	ArchivalResource	creatorOf	9401-Archives_Orn257.xml
9401-Archives_Orn257.r001	person	associatedWith	9401-Archives_Orn257.c01	ArchivalResource	referencedIn	9401-Archives_Orn257.xml
9278-Archives_Orn96.c01				ArchivalResource	creatorOf	9278-Archives_Orn96.xml
9191-Archives_Orn45.c01				ArchivalResource	creatorOf	9191-Archives_Orn45.xml
9331-Archives_Orn136.c01	person	associatedWith	9331-Archives_Orn136.c02	ArchivalResource	creatorOf	9331-Archives_Orn136.xml
	corporateBody	associatedWith	9331-Archives_Orn136.c03
	corporateBody	associatedWith	9331-Archives_Orn136.r001
9331-Archives_Orn136.c02	person	associatedWith	9331-Archives_Orn136.c01	ArchivalResource	creatorOf	9331-Archives_Orn136.xml
	corporateBody	associatedWith	9331-Archives_Orn136.c03
	corporateBody	associatedWith	9331-Archives_Orn136.r001
9331-Archives_Orn136.c03	person	associatedWith	9331-Archives_Orn136.c01	ArchivalResource	creatorOf	9331-Archives_Orn136.xml
	person	associatedWith	9331-Archives_Orn136.c02
	corporateBody	associatedWith	9331-Archives_Orn136.r001
9331-Archives_Orn136.r001	person	associatedWith	9331-Archives_Orn136.c01	ArchivalResource	referencedIn	9331-Archives_Orn136.xml
	person	associatedWith	9331-Archives_Orn136.c02
	corporateBody	associatedWith	9331-Archives_Orn136.c03
9396-Archives_Orn253.c01	person	associatedWith	9396-Archives_Orn253.r001	ArchivalResource	creatorOf	9396-Archives_Orn253.xml
9396-Archives_Orn253.r001	person	associatedWith	9396-Archives_Orn253.c01	ArchivalResource	referencedIn	9396-Archives_Orn253.xml
9267-Archives_Orn88.c01				ArchivalResource	creatorOf	9267-Archives_Orn88.xml
9299-Archives_Orn114.c01				ArchivalResource	creatorOf	9299-Archives_Orn114.xml
9189-Archives_Orn40.r001	corporateBody	associatedWith	9189-Archives_Orn40.c01	ArchivalResource	referencedIn	9189-Archives_Orn40.xml
9189-Archives_Orn40.c01	person	associatedWith	9189-Archives_Orn40.r001	ArchivalResource	creatorOf	9189-Archives_Orn40.xml
9169-Archives_Orn19.c01				ArchivalResource	creatorOf	9169-Archives_Orn19.xml
9334-Archives_Orn142.c01				ArchivalResource	creatorOf	9334-Archives_Orn142.xml
9348-Archives_Orn160.c01				ArchivalResource	creatorOf	9348-Archives_Orn160.xml
9335-Archives_Orn143.c01				ArchivalResource	creatorOf	9335-Archives_Orn143.xml
9363-Archives_Orn152.c01				ArchivalResource	creatorOf	9363-Archives_Orn152.xml
9349-Archives_Orn161.c01	person	associatedWith	9349-Archives_Orn161.c02	ArchivalResource	creatorOf	9349-Archives_Orn161.xml
	person	associatedWith	9349-Archives_Orn161.c03
	person	associatedWith	9349-Archives_Orn161.c04
	corporateBody	associatedWith	9349-Archives_Orn161.c05
	corporateBody	associatedWith	9349-Archives_Orn161.r001
	corporateBody	associatedWith	9349-Archives_Orn161.r002
	corporateBody	associatedWith	9349-Archives_Orn161.r003
9349-Archives_Orn161.c02	person	associatedWith	9349-Archives_Orn161.c01	ArchivalResource	creatorOf	9349-Archives_Orn161.xml
	person	associatedWith	9349-Archives_Orn161.c03
	person	associatedWith	9349-Archives_Orn161.c04
	corporateBody	associatedWith	9349-Archives_Orn161.c05
	corporateBody	associatedWith	9349-Archives_Orn161.r001
	corporateBody	associatedWith	9349-Archives_Orn161.r002
	corporateBody	associatedWith	9349-Archives_Orn161.r003
9349-Archives_Orn161.c03	person	associatedWith	9349-Archives_Orn161.c01	ArchivalResource	creatorOf	9349-Archives_Orn161.xml
	person	associatedWith	9349-Archives_Orn161.c02
	person	associatedWith	9349-Archives_Orn161.c04
	corporateBody	associatedWith	9349-Archives_Orn161.c05
	corporateBody	associatedWith	9349-Archives_Orn161.r001
	corporateBody	associatedWith	9349-Archives_Orn161.r002
	corporateBody	associatedWith	9349-Archives_Orn161.r003
9349-Archives_Orn161.c04	person	associatedWith	9349-Archives_Orn161.c01	ArchivalResource	creatorOf	9349-Archives_Orn161.xml
	person	associatedWith	9349-Archives_Orn161.c02
	person	associatedWith	9349-Archives_Orn161.c03
	corporateBody	associatedWith	9349-Archives_Orn161.c05
	corporateBody	associatedWith	9349-Archives_Orn161.r001
	corporateBody	associatedWith	9349-Archives_Orn161.r002
	corporateBody	associatedWith	9349-Archives_Orn161.r003
9349-Archives_Orn161.c05	person	associatedWith	9349-Archives_Orn161.c01	ArchivalResource	creatorOf	9349-Archives_Orn161.xml
	person	associatedWith	9349-Archives_Orn161.c02
	person	associatedWith	9349-Archives_Orn161.c03
	person	associatedWith	9349-Archives_Orn161.c04
	corporateBody	associatedWith	9349-Archives_Orn161.r001
	corporateBody	associatedWith	9349-Archives_Orn161.r002
	corporateBody	associatedWith	9349-Archives_Orn161.r003
9349-Archives_Orn161.r001	person	associatedWith	9349-Archives_Orn161.c01	ArchivalResource	referencedIn	9349-Archives_Orn161.xml
	person	associatedWith	9349-Archives_Orn161.c02
	person	associatedWith	9349-Archives_Orn161.c03
	person	associatedWith	9349-Archives_Orn161.c04
	corporateBody	associatedWith	9349-Archives_Orn161.c05
9349-Archives_Orn161.r002	person	associatedWith	9349-Archives_Orn161.c01	ArchivalResource	referencedIn	9349-Archives_Orn161.xml
	person	associatedWith	9349-Archives_Orn161.c02
	person	associatedWith	9349-Archives_Orn161.c03
	person	associatedWith	9349-Archives_Orn161.c04
	corporateBody	associatedWith	9349-Archives_Orn161.c05
9349-Archives_Orn161.r003	person	associatedWith	9349-Archives_Orn161.c01	ArchivalResource	referencedIn	9349-Archives_Orn161.xml
	person	associatedWith	9349-Archives_Orn161.c02
	person	associatedWith	9349-Archives_Orn161.c03
	person	associatedWith	9349-Archives_Orn161.c04
	corporateBody	associatedWith	9349-Archives_Orn161.c05
9318-Archives_Orn149.c01				ArchivalResource	creatorOf	9318-Archives_Orn149.xml
9154-Archives_Orn6.c01	corporateBody	associatedWith	9154-Archives_Orn6.r001	ArchivalResource	creatorOf	9154-Archives_Orn6.xml
9154-Archives_Orn6.r001	corporateBody	associatedWith	9154-Archives_Orn6.c01	ArchivalResource	referencedIn	9154-Archives_Orn6.xml
9174-Archives_Orn25.c01				ArchivalResource	creatorOf	9174-Archives_Orn25.xml
9316-Archives_Orn139.c01				ArchivalResource	creatorOf	9316-Archives_Orn139.xml
9309-Archives_Orn101.c01				ArchivalResource	creatorOf	9309-Archives_Orn101.xml
9179-Archives_Orn31.r001				ArchivalResource	referencedIn	9179-Archives_Orn31.xml
9361-Archives_Orn150.c01	corporateBody	associatedWith	9361-Archives_Orn150.r001	ArchivalResource	creatorOf	9361-Archives_Orn150.xml
	corporateBody	associatedWith	9361-Archives_Orn150.r002
	corporateBody	associatedWith	9361-Archives_Orn150.r003
9361-Archives_Orn150.r001	person	associatedWith	9361-Archives_Orn150.c01	ArchivalResource	referencedIn	9361-Archives_Orn150.xml
9361-Archives_Orn150.r002	person	associatedWith	9361-Archives_Orn150.c01	ArchivalResource	referencedIn	9361-Archives_Orn150.xml
9361-Archives_Orn150.r003	person	associatedWith	9361-Archives_Orn150.c01	ArchivalResource	referencedIn	9361-Archives_Orn150.xml
9260-Archives_Orn79.c01				ArchivalResource	creatorOf	9260-Archives_Orn79.xml
9308-Archives_Orn100.c01				ArchivalResource	creatorOf	9308-Archives_Orn100.xml
9314-Archives_Orn106.c01	person	associatedWith	9314-Archives_Orn106.c02	ArchivalResource	creatorOf	9314-Archives_Orn106.xml
	corporateBody	associatedWith	9314-Archives_Orn106.c03
	corporateBody	associatedWith	9314-Archives_Orn106.r001
9314-Archives_Orn106.c02	person	associatedWith	9314-Archives_Orn106.c01	ArchivalResource	creatorOf	9314-Archives_Orn106.xml
	corporateBody	associatedWith	9314-Archives_Orn106.c03
	corporateBody	associatedWith	9314-Archives_Orn106.r001
9314-Archives_Orn106.c03	person	associatedWith	9314-Archives_Orn106.c01	ArchivalResource	creatorOf	9314-Archives_Orn106.xml
	person	associatedWith	9314-Archives_Orn106.c02
	corporateBody	associatedWith	9314-Archives_Orn106.r001
9314-Archives_Orn106.r001	person	associatedWith	9314-Archives_Orn106.c01	ArchivalResource	referencedIn	9314-Archives_Orn106.xml
	person	associatedWith	9314-Archives_Orn106.c02
	corporateBody	associatedWith	9314-Archives_Orn106.c03
9321-Archives_Orn127.c01				ArchivalResource	creatorOf	9321-Archives_Orn127.xml
9161-Archives_Orn50.c01				ArchivalResource	creatorOf	9161-Archives_Orn50.xml
9161-Archives_Orn50.c02				ArchivalResource	creatorOf	9161-Archives_Orn50.xml
9161-Archives_Orn50.c03				ArchivalResource	creatorOf	9161-Archives_Orn50.xml
9320-Archives_Orn126.r001	corporateBody	associatedWith	9320-Archives_Orn126.c01	ArchivalResource	referencedIn	9320-Archives_Orn126.xml
9320-Archives_Orn126.r002	corporateBody	associatedWith	9320-Archives_Orn126.c01	ArchivalResource	referencedIn	9320-Archives_Orn126.xml
9320-Archives_Orn126.r003	corporateBody	associatedWith	9320-Archives_Orn126.c01	ArchivalResource	referencedIn	9320-Archives_Orn126.xml
9320-Archives_Orn126.r004	corporateBody	associatedWith	9320-Archives_Orn126.c01	ArchivalResource	referencedIn	9320-Archives_Orn126.xml
9320-Archives_Orn126.c01	person	associatedWith	9320-Archives_Orn126.r001	ArchivalResource	creatorOf	9320-Archives_Orn126.xml
	person	associatedWith	9320-Archives_Orn126.r002
	person	associatedWith	9320-Archives_Orn126.r003
	person	associatedWith	9320-Archives_Orn126.r004
	corporateBody	associatedWith	9320-Archives_Orn126.r005
9320-Archives_Orn126.r005	corporateBody	associatedWith	9320-Archives_Orn126.c01	ArchivalResource	referencedIn	9320-Archives_Orn126.xml
9292-Archives_Orn107.c01				ArchivalResource	creatorOf	9292-Archives_Orn107.xml
9292-Archives_Orn107.c02				ArchivalResource	creatorOf	9292-Archives_Orn107.xml
9270-Archives_Orn91.c01	person	associatedWith	9270-Archives_Orn91.r001	ArchivalResource	creatorOf	9270-Archives_Orn91.xml
9270-Archives_Orn91.r001	person	associatedWith	9270-Archives_Orn91.c01	ArchivalResource	referencedIn	9270-Archives_Orn91.xml
9150-Archives_Orn49.c01				ArchivalResource	creatorOf	9150-Archives_Orn49.xml
9311-Archives_Orn103.c01				ArchivalResource	creatorOf	9311-Archives_Orn103.xml
9165-Archives_Orn15.c01				ArchivalResource	creatorOf	9165-Archives_Orn15.xml
9315-Archives_Orn138.c01				ArchivalResource	creatorOf	9315-Archives_Orn138.xml
9310-Archives_Orn102.c01				ArchivalResource	creatorOf	9310-Archives_Orn102.xml
9273-Archives_Orn94.c01				ArchivalResource	creatorOf	9273-Archives_Orn94.xml
9273-Archives_Orn94.c02				ArchivalResource	creatorOf	9273-Archives_Orn94.xml
9273-Archives_Orn94.c03				ArchivalResource	creatorOf	9273-Archives_Orn94.xml
9273-Archives_Orn94.c04				ArchivalResource	creatorOf	9273-Archives_Orn94.xml
9362-Archives_Orn151.c01				ArchivalResource	creatorOf	9362-Archives_Orn151.xml
9362-Archives_Orn151.c02				ArchivalResource	creatorOf	9362-Archives_Orn151.xml
9362-Archives_Orn151.c03				ArchivalResource	creatorOf	9362-Archives_Orn151.xml
9333-Archives_Orn141.c01				ArchivalResource	creatorOf	9333-Archives_Orn141.xml
9325-Archives_Orn131.c01	person	associatedWith	9325-Archives_Orn131.c02	ArchivalResource	creatorOf	9325-Archives_Orn131.xml
	corporateBody	associatedWith	9325-Archives_Orn131.r001
9325-Archives_Orn131.c02	person	associatedWith	9325-Archives_Orn131.c01	ArchivalResource	creatorOf	9325-Archives_Orn131.xml
	corporateBody	associatedWith	9325-Archives_Orn131.r001
9325-Archives_Orn131.r001	person	associatedWith	9325-Archives_Orn131.c01	ArchivalResource	referencedIn	9325-Archives_Orn131.xml
	person	associatedWith	9325-Archives_Orn131.c02
9389-Archives_Orn197.c01	person	associatedWith	9389-Archives_Orn197.c02	ArchivalResource	creatorOf	9389-Archives_Orn197.xml
	corporateBody	associatedWith	9389-Archives_Orn197.c03
	corporateBody	associatedWith	9389-Archives_Orn197.r001
9389-Archives_Orn197.c02	person	associatedWith	9389-Archives_Orn197.c01	ArchivalResource	creatorOf	9389-Archives_Orn197.xml
	corporateBody	associatedWith	9389-Archives_Orn197.c03
	corporateBody	associatedWith	9389-Archives_Orn197.r001
9389-Archives_Orn197.c03	person	associatedWith	9389-Archives_Orn197.c01	ArchivalResource	creatorOf	9389-Archives_Orn197.xml
	person	associatedWith	9389-Archives_Orn197.c02
	corporateBody	associatedWith	9389-Archives_Orn197.r001
9389-Archives_Orn197.r001	person	associatedWith	9389-Archives_Orn197.c01	ArchivalResource	referencedIn	9389-Archives_Orn197.xml
	person	associatedWith	9389-Archives_Orn197.c02
	corporateBody	associatedWith	9389-Archives_Orn197.c03
9296-Archives_Orn111.c01	corporateBody	associatedWith	9296-Archives_Orn111.r001	ArchivalResource	creatorOf	9296-Archives_Orn111.xml
9296-Archives_Orn111.r001	corporateBody	associatedWith	9296-Archives_Orn111.c01	ArchivalResource	referencedIn	9296-Archives_Orn111.xml
9198-Archives_Orn1.c01				ArchivalResource	creatorOf	9198-Archives_Orn1.xml
9388-Archives_Orn196.c01				ArchivalResource	creatorOf	9388-Archives_Orn196.xml
9194-Archives_Orn53.c01	person	associatedWith	9194-Archives_Orn53.r001	ArchivalResource	creatorOf	9194-Archives_Orn53.xml
9194-Archives_Orn53.r001	person	associatedWith	9194-Archives_Orn53.c01	ArchivalResource	referencedIn	9194-Archives_Orn53.xml
9324-Archives_Orn130.c01				ArchivalResource	creatorOf	9324-Archives_Orn130.xml
9324-Archives_Orn130.c02				ArchivalResource	creatorOf	9324-Archives_Orn130.xml
9182-Archives_Orn34.c01				ArchivalResource	creatorOf	9182-Archives_Orn34.xml
9155-Archives_Orn7.c01				ArchivalResource	creatorOf	9155-Archives_Orn7.xml
9360-Archives_Orn194.r001	corporateBody	associatedWith	9360-Archives_Orn194.c01	ArchivalResource	referencedIn	9360-Archives_Orn194.xml
9360-Archives_Orn194.c01	person	associatedWith	9360-Archives_Orn194.r001	ArchivalResource	creatorOf	9360-Archives_Orn194.xml
9392-Archives_Orn234.c01				ArchivalResource	creatorOf	9392-Archives_Orn234.xml
9151-Archives_Orn2.c01				ArchivalResource	creatorOf	9151-Archives_Orn2.xml
9379-Archives_Orn209.c01				ArchivalResource	creatorOf	9379-Archives_Orn209.xml
9312-Archives_Orn104.c01				ArchivalResource	creatorOf	9312-Archives_Orn104.xml
9172-Archives_Orn51.c01				ArchivalResource	creatorOf	9172-Archives_Orn51.xml
9197-Archives_Orn56.c01				ArchivalResource	creatorOf	9197-Archives_Orn56.xml
9393-Archives_Orn221.c01	corporateBody	associatedWith	9393-Archives_Orn221.r001	ArchivalResource	creatorOf	9393-Archives_Orn221.xml
	corporateBody	associatedWith	9393-Archives_Orn221.r002
	corporateBody	associatedWith	9393-Archives_Orn221.r003
	corporateBody	associatedWith	9393-Archives_Orn221.r004
	corporateBody	associatedWith	9393-Archives_Orn221.r005
	corporateBody	associatedWith	9393-Archives_Orn221.r006
	corporateBody	associatedWith	9393-Archives_Orn221.r007
9393-Archives_Orn221.r001	person	associatedWith	9393-Archives_Orn221.c01	ArchivalResource	referencedIn	9393-Archives_Orn221.xml
9393-Archives_Orn221.r002	person	associatedWith	9393-Archives_Orn221.c01	ArchivalResource	referencedIn	9393-Archives_Orn221.xml
9393-Archives_Orn221.r003	person	associatedWith	9393-Archives_Orn221.c01	ArchivalResource	referencedIn	9393-Archives_Orn221.xml
9393-Archives_Orn221.r004	person	associatedWith	9393-Archives_Orn221.c01	ArchivalResource	referencedIn	9393-Archives_Orn221.xml
9393-Archives_Orn221.r005	person	associatedWith	9393-Archives_Orn221.c01	ArchivalResource	referencedIn	9393-Archives_Orn221.xml
9393-Archives_Orn221.r006	person	associatedWith	9393-Archives_Orn221.c01	ArchivalResource	referencedIn	9393-Archives_Orn221.xml
9393-Archives_Orn221.r007	person	associatedWith	9393-Archives_Orn221.c01	ArchivalResource	referencedIn	9393-Archives_Orn221.xml
9326-Archives_Orn132.c01				ArchivalResource	creatorOf	9326-Archives_Orn132.xml
9378-Archives_Orn208.c01				ArchivalResource	creatorOf	9378-Archives_Orn208.xml
9378-Archives_Orn208.c02				ArchivalResource	creatorOf	9378-Archives_Orn208.xml
9357-Archives_Orn188.c01				ArchivalResource	creatorOf	9357-Archives_Orn188.xml
9357-Archives_Orn188.c02				ArchivalResource	creatorOf	9357-Archives_Orn188.xml
9313-Archives_Orn105.c01				ArchivalResource	creatorOf	9313-Archives_Orn105.xml
9313-Archives_Orn105.c02				ArchivalResource	creatorOf	9313-Archives_Orn105.xml
9166-Archives_Orn16.c01	corporateBody	associatedWith	9166-Archives_Orn16.r001	ArchivalResource	creatorOf	9166-Archives_Orn16.xml
9166-Archives_Orn16.r001	corporateBody	associatedWith	9166-Archives_Orn16.c01	ArchivalResource	referencedIn	9166-Archives_Orn16.xml
9181-Archives_Orn33.c01				ArchivalResource	creatorOf	9181-Archives_Orn33.xml
9337-Archives_Orn145.c01	person	associatedWith	9337-Archives_Orn145.r001	ArchivalResource	creatorOf	9337-Archives_Orn145.xml
9337-Archives_Orn145.r001	person	associatedWith	9337-Archives_Orn145.c01	ArchivalResource	referencedIn	9337-Archives_Orn145.xml
9158-Archives_Orn10.c01				ArchivalResource	creatorOf	9158-Archives_Orn10.xml
9251-Archives_Orn71.c01	corporateBody	associatedWith	9251-Archives_Orn71.r001	ArchivalResource	creatorOf	9251-Archives_Orn71.xml
9251-Archives_Orn71.r001	person	associatedWith	9251-Archives_Orn71.c01	ArchivalResource	referencedIn	9251-Archives_Orn71.xml
9295-Archives_Orn110.r001	corporateBody	associatedWith	9295-Archives_Orn110.c01	ArchivalResource	referencedIn	9295-Archives_Orn110.xml
9295-Archives_Orn110.c01	person	associatedWith	9295-Archives_Orn110.r001	ArchivalResource	creatorOf	9295-Archives_Orn110.xml
	corporateBody	associatedWith	9295-Archives_Orn110.r002
9295-Archives_Orn110.r002	corporateBody	associatedWith	9295-Archives_Orn110.c01	ArchivalResource	referencedIn	9295-Archives_Orn110.xml
9336-Archives_Orn144.c01	person	associatedWith	9336-Archives_Orn144.r001	ArchivalResource	creatorOf	9336-Archives_Orn144.xml
	corporateBody	associatedWith	9336-Archives_Orn144.r002
	corporateBody	associatedWith	9336-Archives_Orn144.r003
	corporateBody	associatedWith	9336-Archives_Orn144.r004
	corporateBody	associatedWith	9336-Archives_Orn144.r005
	corporateBody	associatedWith	9336-Archives_Orn144.r006
	corporateBody	associatedWith	9336-Archives_Orn144.r007
9336-Archives_Orn144.r001	person	associatedWith	9336-Archives_Orn144.c01	ArchivalResource	referencedIn	9336-Archives_Orn144.xml
9336-Archives_Orn144.r002	person	associatedWith	9336-Archives_Orn144.c01	ArchivalResource	referencedIn	9336-Archives_Orn144.xml
9336-Archives_Orn144.r003	person	associatedWith	9336-Archives_Orn144.c01	ArchivalResource	referencedIn	9336-Archives_Orn144.xml
9336-Archives_Orn144.r004	person	associatedWith	9336-Archives_Orn144.c01	ArchivalResource	referencedIn	9336-Archives_Orn144.xml
9336-Archives_Orn144.r005	person	associatedWith	9336-Archives_Orn144.c01	ArchivalResource	referencedIn	9336-Archives_Orn144.xml
9336-Archives_Orn144.r006	person	associatedWith	9336-Archives_Orn144.c01	ArchivalResource	referencedIn	9336-Archives_Orn144.xml
9336-Archives_Orn144.r007	person	associatedWith	9336-Archives_Orn144.c01	ArchivalResource	referencedIn	9336-Archives_Orn144.xml
9263-Archives_Orn87.c01				ArchivalResource	creatorOf	9263-Archives_Orn87.xml
9364-Archives_Orn153.c01				ArchivalResource	creatorOf	9364-Archives_Orn153.xml
9364-Archives_Orn153.c02				ArchivalResource	creatorOf	9364-Archives_Orn153.xml
9399-Archives_Orn240.c01				ArchivalResource	creatorOf	9399-Archives_Orn240.xml
9297-Archives_Orn112.c01	corporateBody	associatedWith	9297-Archives_Orn112.r001	ArchivalResource	creatorOf	9297-Archives_Orn112.xml
9297-Archives_Orn112.r001	person	associatedWith	9297-Archives_Orn112.c01	ArchivalResource	referencedIn	9297-Archives_Orn112.xml
