<?xml version="1.0" encoding="UTF-8"?>
<ead xmlns="urn:isbn:1-931666-22-9" xmlns:xsi="http://www.w3.org/2001/XMLSchema-instance"
	xmlns:xlink="http://www.w3.org/1999/xlink" xsi:schemaLocation="urn:isbn:1-931666-22-9 http://www.loc.gov/ead/ead.xsd">
	<eadheader countryencoding="iso3166-1" dateencoding="iso8601" langencoding="iso639-2b" repositoryencoding="iso15511"
		relatedencoding="marc" scriptencoding="iso8601">
		<eadid countrycode="US" mainagencycode="US-NN" url="http://archives.nypl.org/the/21318.xml">the21318.xml</eadid>
		<filedesc>
			<titlestmt>
				<titleproper>Guide to the Otto Harbach papers, Additions, <date>1923-1979</date></titleproper>
			</titlestmt>
			<publicationstmt>
				<publisher>The New York Public Library. Billy Rose Theatre Division.</publisher>
				<address>
					<addressline>New York Public Library for the Performing Arts, Dorothy and Lewis B. Cullman Center</addressline>
					<addressline>40 Lincoln Center Plaza, New York, NY 10023-7498</addressline>
				</address>
			</publicationstmt>
		</filedesc>
		<profiledesc>
			<creation>EAD generated by archives.nypl.org on <date normal="2019-12-10">December 10, 2019</date></creation>
			<langusage><language langcode="eng">English</language></langusage>
		</profiledesc>
	</eadheader>

	<archdesc level="collection">
		<did>
			<unittitle>Otto Harbach papers, Additions</unittitle>
			<unitdate type="inclusive" normal="1923/1979">1923-1979</unitdate>
			<unitid type="local_mss">21318</unitid>
			<unitid type="local_call">*T-Mss 1993-038</unitid>
			<unitid type="local_b">b21958245</unitid>
			<origination><persname source="naf" authfilenumber="http://id.loc.gov/authorities/names/no89000988">Harbach, Otto,
					1873-1963</persname></origination>
			<repository><corpname>The New York Public Library. Billy Rose Theatre Division.</corpname><address>
					<addressline>New York Public Library for the Performing Arts, Dorothy and Lewis B. Cullman Center</addressline>
					<addressline>40 Lincoln Center Plaza, New York, NY 10023-7498</addressline>
				</address></repository>
			<physdesc><extent unit="containers">5 boxes</extent><extent unit="linear_feet">1.58 linear feet</extent></physdesc>
			<abstract>Otto Harbach (1873-1963) was an author, librettist and lyricist, best known for songs such as "Smoke Gets
				in Your Eyes," "Love Nest," "Indian Love Call," and "The Night Was Made For Love;"; and for musicals and plays such
				as <title>No, No, Nanette</title>; <title>Roberta</title>; <title>The Firefly</title>; and <title>The Cat and the
					Fiddle</title>. These additions to the Otto Harbach papers, dating from 1923 to 1979, are comprised of an oral
				history, writings, scores, scripts, lyrics, photographs, a scrapbook, home movies, and other sound and moving image
				recordings.</abstract>
			<langmaterial>English</langmaterial>
		</did>
		<bioghist>
			<p>Otto Harbach, author, librettist and lyricist, was born in Salt Lake City on August 18, 1873. His parents, Adolph
				Julius Hauerbach and Hansena Olsen, were Danes who had converted to Mormonism and migrated to the United States in
				1863 (Harbach changed the spelling of his name in 1917). Encouraged by his family, Harbach headed east to Knox
				College in Galesburg, Illinois. There he distinguished himself, becoming first the oratorical champion of the
				college, and then winning the state championship in 1895 in a contest for which William Jennings Bryan was one of
				the judges. After graduation Harbach accepted a professorship in English at Whitman College in Walla Walla,
				Washington. In 1901 he arrived in New York to work on a Ph.D. at Columbia, but a lack of funds soon led him to work
				as a journalist and later as an advertising copywriter.</p>
			<p>During his years in New York, Harbach began to think of Broadway as a career and while office work occupied his
				days, his free time was spent working with Karl Hoschna, his first collaborator, trying to create and sell a
				musical. It wasn't until 1908, after the success of <title>Three Twins</title>, for which Hoschna was the composer,
				that Harbach quit his job and devoted himself to writing. Over the course of his career Harbach had more than 50
				works produced on Broadway. He was also well-known as a "script doctor", rewriting and revising plays for various
				producers. Harbach's own works were, for the most part, musicals for which he provided both the book and the lyrics.
				His contributions were not only memorable lyrics and credible plots, but also a new style of musical, where the
				songs were an integral part of the story. Among his collaborators were the composers Karl Hoschna, Rudolf Friml,
				Jerome Kern, Louis Hirsch, Herbert Stothart, Vincent Youmans and Sigmund Romberg, and the lyricists Oscar
				Hammerstein II, Irving Caesar, Frank Mandel, and John Murray Anderson. Harbach's most well-known works include the
				songs "Love Nest,","Smoke Gets in Your Eyes," "Indian Love Call," "One Alone," "Rose Marie," "The Night Was Made for
				Love,", and the plays <title>The Firefly</title>; <title>Roberta</title>; <title>Rose Marie</title>; <title>No, No,
					Nanette</title>; <title>Desert Song</title>; <title>Kid Boots</title>; <title>The Song of the Flame</title>; and
					<title>The Cat and the Fiddle</title>. Harbach also wrote several non-musical plays including <title>Up in Mabel's
					Room</title> and <title>The Silent Witness</title>.</p>
			<p>Harbach worked with major Broadway figures of his day on a creative basis to enhance the profession as a whole
				through the American Society of Composer's Authors and Publishers (ASCAP). Joining as a charter member in 1914, he
				worked with ASCAP for more than 40 years as a director, and served as president from 1950-1953. By all accounts his
				colleagues not only admired his work, but respected the man. Socially, Harbach belonged to the Lambs, the Friars and
				the Dutch Treat Club, but much of his time was spent with his family at their home in Mamaroneck, New York, where
				Harbach also did much of his work.</p>
			<p>Harbach married Ella Smith Dougall in Salt Lake City in 1918. They had two sons, Robert and William. The family
				also included Ella's children from her previous marriage, Bernard and Virginia Dougall. Otto Harbach died in New
				York in 1963.</p>
		</bioghist>
		<scopecontent>
			<p>The Otto Harbach papers, additions (1923-1979), are comprised of writings, scores, scripts, lyrics, photographs, a
				scrapbook, home movies, Harbach television appearances, and audio recordings of Harbach's work.</p>
			<p>Writings consist primarily of <title>The Life Of Otto Harbach</title>, the transcript of an extensive oral history
				conducted by Harbach's son William shortly before his father's death. William Harbach prefaced the transcript with a
				short memoir of his father by Oscar Hammerstein II. Also present in the writings are the text of an award-winning
				speech Harbach wrote while at Knox College, "The Hero Of Compromise," and a later article, "When Music Marries
				Drama."</p>
			<p>Scores hold vocal/chorus parts for two Harbach projects, <title>Choose Your Partners</title> (music by Peter De
				Rose), and <title>Hayfoot-Strawfoot</title> (music by Jerome Kern).</p>
			<p>Scripts (all typed) are present for five Harbach plays or musicals, including <title>Kitty's Kisses</title>,
					<title>The Three Twins</title>, and <title>The Firefly</title>. The typed lyrics, arranged by production, include
				songs from <title>Criss Cross</title>, <title>Dr. Deluxe</title>, <title>High Jinks</title>, and
					<title>Katinka</title>, among others. The lyrics also contain a list of songs Harbach registered for copyright as
				of 1927.</p>
			<p>The photographs show scenes from <title>Ginger</title>, <title>Kid Boats</title>, <title>Rose Marie</title>,
					<title>Wild Rose</title>, and unidentified productions.</p>
			<p>The scrapbook contains letters of condolence following Harbach's death, obituaries, and memorial programs; it also
				holds a program for a 1957 concert devoted to Harbach's work. Among the condolences are letters from President
				Kennedy, Nelson Rockefeller, Jacob Javits, Carl Sandburg, Steve Allen, Bob Hope, Irving Berlin, and other figures in
				the arts and government.</p>
			<p>The letters from William Osteck (an artist representative) are to William Harbach, and concern a proposal for a
				televised tribute to Otto Harbach's collaborator, Rudolph Friml.</p>
			<p>The sound and video recordings contain 15 home movies of Harbach and his children and grandchild, both at home and
				on vacations. A list of their contents, created by William Harbach, is in box 4, folder 22. Other contents include
				an excerpt of <title>The Steve Allen Show</title> featuring Otto Harbach, from 1959; an audio recording of Harbach's
				funeral; a 1957 interview with Oscar Hammerstein II; recordings of songs from <title>Bugles In April</title>,
					<title>The Cat and the Fiddle</title>, and <title>Roberta</title>; and a 1979 program at the 92nd Street Y in New
				York City titled "Lyrics &amp; Lyricists - An Evening With Otto Harbach."</p>
		</scopecontent>
		<prefercite>
			<p>Otto Harbach papers, Additions, *T-Mss 1993-038. Billy Rose Theatre Division, The New York Public Library for the
				Performing Arts</p>
		</prefercite>
		<acqinfo>
			<p>Donated by Lisa Setos (granddaughter of Otto Harbach), 2018.</p>
		</acqinfo>
		<processinfo>
			<p>Processed by <name>Matthew Snyder</name> in <date>2019</date>.</p>
		</processinfo>
		<relatedmaterial>
			<p>Otto Harbach papers, *T-Mss 1993-038, Billy Rose Theatre Division.</p>
		</relatedmaterial>
		<accessrestrict>
			<p>Some collections held by the Dance, Music, Recorded Sound, and Theatre Divisions at the New York Public Library
				for the Performing Arts are held off-site and must be requested in advance. Please check the collection records in
						<extref xlink:href="http://catalog.nypl.org/record=LPA_BNUMBER" xlink:type="simple" xlink:actuate="onRequest"
						>the NYPL's online catalog</extref> for detailed location information. For general guidance about requesting
				offsite materials, please consult: <extref
					xlink:href="https://www.nypl.org/about/locations/lpa/requesting-archival-materials" xlink:type="simple"
					xlink:actuate="onRequest">https://www.nypl.org/about/locations/lpa/requesting-archival-materials</extref></p>
			<p>Sound, film, and video recordings are unavailable pending digitization.</p>
		</accessrestrict>
		<controlaccess>
			<persname role="clb" source="naf" authfilenumber="http://id.loc.gov/authorities/names/nr97010128">De Rose, Peter,
				1900-1953</persname>
			<persname role="subject" source="naf" authfilenumber="http://id.loc.gov/authorities/names/n50020012">Hammerstein,
				Oscar, II, 1895-1960</persname>
			<persname source="naf" authfilenumber="http://id.loc.gov/authorities/names/no89000988">Harbach, Otto,
				1873-1963</persname>
			<persname role="aut" source="naf" authfilenumber="http://id.loc.gov/authorities/names/no2010160277">Harbach, William
				O.</persname>
			<persname role="clb" source="naf" authfilenumber="http://id.loc.gov/authorities/names/n80149466">Kern, Jerome,
				1885-1945</persname>
			<subject source="lcsh">Musical theater -- United States</subject>
			<genreform source="aat" authfilenumber="http://id.loc.gov/authorities/names/300263874">Home movies</genreform>
			<genreform source="aat" authfilenumber="http://id.loc.gov/authorities/names/300136900">Motion pictures (visual
				works)</genreform>
			<genreform source="aat" authfilenumber="http://id.loc.gov/authorities/names/300202595">Oral histories (literary
				works)</genreform>
			<genreform source="aat" authfilenumber="http://id.loc.gov/authorities/names/300046300">Photographs</genreform>
			<genreform source="aat" authfilenumber="http://id.loc.gov/authorities/names/300026427">Scores (documents for
				music)</genreform>
			<genreform source="aat" authfilenumber="http://id.loc.gov/authorities/names/300027341">Scrapbooks</genreform>
			<genreform source="ftamc" authfilenumber="http://id.loc.gov/authorities/names/300026487">Scripts</genreform>
			<genreform source="aat" authfilenumber="http://id.loc.gov/authorities/names/300028633">Sound recordings</genreform>
			<genreform source="aat" authfilenumber="http://id.loc.gov/authorities/names/300028682">Video recordings (physical
				artifacts)</genreform>
			<occupation source="lcsh">Librettists</occupation>
			<occupation source="itoamc">Lyricists.</occupation>
		</controlaccess>
		<dsc>
			<c01 level="file">
				<did>
					<unittitle>Writings</unittitle>
					<unitid type="local_mss">3188040</unitid>
				</did>
				<c02 level="file">
					<did>
						<unittitle>"The Hero Of Compromise"</unittitle>
						<unitdate type="inclusive" normal="1895">1895</unitdate>
						<unitid type="local_mss">3188041</unitid>
						<container type="box">1</container>
						<container type="folder">1</container>
					</did>
					<scopecontent>
						<p>An address delivered at Knox College. Typed reproduction.</p>
					</scopecontent>
				</c02>
				<c02 level="file">
					<did>
						<unittitle><title>The Life Of Otto Harbach</title></unittitle>
						<unitdate type="inclusive" normal="1962/1963">1962-1963</unitdate>
						<unitid type="local_mss">3188042</unitid>
						<container type="box">2</container>
						<container type="box">1</container>
						<container type="folder">2-3</container>
					</did>
				</c02>
				<c02 level="file">
					<did>
						<unittitle>"When Music Marries Drama"</unittitle>
						<unitdate type="inclusive" normal="1938" certainty="approximate">circa 1938</unitdate>
						<unitid type="local_mss">3188045</unitid>
						<container type="box">1</container>
						<container type="folder">4</container>
					</did>
					<bioghist>
						<p>Published in the Sarah Lawrence College Alumnae Magazine.</p>
					</bioghist>
				</c02>
			</c01>
			<c01 level="file">
				<did>
					<unittitle>Scores</unittitle>
					<unitid type="local_mss">3188046</unitid>
				</did>
				<c02 level="file">
					<did>
						<unittitle>Choose Your Partner</unittitle>
						<unitdate type="inclusive" normal="1948">1948</unitdate>
						<unitid type="local_mss">3188047</unitid>
						<container type="box">3</container>
						<container type="folder">2-5</container>
					</did>
					<scopecontent>
						<p>A play based on a story by Edward Boykin with music by Peter De Rose. The same story had served as a basis for
								<title>Hayfoot-Strawfoot</title> which Harbach had written with Jerome Kern and Oscar Hammerstein II. That play
							never opened in New York, and Kern and Hammerstein both removed themselves from the production, leaving Harbach
							free to use the story and his lyrics for the new work with Peter De Rose. Choose Your Partners was revised many
							times, but never produced. It was also known as "April Was Singing", "Born In April", "Bugles In April", "Counter
							Melody", "Hands Off", and "Meet Miss April". The scores here bear several of these titles.</p>
					</scopecontent>
				</c02>
				<c02 level="file">
					<did>
						<unittitle><title>Hayfoot-Strawfoot</title></unittitle>
						<unitdate type="inclusive" normal="1942">1942</unitdate>
						<unitid type="local_mss">3188048</unitid>
						<container type="box">1</container>
						<container type="folder">5-6</container>
					</did>
				</c02>
			</c01>
			<c01 level="file">
				<did>
					<unittitle>Scripts</unittitle>
					<unitid type="local_mss">3188049</unitid>
				</did>
				<c02 level="file">
					<did>
						<unittitle><title>The Cat and the Fiddle</title></unittitle>
						<unitdate type="inclusive" normal="1947">1947</unitdate>
						<unitid type="local_mss">3188050</unitid>
						<container type="box">1</container>
						<container type="folder">7</container>
					</did>
					<bioghist>
						<p>By Jerome Kern and Otto Harbach.</p>
					</bioghist>
				</c02>
				<c02 level="file">
					<did>
						<unittitle><title>The Firefly</title></unittitle>
						<unitdate type="inclusive" normal="1949">1949</unitdate>
						<unitid type="local_mss">3188053</unitid>
						<container type="box">1</container>
						<container type="folder">8</container>
					</did>
					<bioghist>
						<p>By Rudolf Friml and Otto Harbach.</p>
					</bioghist>
				</c02>
				<c02 level="file">
					<did>
						<unittitle><title>Kitty's Kisses</title></unittitle>
						<unitdate type="inclusive" normal="1926">1926</unitdate>
						<unitid type="local_mss">3188535</unitid>
						<container type="box">4</container>
						<container type="folder">1</container>
					</did>
					<bioghist>
						<p>Book by Harbach and Philip Bartholomae. Music by Con Conrad.</p>
					</bioghist>
				</c02>
				<c02 level="file">
					<did>
						<unittitle><title>Roberta</title></unittitle>
						<unitdate type="inclusive" normal="1955">1955</unitdate>
						<unitid type="local_mss">3188054</unitid>
						<container type="box">4</container>
						<container type="folder">2</container>
					</did>
					<bioghist>
						<p>By Jerome Kern and Otto Harbach.</p>
					</bioghist>
				</c02>
				<c02 level="file">
					<did>
						<unittitle><title>The Three Twins</title></unittitle>
						<unitdate type="inclusive" normal="1949">1949</unitdate>
						<unitid type="local_mss">3188055</unitid>
						<container type="box">4</container>
						<container type="folder">3</container>
					</did>
					<bioghist>
						<p>By Karl Roschna and Otto Harbach.</p>
					</bioghist>
				</c02>
			</c01>
			<c01 level="file">
				<did>
					<unittitle>Lyrics</unittitle>
					<unitid type="local_mss">3188056</unitid>
				</did>
				<c02 level="file">
					<did>
						<unittitle><title>Betty Lee</title></unittitle>
						<unitdate type="inclusive" normal="1924">1924</unitdate>
						<unitid type="local_mss">3188057</unitid>
						<container type="box">4</container>
						<container type="folder">4</container>
					</did>
				</c02>
				<c02 level="file">
					<did>
						<unittitle><title>The Blue Kitten</title></unittitle>
						<unitdate type="inclusive" normal="1920/1929">1920s</unitdate>
						<unitid type="local_mss">3188058</unitid>
						<container type="box">4</container>
						<container type="folder">5</container>
					</did>
				</c02>
				<c02 level="file">
					<did>
						<unittitle><title>Bright Eyes</title></unittitle>
						<unitdate type="inclusive" normal="1910">1910</unitdate>
						<unitid type="local_mss">3188520</unitid>
						<container type="box">4</container>
						<container type="folder">6</container>
					</did>
				</c02>
				<c02 level="file">
					<did>
						<unittitle><title>The Cat and the Fiddle</title></unittitle>
						<unitdate type="inclusive" normal="1931">1931</unitdate>
						<unitid type="local_mss">3188522</unitid>
						<container type="box">4</container>
						<container type="folder">7</container>
					</did>
				</c02>
				<c02 level="file">
					<did>
						<unittitle><title>Criss Cross</title></unittitle>
						<unitdate type="inclusive" normal="1926">1926</unitdate>
						<unitid type="local_mss">3188523</unitid>
						<container type="box">4</container>
						<container type="folder">8</container>
					</did>
				</c02>
				<c02 level="file">
					<did>
						<unittitle><title>The Desert Song</title></unittitle>
						<unitid type="local_mss">3188524</unitid>
						<container type="box">4</container>
						<container type="folder">9</container>
					</did>
				</c02>
				<c02 level="file">
					<did>
						<unittitle><title>Dr. Deluxe</title></unittitle>
						<unitdate type="inclusive" normal="1911">1911</unitdate>
						<unitid type="local_mss">3188525</unitid>
						<container type="box">4</container>
						<container type="folder">10</container>
					</did>
				</c02>
				<c02 level="file">
					<did>
						<unittitle><title>The Firefly</title></unittitle>
						<unitdate type="inclusive" normal="1912">1912</unitdate>
						<unitid type="local_mss">3188526</unitid>
						<container type="box">4</container>
						<container type="folder">11</container>
					</did>
				</c02>
				<c02 level="file">
					<did>
						<unittitle><title>The Girl of My Dreams</title></unittitle>
						<unitdate type="inclusive" normal="1910">1910</unitdate>
						<unitid type="local_mss">3188527</unitid>
						<container type="box">4</container>
						<container type="folder">12</container>
					</did>
				</c02>
				<c02 level="file">
					<did>
						<unittitle><title>Going Up</title></unittitle>
						<unitdate type="inclusive" normal="1917">1917</unitdate>
						<unitid type="local_mss">3188528</unitid>
						<container type="box">4</container>
						<container type="folder">13</container>
					</did>
				</c02>
				<c02 level="file">
					<did>
						<unittitle><title>Golden Dawn</title></unittitle>
						<unitdate type="inclusive" normal="1927">1927</unitdate>
						<unitid type="local_mss">3188529</unitid>
						<container type="box">4</container>
						<container type="folder">14</container>
					</did>
				</c02>
				<c02 level="file">
					<did>
						<unittitle><title>High Jinks</title></unittitle>
						<unitdate type="inclusive" normal="1913">1913</unitdate>
						<unitid type="local_mss">3188530</unitid>
						<container type="box">4</container>
						<container type="folder">15</container>
					</did>
				</c02>
				<c02 level="file">
					<did>
						<unittitle><title>Jack And Jill</title></unittitle>
						<unitdate type="inclusive" normal="1923">1923</unitdate>
						<unitid type="local_mss">3188531</unitid>
						<container type="box">4</container>
						<container type="folder">16</container>
					</did>
				</c02>
				<c02 level="file">
					<did>
						<unittitle><title>Katinka</title></unittitle>
						<unitdate type="inclusive" normal="1915">1915</unitdate>
						<unitid type="local_mss">3188532</unitid>
						<container type="box">4</container>
						<container type="folder">17</container>
					</did>
				</c02>
				<c02 level="file">
					<did>
						<unittitle>Unidentified Production</unittitle>
						<unitid type="local_mss">3188533</unitid>
						<container type="box">4</container>
						<container type="folder">18</container>
					</did>
					<scopecontent>
						<p>Songs: "Aero Planing's Different,","Ain't It Funny What A Girl Can Make You Do,","Kitty's Wings Must Be
							Shorn,","Love's Own Call,", "How to Find a Pretty Ending to This Story of Mine." Also contains a published
							reproduction of Harbach's lyrics for "Smoke Gets in Your Eyes."</p>
					</scopecontent>
				</c02>
				<c02 level="file">
					<did>
						<unittitle>List of Registered Otto Harbach Compositions</unittitle>
						<unitdate type="inclusive" normal="1927">1927</unitdate>
						<unitid type="local_mss">3188534</unitid>
						<container type="box">4</container>
						<container type="folder">19</container>
					</did>
				</c02>
			</c01>
			<c01 level="file">
				<did>
					<unittitle>Photographs</unittitle>
					<unitdate type="inclusive" normal="1923/1926">1923-1926</unitdate>
					<unitid type="local_mss">3188542</unitid>
					<container type="box">3</container>
					<container type="folder">1</container>
					<container type="box">4</container>
					<container type="folder">20</container>
				</did>
			</c01>
			<c01 level="file">
				<did>
					<unittitle>Scrapbook</unittitle>
					<unitdate type="inclusive" normal="1957">1957</unitdate>
					<unitdate type="inclusive" normal="1963">1963</unitdate>
					<unitdate type="inclusive" normal="1973">1973</unitdate>
					<unitid type="local_mss">3188544</unitid>
					<container type="box">5</container>
				</did>
			</c01>
			<c01 level="file">
				<did>
					<unittitle>Osteck, William</unittitle>
					<unitdate type="inclusive" normal="1978">1978</unitdate>
					<unitid type="local_mss">3188545</unitid>
					<container type="box">4</container>
					<container type="folder">21</container>
				</did>
			</c01>
		</dsc>
	</archdesc>
</ead>
