<?xml version="1.0" encoding="UTF-8"?>
<ead xmlns="urn:isbn:1-931666-22-9" xmlns:xsi="http://www.w3.org/2001/XMLSchema-instance" xmlns:xlink="http://www.w3.org/1999/xlink" xsi:schemaLocation="urn:isbn:1-931666-22-9 http://www.loc.gov/ead/ead.xsd">
  <eadheader countryencoding="iso3166-1" dateencoding="iso8601" langencoding="iso639-2b" repositoryencoding="iso15511" relatedencoding="marc" scriptencoding="iso8601"><eadid countrycode="US" mainagencycode="US-NN" url="http://archives.nypl.org/scm/24264.xml">scm24264.xml</eadid><filedesc><titlestmt><titleproper>Guide to the Kathleen Collins papers, <date>1924-2015 [bulk 1962-1988]</date></titleproper></titlestmt><publicationstmt><publisher>The New York Public Library. Schomburg Center for Research in Black Culture, Manuscripts, Archives and Rare Books Division.</publisher><address><addressline>Schomburg Center for Research in Black Culture</addressline><addressline>515 Malcolm X Boulevard, New York, NY 10037-1801</addressline></address></publicationstmt></filedesc><profiledesc><creation>EAD generated by archives.nypl.org on <date normal="2019-12-10">December 10, 2019</date></creation><langusage><language langcode="eng">English</language></langusage></profiledesc></eadheader>
  
  <archdesc level="collection"><did><unittitle>Kathleen Collins papers</unittitle><unitdate type="inclusive" normal="1924/2015">1924-2015</unitdate><unitdate type="bulk" normal="1962/1988">1962-1988</unitdate><unitid type="local_mss">24264</unitid><unitid type="local_call">Sc MG 938</unitid><unitid type="local_b">b22015691</unitid><origination><persname source="naf" authfilenumber="http://id.loc.gov/authorities/names/no2011039433">Collins, Kathleen, 1942-1988</persname></origination><repository><corpname>The New York Public Library. Schomburg Center for Research in Black Culture, Manuscripts, Archives and Rare Books Division.</corpname><address><addressline>Schomburg Center for Research in Black Culture</addressline><addressline>515 Malcolm X Boulevard, New York, NY 10037-1801</addressline></address></repository><physdesc><extent unit="containers">11 boxes</extent><extent unit="linear_feet">3.87 linear feet</extent></physdesc><abstract>Kathleen Collins (1941-1988) was a playwright, filmmaker, director, novelist, short story writer, and professor of film history and production. Her papers include personal matter, correspondence, printed matter, and various drafts of her writing.</abstract><langmaterial>English</langmaterial><langmaterial>The majority of the material is in English, but there is some correspondence in French.</langmaterial></did><bioghist><p>Kathleen Collins (1941-1988) was a playwright, filmmaker, director, novelist, short story writer, and professor of film history and production. She was born on March 18, 1942, in Jersey City, New Jersey. She attended Skidmore College, where she was introduced to activism upon joining the Student Nonviolent Coordinating Committee (SNCC); as a member of SNCC, she worked on black southern voter registration. After receiving her bachelor's degree, she earned a master's degree in French literature and cinema at the Middlebury College program at Paris's Sorbonne. From 1967-1974, Collins worked as a film editor for various organizations, including the BBC, Craven Films, and William Greaves Productions, among others. She taught in the Theatre Arts Department of City College in New York City from 1974 until her death in 1988.</p> <p>Collins was the first African American woman to write, direct, and produce a full-length feature film (<title>The Cruz Brothers and Miss. Malloy</title>, 1980, which was based on a Henry Roth novel). Her second feature film, <title>Losing Ground</title> (1982), which she directed and coproduced, was based on her original screenplay; it received international acclaim. Also a playwright, her 1982 play, <title>The Brothers</title>, was named one of the twelve outstanding plays of the season by the Theatre Communications Group. In 1982 and 1983, she was a finalist for the Susan Blackburn International Prize for Playwriting. Although only a small amount of her work was published before her death in 1988, she wrote six playscripts, over fifteen short stories, and five screenplays. Some of this material was published in two posthumous publications, her short story collection, <title>Whatever Happened to Interracial Love?</title> (2016), and <title>Notes from a Black Woman's Diary: Selected Works of Kathleen Collins</title> (2019). These publications not only exemplify the breadth of her talent but have introduced her work to a wider audience.</p></bioghist><scopecontent><p>The Kathleen Collins papers consist of personal and biographical material, correspondence, professional matter, and writing. The personal material includes diplomas, a sketch pad, and her parents' yearbooks, among others. The correspondence, which is all personal, contains letters to and from family and friends; additionally, there is some correspondence between her daughter, Nina Collins, and various family members and friends after Collins's death. The professional matter, which is the smallest series, is comprised of professional correspondence with editors and producers, contracts, and printed matter. The last series, writing, is the largest; it contains manuscripts, published and unpublished, of her various writing, including playscripts, short stories, screenplays, and a novel. This series also consists of writing by Collins's daughter, Nina Collins, who edited <title>Notes from a Black Woman's Diary</title>.</p></scopecontent><prefercite><p>[Item], Kathleen Collins papers, Sc MG 938, Schomburg Center for Research in Black Culture, Manuscripts, Archives and Rare Books Division, The New York Public Library</p></prefercite><arrangement><p>Arranged into four series: (1) Personal; (2) Correspondence; (3) Professional; and (4) Writing.</p></arrangement><acqinfo><p>Purchased from the Estate of Kathleen Conwell Prettyman in 2017.</p></acqinfo><separatedmaterial><p>Transferred to the General Research and Reference Division: 1 book</p> <p>Transferred to the Photographs and Print Division: one folder of photographs</p> <p>Transferred to the Moving Image and Recorded Sound Division in 2017: moving image material. For more information, please contact the division at schomburgaudiovisual@nypl.org or 212-491-2270.</p></separatedmaterial><processinfo><p>Processed by Lauren Stark in October 2019. Much of the collection was initially in binders; the material has been removed for preservation purposes.</p></processinfo><relatedmaterial><p>Kathleen Collins Scripts collection, Manuscripts, Archives and Rare Books Division, Schomburg Center for Research in Black Culture</p></relatedmaterial><bibliography id="aspace_9899d9c8709cfc0d6d0d37d28279f138"><p>Andrews, W., Foster, F., and Harris, T. (Eds.). <title>The Oxford Companion to African American Literature</title>. New York: Oxford University Press, 1997.</p></bibliography><controlaccess><persname source="naf" authfilenumber="http://id.loc.gov/authorities/names/no2011039433">Collins, Kathleen, 1942-1988</persname><persname source="naf" authfilenumber="http://id.loc.gov/authorities/names/no2018059484">Collins, Nina Lorez, 1969-</persname><subject source="lcsh">African American women authors</subject><subject source="lcsh">Authors, Black</subject><subject source="lcsh">Women motion picture producers and directors -- Fiction</subject><subject source="lcsh">Women screenwriters</subject><genreform source="aat" authfilenumber="http://id.loc.gov/authorities/names/300202607">Short stories</genreform><occupation source="lcsh">Dramatists</occupation></controlaccess><dsc><c01 level="series"><did><unittitle>Personal</unittitle><unitdate type="inclusive" normal="1924/2013">1924-2013</unitdate><unitid type="local_mss">3197875</unitid></did><scopecontent><p>This series is divided into two subseries; the first subseries, Biographical, is comprised of material from and about Kathleen Collins, such as her high school and college diplomas, newspaper clippings from when she was a teenager, various resumes, divorce papers, and obituaries, among others. The second subseries, Family, mostly contains material from and about her parents, such as yearbooks, correspondence, and genealogical information. It is further divided into subgroups for each of her parents, Frank Conwell, her father; her mother, Mildred (Jones) Conwell, who died when Collins was a baby; and her stepmother, Lauretta (Anderson) Conwell, who raised Collins. There also is an extensive amount of documents about Mildred Conwell's ancestors, compiled by her cousin, Lois Miller Bryan, and her sister, Francine Conwell, around 2007.</p></scopecontent><arrangement><p>Arranged into two subseries: (1) Biographical and (2) Family.</p></arrangement><c02 level="subseries"><did><unittitle>Biographical</unittitle><unitdate type="inclusive" normal="1959/2013">1959-2013</unitdate><unitid type="local_mss">3197881</unitid></did><arrangement><p>Arranged chronologically.</p></arrangement><c03 level="file"><did><unittitle>Lincoln High School diploma</unittitle><unitdate type="inclusive" normal="1959-01-28">1959 January 28</unitdate><unitid type="local_mss">3197886</unitid><container type="box">1</container><container type="folder">1</container></did><bioghist><p>Lincoln High School (now Lincoln High School Academy of Governance and Social Sciences) is located in Jersey City, New Jersey.</p></bioghist></c03><c03 level="file"><did><unittitle>Skidmore College application and transcript</unittitle><unitdate type="inclusive" normal="1958/2007">1958-2007</unitdate><unitid type="local_mss">3197887</unitid><container type="box">1</container><container type="folder">2</container></did><scopecontent><p>Includes 2007 correspondence from Skidmore College to Nina Collins, Kathleen Collins's daughter; photocopies of Kathleen Collins's application and transcript; and photocopies of the College's <title>Bulletin</title> from 1959-1960.</p></scopecontent></c03><c03 level="file"><did><unittitle>Printed matter (photocopies)</unittitle><unitdate type="inclusive" normal="1962/1979">1962-1979</unitdate><unitid type="local_mss">3197888</unitid><container type="box">1</container><container type="folder">3</container></did><scopecontent><p>Includes photocopies of newspaper clippings of Collins's work with the SNCC in Georgia, alongside her close friend, Peggy Dammond, and her subsequent time behind bars for refusing to stop praying on the steps of the City Hall; and one article about Westbeth artists' housing, where Collins lived with her first husband, Douglas Collins.</p></scopecontent></c03><c03 level="file"><did><unittitle>Skidmore College commencement program and diploma</unittitle><unitdate type="inclusive" normal="1963-06-02">1963 June 2</unitdate><unitid type="local_mss">3197893</unitid><container type="box">1</container><container type="folder">4</container></did></c03><c03 level="file"><did><unittitle>Divorce papers</unittitle><unitdate type="inclusive" normal="1973-06-14">1973 June 14</unitdate><unitid type="local_mss">3197894</unitid><container type="box">1</container><container type="folder">5</container></did><bioghist><p>From her first husband, Douglas Collins.</p></bioghist></c03><c03 level="file"><did><unittitle>Resumes</unittitle><unitdate type="inclusive" normal="1975/1984" certainty="approximate">ca. 1975-1984</unitdate><unitid type="local_mss">3197895</unitid><container type="box">1</container><container type="folder">6</container></did></c03><c03 level="file"><did><unittitle>Associate Builder certificate and exam</unittitle><unitdate type="inclusive" normal="1987/1988">1987-1988</unitdate><unitid type="local_mss">3197898</unitid><container type="box">1</container><container type="folder">7</container></did><bioghist><p>From the Builders of the Adytum, a non-profit organization based on teachings of the mystical occult.</p></bioghist></c03><c03 level="file"><did><unittitle>Sketch book</unittitle><unitdate type="inclusive">undated</unitdate><unitid type="local_mss">3197900</unitid><container type="box">1</container><container type="folder">8</container></did><scopecontent><p>Small sketchbook with "Kathleen Conwell" inscribed on the inside front cover; includes titled drawings made with watercolor and possibly marker. Handwritten notes are included on the back inside cover.</p></scopecontent></c03><c03 level="file"><did><unittitle>Obituaries</unittitle><unitdate type="inclusive" normal="1988/2005">1988-2005</unitdate><unitid type="local_mss">3197901</unitid><container type="box">1</container><container type="folder">9</container></did><scopecontent><p>Includes an "in memoriam" publication from Skidmore College's <title>Skidmore Scope</title> from 2005.</p></scopecontent></c03><c03 level="file"><did><unittitle>Memorial service program</unittitle><unitdate type="inclusive" normal="1988-09-30">1988 September 30</unitdate><unitid type="local_mss">3197902</unitid><container type="box">1</container><container type="folder">10</container></did><scopecontent><p>Program includes a copy of Collins's "Call and Response", 1987. Folder also contains a poem written by Peggy Dammond Preacely, her close friend, in September 1988, called "My Sister, My Friend", and another poem, "Brownsilk Spirit", written by Jeannette Adams, also in September 1988.</p></scopecontent></c03><c03 level="file"><did><unittitle>Skidmore College Class of 1963 50th reunion book</unittitle><unitdate type="inclusive" normal="2013">2013</unitdate><unitid type="local_mss">3197903</unitid><container type="box">1</container><container type="folder">11</container></did></c03></c02><c02 level="subseries"><did><unittitle>Family</unittitle><unitdate type="inclusive" normal="1924/2007">1924-2007</unitdate><unitid type="local_mss">3197882</unitid></did><arrangement><p>Arranged chronologically within each subgroup.</p></arrangement><c03 level="subgrp"><did><unittitle>Conwell, Frank</unittitle><unitdate type="inclusive" normal="1930/2004">1930-2004</unitdate><unitid type="local_mss">3197883</unitid></did><bioghist><p>Kathleen Collins's father.</p></bioghist><c04 level="file"><did><unittitle>Palmyra High School yearbook</unittitle><unitdate type="inclusive" normal="1930">1930</unitdate><unitid type="local_mss">3197904</unitid><container type="box">1</container><container type="folder">12</container></did><scopecontent><p>Commencement program included on the inside front cover.</p></scopecontent></c04><c04 level="file"><did><unittitle>Handwritten letter to his mother</unittitle><unitdate type="inclusive" normal="1944-05-14">1944 May 14</unitdate><unitid type="local_mss">3197906</unitid><container type="box">1</container><container type="folder">13</container></did></c04><c04 level="file"><did><unittitle>Jersey City State College yearbook</unittitle><unitdate type="inclusive" normal="1950">1950</unitdate><unitid type="local_mss">3197905</unitid><container type="box">1</container><container type="folder">14</container></did><bioghist><p>Presently, New Jersey City University.</p></bioghist></c04><c04 level="file"><did><unittitle>Printed matter</unittitle><unitdate type="inclusive" normal="1968/2004">1968-2004</unitdate><unitid type="local_mss">3197907</unitid><container type="box">1</container><container type="folder">15</container><container type="box">5</container><container type="folder">1</container></did><scopecontent><p>Includes news clippings (some photocopies) and a website printout of Conwell's successful term as a principal, various obituaries from 1971, and the dedication of the Frank Conwell School. Additionally, there is a memorial service program and the school's dedication ceremony program, both from 1971.</p></scopecontent></c04><c04 level="file"><did><unittitle>Conwell family tree</unittitle><unitdate type="inclusive" normal="2001" certainty="approximate">ca. 2001</unitdate><unitid type="local_mss">3197908</unitid><container type="box">1</container><container type="folder">16</container></did></c04></c03><c03 level="subgrp"><did><unittitle>Conwell, Mildred</unittitle><unitdate type="inclusive" normal="1924/2007">1924-2007</unitdate><unitid type="local_mss">3197884</unitid></did><bioghist><p>Kathleen Collins's mother, born Mildred Jones, who died when Collins was a baby.</p></bioghist><c04 level="file"><did><unittitle>Correspondence</unittitle><unitdate type="inclusive" normal="1924/1930">1924-1930</unitdate><unitid type="local_mss">3197909</unitid><container type="box">2</container><container type="folder">1</container></did><scopecontent><p>Includes letters to her mother and cousin.</p></scopecontent></c04><c04 level="file"><did><unittitle>Bordentown High School yearbooks</unittitle><unitdate type="inclusive" normal="1929/1930">1929-1930</unitdate><unitid type="local_mss">3197910</unitid><container type="box">2</container><container type="folder">2-3</container></did><scopecontent><p>Also includes a <title>Fabella</title> (the name of the yearbook) advertising contract; Conwell (Jones) was on the yearbook staff.</p></scopecontent></c04><c04 level="file"><did><unittitle>Manual Training School, Bordentown, commencement program and postcards</unittitle><unitdate type="inclusive" normal="1930">1930</unitdate><unitid type="local_mss">3197911</unitid><container type="box">2</container><container type="folder">4</container></did><bioghist><p>Bordentown High School was also known as the Manual Training School.</p></bioghist></c04><c04 level="file"><did><unittitle>Writing</unittitle><unitdate type="inclusive" normal="1932" certainty="approximate">ca. 1932</unitdate><unitid type="local_mss">3197912</unitid><container type="box">2</container><container type="folder">5</container></did><scopecontent><p>Includes a typed paper on "The Contributions of Andrew Carnegie and John D. Rockefeller to the Field of Negro Education".</p></scopecontent></c04><c04 level="file"><did><unittitle>Gould family history</unittitle><unitdate type="inclusive" normal="2004/2007">2004-2007</unitdate><unitid type="local_mss">3197913</unitid><container type="box">2</container><container type="folder">6</container></did><bioghist><p>The ancestors and descendants of Mildred (Jones) Conwell.</p></bioghist><scopecontent><p>Includes photocopied genealogical information, compiled by Lois Miller Bryan and Francince Conwell (Kathleen Collins's cousin and sister, respectively), correspondence from the two women to their families, newspaper clippings, poems written by ancestors, and clan minutes.</p></scopecontent></c04></c03><c03 level="subgrp"><did><unittitle>Conwell, Lauretta</unittitle><unitdate type="inclusive" normal="1925">1925</unitdate><unitid type="local_mss">3197885</unitid></did><bioghist><p>Kathleen Collins's stepmother, born Lauretta Anderson, who raised Collins and her sister, Francine Conwell.</p></bioghist><c04 level="file"><did><unittitle>William L. Dickinson High School commencement program</unittitle><unitdate type="inclusive" normal="1925-06-23">1925 June 23</unitdate><unitid type="local_mss">3197914</unitid><container type="box">2</container><container type="folder">7</container></did></c04><c04 level="file"><did><unittitle>Royal Typewriting Company tests</unittitle><unitdate type="inclusive" normal="1925-03/1925-12">1925 March-December</unitdate><unitid type="local_mss">3197915</unitid><container type="box">2</container><container type="folder">8</container></did><bioghist><p>Presumably belonged to Lauretta (Anderson) Conwell, who is listed in her high school commencement program with honors in the "industrial program".</p></bioghist></c04></c03></c02></c01><c01 level="series"><did><unittitle>Correspondence</unittitle><unitdate type="inclusive" normal="1962/2009">1962-2009</unitdate><unitid type="local_mss">3197876</unitid></did><scopecontent><p>Correspondence is divided into two subseries, one for Kathleen Collins, and one for her daughter, Nina Collins. Kathleen Collins's correspondence is personal, to and from family and friends. Nina Collins's correspondence is both personal and professional; the personal correspondence is to and from family and friends. Much of this correspondence includes condolence letters and sympathy cards for the death of her mother. Since Nina Collins is the executor of the Kathleen Collins's estate and edited <title>Notes from a Black Woman's Diary</title>, she also contacted family and friends for information on her mother, which comprises the rest of the correspondence. There is a small amount of professional and general correspondence for Nina Collins, some of which includes condolences.</p></scopecontent><arrangement><p>Arranged into two subseries: (1) Collins, Kathleen and (2) Collins, Nina.</p></arrangement><c02 level="subseries"><did><unittitle>Collins, Kathleen</unittitle><unitdate type="inclusive" normal="1962/1988">1962-1988</unitdate><unitid type="local_mss">3197916</unitid></did><arrangement><p>Arranged in alphabetical order, by last name.</p></arrangement><c03 level="file"><did><unittitle>Brown, Francine</unittitle><unitdate type="inclusive" normal="1962/1987">1962-1987</unitdate><unitid type="local_mss">3197918</unitid><container type="box">3</container><container type="folder">1</container></did><bioghist><p>Collins's sister.</p></bioghist></c03><c03 level="file"><did><unittitle>Cole, Carole</unittitle><unitdate type="inclusive" normal="1981/1987">1981-1987</unitdate><unitid type="local_mss">3197919</unitid><container type="box">3</container><container type="folder">2</container></did><bioghist><p>Friend, actress, music producer, and later, CEO of King Cole Productions.</p></bioghist></c03><c03 level="file"><did><unittitle>Collins, Carol</unittitle><unitdate type="inclusive" normal="1970/1985" certainty="approximate">ca. 1970-1985</unitdate><unitid type="local_mss">3197922</unitid><container type="box">3</container><container type="folder">3</container></did><bioghist><p>Collins's mother-in-law (mother of her first husband, Douglas Collins).</p></bioghist></c03><c03 level="file"><did><unittitle>Collins, Nina</unittitle><unitdate type="inclusive" normal="1984/1988">1984-1988</unitdate><unitid type="local_mss">3197923</unitid><container type="box">3</container><container type="folder">4</container></did><bioghist><p>Daughter of Kathleen Collins.</p></bioghist></c03><c03 level="file"><did><unittitle>Conwell, Frank and Lauretta</unittitle><unitdate type="inclusive" normal="1962/1974">1962-1974</unitdate><unitid type="local_mss">3197924</unitid><container type="box">3</container><container type="folder">5</container></did><bioghist><p>Kathleen Collins's parents (father and stepmother).</p></bioghist></c03><c03 level="file"><did><unittitle>Dammond, Bluette Lambelet</unittitle><unitdate type="inclusive" normal="1965/2002">1965-2002</unitdate><unitid type="local_mss">3197925</unitid><container type="box">3</container><container type="folder">6</container><langmaterial>Some of the correspondence is in French.</langmaterial></did><bioghist><p>Close friend of Collins's; sister-in-law of Don and Ellen Dammond.</p></bioghist><scopecontent><p>Also includes memorial service program for Dammond from 2002.</p></scopecontent></c03><c03 level="file"><did><unittitle>Dammond, Don and Ellen Craft</unittitle><unitdate type="inclusive" normal="1963/2007">1963-2007</unitdate><unitid type="local_mss">3197926</unitid><container type="box">3</container><container type="folder">7</container></did><bioghist><p>Parents of Peggy Dammond Preacely.</p></bioghist><scopecontent><p>Also includes a memorial service program for Ellen Craft Dammond from 2007.</p></scopecontent></c03><c03 level="file"><did><unittitle>Preacely, Peggy Dammond</unittitle><unitdate type="inclusive" normal="1971/1987">1971-1987</unitdate><unitid type="local_mss">3197927</unitid><container type="box">3</container><container type="folder">8</container></did><bioghist><p>Close friend of Collins's since their teenage years. Daughter of Don and Ellen Craft Dammond.</p></bioghist></c03><c03 level="file"><did><unittitle>Scott, Seret</unittitle><unitdate type="inclusive" normal="1981/1982">1981-1982</unitdate><unitid type="local_mss">3197928</unitid><container type="box">3</container><container type="folder">9</container></did><bioghist><p>Friend of Collins's who starred in <title>Losing Ground</title>.</p></bioghist></c03></c02><c02 level="subseries"><did><unittitle>Collins, Nina</unittitle><unitdate type="inclusive" normal="1980/2009">1980-2009</unitdate><unitid type="local_mss">3197917</unitid></did><arrangement><p>Arranged in alphabetical order.</p></arrangement><c03 level="file"><did><unittitle>Collins, Douglas</unittitle><unitdate type="inclusive" normal="1985/1992">1985-1992</unitdate><unitid type="local_mss">3197929</unitid><container type="box">3</container><container type="folder">10</container></did><bioghist><p>Nina Collins's father; first husband of Kathleen Collins.</p></bioghist></c03><c03 level="file"><did><unittitle>Family and friends</unittitle><unitdate type="inclusive" normal="1980/2007">1980-2007</unitdate><unitid type="local_mss">3197930</unitid><container type="box">3</container><container type="folder">11</container></did><scopecontent><p>Includes correspondence with her Aunt Francine, Bob Thompson (possibly Nina Collins's godfather), and Peggy Preacely Dammond, among others.</p></scopecontent></c03><c03 level="file"><did><unittitle>General</unittitle><unitdate type="inclusive" normal="1988/2009">1988-2009</unitdate><unitid type="local_mss">3197931</unitid><container type="box">3</container><container type="folder">12</container></did><scopecontent><p>Includes some professional correspondence.</p></scopecontent></c03></c02></c01><c01 level="series"><did><unittitle>Professional</unittitle><unitdate type="inclusive" normal="1975/2015">1975-2015</unitdate><unitid type="local_mss">3197877</unitid></did><scopecontent><p>This small series includes material related to Collins's career as a director, filmmaker, and writer. It consists of various contracts, such as an actor's contract for <title>Losing Ground</title>, a television license agreement for <title>The Cruz Brothers and Miss Malloy</title>, and an employment contract for Seret Scott; an equipment list for an unknown production; correspondence with Gail Papp, the leader of the Public Theater's literary department and wife of Joe Papp, the founder of the Public Theater, and Alice Walker, when she worked at <title>Ms.</title> Magazine; and printed matter, mostly theater programs and newspaper clippings about Collins's work and career.</p></scopecontent><arrangement><p>Arranged in alphabetical order.</p></arrangement><c02 level="file"><did><unittitle>Contracts and equipment list</unittitle><unitdate type="inclusive" normal="1981/1987">1981-1987</unitdate><unitid type="local_mss">3197932</unitid><container type="box">4</container><container type="folder">1</container></did></c02><c02 level="file"><did><unittitle>Correspondence</unittitle><unitdate type="inclusive" normal="1975/1981" certainty="approximate">ca. 1975-1981</unitdate><unitid type="local_mss">3197933</unitid></did><arrangement><p>Arranged in alphabetical order.</p></arrangement><c03 level="file"><did><unittitle>City College</unittitle><unitdate type="inclusive" normal="1981" certainty="approximate">ca. 1981</unitdate><unitid type="local_mss">3197934</unitid><container type="box">4</container><container type="folder">2</container></did><scopecontent><p>Collins's request for a leave of absence from her teaching duties to research and develop a screenplay on a book written about her ancestors, <title>Gouldtown: A Very Remarkable Settlement of Ancient Date</title> by William Steward (1913).</p></scopecontent></c03><c03 level="file"><did><unittitle>Papp, Gail</unittitle><unitdate type="inclusive" normal="1975/1976">1975-1976</unitdate><unitid type="local_mss">3197935</unitid><container type="box">4</container><container type="folder">3</container></did><scopecontent><p>Photocopies; includes photocopied letter from Nina Collins to Gail Papp asking for permission to retrieve copies of Papp's correspondence with her mother.</p></scopecontent><originalsloc><p>Retrieved by Nina Collins, in 2008, from New York Public Library's Library of Performing Arts, New York Shakespeare Festival records.</p></originalsloc></c03><c03 level="file"><did><unittitle>Walker, Alice</unittitle><unitdate type="inclusive" normal="1975">1975</unitdate><unitid type="local_mss">3197936</unitid><container type="box">4</container><container type="folder">4</container></did><scopecontent><p>Photocopied letter from Walker to Collins regarding some of Collins's short stories.</p></scopecontent></c03></c02><c02 level="file"><did><unittitle>Printed matter</unittitle><unitdate type="inclusive" normal="1977/2015">1977-2015</unitdate><unitid type="local_mss">3197937</unitid></did><c03 level="file"><did><unitdate type="inclusive" normal="1977/1990">1977-1990</unitdate><unitid type="local_mss">3201009</unitid><container type="box">4</container><container type="folder">5</container><container type="box">5</container><container type="folder">2</container></did><scopecontent><p>Includes a 1977 copy of <title>The Crisis of Possession in Voodoo</title> by Dr. Louis Mars, which was translated by Collins; a 1981 program from the "Independent Black American Cinema 1920-1980" festival (includes an interview with Collins); a postcard and program for Collins's play, <title>The Brothers</title>, at the American Place Theatre in 1982; various news clippings and articles (mostly photocopies) about Collins and her work; an invitation to PEN New Writers Evening #12, which featured Collins, among others, from 1986; an exhibition catalog for <title>Black Visions '87: A Salute to the Black Filmmaker</title>, which includes an interview with Collins; The Women's Project and Productions tenth season brochure from 1988 (which includes various productions of Collins's plays); and a photocopied flyer for a showing of <title>Losing Ground</title> at the Visual Studies Workshop in 1990.</p></scopecontent></c03><c03 level="file"><did><unittitle>Time-Life Books <title>African American Voices of Triumph: Creative Fire</title></unittitle><unitdate type="inclusive" normal="1994">1994</unitdate><unitid type="local_mss">3201013</unitid><container type="box">4</container><container type="folder">6</container></did><scopecontent><p>Includes an article on Collins.</p></scopecontent></c03><c03 level="file"><did><unitdate type="inclusive" normal="2001/2015">2001-2015</unitdate><unitid type="local_mss">3201014</unitid><container type="box">4</container><container type="folder">7</container><container type="box">5</container><container type="folder">2</container></did><scopecontent><p>Includes articles about Collins in <title>The Black Scholar</title>, vol. 25, #2, 2001 (photocopy); <title>Blackface: Reflections on African-Americans and the Movies</title> by Nelson George (expanded edition from 2002); <title>Feminist Auteurs: Reading Women's Films</title> by Geetha Ramanathan (2006); and <title>Black Camera: An International Film Journal</title>, vol. 2, #2, spring 2011; and a <title>The New York Times</title> article from 2015.</p></scopecontent></c03></c02><c02 level="file"><did><unittitle>Research material</unittitle><unitid type="local_mss">3199323</unitid><container type="box">4</container><container type="folder">8</container></did><scopecontent><p>Includes a copy of "The Creation" by James Weldon Johnson and a clipping of a play about Bessie Coleman. Collins expressed interest in writing about Coleman.</p></scopecontent></c02></c01><c01 level="series"><did><unittitle>Writing</unittitle><unitdate type="inclusive" normal="1971/2007">1971-2007</unitdate><unitid type="local_mss">3197878</unitid></did><scopecontent><p>The majority of this series, the largest, contains typescript drafts of Collins's various writing, including her playscripts, short stories, and screenplays, among others. Most of the drafts have handwritten edits, but many are photocopies.</p></scopecontent><arrangement><p>Arranged into two subseries: (1) Published and (2) Unpublished.</p></arrangement><c02 level="subseries"><did><unittitle>Published</unittitle><unitdate type="inclusive" normal="1975/1988">1975-1988</unitdate><unitid type="local_mss">3197879</unitid></did><scopecontent><p>During her life, only a few works of Collins's were published, some of them included here. Many of Collins's previously unpublished work was published posthumously in two volumes, <title>Whatever Happened to Interracial Love?</title>(2016) and <title>Notes from a Black Woman's Diary</title> (2019). This series mostly contains the material from these two publications, in the order in which they are organized in the final publications themselves. Since Nina Collins edited the latter publication, many of the drafts contain her handwritten comments (usually in colored ink).</p></scopecontent><arrangement><p>Arranged by publication date.</p></arrangement><c03 level="file"><did><unittitle>"Losing Ground/Three Short Shorts", <title>StoryQuarterly</title> 5/6</unittitle><unitdate type="inclusive" normal="1977">1977</unitdate><unitid type="local_mss">3201017</unitid><container type="box">4</container><container type="folder">9</container></did><scopecontent><p>Includes typescripts drafts, one with handwritten edits, and the final published version. Two of the stories, "Only Once" and "Stepping Back", were later published in <title>Whatever Happened to Interracial Love?</title>.</p></scopecontent><relatedmaterial><p>See box 6, folders 6 and 11 for drafts of two other short stories, "Only Once" and "Stepping Back".</p></relatedmaterial></c03><c03 level="file"><did><unittitle>"Scapegoat Child", <title>Bachy 14</title>, spring/summer edition</unittitle><unitdate type="inclusive" normal="1979">1979</unitdate><unitid type="local_mss">3201021</unitid><container type="box">4</container><container type="folder">10</container></did><scopecontent><p>Includes final published version; later published in <title>Notes from a Black Woman's Diary</title>.</p></scopecontent></c03><c03 level="file"><did><unittitle><title>Losing Ground</title> in <title>Screenplays of the African Experience</title>, edited by Phyllis Rauch Klotman</unittitle><unitdate type="inclusive" normal="1991">1991</unitdate><unitid type="local_mss">3201025</unitid><container type="box">4</container><container type="folder">11</container></did></c03><c03 level="file"><did><unittitle>Excerpt from <title>Lollie: A Suburban Tale</title>, <title>Drumvoices Revue</title>, vol. 3, #1-2, fall/winter edition</unittitle><unitdate type="inclusive" normal="1993/1994">1993-1994</unitdate><unitid type="local_mss">3201034</unitid><container type="box">6</container><container type="folder">1</container></did><scopecontent><p>Includes final printed version; later published in <title>Notes from a Black Woman's Diary</title>.</p></scopecontent><relatedmaterial><p>See box 6, folder 20 and box 7, folders 1-4 for drafts; some of these might have been drafts for this excerpt.</p></relatedmaterial></c03><c03 level="file"><did><unittitle><title>Whatever Happened to Interracial Love?</title></unittitle><unitdate type="inclusive" normal="2016">2016</unitdate><unitid type="local_mss">3197938</unitid></did><bioghist><p>Book of Collins's short stories, with a foreword written by Elizabeth Alexander, published in 2016 by HarperCollins.</p></bioghist><scopecontent><p>Comments in blue marker from Nina Collins.</p></scopecontent><arrangement><p>Organized according to the order of the final publication.</p></arrangement><c04 level="file"><did><unittitle>"Exteriors" typescript with handwritten edits</unittitle><unitdate type="inclusive">undated</unitdate><unitid type="local_mss">3197939</unitid><container type="box">6</container><container type="folder">2</container></did><scopecontent><p>Various drafts.</p></scopecontent></c04><c04 level="file"><did><unittitle>"Interiors" typescripts</unittitle><unitdate type="inclusive">undated</unitdate><unitid type="local_mss">3197940</unitid><container type="box">6</container><container type="folder">3</container></did><scopecontent><p>Various drafts with a few edits, not handwritten.</p></scopecontent></c04><c04 level="file"><did><unittitle>"The Uncle" typescripts</unittitle><unitdate type="inclusive">undated</unitdate><unitid type="local_mss">3197941</unitid><container type="box">6</container><container type="folder">4</container></did><scopecontent><p>Two drafts, one of which is a photocopy and the other of which appears to be a more recent computer-generated copy.</p></scopecontent></c04><c04 level="file"><did><unittitle>"How Does One Say" typescripts with handwritten edits</unittitle><unitdate type="inclusive">undated</unitdate><unitid type="local_mss">3197942</unitid><container type="box">6</container><container type="folder">5</container></did><scopecontent><p>Various drafts.</p></scopecontent></c04><c04 level="file"><did><unittitle>"Only Once" typescripts</unittitle><unitdate type="inclusive">undated</unitdate><unitid type="local_mss">3197943</unitid><container type="box">6</container><container type="folder">6</container></did><scopecontent><p>Various drafts.</p></scopecontent></c04><c04 level="file"><did><unittitle>"Whatever Happened to Interracial Love" typescripts</unittitle><unitdate type="inclusive">undated</unitdate><unitid type="local_mss">3197944</unitid><container type="box">6</container><container type="folder">7</container></did><scopecontent><p>Various drafts, some with handwritten edits. Some drafts include earlier titles.</p></scopecontent></c04><c04 level="file"><did><unittitle>"Conference: Parts I and II" typescripts</unittitle><unitdate type="inclusive">undated</unitdate><unitid type="local_mss">3197945</unitid><container type="box">6</container><container type="folder">8</container></did><scopecontent><p>Various drafts, some with handwritten edits.</p></scopecontent></c04><c04 level="file"><did><unittitle>"The Happy Family" typescripts</unittitle><unitdate type="inclusive">undated</unitdate><unitid type="local_mss">3197946</unitid><container type="box">6</container><container type="folder">9</container></did><scopecontent><p>Two drafts, one of which appears to be a more recent computer-generated copy.</p></scopecontent></c04><c04 level="file"><did><unittitle>"Treatment for a Story" typescripts with handwritten edits</unittitle><unitdate type="inclusive">undated</unitdate><unitid type="local_mss">3197947</unitid><container type="box">6</container><container type="folder">10</container></did><scopecontent><p>Various drafts; earliest one has a different title.</p></scopecontent></c04><c04 level="file"><did><unittitle>"Stepping Back" typescripts with handwritten edits</unittitle><unitdate type="inclusive">undated</unitdate><unitid type="local_mss">3197948</unitid><container type="box">6</container><container type="folder">11</container></did><scopecontent><p>Varoius drafts; first one has earlier title.</p></scopecontent></c04><c04 level="file"><did><unittitle>"When Love Withers All of Life Cries" typescript</unittitle><unitdate type="inclusive">undated</unitdate><unitid type="local_mss">3197949</unitid><container type="box">6</container><container type="folder">12</container></did><scopecontent><p>Appears to be a more recent computer-generated copy.</p></scopecontent></c04><c04 level="file"><did><unittitle>"Broken Spirit" typescripts with handwritten edits</unittitle><unitdate type="inclusive">undated</unitdate><unitid type="local_mss">3197950</unitid><container type="box">6</container><container type="folder">13</container></did><scopecontent><p>Various drafts; first one has earlier title.</p></scopecontent></c04><c04 level="file"><did><unittitle>"Documentary Style" typescripts with handwritten edits</unittitle><unitdate type="inclusive">undated</unitdate><unitid type="local_mss">3197951</unitid><container type="box">6</container><container type="folder">14</container></did><scopecontent><p>Various drafts.</p></scopecontent></c04><c04 level="file"><did><unittitle>"Lifelines" typescripts</unittitle><unitdate type="inclusive">undated</unitdate><unitid type="local_mss">3197952</unitid><container type="box">6</container><container type="folder">15</container></did><scopecontent><p>Two drafts, one of which appears to be a more recent computer-generated copy.</p></scopecontent></c04><c04 level="file"><did><unittitle>"Of Poets, Galleries, New York Passages" typescripts</unittitle><unitdate type="inclusive">undated</unitdate><unitid type="local_mss">3197953</unitid><container type="box">6</container><container type="folder">16</container></did><scopecontent><p>Two drafts, one of which is a photocopy and the other of which appears to be a computer-generated copy.</p></scopecontent></c04><c04 level="file"><did><unittitle>"Dead Memories...Dead Dreams" typescript (photocopy)</unittitle><unitdate type="inclusive">undated</unitdate><unitid type="local_mss">3197954</unitid><container type="box">6</container><container type="folder">17</container></did></c04></c03><c03 level="file"><did><unittitle><title>Notes from a Black Woman's Diary</title></unittitle><unitdate type="inclusive" normal="2019">2019</unitdate><unitid type="local_mss">3197955</unitid></did><bioghist><p>A book of selected works of Collins's, edited by her daughter, Nina Collins, with a foreword by Danielle Evans; published in 2019 by HarperCollins.</p></bioghist><scopecontent><p>Drafts or typescripts of "Scapegoat Child" are not included in this collection.</p></scopecontent><arrangement><p>Organized according to the order in the final publication.</p></arrangement><c04 level="file"><did><unittitle>Stories</unittitle><unitid type="local_mss">3197956</unitid></did><c05 level="file"><did><unittitle>"Nina Simone" typescripts</unittitle><unitdate type="inclusive">undated</unitdate><unitid type="local_mss">3197957</unitid><container type="box">6</container><container type="folder">18</container></did><scopecontent><p>Various drafts.</p></scopecontent></c05><c05 level="file"><did><unittitle>"Raschida" typescript with handwritten edits</unittitle><unitdate type="inclusive">undated</unitdate><unitid type="local_mss">3197958</unitid><container type="box">6</container><container type="folder">19</container></did></c05></c04><c04 level="file"><did><unittitle>"Lollie: A Suburban Tale" (unfinished novel)</unittitle><unitdate type="inclusive" normal="1987/1988">1987-1988</unitdate><unitid type="local_mss">3197960</unitid></did><scopecontent><p>Although the final publication only contains an excerpt, these files contain what seem to be mostly complete typescripts and various fragments.</p></scopecontent><c05 level="file"><did><unittitle>Mostly complete typescript with handwritten edits</unittitle><unitdate type="inclusive" normal="1987/1988">1987-1988</unitdate><unitid type="local_mss">3197961</unitid><container type="box">6</container><container type="folder">20</container></did></c05><c05 level="file"><did><unittitle>Mostly complete typescript with handwritten edits</unittitle><unitdate type="inclusive">undated</unitdate><unitid type="local_mss">3197962</unitid><container type="box">7</container><container type="folder">1</container></did></c05><c05 level="file"><did><unittitle>Fragments of typescripts with handwritten edits</unittitle><unitdate type="inclusive">undated</unitdate><unitid type="local_mss">3197963</unitid><container type="box">7</container><container type="folder">2-4</container></did></c05><c05 level="file"><did><unittitle>Table of contents drafts</unittitle><unitdate type="inclusive">undated</unitdate><unitid type="local_mss">3197964</unitid><container type="box">7</container><container type="folder">5</container></did><scopecontent><p>One handwritten draft and one typed draft.</p></scopecontent></c05></c04><c04 level="file"><did><unittitle>"Notes from a Black Woman's Diary" typescript</unittitle><unitdate type="inclusive" normal="1975-12-27">1975 December 27</unitdate><unitid type="local_mss">3197959</unitid><container type="box">8</container><container type="folder">1</container></did><scopecontent><p>Includes some edits, possibly made with a highlighter.</p></scopecontent></c04><c04 level="file"><did><unittitle>Letter typescripts</unittitle><unitdate type="inclusive" normal="1962/1988">1962-1988</unitdate><unitid type="local_mss">3197965</unitid><container type="box">8</container><container type="folder">2</container></did><scopecontent><p>Typescript includes purple comments from Nina Collins; includes some of Kathleen Collins's mother's letters. Typescript most likely transcribed ca. 2007.</p></scopecontent></c04><c04 level="file"><did><unittitle>Plays</unittitle><unitid type="local_mss">3197966</unitid></did><scopecontent><p>The original collection was housed in binders, organized by Nina Collins; she added a table of contents, which is included in the unpublished series (since it includes unpublished material). In this table of contents, some of the scripts are marked with numbers. It is unclear what these numbers represent, but they possibly stand for the number of the draft.</p></scopecontent><c05 level="file"><did><unittitle><title>The Brothers</title></unittitle><unitdate type="inclusive" normal="1980">1980</unitdate><unitid type="local_mss">3197967</unitid><container type="box">8</container><container type="folder">3-4</container></did><scopecontent><p>Two copies, one of which is a photocopy. The copy in folder 3 is marked as #3 on Nina Collins's table of contents.</p></scopecontent></c05><c05 level="file"><did><unittitle><title>Begin the Beguine</title> typescripts</unittitle><unitdate type="inclusive" normal="1984">1984</unitdate><unitid type="local_mss">3197968</unitid><container type="box">8</container><container type="folder">5-6</container></did><scopecontent><p>The original typescript includes four one-act plays, which are listed separately in the final publication of <title>Notes from a Black Woman's Diary</title>. There are two copies here, one of which is a photocopy. There is also a separate typescript just of <title>The Reading</title> in folder 6.</p></scopecontent></c05></c04><c04 level="file"><did><unittitle>Screenplays</unittitle><unitid type="local_mss">3197970</unitid></did><c05 level="file"><did><unittitle><title>A Summer Diary</title> bound typescript and separate synopsis</unittitle><unitdate type="inclusive" normal="1982">1982</unitdate><unitid type="local_mss">3197971</unitid><container type="box">8</container><container type="folder">7</container></did></c05><c05 level="file"><did><unittitle><title>Losing Ground</title> typescript with handwritten edits (photocopy)</unittitle><unitdate type="inclusive" normal="1981">1981</unitdate><unitid type="local_mss">3197972</unitid><container type="box">8</container><container type="folder">8</container></did><scopecontent><p>Marked as the "Director's copy".</p></scopecontent></c05></c04></c03></c02><c02 level="subseries"><did><unittitle>Unpublished</unittitle><unitdate type="inclusive" normal="1971/2007">1971-2007</unitdate><unitid type="local_mss">3197880</unitid></did><scopecontent><p>This subseries consists of Collins's unpublished material, including her diairies and writing not included in her two t posthumous publications. Although some of the playscripts included here were produced, they were not technically published. This subseries also consists of writing by Nina Collins, mostly notes on her mother's life and work and interviews with family and her mother's friends; presumably these materials were intended for inclusion in <title>Notes from a Black Woman's Diary</title>. Also, Nina Collins's table of contents for her mother's playscripts and short stories, originally housed in binders, are included here.</p></scopecontent><arrangement><p>Arranged first alphabetically by type of writing, then chronologically within each one.</p></arrangement><c03 level="file"><did><unittitle>Diaries (photocopies)</unittitle><unitdate type="inclusive" normal="1985/1987">1985-1987</unitdate><unitid type="local_mss">3197973</unitid><container type="box">9</container><container type="folder">1-2</container></did><scopecontent><p>Includes handwritten excerpts, all of which are photocopies, from Kathleen Collins's diaries; also contains a typed version with handwritten notes by Nina Collins.</p></scopecontent></c03><c03 level="file"><did><unittitle>Untitled novel</unittitle><unitdate type="inclusive" normal="1974">1974</unitdate><unitid type="local_mss">3197974</unitid><container type="box">9</container><container type="folder">3</container></did><scopecontent><p>Handwritten, unfinished novel composed in a composition book.</p></scopecontent></c03><c03 level="file"><did><unittitle>Playscripts</unittitle><unitdate type="inclusive" normal="1974/1988">1974-1988</unitdate><unitid type="local_mss">3197975</unitid><note><p>Dates do not include the date of Nina Collins's table of contents.</p></note></did><c04 level="file"><did><unittitle><title>Portrait of Katherine</title> typescript</unittitle><unitdate type="inclusive" normal="1974">1974</unitdate><unitid type="local_mss">3197976</unitid><container type="box">9</container><container type="folder">4</container></did><scopecontent><p>Includes a handwritten inscription from Kathy to Carol.</p></scopecontent></c04><c04 level="file"><did><unittitle><title>Almost Music</title></unittitle><unitdate type="inclusive" normal="1976/1980">1976-1980</unitdate><unitid type="local_mss">3197977</unitid></did><bioghist><p>Music written by Michael D. Minard.</p></bioghist><c05 level="file"><did><unittitle><title>Almost Music: A Fantasy</title> typescript with handwritten edits</unittitle><unitdate type="inclusive" normal="1976">1976</unitdate><unitid type="local_mss">3197978</unitid><container type="box">9</container><container type="folder">5</container></did></c05><c05 level="file"><did><unittitle><title>Almost Music: A Cabaret Play</title> typescripts</unittitle><unitdate type="inclusive" normal="1980">1980</unitdate><unitid type="local_mss">3197979</unitid><container type="box">9</container><container type="folder">6</container></did><scopecontent><p>Includes two photocopies; the first one was marked as #2 by Nina Collins in her table of contents.</p></scopecontent></c05></c04><c04 level="file"><did><unittitle><title>In the Midnight Hour</title> typescripts</unittitle><unitdate type="inclusive" normal="1978">1978</unitdate><unitid type="local_mss">3197980</unitid><container type="box">9</container><container type="folder">7</container></did><scopecontent><p>Includes two photocopies; first one marked as #1 by Nina Collins in her table of contents.</p></scopecontent></c04><c04 level="file"><did><unittitle><title>While Older Men Speak</title> typescript with handwritten edits</unittitle><unitdate type="inclusive" normal="1985">1985</unitdate><unitid type="local_mss">3197981</unitid><container type="box">9</container><container type="folder">8</container></did></c04><c04 level="file"><did><unittitle><title>Looking for Jane</title> typescripts</unittitle><unitdate type="inclusive" normal="1988">1988</unitdate><unitid type="local_mss">3197982</unitid><container type="box">9</container><container type="folder">9</container></did><scopecontent><p>Two photocopies; the first has some handwritten edits and was marked as #5 by Nina Collins in her table of contents.</p></scopecontent></c04><c04 level="file"><did><unittitle>Table of contents for playscripts, written and organized by Nina Collins</unittitle><unitdate type="inclusive" normal="2007" certainty="approximate">ca. 2007</unitdate><unitid type="local_mss">3197983</unitid><container type="box">9</container><container type="folder">10</container></did></c04></c03><c03 level="file"><did><unittitle>Poetry</unittitle><unitdate type="inclusive" normal="1988">1988</unitdate><unitid type="local_mss">3197988</unitid></did><c04 level="file"><did><unittitle>"Call and Response" typescript</unittitle><unitdate type="inclusive" normal="1988">1988</unitdate><unitid type="local_mss">3197989</unitid><container type="box">10</container><container type="folder">1</container></did><scopecontent><p>Signed photocopy; poem used in Collins's and Bluette Dammond's memorial service programs.</p></scopecontent></c04><c04 level="file"><did><unittitle>"Extending Space" and "Drag War" typescripts</unittitle><unitdate type="inclusive">undated</unitdate><unitid type="local_mss">3197990</unitid><container type="box">10</container><container type="folder">2</container></did><scopecontent><p>Both poems appear on one sheet of paper alongside a pencil drawing of a woman reclining. Unclear if the poems and/or drawing are by Kathleen Collins.</p></scopecontent></c04></c03><c03 level="file"><did><unittitle>Screenplays</unittitle><unitdate type="inclusive" normal="1971/1988">1971-1988</unitdate><unitid type="local_mss">3197991</unitid><note><p>Date range does not include the table of contents by Nina Collins.</p></note></did><c04 level="file"><did><unittitle><title>Women, Sisters, and Friends</title> typescripts</unittitle><unitdate type="inclusive" normal="1971/1996">1971-1996</unitdate><unitid type="local_mss">3197992</unitid></did><c05 level="file"><did><unittitle>Two copies, one of which was bound</unittitle><unitdate type="inclusive" normal="1971">1971</unitdate><unitid type="local_mss">3197993</unitid><container type="box">10</container><container type="folder">3</container></did><scopecontent><p>Note on first copy most likely from Nina Collins.</p></scopecontent></c05><c05 level="file"><did><unittitle>Bound, photocopied shooting script with handwritten notes</unittitle><unitdate type="inclusive" normal="1971/1996">1971-1996</unitdate><unitid type="local_mss">3197994</unitid><container type="box">10</container><container type="folder">4</container></did><scopecontent><p>Includes two copyright dates, 1971 by Kathleen Collins and 1996 by the Estate of Kathleen Conwell Prettyman.</p></scopecontent></c05></c04><c04 level="file"><did><unittitle><title>Lila</title> typescript (photocopy)</unittitle><unitdate type="inclusive" normal="1974">1974</unitdate><unitid type="local_mss">3197995</unitid><container type="box">10</container><container type="folder">5</container></did></c04><c04 level="file"><did><unittitle><title>The Story of Three Colored Ladies</title> typescript (photocopy)</unittitle><unitdate type="inclusive" normal="1975">1975</unitdate><unitid type="local_mss">3197996</unitid><container type="box">10</container><container type="folder">6</container></did><scopecontent><p>Includes some handwritten edits.</p></scopecontent></c04><c04 level="file"><did><unittitle><title>Madame Flor</title> typescripts</unittitle><unitdate type="inclusive" normal="1986/1987">1986-1987</unitdate><unitid type="local_mss">3197997</unitid><container type="box">10</container><container type="folder">7</container></did><scopecontent><p>Two photocopies, one of which is bound. Bound copy has some deletions; the other copy has a slightly different title.</p></scopecontent></c04><c04 level="file"><did><unittitle><title>Conversations with Julie</title> manuscripts</unittitle><unitdate type="inclusive" normal="1988">1988</unitdate><unitid type="local_mss">3197998</unitid><container type="box">10</container><container type="folder">8-9</container></did><scopecontent><p>Two copies, one of which is a handwritten photocopy and the other of which is a typescript.</p></scopecontent></c04><c04 level="file"><did><unittitle>Table of contents organized and written by Nina Collins</unittitle><unitdate type="inclusive" normal="2007" certainty="approximate">ca. 2007</unitdate><unitid type="local_mss">3197999</unitid><container type="box">10</container><container type="folder">10</container></did><scopecontent><p>List also includes published material.</p></scopecontent></c04></c03><c03 level="file"><did><unittitle>Short stories</unittitle><unitdate type="inclusive">undated</unitdate><unitid type="local_mss">3198000</unitid></did><scopecontent><p>None of the stories are dated; includes a table of contents written and organized by Nina Collins ca. 2007.</p></scopecontent><arrangement><p>Arranged alphabetically.</p></arrangement><c04 level="file"><did><unittitle>"Summer Madness" typescripts</unittitle><unitdate type="inclusive">undated</unitdate><unitid type="local_mss">3198002</unitid><container type="box">11</container><container type="folder">1</container></did><scopecontent><p>Two incomplete copies; the first copy has some handwritten edits while the other copy is a photocopy.</p></scopecontent></c04><c04 level="file"><did><unittitle>"The Toy Salesman" typescripts with handwritten edits</unittitle><unitdate type="inclusive">undated</unitdate><unitid type="local_mss">3198003</unitid><container type="box">11</container><container type="folder">2</container></did></c04><c04 level="file"><did><unittitle>Table of contents compiled by Nina Collins</unittitle><unitdate type="inclusive" normal="2007" certainty="approximate">ca. 2007</unitdate><unitid type="local_mss">3198004</unitid><container type="box">11</container><container type="folder">3</container></did><scopecontent><p>Includes published material.</p></scopecontent></c04></c03><c03 level="file"><did><unittitle>Nina Collins's writing for <title>Notes from a Black Woman's Diary</title></unittitle><unitdate type="inclusive" normal="2007" certainty="approximate">ca. 2007</unitdate><unitid type="local_mss">3198005</unitid><container type="box">11</container><container type="folder">4</container></did><scopecontent><p>Includes her thoughts on her mother and her mother's work and transcripts of her interviews with her father, Douglas Collins; her Aunt Francine; her grandmother; and Seret Scott.</p></scopecontent></c03></c02></c01></dsc></archdesc>
</ead>
