<?xml version="1.0" encoding="UTF-8"?>
<ead xmlns="urn:isbn:1-931666-22-9" xmlns:xsi="http://www.w3.org/2001/XMLSchema-instance" xmlns:xlink="http://www.w3.org/1999/xlink" xsi:schemaLocation="urn:isbn:1-931666-22-9 http://www.loc.gov/ead/ead.xsd">
  <eadheader countryencoding="iso3166-1" dateencoding="iso8601" langencoding="iso639-2b" repositoryencoding="iso15511" relatedencoding="marc" scriptencoding="iso8601"><eadid countrycode="US" mainagencycode="US-NN" url="http://archives.nypl.org/rha/24508.xml">rha24508.xml</eadid><filedesc><titlestmt><titleproper>Guide to the William Schimmel video recordings, <date>1995-2013 [bulk 1995-2010]</date></titleproper></titlestmt><publicationstmt><publisher>The New York Public Library. Rodgers and Hammerstein Archives of Recorded Sound.</publisher><address><addressline>New York Public Library for the Performing Arts, Dorothy and Lewis B. Cullman Center</addressline><addressline>40 Lincoln Center Plaza, New York, NY 10023-7498</addressline></address></publicationstmt></filedesc><profiledesc><creation>EAD generated by archives.nypl.org on <date normal="2019-12-10">December 10, 2019</date></creation><langusage><language langcode="eng">English</language></langusage></profiledesc></eadheader>
  
  <archdesc level="collection"><did><unittitle>William Schimmel video recordings</unittitle><unitdate type="inclusive" normal="1995/2013">1995-2013</unitdate><unitdate type="bulk" normal="1995/2010">1995-2010</unitdate><unitid type="local_mss">24508</unitid><unitid type="local_call">*L (Special) 17-01</unitid><unitid type="local_b">b21957575</unitid><origination><persname source="naf" authfilenumber="http://id.loc.gov/authorities/names/n83056930">Schimmel, William</persname></origination><repository><corpname>The New York Public Library. Rodgers and Hammerstein Archives of Recorded Sound.</corpname><address><addressline>New York Public Library for the Performing Arts, Dorothy and Lewis B. Cullman Center</addressline><addressline>40 Lincoln Center Plaza, New York, NY 10023-7498</addressline></address></repository><physdesc><extent unit="containers">1 box</extent><extent unit="linear_feet">0.21 linear feet</extent></physdesc><abstract>William Schimmel (1946 - ) is an American accordionist and composer, credited with the resurgence of the accordion as an instrument in modern music, as well as the revival of tango in the United States. The William Schimmel video recordings, dating from 1995 to 2013, mainly document the annual three-day masterclass and concert series Schimmel curates in New York City, presented by the American Accordionists' Association. The collection also contains bound books containing copies of the masterclass and concert programs, as well as clippings and flyers documenting the events.</abstract><langmaterial>English</langmaterial></did><bioghist><p>William Schimmel (1946 - ) is an American accordionist and composer, credited with the resurgence of the accordion as an instrument in modern music, as well as the revival of tango in the United States.</p> <p>Schimmel grew up in Philadelphia in a family with many accordionists. He studied at the Neupauer Conservatory of Music before attending the Juilliard School, where he received bachelor, master, and doctoral degrees in composition. In addition to his own material, Schimmel began performing the work of his fellow students, and his reputation was such that he was selected by Luciano Berio to perform on a recording of Kurt Weill songs Berio arranged for the vocalist Cathy Berberian.</p> <p>Schimmel worked in theater following his graduation, including in La Mama's production of Aristophanes' <title>The Birds</title> (1979), but he gained greater fame when he and several friends recorded <title>The Tango Project</title> for Nonesuch records in 1982. The album became a major hit, was nominated for a Grammy award, and sparked a new popularity for tango. It also boosted Schimmel's career, and he began working with a wide variety of artists. He has collaborated with many symphony orchestras in the United States and internationally; appeared as a soloist, as well as in chamber groups; commissioned and premiered hundreds of new works for accordion; worked with jazz artists, as well as with Jazz At Lincoln Center; and collaborated with popular artists such as Tom Waits and Sting. His work has also appeared on many film and television soundtracks.</p> <p>Schimmel has maintained a busy career as an educator, teaching at Juilliard, Brooklyn College, the New School University, New York University, and many other conservatories and universities around the country; he is also the Dean of the Neupauer Conservatory. Under the auspices of the American Accordionists' Association, in which he is highly active, Schimmel has since 1995 presented an annual three-day series of master classes and concerts held every summer at the Tenri Cultural Institute of New York, featuring many accordionists and a wide variety of other musicians and composers.</p> <p>Schimmel is married to the choreographer and director Micki Goodman, with whom he has collaborated on music, dance, and theater pieces.</p></bioghist><scopecontent><p>The William Schimmel video recordings, dating from 1995 to 2013, mainly document the annual three-day masterclass and concert series Schimmel curates in New York City, presented by the American Accordionists' Association (AAA).</p> <p>The recordings of the AAA masterclass and concert series date from 1995 to 2010. In addition to the videos, two bound books document these events through copies of programs, clippings, and flyers; these books date from 1995 to 2013. Each annual series consists of three masterclasses and concerts, and includes lectures, demonstrations, and performances. The music is by Schimmel, his students, and many other musicians and composers; some of the performances of commissioned music are world premieres. Musicians and composers appearing in the programs include Anne DeMarinis, Michael Sahl, Paul Stein, William Blount, Godfrey Nelson, Kirk Nurock, The Tango Project, Lorraine Nelson Wolf, Elsie M. Bennett, Rita Davidson Barnea, Kevin Friedrich, Will Holshouser, Kamala Sankaram, Ray Rue, Benjamin Ickes, Maria Sonevytsky, Carl Riehl, Marni Rice, David Stoler, and many others.</p> <p>Among the themes and topics explored in the masterclasses are "The Accordion as Film Score," "Should New Music Entertain," "Polka Varieties," "Accordi-Swing," "The Built-In Ironic Quality," "Psychomotor Development in Jazz," "The Accordion in the Labor Movement," "Accordion and the Stand Up Comic," "Indie Rock and the Accordion," "Ayn Rand's Anthem and the Accordion," "A History of the Accordion Concerto," and "The Accordion in the Mummer's Day Parade."</p> <p>The recordings also hold a performance by The Tango Project; <title>The Unforgivable Sin: The Plight of an Accordionist</title>, a video work by Micki Goodman; SHAMAN II / Bass Accordion Suite, a Micki Goodman/William Schimmel collaboration; and the 2001 graduation ceremony of the Neupauer Conservatory of Music.</p></scopecontent><prefercite><p>William Schimmel video recordings, Rodgers and Hammerstein Archives of Recorded Sound, The New York Public Library</p></prefercite><arrangement><p>The collection is arranged alphabetically. The recordings of the masterclasses and concerts are arranged chronologically.</p></arrangement><acqinfo><p>Donated by William Schimmel, 2017.</p></acqinfo><processinfo><p>Processed by <name>Matthew Snyder</name> in <date>2019</date>.</p></processinfo><accessrestrict><p>Access to original items by permission only. Some items may be available as service copies. Other items which need preservation work may require advance notification for use. Refer to item descriptions in individual catalog records for more information.</p><p>Video recordings are unavailable pending digitization.</p></accessrestrict><controlaccess><persname role="cre" source="naf" authfilenumber="http://id.loc.gov/authorities/names/n97858391">Goodman, Micki</persname><persname source="naf" authfilenumber="http://id.loc.gov/authorities/names/n83056930">Schimmel, William</persname><corpname role="subject" source="local">American Accordionists' Association</corpname><subject source="lcsh" authfilenumber="http://id.loc.gov/authorities/names/sh85000385">Accordion -- Instruction and study</subject><subject source="lcsh" authfilenumber="http://id.loc.gov/authorities/names/sh85000397">Accordion music</subject><subject source="lcsh" authfilenumber="http://id.loc.gov/authorities/names/sh85000404">Accordionists -- United States</subject><subject source="lcsh" authfilenumber="http://id.loc.gov/authorities/names/sh85132276">Tangos</subject><genreform source="aat" authfilenumber="http://id.loc.gov/authorities/names/300026867">Clippings (information artifacts)</genreform><genreform source="aat" authfilenumber="http://id.loc.gov/authorities/names/300027240">Programs (documents)</genreform><genreform source="aat" authfilenumber="http://id.loc.gov/authorities/names/300028682">Video recordings (physical artifacts)</genreform><occupation source="itoamc">Musicians.</occupation><occupation source="itoamc">Teachers.</occupation></controlaccess></archdesc>
</ead>
