<?xml version="1.0" encoding="UTF-8"?>
<ead xmlns="urn:isbn:1-931666-22-9" xmlns:xsi="http://www.w3.org/2001/XMLSchema-instance"
	xmlns:xlink="http://www.w3.org/1999/xlink" xsi:schemaLocation="urn:isbn:1-931666-22-9 http://www.loc.gov/ead/ead.xsd">
	<eadheader countryencoding="iso3166-1" dateencoding="iso8601" langencoding="iso639-2b" repositoryencoding="iso15511"
		relatedencoding="marc" scriptencoding="iso8601">
		<eadid countrycode="US" mainagencycode="US-NN" url="http://archives.nypl.org/mus/24551.xml">mus24551.xml</eadid>
		<filedesc>
			<titlestmt>
				<titleproper>Guide to the Oleg Felzer scores and sound recordings, <date>1960-1998</date></titleproper>
			</titlestmt>
			<publicationstmt>
				<publisher>The New York Public Library. Music Division.</publisher>
				<address>
					<addressline>New York Public Library for the Performing Arts, Dorothy and Lewis B. Cullman Center</addressline>
					<addressline>40 Lincoln Center Plaza, New York, NY 10023-7498</addressline>
				</address>
			</publicationstmt>
		</filedesc>
		<profiledesc>
			<creation>EAD generated by archives.nypl.org on <date normal="2019-12-10">December 10, 2019</date></creation>
			<langusage><language langcode="eng">English</language></langusage>
		</profiledesc>
	</eadheader>

	<archdesc level="collection">
		<did>
			<unittitle>Oleg Felzer scores and sound recordings</unittitle>
			<unitdate type="inclusive" normal="1960/1998">1960-1998</unitdate>
			<unitid type="local_mss">24551</unitid>
			<unitid type="local_call">JOB 18-02</unitid>
			<unitid type="local_b">b21822747</unitid>
			<origination><persname source="naf" authfilenumber="http://id.loc.gov/authorities/names/n98092950">Felzer, Oleg,
					1939-1998</persname></origination>
			<repository><corpname>The New York Public Library. Music Division.</corpname><address>
					<addressline>New York Public Library for the Performing Arts, Dorothy and Lewis B. Cullman Center</addressline>
					<addressline>40 Lincoln Center Plaza, New York, NY 10023-7498</addressline>
				</address></repository>
			<physdesc><extent unit="containers">4 boxes</extent><extent unit="linear_feet">1.17 linear feet</extent></physdesc>
			<abstract>Oleg Felzer (1939-1998) was a Jewish modernist composer from Azerbaijan who lived and worked in the Soviet
				Union before immigrating to New York City in 1988. The Oleg Felzer scores and sound recordings, dating from 1960 to
				1998, consist of full scores of nearly all of Felzer's known works as well as several recordings of performances and
				rehearsals.</abstract>
			<langmaterial>Multiple languages</langmaterial>
			<langmaterial>Titles and other text are chiefly in Russian. Some are in English.</langmaterial>
		</did>
		<bioghist>
			<p>Oleg Felzer (1939-1998) was a Jewish composer from Azerbaijan who lived and worked in the Soviet Union before
				immigrating to New York City in 1988. Born in Baku, he graduated from the State Conservatory there (where he studied
				with Kara Kareyev), and from the Leningrad Conservatory. After teaching at the Moscow Conservatory, Felzer returned
				to Baku, where he became a professor of composition and music theory, and founded and conducted a chamber orchestra.
				His music was published by the Soviet state publisher, which went out of business after the collapse of the Soviet
				Union, making much of Felzer's early music unavailable.</p>
			<p>Felzer became a figure of renown in Azerbaijan for being one of the first composers from that republic to employ
				modernist, avant-garde techniques. He also studied Mugham, the traditional music of Azerbaijan, and incorporated it
				into his music. His students at Baku Conservatory included Franghiz Ali-Zadeh and Faradzh Karayev (son of Kara),
				both highly-regarded composers.</p>
			<p>Felzer was declared a dissident in the early 1970s for writing a musical, <title>Woe From Wit</title>, which was
				critical of the government. It became so popular that the production was halted by the state, and Felzer's salary
				was frozen and his movements restricted.</p>
			<p>In 1988, after restrictions to travel outside the Soviet Union were relaxed, Felzer obtained a visa and moved to
				New York City, where he rebuilt his career. He found a job as an accompanist for the Dance Theatre of Harlem, and in
				1989, his music was performed at Carnegie Hall's Weill Recital Hall. Later, Felzer was hired as the choirmaster and
				music tutor at St. Ignatius Church in Crown Heights, Brooklyn. The Continuum ensemble, under Joel Sachs,
				commissioned <title>Vestige</title> (1993), which won the Stoeger prize of the Chamber Music Society of Lincoln
				Center, and <title>Interrupted Song</title> (Sonata No. 2 for Violin and Piano), Felzer's final work (unfinished,
				but completed by Faradzh Karayev). Continuum began performing his work in the United States and abroad, as did the
				Gregg Smith Singers, the Nieuw Ensemble in Amsterdam, and other groups.</p>
			<p>Felzer died of cancer in 1998. In the years after his death, Continuum continued to perform his music and produced
				first recordings for some pieces. His oeuvre includes solo pieces, piano and organ music, chamber music, works for
				chamber orchestra, full orchestral compositions, and choral and vocal pieces.</p>
		</bioghist>
		<scopecontent>
			<p>The Oleg Felzer scores and sound recordings, dating from 1960 to 1998, document Felzer's music, primarily through
				scores. Audio recordings of performances and rehearsals are also present for a few of his works.</p>
			<p>The scores hold nearly all of Felzer's known works from 1960 to 1998. They include the musical <title>Woe From
					Wit</title>; piano works such as <title>Four Piano Pieces</title>, <title>Polyphonic Suite</title>, and <title>Five
					Bagatelles</title>; two organ pieces; two compositions for violin and piano; music for small chamber groups, such
				as <title>Autographs on the Silhouettes</title> (for violin, cello, and piano) and <title>Three Pieces</title> (for
				flute and guitar); full orchestra compositions such as <title>Children Suite</title> and <title>In Memoriam of
					Dmitri Shostakovich</title>; choir music; and works for vocal soloist and orchestra or choir. No score is present
				for Felzer's chamber composition <title>Quartet "Azerbaijani"</title> (1971).</p>
			<p>With the exception of <title>Woe From Wit</title> (which has both full and piano-conductor scores), all the music
				is composed of full scores. They are comprised mainly of manuscripts or manuscript copies, but also include a few
				published versions (or copies thereof); these date from Felzer's years in Moscow and Baku, and were published by the
				Soviet state publisher. A list of Felzer's compositions and some of their first performances is in box 3, folder
				1.</p>
			<p>The sound recordings date from 1989 to 1995 (though some may be older). They are comprised of rehearsals and
				performances, some by the Continuum Ensemble. Recorded works include <title>And Harold Again</title>, <title>Five
					Bagatelles</title>, <title>Quartet "Azerbaijani"</title>, <title>Five Tanka</title>, <title>Sonata No.1 for Violin
					and Piano</title>, <title>Sonata for Solo Viola</title>, <title>Vestige</title>, <title>What Are Years?</title>,
				and <title>Zaboul</title>.</p>
		</scopecontent>
		<prefercite>
			<p>Oleg Felzer scores and sound recordings, JOB 18-02. Music Division, The New York Public Library for the Performing
				Arts</p>
		</prefercite>
		<arrangement>
			<p>All content is arranged by title.</p>
		</arrangement>
		<acqinfo>
			<p>Donated by Diliara Felzer (Felzer's widow), 2017.</p>
		</acqinfo>
		<processinfo>
			<p>Processed by <name>Matt Snyder</name> in <date>2019</date>.</p>
		</processinfo>
		<accessrestrict>
			<p>Some collections held by the Dance, Music, Recorded Sound, and Theatre Divisions at the New York Public Library
				for the Performing Arts are held off-site and must be requested in advance. Please check the collection records in
						<extref xlink:href="http://catalog.nypl.org/record=LPA_BNUMBER" xlink:type="simple" xlink:actuate="onRequest"
						>the NYPL's online catalog</extref> for detailed location information. For general guidance about requesting
				offsite materials, please consult: <extref
					xlink:href="https://www.nypl.org/about/locations/lpa/requesting-archival-materials" xlink:type="simple"
					xlink:actuate="onRequest">https://www.nypl.org/about/locations/lpa/requesting-archival-materials</extref></p>
			<p>Sound recordings are unavailable pending digitization.</p>
		</accessrestrict>
		<controlaccess>
			<persname source="naf" authfilenumber="http://id.loc.gov/authorities/names/n98092950">Felzer, Oleg,
				1939-1998</persname>
			<subject source="lcsh">Music -- Azerbaijan -- 20th century</subject>
			<subject source="lcsh">Music -- United States -- 20th century</subject>
			<genreform source="aat" authfilenumber="http://id.loc.gov/authorities/names/300026427">Scores (documents for
				music)</genreform>
			<genreform source="aat" authfilenumber="http://id.loc.gov/authorities/names/300028633">Sound recordings</genreform>
			<occupation source="itoamc">Composers</occupation>
		</controlaccess>
		<dsc>
			<c01 level="file">
				<did>
					<unittitle>Scores</unittitle>
					<unitdate type="inclusive" normal="1960/1998">1960-1998</unitdate>
					<unitid type="local_mss">3162062</unitid>
				</did>
				<c02 level="file">
					<did>
						<unittitle><title>And Harold Again</title></unittitle>
						<unitdate type="inclusive" normal="1982">1982</unitdate>
						<unitid type="local_mss">3162063</unitid>
						<container type="box">1</container>
						<container type="folder">1</container>
					</did>
					<scopecontent>
						<p>For viola solo and chamber orchestra. Dedicated to Berlioz.</p>
					</scopecontent>
				</c02>
				<c02 level="file">
					<did>
						<unittitle><title>Autographs on the Silhouettes</title></unittitle>
						<unitdate type="inclusive" normal="1987">1987</unitdate>
						<unitid type="local_mss">3162064</unitid>
						<container type="box">2</container>
						<container type="folder">1</container>
					</did>
					<scopecontent>
						<p>For violin, cello, and piano.</p>
					</scopecontent>
				</c02>
				<c02 level="file">
					<did>
						<unittitle><title>Children Suite</title></unittitle>
						<unitdate type="inclusive" normal="1978">1978</unitdate>
						<unitid type="local_mss">3162065</unitid>
						<container type="box">2</container>
						<container type="folder">2</container>
					</did>
					<scopecontent>
						<p>For symphony orchestra.</p>
					</scopecontent>
				</c02>
				<c02 level="file">
					<did>
						<unittitle><title>Dialogue</title></unittitle>
						<unitdate type="inclusive" normal="1970">1970</unitdate>
						<unitid type="local_mss">3162066</unitid>
						<container type="box">1</container>
						<container type="folder">2</container>
					</did>
					<scopecontent>
						<p>For viola, piano, and symphony orchestra.</p>
					</scopecontent>
				</c02>
				<c02 level="file">
					<did>
						<unittitle><title>Five Bagatelles</title></unittitle>
						<unitdate type="inclusive" normal="1986">1986</unitdate>
						<unitid type="local_mss">3162067</unitid>
						<container type="box">2</container>
						<container type="folder">3</container>
					</did>
					<scopecontent>
						<p>For piano.</p>
					</scopecontent>
				</c02>
				<c02 level="file">
					<did>
						<unittitle><title>Five Tanka</title></unittitle>
						<unitdate type="inclusive" normal="1967">1967</unitdate>
						<unitid type="local_mss">3162068</unitid>
						<container type="box">2</container>
						<container type="folder">5</container>
					</did>
					<scopecontent>
						<p>For tenor and chamber orchestra. Arranged for tenor and piano (full orchestral score is not present).</p>
					</scopecontent>
				</c02>
				<c02 level="file">
					<did>
						<unittitle><title>Four Diary Pages</title></unittitle>
						<unitdate type="inclusive" normal="1994">1994</unitdate>
						<unitid type="local_mss">3162069</unitid>
						<container type="box">3</container>
						<container type="folder">1</container>
					</did>
					<scopecontent>
						<p>For chamber orchestra. Commissioned by the Nieuw Ensemble. This folder also contains lists of Felzer's works
							and first public performances.</p>
					</scopecontent>
				</c02>
				<c02 level="file">
					<did>
						<unittitle><title>Four Piano Pieces</title>, Op. 1</unittitle>
						<unitdate type="inclusive" normal="1960/1962">1960-1962</unitdate>
						<unitid type="local_mss">3162070</unitid>
					</did>
					<scopecontent>
						<p>The fourth piece, <title>March</title>, is not present.</p>
					</scopecontent>
					<c03 level="file">
						<did>
							<unittitle><title>Watercolor</title>, Op. 1, No. 1</unittitle>
							<unitid type="local_mss">3162071</unitid>
							<note>
								<p>Copy of published score.</p>
							</note>
							<container type="box">3</container>
							<container type="folder">2</container>
						</did>
					</c03>
					<c03 level="file">
						<did>
							<unittitle><title>Imprint</title>, Op. 1, No. 3</unittitle>
							<unitid type="local_mss">3162072</unitid>
							<container type="box">3</container>
							<container type="folder">3</container>
						</did>
					</c03>
					<c03 level="file">
						<did>
							<unittitle><title>Etude</title></unittitle>
							<unitid type="local_mss">3162073</unitid>
							<container type="box">3</container>
							<container type="folder">4</container>
						</did>
					</c03>
				</c02>
				<c02 level="file">
					<did>
						<unittitle><title>Four Songs</title></unittitle>
						<unitdate type="inclusive" normal="1969">1969</unitdate>
						<unitid type="local_mss">3162074</unitid>
						<container type="box">3</container>
						<container type="folder">5</container>
					</did>
					<scopecontent>
						<p>Also holds a copy of a published piano-only arrangement of one of the songs, <title>Bird, Red Bird</title>.</p>
					</scopecontent>
				</c02>
				<c02 level="file">
					<did>
						<unittitle><title>The House That Jack Built</title></unittitle>
						<unitdate type="inclusive" normal="1981/1982">1981-1982</unitdate>
						<unitdate type="inclusive" normal="1985">1985</unitdate>
						<unitid type="local_mss">3162075</unitid>
						<container type="box">1</container>
						<container type="folder">3</container>
					</did>
					<scopecontent>
						<p>Two arrangements: One for mixed chorus and piano and one for children's chorus (1985).</p>
					</scopecontent>
				</c02>
				<c02 level="file">
					<did>
						<unittitle><title>In Memoriam of Dmitri Shostakovich</title></unittitle>
						<unitdate type="inclusive" normal="1977">1977</unitdate>
						<unitid type="local_mss">3162076</unitid>
						<container type="box">2</container>
						<container type="folder">6</container>
					</did>
					<scopecontent>
						<p>For symphony orchestra.</p>
					</scopecontent>
				</c02>
				<c02 level="file">
					<did>
						<unittitle><title>Intermezzo</title></unittitle>
						<unitdate type="inclusive" normal="1961">1961</unitdate>
						<unitid type="local_mss">3162077</unitid>
						<container type="box">3</container>
						<container type="folder">6</container>
					</did>
					<scopecontent>
						<p>For violin and piano.</p>
					</scopecontent>
				</c02>
				<c02 level="file">
					<did>
						<unittitle><title>Interrupted Song (Sonata No. 2)</title></unittitle>
						<unitdate type="inclusive" normal="1998">1998</unitdate>
						<unitid type="local_mss">3162078</unitid>
						<container type="box">3</container>
						<container type="folder">7</container>
					</did>
					<scopecontent>
						<p>For violin and piano.</p>
					</scopecontent>
				</c02>
				<c02 level="file">
					<did>
						<unittitle><title>Jubilatio</title></unittitle>
						<unitid type="local_mss">3162079</unitid>
					</did>
					<c03 level="file">
						<did>
							<unittitle>For Violin, Viola, and Piano</unittitle>
							<unitdate type="inclusive" normal="1979">1979</unitdate>
							<unitdate type="inclusive" normal="1983">1983</unitdate>
							<unitid type="local_mss">3162080</unitid>
							<container type="box">2</container>
							<container type="folder">7</container>
						</did>
					</c03>
					<c03 level="file">
						<did>
							<unittitle>For Violin, Viola, and Strings</unittitle>
							<unitdate type="inclusive" normal="1991">1991</unitdate>
							<unitid type="local_mss">3162081</unitid>
							<container type="box">2</container>
							<container type="folder">8</container>
						</did>
					</c03>
				</c02>
				<c02 level="file">
					<did>
						<unittitle><title>Piano Sonata No. 2</title></unittitle>
						<unitdate type="inclusive" normal="1974">1974</unitdate>
						<unitid type="local_mss">3162082</unitid>
						<container type="box">3</container>
						<container type="folder">8</container>
					</did>
				</c02>
				<c02 level="file">
					<did>
						<unittitle><title>Pieces for Chamber Ensembles, Installment 1</title></unittitle>
						<unitdate type="inclusive" normal="1980">1980</unitdate>
						<unitid type="local_mss">3162083</unitid>
						<container type="box">3</container>
						<container type="folder">9</container>
					</did>
					<scopecontent>
						<p>Copy of publication.</p>
					</scopecontent>
				</c02>
				<c02 level="file">
					<did>
						<unittitle><title>Playing Bossa Nova</title></unittitle>
						<unitdate type="inclusive">undated</unitdate>
						<unitid type="local_mss">3162084</unitid>
						<container type="box">3</container>
						<container type="folder">10</container>
					</did>
					<scopecontent>
						<p>For two pianos.</p>
					</scopecontent>
				</c02>
				<c02 level="file">
					<did>
						<unittitle><title>Polyphonic Suite</title></unittitle>
						<unitdate type="inclusive" normal="1965">1965</unitdate>
						<unitid type="local_mss">3162085</unitid>
						<container type="box">3</container>
						<container type="folder">11</container>
					</did>
					<scopecontent>
						<p>For piano. Copy of publication.</p>
					</scopecontent>
				</c02>
				<c02 level="file">
					<did>
						<unittitle><title>Prelude and Fugue</title></unittitle>
						<unitdate type="inclusive" normal="1970">1970</unitdate>
						<unitid type="local_mss">3162086</unitid>
						<container type="box">3</container>
						<container type="folder">12</container>
					</did>
					<scopecontent>
						<p>For organ.</p>
					</scopecontent>
				</c02>
				<c02 level="file">
					<did>
						<unittitle><title>Procession and Stroll</title></unittitle>
						<unitdate type="inclusive" normal="1976">1976</unitdate>
						<unitdate type="inclusive" normal="1978">1978</unitdate>
						<unitid type="local_mss">3162087</unitid>
						<note>
							<p>See also Two Pieces for Piano: Procession and Stroll.</p>
						</note>
						<container type="box">2</container>
						<container type="folder">9</container>
					</did>
					<scopecontent>
						<p>For orchestra. Includes parts for <title>Stroll</title>.</p>
					</scopecontent>
				</c02>
				<c02 level="file">
					<did>
						<unittitle><title>Protect Your Sons</title></unittitle>
						<unitdate type="inclusive" normal="1972">1972</unitdate>
						<unitid type="local_mss">3162088</unitid>
						<container type="box">3</container>
						<container type="folder">13</container>
					</did>
					<scopecontent>
						<p>For bass or baritone, chorus, and piano.</p>
					</scopecontent>
				</c02>
				<c02 level="file">
					<did>
						<unittitle><title>Sinfonia</title></unittitle>
						<unitdate type="inclusive" normal="1966">1966</unitdate>
						<unitdate type="inclusive" normal="1972">1972</unitdate>
						<unitid type="local_mss">3162089</unitid>
						<container type="box">1</container>
						<container type="folder">4</container>
					</did>
					<scopecontent>
						<p>For chamber orchestra. Copy of published score.</p>
					</scopecontent>
				</c02>
				<c02 level="file">
					<did>
						<unittitle><title>Sofia Waltz</title></unittitle>
						<unitdate type="inclusive" normal="1981">1981</unitdate>
						<unitid type="local_mss">3162090</unitid>
						<container type="box">2</container>
						<container type="folder">10</container>
					</did>
					<scopecontent>
						<p>For two pianos.</p>
					</scopecontent>
				</c02>
				<c02 level="file">
					<did>
						<unittitle><title>Sonata for Harp</title></unittitle>
						<unitdate type="inclusive" normal="1985">1985</unitdate>
						<unitid type="local_mss">3162091</unitid>
						<container type="box">3</container>
						<container type="folder">14</container>
					</did>
					<scopecontent>
						<p>Published.</p>
					</scopecontent>
				</c02>
				<c02 level="file">
					<did>
						<unittitle><title>Sonata No. 1 for Violin and Piano</title></unittitle>
						<unitdate type="inclusive" normal="1993">1993</unitdate>
						<unitid type="local_mss">3162092</unitid>
						<container type="box">3</container>
						<container type="folder">15</container>
					</did>
				</c02>
				<c02 level="file">
					<did>
						<unittitle><title>Sonata Partita</title></unittitle>
						<unitdate type="inclusive" normal="1976">1976</unitdate>
						<unitid type="local_mss">3162093</unitid>
						<container type="box">3</container>
						<container type="folder">16</container>
					</did>
					<scopecontent>
						<p>For organ.</p>
					</scopecontent>
				</c02>
				<c02 level="file">
					<did>
						<unittitle><title>Sonata for Violin Solo</title></unittitle>
						<unitdate type="inclusive" normal="1978">1978</unitdate>
						<unitid type="local_mss">3162094</unitid>
						<container type="box">2</container>
						<container type="folder">11</container>
					</did>
				</c02>
				<c02 level="file">
					<did>
						<unittitle><title>Sonata for Solo Viola</title></unittitle>
						<unitdate type="inclusive" normal="1986">1986</unitdate>
						<unitid type="local_mss">3162095</unitid>
						<container type="box">3</container>
						<container type="folder">17</container>
					</did>
				</c02>
				<c02 level="file">
					<did>
						<unittitle><title>Sonatina</title></unittitle>
						<unitdate type="inclusive" normal="1963">1963</unitdate>
						<unitid type="local_mss">3162096</unitid>
						<container type="box">3</container>
						<container type="folder">18</container>
					</did>
					<scopecontent>
						<p>Copy of publication. Also titled <title>Piano Sonata No. 1</title>.</p>
					</scopecontent>
				</c02>
				<c02 level="file">
					<did>
						<unittitle><title>Strange Story</title></unittitle>
						<unitdate type="inclusive" normal="1962">1962</unitdate>
						<unitid type="local_mss">3162097</unitid>
						<container type="box">3</container>
						<container type="folder">19</container>
					</did>
					<scopecontent>
						<p>For piano.</p>
					</scopecontent>
				</c02>
				<c02 level="file">
					<did>
						<unittitle><title>String Quartet</title></unittitle>
						<unitdate type="inclusive" normal="1968">1968</unitdate>
						<unitid type="local_mss">3162098</unitid>
						<container type="box">3</container>
						<container type="folder">20</container>
					</did>
					<scopecontent>
						<p>Published.</p>
					</scopecontent>
				</c02>
				<c02 level="file">
					<did>
						<unittitle><title>Symphony No. 2</title></unittitle>
						<unitdate type="inclusive" normal="1970">1970</unitdate>
						<unitid type="local_mss">3162099</unitid>
						<container type="box">1</container>
						<container type="folder">5</container>
					</did>
					<scopecontent>
						<p>For viola, piano, and orchestra. Arrangement for piano solo (no full score for orchestra).</p>
					</scopecontent>
				</c02>
				<c02 level="file">
					<did>
						<unittitle><title>Three Pieces</title></unittitle>
						<unitdate type="inclusive" normal="1978">1978</unitdate>
						<unitdate type="inclusive" normal="1987">1987</unitdate>
						<unitid type="local_mss">3162100</unitid>
						<container type="box">3</container>
						<container type="folder">21</container>
					</did>
					<scopecontent>
						<p>For flute and guitar.</p>
					</scopecontent>
				</c02>
				<c02 level="file">
					<did>
						<unittitle><title>Touching Waltz And Postlude</title></unittitle>
						<unitdate type="inclusive" normal="1988">1988</unitdate>
						<unitid type="local_mss">3162101</unitid>
						<container type="box">3</container>
						<container type="folder">22</container>
					</did>
					<scopecontent>
						<p>For piano. Copy of publication.</p>
					</scopecontent>
				</c02>
				<c02 level="file">
					<did>
						<unittitle><title>Two Pastorales</title></unittitle>
						<unitid type="local_mss">3162102</unitid>
					</did>
					<c03 level="file">
						<did>
							<unittitle>For Flute and Piano</unittitle>
							<unitdate type="inclusive" normal="1978">1978</unitdate>
							<unitid type="local_mss">3162103</unitid>
							<container type="box">1</container>
							<container type="folder">6</container>
						</did>
					</c03>
					<c03 level="file">
						<did>
							<unittitle>For Flute, Cello and Piano</unittitle>
							<unitdate type="inclusive" normal="1979">1979</unitdate>
							<unitid type="local_mss">3162104</unitid>
							<container type="box">1</container>
							<container type="folder">7</container>
						</did>
					</c03>
				</c02>
				<c02 level="file">
					<did>
						<unittitle><title>Two Pieces for Piano: Procession and Stroll</title></unittitle>
						<unitdate type="inclusive" normal="1976">1976</unitdate>
						<unitid type="local_mss">3162105</unitid>
						<container type="box">3</container>
						<container type="folder">23</container>
					</did>
				</c02>
				<c02 level="file">
					<did>
						<unittitle><title>Veshomru II</title></unittitle>
						<unitdate type="inclusive" normal="1991">1991</unitdate>
						<unitid type="local_mss">3162106</unitid>
						<container type="box">3</container>
						<container type="folder">24</container>
					</did>
					<scopecontent>
						<p>For recorder and two violins.</p>
					</scopecontent>
				</c02>
				<c02 level="file">
					<did>
						<unittitle><title>Vestige</title></unittitle>
						<unitdate type="inclusive" normal="1993">1993</unitdate>
						<unitid type="local_mss">3162107</unitid>
						<container type="box">3</container>
						<container type="folder">25</container>
					</did>
					<scopecontent>
						<p>For clarinet, violin, and piano.</p>
					</scopecontent>
				</c02>
				<c02 level="file">
					<did>
						<unittitle><title>What Are Years?</title></unittitle>
						<unitdate type="inclusive" normal="1994">1994</unitdate>
						<unitid type="local_mss">3162108</unitid>
						<container type="box">3</container>
						<container type="folder">26</container>
					</did>
					<scopecontent>
						<p>For chorus. Poem by Marianne Moore.</p>
					</scopecontent>
				</c02>
				<c02 level="file">
					<did>
						<unittitle><title>Woe From Wit</title></unittitle>
						<unitdate type="inclusive" normal="1979">1979</unitdate>
						<unitid type="local_mss">3162109</unitid>
					</did>
					<scopecontent>
						<p>Musical. Libretto based on the play by Alexander Griboyedov.</p>
					</scopecontent>
					<c03 level="file">
						<did>
							<unittitle>Full Score</unittitle>
							<unitid type="local_mss">3162110</unitid>
							<container type="box">4</container>
						</did>
					</c03>
					<c03 level="file">
						<did>
							<unittitle>Libretto</unittitle>
							<unitid type="local_mss">3162111</unitid>
							<container type="box">3</container>
							<container type="folder">27</container>
						</did>
					</c03>
					<c03 level="file">
						<did>
							<unittitle>Piano-Vocal Score</unittitle>
							<unitid type="local_mss">3162112</unitid>
							<container type="box">2</container>
							<container type="folder">12</container>
						</did>
					</c03>
				</c02>
				<c02 level="file">
					<did>
						<unittitle><title>Zaboul</title></unittitle>
						<unitdate type="inclusive" normal="1996">1996</unitdate>
						<unitid type="local_mss">3162113</unitid>
						<container type="box">3</container>
						<container type="folder">28</container>
					</did>
					<scopecontent>
						<p>For chamber orchestra. Computer print.</p>
					</scopecontent>
				</c02>
			</c01>
		</dsc>
	</archdesc>
</ead>
