<?xml version="1.0" encoding="UTF-8"?>
<ead xmlns="urn:isbn:1-931666-22-9" xmlns:xsi="http://www.w3.org/2001/XMLSchema-instance"
	xmlns:xlink="http://www.w3.org/1999/xlink" xsi:schemaLocation="urn:isbn:1-931666-22-9 http://www.loc.gov/ead/ead.xsd">
	<eadheader countryencoding="iso3166-1" dateencoding="iso8601" langencoding="iso639-2b" repositoryencoding="iso15511"
		relatedencoding="marc" scriptencoding="iso8601">
		<eadid countrycode="US" mainagencycode="US-NN" url="http://archives.nypl.org/the/24588.xml">the24588.xml</eadid>
		<filedesc>
			<titlestmt>
				<titleproper>Guide to the Michael Friedman papers, <date>1980-2018</date></titleproper>
			</titlestmt>
			<publicationstmt>
				<publisher>The New York Public Library. Billy Rose Theatre Division.</publisher>
				<address>
					<addressline>New York Public Library for the Performing Arts, Dorothy and Lewis B. Cullman Center</addressline>
					<addressline>40 Lincoln Center Plaza, New York, NY 10023-7498</addressline>
				</address>
			</publicationstmt>
		</filedesc>
		<profiledesc>
			<creation>EAD generated by archives.nypl.org on <date normal="2019-12-10">December 10, 2019</date></creation>
			<langusage>
				<language langcode="eng">English</language>
			</langusage>
		</profiledesc>
	</eadheader>

	<archdesc level="collection">
		<did>
			<unittitle>Michael Friedman papers</unittitle>
			<unitdate type="inclusive" normal="1980/2018">1980-2018</unitdate>
			<unitid type="local_mss">24588</unitid>
			<unitid type="local_call">*T-Mss 2018-009</unitid>
			<unitid type="local_b">b21957573</unitid>
			<origination>
				<persname source="naf" authfilenumber="http://id.loc.gov/authorities/names/no2007142176">Friedman, Michael
					(Composer)</persname>
			</origination>
			<repository>
				<corpname>The New York Public Library. Billy Rose Theatre Division.</corpname>
				<address>
					<addressline>New York Public Library for the Performing Arts, Dorothy and Lewis B. Cullman Center</addressline>
					<addressline>40 Lincoln Center Plaza, New York, NY 10023-7498</addressline>
				</address>
			</repository>
			<physdesc>
				<extent unit="containers">11 boxes</extent>
				<extent unit="linear_feet">3.87 linear feet</extent>
			</physdesc>
			<abstract>Michael Friedman (1975-2017) was an American theater composer and lyricist, best known for works such as
					<title>Bloody Bloody Andrew Jackson</title>, <title>Pretty Filthy</title>, and <title>The Fortress of
					Solitude</title>. He was also a co-founder of The Civilians, a theatrical troupe. The Michael Friedman papers,
				dating from 1980 to 2018, document the composer's career and development, mainly from the late 1990s to his death in
				2017. Friedman's life and work is revealed through project files, notes, scores, letters, cards, school papers,
				business records, clippings, programs, photographs, and sound and video recordings.</abstract>
			<langmaterial>English</langmaterial>
		</did>
		<bioghist>
			<p>John Michael Friedman (1975-2017) was an American composer and lyricist, best known for theater works such as
					<title>Bloody Bloody Andrew Jackson</title>, <title>Pretty Filthy</title>, and <title>The Fortress of
					Solitude</title>. Adept in multiple styles and genres of music, he was known for his interest in a wide array of
				subject matter, particularly politics and history.</p>
			<p>Friedman was born in Boston but grew up in Philadelphia, where he attended the Germantown Friends School. He
				learned piano and cello as a child, and spent summers at the Kinhaven Music School in Weston, Vermont.</p>
			<p>Friedman entered Harvard University majoring in history and literature, but his focus changed after taking a
				composition class with Elizabeth Swados, who became his mentor and prime influence. Swados helped him find work and
				make connections in the theater world, and Friedman moved to New York after his graduation. Swados also hired
				Friedman as music director for two projects, her piece <title>Cantata 2000</title> (1997) and her music for a
				production of Brecht's <title>The Caucasian Chalk Circle</title> (1998).</p>
			<p>Friedman met the writer-director Steve Cosson, a frequent collaborator, in the late-1990s, and in 2001 the two
				were among the founding members of the theatrical troupe The Civilians, which became the home for many Friedman
				works. Among his musicals workshopped and performed by The Civilians were <title>Canard Canard Goose</title>,
					<title>Gone Missing</title>, <title>Paris Commune</title>, <title>The Great Immensity</title>, <title>Pretty
					Filthy</title>, <title>(I Am) Nobody's Lunch</title>, and <title>This Beautiful City</title>.</p>
			<p>Friedman also had a long association with The Public Theater. In addition to commissioning music for several
				Shakespeare productions (including <title> Cymbeline</title>, <title>Love's Labours Lost</title>, <title>The
					Tempest</title>, and <title>The Seagull</title> for Shakespeare in the Park), The Public produced <title>Bloody
					Bloody Andrew Jackson</title> (which also had a brief Broadway run in 2010) and <title>The Fortress Of
					Solitude</title> (based on the novel by Jonathan Lethem). Friedman was featured by The Public as an
				artist-in-residence and also curated the theater's Public Forum series. Other companies that presented Friedman's
				work included the New York Theatre Workshop, The Roundabout Theatre Co., Second Stage, Soho Rep, Theater for a New
				Audience, Signature, The Acting Company, The Williamstown Theatre Festival, and La Jolla Playhouse.</p>
			<p>In 2017, Friedman was the artistic director of the New York City Center's Encores! Off-Center program, which
				presents concert performances of Off-Broadway musicals. Under Friedman's direction, the series presented
					<title>Assassins</title>, <title>The Bubbly Black Girl Sheds Her Chameleon Skin</title>, and <title>Really
					Rosie</title>.</p>
			<p>Friedman wrote the scores for the 2008 Off-Broadway musical <title>The Drunken City</title>, the 2010 Signature
				Theatre revival of <title>Angels in America</title>, and the Broadway adaptation of <title>Misery</title>
				(2015-2016). Among Friedman's other works (as composer, composer/lyricist, or musical director) were
					<title>Saved</title>, <title>Lysistrata</title>, <title>God Hates The Irish: The Ballad Of Armless Johnny</title>,
					<title>The Essential Alice In Wonderland</title>, <title>Mr. Burns: A Post-Electric Play</title>, <title>In The
					Bubble</title>, <title>Landscape Of The Body</title>, <title>The Persecution and Assassination of Jean-Paul Marat
					as Performed by the Inmates of the Asylum of Charenton Under the Direction of the Marquis de Sade</title>,
					<title>State Of The Union</title>, <title>The Abominables</title>, <title>Mrs. Bob Cratchit's Wild Christmas
					Binge</title>, and <title>In The Footprint</title>. He also scored three films, <title>On Common Ground</title>
				(2001), <title>Affair Game</title> (2006) and <title>Emile Norman: By His Own Design</title> (2007).</p>
			<p>Friedman died of complications from HIV/AIDS in 2017.</p>
		</bioghist>
		<scopecontent>
			<p>The Michael Friedman papers, dating from 1980 to 2018, document the composer's career and development, mainly from
				the late 1990s to his death in 2017. Friedman's life and work is revealed through project files, notes, scores,
				letters, school papers, business records, programs, clippings, photographs, and sound and video recordings.
				Posthumous content was contributed by Friedman's sister, Marion Young.</p>
			<p>The Project Files document some of Friedman's work and activities, mainly productions such as <title>The Fortress
					Of Solitude</title>, <title>In The Bubble</title>, and <title>Pretty Filthy</title>, but also including the City
				Center Encores series and a lectureship at Princeton University. The files hold varying content, such as notes,
				partial scores, scripts, clippings, contracts, and letters. Projects with the most content are <title>The Fortress
					Of Solitude</title>, <title>Landscape Of The Body</title>, <title>Post Office</title>, <title>Saved</title>, and
					<title>This Beautiful City</title>. Scores, notes, and business records elsewhere in the collection also contain
				project-related material.</p>
			<p>Notes, in the form of loose pages and notebooks, are comprised of lyrics, meeting notes, plot ideas, rehearsal
				notes, performance notes, occasional journal entries, and phone contact lists. Among the projects discussed in the
				notes are <title>Pretty Filthy</title> (2010), <title>The Tempest</title> (2015), <title>The Fortress Of
					Solitude</title> (2014), <title>This Beautiful City</title> (2007-2008), and the City Center Encores presentation
				of <title>Assassins</title> (2017). Friedman used a few notebooks during the last few months of his life while he
				was in hospital. One (found with his memorial program in box 11, folder 2) outlines what he wanted for his memorial
				service.</p>
			<p>Scores in paper form are not voluminous and do not represent a large portion of Friedman's work. They contain
				early exercises and instrumental works from the 1980s and 1990s; arrangements Friedman created for Elizabeth
				Swados's score for <title>The Caucasian Chalk Circle</title> and her <title>Cantata 2000</title>; notes and sketches
				for Friedman's setting of the <title>Song Of Songs</title>; other notes, sketches, and song ideas; and, in some
				cases, finished untitled instrumental or vocal works. Most of Friedman's theater work here is in the form of lead
				sheets or arrangements for vocal, piano, and perhaps one or two other instruments. Some finished scores are printed
				from notation software, but most of the scores present are written lead sheets, full scores, and (in only a few
				cases) parts. Also present is published sheet and instrumental music collected by Friedman.</p>
			<p>Letters and Cards consist primarily of brief congratulatory notes or greeting cards from friends and colleagues.
				There is also a set of printed emails from Friedman to his friend Rebecca Traister, written while he was working at
				the Williamstown Theatre Festival in the summer of 1999.</p>
			<p>School Papers contain writings, drawings, and programs from Friedman's days at the Germantown Friends School, the
				Kinhaven Music School, and Harvard University. The Harvard file contains many programs for events and performances
				featuring Friedman as composer, performer, or both.</p>
			<p>Business Records primarily contain contracts between Friedman, his co-creators, producers, and presenters. They
				also hold files regarding Friedman's work with The Civilians and The Public Theater; a small set of financial
				records including income reports, tax returns, and royalty statements; and contact lists of all names associated
				with productions Friedman worked on.</p>
			<p>The Clippings and Programs files do not represent a comprehensive set of publicity or documentation of Friedman's
				career. It does, however, contain a review and articles Friedman wrote for the <title>London Review of Books</title>
				(2005), <title>Contemporary Theatre Review</title> (2006), and <title>Harvard Magazine</title> (2013). It also holds
				Friedman's memorial program.</p>
			<p>The Photographs include production shots of <title>In The Bubble</title>, <title>Bloody Bloody Andrew
					Jackson</title>, and <title>Marate/Sade</title>; a photo of Friedman with his colleague Steve Cosson; and a photo
				of students at the Kinhaven Music School, from around 1989.</p>
			<p>Sound and video recordings consist of rehearsals and performances, as well as demonstrations and
				works-in-progress. Friedman works documented (mostly in sound recordings) are <title>In The Bubble</title>,
					<title>The Fortress Of Solitude</title>, <title>Gone Missing</title>, and <title>Paris Commune</title>, as well as
				plays or musicals for which Friedman served as musical director, such as <title>Falsettos</title>, <title>The
					Caucasian Chalk Circle</title>, <title>The Essential Alice In Wonderland</title>, <title>Romeo And Juliet</title>,
					<title>Mother Courage and Her Children</title>, <title>Lysistrata</title>, and <title>Mrs. Bob Cratchit's Wild
					Christmas Binge</title>. Also present is a working copy of the film <title>Affair Game</title>, as well as demos
				and final versions of Friedman's score for it; Friedman performances at the Kinhaven Music School and Harvard
				University; and a recording of holiday music by Elizabeth Swados on which Friedman may be present. All are audio
				recordings unless otherwise noted.</p>
		</scopecontent>
		<prefercite>
			<p>Michael Friedman papers, *T-Mss 2018-009. Billy Rose Theatre Division, The New York Public Library for the
				Performing Arts</p>
		</prefercite>
		<acqinfo>
			<p>Donated by Marion Young, Friedman's sister and Executor, 2018.</p>
		</acqinfo>
		<processinfo>
			<p>Processed by <name>Matthew Snyder</name> in <date>2019</date>.</p>
		</processinfo>
		<accessrestrict>
			<p>Some collections held by the Dance, Music, Recorded Sound, and Theatre Divisions at the New York Public Library
				for the Performing Arts are held off-site and must be requested in advance. Please check the collection records in
						<extref xlink:href="http://catalog.nypl.org/record=LPA_BNUMBER" xlink:type="simple" xlink:actuate="onRequest"
						>the NYPL's online catalog</extref> for detailed location information. For general guidance about requesting
				offsite materials, please consult: <extref
					xlink:href="https://www.nypl.org/about/locations/lpa/requesting-archival-materials" xlink:type="simple"
					xlink:actuate="onRequest">https://www.nypl.org/about/locations/lpa/requesting-archival-materials</extref></p>
			<p>Sound and video recordings are unavailable pending digitization. Electronic records are unavailable.</p>
		</accessrestrict>
		<controlaccess>
			<persname source="naf" authfilenumber="http://id.loc.gov/authorities/names/no2007142176">Friedman, Michael
				(Composer)</persname>
			<corpname source="naf" authfilenumber="http://id.loc.gov/authorities/names/no2007142113">Civilians (Theater
				company)</corpname>
			<subject source="lcsh">Musical theater -- United States</subject>
			<subject source="lcsh">Off-Broadway theater</subject>
			<genreform source="aat" authfilenumber="http://id.loc.gov/authorities/names/300141693">Business records</genreform>
			<genreform source="aat" authfilenumber="http://id.loc.gov/authorities/names/300026867">Clippings (information
				artifacts)</genreform>
			<genreform source="aat" authfilenumber="http://id.loc.gov/authorities/names/300027649">Contracts</genreform>
			<genreform source="aat" authfilenumber="http://id.loc.gov/authorities/names/300026877">Correspondence</genreform>
			<genreform source="aat" authfilenumber="http://id.loc.gov/authorities/names/300027200">Notes (documents)</genreform>
			<genreform source="aat" authfilenumber="http://id.loc.gov/authorities/names/300046300">Photographs</genreform>
			<genreform source="aat" authfilenumber="http://id.loc.gov/authorities/names/300027240">Programs
				(documents)</genreform>
			<genreform source="aat" authfilenumber="http://id.loc.gov/authorities/names/300026427">Scores (documents for
				music)</genreform>
			<genreform source="aat" authfilenumber="http://id.loc.gov/authorities/names/300028633">Sound recordings</genreform>
			<genreform source="aat" authfilenumber="http://id.loc.gov/authorities/names/300028682">Video recordings (physical
				artifacts)</genreform>
			<occupation source="itoamc">Composers</occupation>
			<occupation source="itoamc">Lyricists.</occupation>
		</controlaccess>
		<dsc>
			<c01 level="file">
				<did>
					<unittitle>Project Files</unittitle>
					<unitdate type="inclusive" normal="1999/2017">1999-2017</unitdate>
					<unitid type="local_mss">3179634</unitid>
				</did>
				<c02 level="file">
					<did>
						<unittitle>
							<title>Brand New Kid</title>
						</unittitle>
						<unitdate type="inclusive" normal="2006">2006</unitdate>
						<unitid type="local_mss">3179637</unitid>
						<container type="box">1</container>
						<container type="folder">1</container>
					</did>
					<scopecontent>
						<p>Tracklist for a recording of songs from the show.</p>
					</scopecontent>
				</c02>
				<c02 level="file">
					<did>
						<unittitle>City Center Encores</unittitle>
						<unitdate type="inclusive" normal="2017">2017</unitdate>
						<unitid type="local_mss">3179639</unitid>
						<container type="box">1</container>
						<container type="folder">2</container>
					</did>
					<scopecontent>
						<p>Notes.</p>
					</scopecontent>
				</c02>
				<c02 level="file">
					<did>
						<unittitle>
							<title>The Essential Alice In Wonderland</title>
						</unittitle>
						<unitdate type="inclusive" normal="2006">2006</unitdate>
						<unitid type="local_mss">3179640</unitid>
						<container type="box">1</container>
						<container type="folder">3</container>
					</did>
				</c02>
				<c02 level="file">
					<did>
						<unittitle>
							<title>The Fortress Of Solitude</title>
						</unittitle>
						<unitdate type="inclusive" normal="2006">2006</unitdate>
						<unitdate type="inclusive" normal="2012">2012</unitdate>
						<unitid type="local_mss">3179641</unitid>
						<container type="box">1</container>
						<container type="folder">4</container>
					</did>
					<scopecontent>
						<p>Photographs, research material, notes, and scores.</p>
					</scopecontent>
				</c02>
				<c02 level="file">
					<did>
						<unittitle>
							<title>God Hates The Irish: The Ballad Of Armless Johnny</title>
						</unittitle>
						<unitdate type="inclusive" normal="2005/2006">2005-2006</unitdate>
						<unitid type="local_mss">3179642</unitid>
						<container type="box">1</container>
						<container type="folder">5</container>
					</did>
					<scopecontent>
						<p>Scores and greeting cards.</p>
					</scopecontent>
				</c02>
				<c02 level="file">
					<did>
						<unittitle>
							<title>The Hunchback Of Notre Dame</title>
						</unittitle>
						<unitdate type="inclusive" normal="2001">2001</unitdate>
						<unitid type="local_mss">3179644</unitid>
						<container type="box">1</container>
						<container type="folder">6</container>
					</did>
					<scopecontent>
						<p>A production in Cuba.</p>
					</scopecontent>
				</c02>
				<c02 level="file">
					<did>
						<unittitle>
							<title>In The Bubble</title>
						</unittitle>
						<unitdate type="inclusive" normal="2005/2007">2005-2007</unitdate>
						<unitid type="local_mss">3179645</unitid>
						<container type="box">1</container>
						<container type="folder">7</container>
					</did>
				</c02>
				<c02 level="file">
					<did>
						<unittitle>
							<title>Landscape Of The Body</title>
						</unittitle>
						<unitdate type="inclusive" normal="2003">2003</unitdate>
						<unitdate type="inclusive" normal="2005">2005</unitdate>
						<unitid type="local_mss">3179646</unitid>
						<container type="box">1</container>
						<container type="folder">8</container>
					</did>
					<scopecontent>
						<p>Contains scores and the full script.</p>
					</scopecontent>
				</c02>
				<c02 level="file">
					<did>
						<unittitle>
							<title>Paris Commune</title>
						</unittitle>
						<unitdate type="inclusive" normal="2004">2004</unitdate>
						<unitid type="local_mss">3179647</unitid>
						<container type="box">2</container>
						<container type="folder">1</container>
					</did>
					<scopecontent>
						<p>Clippings and research.</p>
					</scopecontent>
				</c02>
				<c02 level="file">
					<did>
						<unittitle>
							<title>Post Office</title>
						</unittitle>
						<unitdate type="inclusive" normal="2009/2010">2009-2010</unitdate>
						<unitid type="local_mss">3179648</unitid>
						<container type="box">1</container>
						<container type="folder">9</container>
					</did>
					<scopecontent>
						<p>Piano-vocal scores.</p>
					</scopecontent>
				</c02>
				<c02 level="file">
					<did>
						<unittitle>
							<title>Pretty Filthy</title>
						</unittitle>
						<unitdate type="inclusive" normal="1999">1999</unitdate>
						<unitdate type="inclusive" normal="2004">2004</unitdate>
						<unitdate type="inclusive" normal="2014">2014</unitdate>
						<unitid type="local_mss">3179652</unitid>
						<container type="box">3</container>
						<container type="folder">1</container>
					</did>
					<scopecontent>
						<p>Lead sheets and research material.</p>
					</scopecontent>
				</c02>
				<c02 level="file">
					<did>
						<unittitle>Princeton University Lapidus Lectureship</unittitle>
						<unitdate type="inclusive" normal="2016">2016</unitdate>
						<unitid type="local_mss">3179653</unitid>
						<container type="box">3</container>
						<container type="folder">2</container>
					</did>
					<scopecontent>
						<p>Class assignments on Irving Berlin, with Friedman's comments.</p>
					</scopecontent>
				</c02>
				<c02 level="file">
					<did>
						<unittitle>
							<title>Saved</title>
						</unittitle>
						<unitdate type="inclusive" normal="2007/2010">2007-2010</unitdate>
						<unitid type="local_mss">3179654</unitid>
						<container type="box">3</container>
						<container type="folder">3</container>
					</did>
				</c02>
				<c02 level="file">
					<did>
						<unittitle>
							<title>The Seagull</title>
						</unittitle>
						<unitdate type="inclusive" normal="2001">2001</unitdate>
						<unitid type="local_mss">3179655</unitid>
						<container type="box">3</container>
						<container type="folder">4</container>
					</did>
					<scopecontent>
						<p>For Shakespeare In The Park. Contains sketches and research.</p>
					</scopecontent>
				</c02>
				<c02 level="file">
					<did>
						<unittitle>
							<title>This Beautiful City</title>
						</unittitle>
						<unitdate type="inclusive" normal="2006/2010">2006-2010</unitdate>
						<unitid type="local_mss">3179660</unitid>
						<container type="box">3</container>
						<container type="folder">5</container>
					</did>
					<scopecontent>
						<p>Contracts and research.</p>
					</scopecontent>
				</c02>
			</c01>
			<c01 level="file">
				<did>
					<unittitle>Notes and Notebooks</unittitle>
					<unitdate type="inclusive" normal="2000/2017">2000-2017</unitdate>
					<unitid type="local_mss">3179661</unitid>
				</did>
				<c02 level="file">
					<did>
						<unitdate type="inclusive" normal="2000/2017">2000-2017</unitdate>
						<unitid type="local_mss">3179662</unitid>
						<container type="box">3</container>
						<container type="folder">6</container>
					</did>
					<scopecontent>
						<p>Loose notes, ticket stubs, library receipts.</p>
					</scopecontent>
				</c02>
				<c02 level="file">
					<did>
						<unitdate type="inclusive" normal="2002/2003">2002-2003</unitdate>
						<unitdate type="inclusive" normal="2011">2011</unitdate>
						<unitid type="local_mss">3179664</unitid>
						<container type="box">3</container>
						<container type="folder">7-9</container>
					</did>
				</c02>
				<c02 level="file">
					<did>
						<unitdate type="inclusive" normal="2003">2003</unitdate>
						<unitdate type="inclusive" normal="2005">2005</unitdate>
						<unitdate type="inclusive" normal="2010/2017">2010-2017</unitdate>
						<unitid type="local_mss">3179666</unitid>
						<container type="box">4</container>
						<container type="folder">1-7</container>
					</did>
				</c02>
				<c02 level="file">
					<did>
						<unitdate type="inclusive">Undated</unitdate>
						<unitid type="local_mss">3179894</unitid>
						<container type="box">5</container>
						<container type="folder">1</container>
					</did>
				</c02>
			</c01>
			<c01 level="file">
				<did>
					<unittitle>Scores</unittitle>
					<unitdate type="inclusive" normal="1980/2017">1980-2017</unitdate>
					<unitid type="local_mss">3179898</unitid>
				</did>
				<c02 level="file">
					<did>
						<unittitle><title>Cantata 2000</title> by Elizabeth Swados</unittitle>
						<unitdate type="inclusive" normal="1997">1997</unitdate>
						<unitid type="local_mss">3179899</unitid>
						<container type="box">5</container>
						<container type="folder">2</container>
					</did>
					<bioghist>
						<p>Arrangements by Friedman of music by Swados.</p>
					</bioghist>
					<scopecontent>
						<p>Lead sheets and notes.</p>
					</scopecontent>
				</c02>
				<c02 level="file">
					<did>
						<unittitle>
							<title>The Caucasian Chalk Circle</title>
						</unittitle>
						<unitdate type="inclusive" normal="1998">1998</unitdate>
						<unitid type="local_mss">3179906</unitid>
						<container type="box">5</container>
						<container type="folder">3</container>
					</did>
					<scopecontent>
						<p>Music by Elizabeth Swados. Arrangements for clarinet, guitar, and piano by Friedman.</p>
					</scopecontent>
				</c02>
				<c02 level="file">
					<did>
						<unittitle>
							<title>Icarus</title>
						</unittitle>
						<unitid type="local_mss">3179900</unitid>
						<container type="box">5</container>
						<container type="folder">4</container>
					</did>
					<scopecontent>
						<p>For mixed choir.</p>
					</scopecontent>
				</c02>
				<c02 level="file">
					<did>
						<unittitle>
							<title>Nocturne For Voice And Cello</title>
						</unittitle>
						<unitdate type="inclusive" normal="1995">1995</unitdate>
						<unitid type="local_mss">3179904</unitid>
						<container type="box">6</container>
						<container type="folder">1</container>
					</did>
				</c02>
				<c02 level="file">
					<did>
						<unittitle>
							<title>Oboe Quintet - "Five Oboes!?"</title>
						</unittitle>
						<unitdate type="inclusive" normal="1992">1992</unitdate>
						<unitid type="local_mss">3179901</unitid>
						<container type="box">2</container>
						<container type="folder">2</container>
					</did>
				</c02>
				<c02 level="file">
					<did>
						<unittitle>
							<title>Song Of Songs</title>
						</unittitle>
						<unitid type="local_mss">3179902</unitid>
						<container type="box">5</container>
						<container type="folder">5</container>
					</did>
					<scopecontent>
						<p>Lead sheets and notes.</p>
					</scopecontent>
				</c02>
				<c02 level="file">
					<did>
						<unittitle>
							<title>String Quartet #2</title>
						</unittitle>
						<unitid type="local_mss">3179903</unitid>
						<container type="box">5</container>
						<container type="folder">6</container>
					</did>
					<scopecontent>
						<p>Full score and parts.</p>
					</scopecontent>
				</c02>
				<c02 level="file">
					<did>
						<unittitle>
							<title>Suite For Brass</title>
						</unittitle>
						<unitid type="local_mss">3179905</unitid>
						<container type="box">6</container>
						<container type="folder">2</container>
					</did>
					<scopecontent>
						<p>Full score and parts.</p>
					</scopecontent>
				</c02>
				<c02 level="file">
					<did>
						<unittitle>Sketches and Song Ideas</unittitle>
						<unitdate type="inclusive" normal="1980/2017">1980s-2017</unitdate>
						<unitid type="local_mss">3179907</unitid>
						<container type="box">5</container>
						<container type="folder">7-10</container>
						<container type="box">6</container>
						<container type="folder">3-5</container>
						<container type="box">7</container>
						<container type="folder">1-4</container>
						<container type="box">8</container>
						<container type="folder">1</container>
					</did>
					<scopecontent>
						<p>Some in notebooks, some loose.</p>
					</scopecontent>
				</c02>
				<c02 level="file">
					<did>
						<unittitle>Sheet Music</unittitle>
						<unitdate type="inclusive" normal="1990/2017">1990s-2017</unitdate>
						<unitid type="local_mss">3179909</unitid>
						<container type="box">8</container>
						<container type="folder">2-3</container>
					</did>
					<scopecontent>
						<p>For songs and instrumental music by other composers.</p>
					</scopecontent>
				</c02>
			</c01>
			<c01 level="file">
				<did>
					<unittitle>Letters and Cards</unittitle>
					<unitdate type="inclusive" normal="1999">1999</unitdate>
					<unitdate type="inclusive" normal="2004/2017">2004-2017</unitdate>
					<unitid type="local_mss">3179910</unitid>
					<container type="box">8</container>
					<container type="folder">4-5</container>
				</did>
			</c01>
			<c01 level="file">
				<did>
					<unittitle>School Papers</unittitle>
					<unitdate type="inclusive" normal="1980/1997">1980-1997</unitdate>
					<unitid type="local_mss">3179911</unitid>
				</did>
				<c02 level="file">
					<did>
						<unittitle>Germantown Friends School and Kinhaven Music School</unittitle>
						<unitdate type="inclusive" normal="1980/1992">1980-1992</unitdate>
						<unitid type="local_mss">3179912</unitid>
						<container type="box">8</container>
						<container type="folder">6</container>
						<container type="box">9</container>
						<container type="folder">1</container>
					</did>
				</c02>
				<c02 level="file">
					<did>
						<unittitle>Harvard University</unittitle>
						<unitdate type="inclusive" normal="1993/1997">1993-1997</unitdate>
						<unitid type="local_mss">3179913</unitid>
						<container type="box">9</container>
						<container type="folder">2-3</container>
					</did>
				</c02>
			</c01>
			<c01 level="file">
				<did>
					<unittitle>Business Records</unittitle>
					<unitdate type="inclusive" normal="1997/2017">1997-2017</unitdate>
					<unitid type="local_mss">3179914</unitid>
				</did>
				<c02 level="file">
					<did>
						<unittitle>The Civilians</unittitle>
						<unitdate type="inclusive" normal="2009/2014">2009-2014</unitdate>
						<unitid type="local_mss">3179915</unitid>
						<container type="box">9</container>
						<container type="folder">4</container>
					</did>
					<scopecontent>
						<p>Includes by-laws.</p>
					</scopecontent>
				</c02>
				<c02 level="file">
					<did>
						<unittitle>Contact Sheets</unittitle>
						<unitdate type="inclusive" normal="1997/2006">1997-2006</unitdate>
						<unitid type="local_mss">3179916</unitid>
						<container type="box">9</container>
						<container type="folder">5</container>
					</did>
					<scopecontent>
						<p>Lists of contacts for everyone associated with theatrical productions.</p>
					</scopecontent>
				</c02>
				<c02 level="file">
					<did>
						<unittitle>Contracts</unittitle>
						<unitdate type="inclusive" normal="2004/2016">2004-2016</unitdate>
						<unitid type="local_mss">3179917</unitid>
						<container type="box">9</container>
						<container type="folder">1-6</container>
						<container type="box">10</container>
						<container type="folder">1-4</container>
					</did>
				</c02>
				<c02 level="file">
					<did>
						<unittitle>Financial Records</unittitle>
						<unitdate type="inclusive" normal="2003/2014">2003-2014</unitdate>
						<unitid type="local_mss">3179920</unitid>
						<container type="box">10</container>
						<container type="folder">5</container>
					</did>
					<scopecontent>
						<p>Tax returns, royalty statements, income reports from management.</p>
					</scopecontent>
				</c02>
				<c02 level="file">
					<did>
						<unittitle>The Public Theater</unittitle>
						<unitdate type="inclusive" normal="2016/2017">2016-2017</unitdate>
						<unitid type="local_mss">3179921</unitid>
						<container type="box">10</container>
						<container type="folder">6</container>
					</did>
				</c02>
			</c01>
			<c01 level="file">
				<did>
					<unittitle>Clippings and Programs</unittitle>
					<unitdate type="inclusive" normal="2005/2018">2005-2018</unitdate>
					<unitid type="local_mss">3179922</unitid>
					<container type="box">11</container>
					<container type="folder">1-2</container>
				</did>
			</c01>
			<c01 level="file">
				<did>
					<unittitle>Photographs</unittitle>
					<unitdate type="inclusive">Early 1990s - 2010</unitdate>
					<unitid type="local_mss">3179923</unitid>
					<container type="box">11</container>
					<container type="folder">3</container>
				</did>
			</c01>
			<c01 level="file">
				<did>
					<unittitle>Sound and Video Recordings</unittitle>
					<unitdate type="inclusive" normal="1982/2012">1982-2012</unitdate>
					<unitid type="local_mss">3188076</unitid>
					<physdesc>All are audio recordings unless noted otherwise.</physdesc>
				</did>
			</c01>
		</dsc>
	</archdesc>
</ead>
