<?xml version="1.0" encoding="UTF-8"?>
<ead xmlns="urn:isbn:1-931666-22-9" xmlns:xsi="http://www.w3.org/2001/XMLSchema-instance"
	xmlns:xlink="http://www.w3.org/1999/xlink" xsi:schemaLocation="urn:isbn:1-931666-22-9 http://www.loc.gov/ead/ead.xsd">
	<eadheader countryencoding="iso3166-1" dateencoding="iso8601" langencoding="iso639-2b" repositoryencoding="iso15511"
		relatedencoding="marc" scriptencoding="iso8601">
		<eadid countrycode="US" mainagencycode="US-NN" url="http://archives.nypl.org/dan/24580.xml">dan24580.xml</eadid>
		<filedesc>
			<titlestmt>
				<titleproper>Guide to the Anita Feldman Tap collection, <date>1961-2017</date></titleproper>
			</titlestmt>
			<publicationstmt>
				<publisher>The New York Public Library. Jerome Robbins Dance Division.</publisher>
				<address>
					<addressline>New York Public Library for the Performing Arts, Dorothy and Lewis B. Cullman Center</addressline>
					<addressline>40 Lincoln Center Plaza, New York, NY 10023-7498</addressline>
				</address>
			</publicationstmt>
		</filedesc>
		<profiledesc>
			<creation>EAD generated by archives.nypl.org on <date normal="2019-12-10">December 10, 2019</date></creation>
			<langusage>
				<language langcode="eng">English</language>
			</langusage>
		</profiledesc>
	</eadheader>

	<archdesc level="collection">
		<did>
			<unittitle>Anita Feldman Tap collection</unittitle>
			<unitdate type="inclusive" normal="1961/2017">1961-2017</unitdate>
			<unitid type="local_mss">24580</unitid>
			<unitid type="local_call">(S) *MGZMD 496</unitid>
			<unitid type="local_b">b21769338</unitid>
			<origination>
				<persname source="naf" authfilenumber="http://id.loc.gov/authorities/names/n95029862">Feldman, Anita,
					1951-</persname>
			</origination>
			<repository>
				<corpname>The New York Public Library. Jerome Robbins Dance Division.</corpname>
				<address>
					<addressline>New York Public Library for the Performing Arts, Dorothy and Lewis B. Cullman Center</addressline>
					<addressline>40 Lincoln Center Plaza, New York, NY 10023-7498</addressline>
				</address>
			</repository>
			<physdesc>
				<extent unit="containers">13 boxes, 1 oversize folder</extent>
				<extent unit="linear_feet">5.43 linear feet</extent>
			</physdesc>
			<abstract>Anita Feldman is a choreographer, teacher, and dancer best known for her innovative work in Tap and close
				collaborations with composers. The Anita Feldman Tap collection documents her professional life, including the dance
				company she founded, through files relating to performances and artist residencies; Feldman's original choreography;
				her student years and early work; the Tap Dance Instrument, a percussion instrument she co-invented; her teaching
				career; articles and a book written by Feldman; performance and publicity photographs; clippings of performance
				reviews; administrative records; and recordings of performances, music, and interviews.</abstract>
			<langmaterial>English</langmaterial>
		</did>
		<bioghist>
			<p>Anita Feldman is a Modern dancer and choreographer best known for her experimental work in Tap and close
				collaborations with composers. A practicing dancer since childhood, who was trained in music and percussion, Feldman
				uses the sound of tap dancing as a musical element within her works. In the mid-1980s she co-invented and patented
				the Tap Dance Instrument (TDI), a wood and brass multi-timbre floor platform, which is featured in many of her
				pieces. With her dance company, Anita Feldman Tap, she has performed in over 100 venues, ranging from academic
				settings to theaters in New York City, around the United States, and in Japan and Germany. Festivals in which she
				has performed include the Colorado Dance Festival, the Boston Dance Umbrella, and the American Dance Festival. Her
				collaborators include Lois V. Vierk, Guy Klucevsek, David Bierman, Toby Twining, Larry Polansky, Rhonda Price, Gary
				Schall, and James Tenney. In the 1980s, Feldman adapted composer Steve Reich's <title>Clapping Music</title> for
				Tap, performing it as <title>Tapping Music</title>. She is currently (2018) a full-time dance professor at Hofstra
				University.</p>
		</bioghist>
		<scopecontent>
			<p>The Anita Feldman Tap collection, which dates from 1961 to 2017, is divided into two main sections: Media and
				Papers.</p>
			<p>The Media section of the collection primarily consists of video recordings of performances staged around New York
				City or as part of artist residencies around the country, as well as the Anita Feldman Tap dance company's domestic
				and international touring performances. Recordings of music that accompany performances, sometimes including the
				sound of dancers' tapping feet, are also well-represented in this section. A smaller quantity of video and audio
				recordings of interviews with Feldman and others are included. Audio and video recordings are unavailable pending
				digitization.</p>
			<p>The Papers section of the collection traces the creative and professional life of Anita Feldman as a performer,
				choreographer, and teacher as well as the activity of her dance company, Anita Feldman Tap. The Performances and
				Residencies, and the Choreography subsections occupy the greatest share of the Papers section.</p>
			<p>Dating from 1977 to 1999, the Performances and Residencies subsection is arranged chronologically. These files are
				titled by venue, festival name, or name of composer or collaborator and include: programs; fliers; press releases;
				budgets; guest lists; a few photographs; and correspondence with residency hosts, event organizers, and
				collaborators.</p>
			<p>The Choreography subsection, which dates from 1974 to 1996, illuminates the underlying creative processes that
				preceeded public performance events. Files include: scores; choreographic charts, diagrams, and sketches; some
				photographs; and correspondence with collaborators. These files are arranged roughly chronologically and by name of
				collaborator.</p>
			<p>The Writing subsection includes the manuscript, its corrections, and publisher correspondence relating to
					<title>Inside Tap: Technique and Improvisation for Today's Tap Dancer</title> written by Feldman and published by
				Princeton Books in 1996. This subsection also contains articles written by Feldman over the years, including a
				remembrance of her mentor, Robert Ellis Dunn.</p>
			<p>The Photographs subsection is organized chronologically and contains portraits and performance images from the
				1970s through the 1990s. Several files in this subsection were shot by L.V. Feldman, Anita Feldman's father, who was
				an accomplished amateur photographer.</p>
			<p>The Administrative subsection includes promotional material, resumes, grants, and contracts related to both Anita
				Feldman Tap dance company and to Anita Feldman as an individual performer.</p>
			<p>Another subsection covers Feldman's teaching career mostly at Hofstra University and various workshops throughout
				the United States. Included in this subsection are files on educational conferences; lecture notes; curricula and
				sylabbi; student dance concert programs; job applications and letters recommending Feldman for various teaching
				positions.</p>
			<p>The collection also contains smaller subsections on Feldman's student years, dating back to childhood, and her
				early work; on the Tap Dance Instrument, a percussion instrument designed by Feldman and Daniel Schmidt, to be
				played by the feet of tap dancers; and published performance reviews.</p>
		</scopecontent>
		<prefercite>
			<p>Anita Feldman Tap collection, (S) *MGZMD 496. Jerome Robbins Dance Division, The New York Public Library for the
				Performing Arts</p>
		</prefercite>
		<acqinfo>
			<p>The collection was donated by Anita Feldman in April, 2018.</p>
		</acqinfo>
		<processinfo>
			<p>Collection processed by <name>Heather Halliday</name>, <date>2018</date>.</p>
		</processinfo>
		<accessrestrict>
			<p>Some collections held by the Dance, Music, Recorded Sound, and Theatre Divisions at the New York Public Library
				for the Performing Arts are held off-site and must be requested in advance. Please check the collection records in
						<extref xlink:href="http://catalog.nypl.org/record=LPA_BNUMBER" xlink:type="simple" xlink:actuate="onRequest"
						>the NYPL's online catalog</extref> for detailed location information. For general guidance about requesting
				offsite materials, please consult: <extref
					xlink:href="https://www.nypl.org/about/locations/lpa/requesting-archival-materials" xlink:type="simple"
					xlink:actuate="onRequest">https://www.nypl.org/about/locations/lpa/requesting-archival-materials</extref></p>
			<p>Audio and video recordings are unavailable pending digitization.</p>
		</accessrestrict>
		<controlaccess>
			<persname role="subject" source="naf" authfilenumber="http://id.loc.gov/authorities/names/nr90005645">Behrman,
				David</persname>
			<persname role="subject" source="naf" authfilenumber="http://id.loc.gov/authorities/names/n97869540">Bufalino,
				Brenda</persname>
			<persname role="subject" source="naf" authfilenumber="http://id.loc.gov/authorities/names/n97858213">Dunn, Robert
				Ellis</persname>
			<persname source="naf" authfilenumber="http://id.loc.gov/authorities/names/n95029862">Feldman, Anita,
				1951-</persname>
			<persname role="subject" source="naf" authfilenumber="http://id.loc.gov/authorities/names/n80158333">Klucevsek,
				Guy</persname>
			<persname role="subject" source="naf" authfilenumber="http://id.loc.gov/authorities/names/n97847884">Loewen,
				Debra</persname>
			<persname role="subject" source="naf" authfilenumber="http://id.loc.gov/authorities/names/n97842150">Nelson, Jalalu
				Kalvert</persname>
			<persname role="subject" source="naf" authfilenumber="http://id.loc.gov/authorities/names/n93054845">Pickett,
				Lenny</persname>
			<persname role="subject" source="naf" authfilenumber="http://id.loc.gov/authorities/names/n88635233">Polansky, Larry,
				1954-</persname>
			<persname role="subject" source="naf" authfilenumber="http://id.loc.gov/authorities/names/n81022275">Reich, Steve,
				1936-</persname>
			<persname role="subject" source="naf" authfilenumber="http://id.loc.gov/authorities/names/n97842555">Rodiger,
				Ann</persname>
			<persname role="subject" source="naf" authfilenumber="http://id.loc.gov/authorities/names/nr91004508">Schall,
				Gary</persname>
			<persname role="subject" source="naf" authfilenumber="http://id.loc.gov/authorities/names/n84148369">Tenney,
				James</persname>
			<persname role="subject" source="naf" authfilenumber="http://id.loc.gov/authorities/names/n97849931">Twining,
				Toby</persname>
			<persname role="subject" source="naf" authfilenumber="http://id.loc.gov/authorities/names/nr92017381">Vierk, Lois
				V.</persname>
			<subject source="lcsh">Choreographers -- United States</subject>
			<subject source="lcsh">Modern dance</subject>
			<subject source="aat" authfilenumber="http://id.loc.gov/authorities/names/300121445">Performance art</subject>
			<subject source="lcsh">Tap dancers</subject>
			<subject source="lcsh">Women choreographers -- United States -- 20th century</subject>
			<genreform source="aat" authfilenumber="http://id.loc.gov/authorities/names/300028633">Sound recordings</genreform>
			<genreform source="lcsh" authfilenumber="http://id.loc.gov/authorities/names/sh85132402">Tap dancing</genreform>
			<genreform>Video recordings</genreform>
			<occupation source="itoamc">Teachers.</occupation>
		</controlaccess>
		<dsc>
			<c01 level="file">
				<did>
					<unittitle>Media</unittitle>
					<unitdate type="inclusive" normal="1980/1996">1980-1996</unitdate>
					<unitid type="local_mss">3147921</unitid>
				</did>
				<scopecontent>
					<p>The Media section of the collection contains 65 video recordings and 33 audio recordings of live performances;
						accompanying music, sometimes including the sound of dancers' tapping feet; and interviews of Anita Feldman or
						other dancers and choreographers. Audio and video recordings are unavailable pending digitization.</p>
				</scopecontent>
			</c01>
			<c01 level="file">
				<did>
					<unittitle>Papers</unittitle>
					<unitdate type="inclusive" normal="1961/2017">1961-2017</unitdate>
					<unitid type="local_mss">3147277</unitid>
				</did>
				<c02 level="file">
					<did>
						<unittitle>Performances and Residencies</unittitle>
						<unitdate type="inclusive" normal="1977/1999">1977-1999</unitdate>
						<unitid type="local_mss">3147890</unitid>
					</did>
					<c03 level="file">
						<did>
							<unitdate type="inclusive" normal="1977/1984">1977-1984</unitdate>
							<unitid type="local_mss">3147291</unitid>
							<container type="box">1</container>
							<container type="folder">1</container>
							<container type="oversize_folder">1</container>
						</did>
					</c03>
					<c03 level="file">
						<did>
							<unittitle>Performing in Others' Works</unittitle>
							<unitdate type="inclusive" normal="1980/1989">1980s</unitdate>
							<unitid type="local_mss">3146642</unitid>
							<container type="box">1</container>
							<container type="folder">2</container>
						</did>
					</c03>
					<c03 level="file">
						<did>
							<unittitle>Recording Notes</unittitle>
							<unitdate type="inclusive" normal="1980/2017">1980s-2017</unitdate>
							<unitid type="local_mss">3146643</unitid>
							<container type="box">1</container>
							<container type="folder">3</container>
						</did>
						<scopecontent>
							<p>Notes relating to audio and video recordings of performances.</p>
						</scopecontent>
					</c03>
					<c03 level="file">
						<did>
							<unittitle>Brenda Bufalino</unittitle>
							<unitdate type="inclusive" normal="1980/1985">early 1980s</unitdate>
							<unitid type="local_mss">3146644</unitid>
							<container type="box">1</container>
							<container type="folder">4</container>
						</did>
					</c03>
					<c03 level="file">
						<did>
							<unittitle>Roulette</unittitle>
							<unitdate type="inclusive" normal="1982-05-24">1982 May 24</unitdate>
							<unitid type="local_mss">3146645</unitid>
							<container type="box">1</container>
							<container type="folder">5</container>
						</did>
						<scopecontent>
							<p>With Larry Polansky.</p>
						</scopecontent>
					</c03>
					<c03 level="file">
						<did>
							<unittitle>California Tour</unittitle>
							<unitdate type="inclusive" normal="1982/1983">1982-1983</unitdate>
							<unitid type="local_mss">3146646</unitid>
							<container type="box">1</container>
							<container type="folder">6</container>
						</did>
						<scopecontent>
							<p>With Ann Rodiger and Larry Polansky.</p>
						</scopecontent>
					</c03>
					<c03 level="file">
						<did>
							<unittitle>Ann Rodiger</unittitle>
							<unitdate type="inclusive" normal="1982-10">1982 October</unitdate>
							<unitid type="local_mss">3146647</unitid>
							<container type="box">1</container>
							<container type="folder">7</container>
						</did>
					</c03>
					<c03 level="file">
						<did>
							<unittitle>Cal Arts Contemporary Arts Festival</unittitle>
							<unitdate type="inclusive" normal="1983-03">1983 March</unitdate>
							<unitid type="local_mss">3147918</unitid>
							<container type="box">1</container>
							<container type="folder">8</container>
						</did>
					</c03>
					<c03 level="file">
						<did>
							<unittitle>
								<title>Mapped Tap</title>
							</unittitle>
							<unitdate type="inclusive" normal="1983-05">1983 May</unitdate>
							<unitid type="local_mss">3146649</unitid>
							<container type="box">1</container>
							<container type="folder">9</container>
						</did>
					</c03>
					<c03 level="file">
						<did>
							<unittitle>American Dance Guild</unittitle>
							<unitdate type="inclusive" normal="1984/1987">1984-1987</unitdate>
							<unitid type="local_mss">3146650</unitid>
							<container type="box">1</container>
							<container type="folder">10</container>
						</did>
					</c03>
					<c03 level="file">
						<did>
							<unittitle>Berkeley Contemporary Chamber Players</unittitle>
							<unitdate type="inclusive" normal="1984-03">1984 March</unitdate>
							<unitid type="local_mss">3146651</unitid>
							<container type="box">1</container>
							<container type="folder">11</container>
						</did>
					</c03>
					<c03 level="file">
						<did>
							<unittitle>Vital Arts Center</unittitle>
							<unitdate type="inclusive" normal="1984-04">1984 April</unitdate>
							<unitid type="local_mss">3146652</unitid>
							<container type="box">1</container>
							<container type="folder">12</container>
						</did>
					</c03>
					<c03 level="file">
						<did>
							<unittitle>Chelsea Fest</unittitle>
							<unitdate type="inclusive" normal="1984-09">1984 September</unitdate>
							<unitid type="local_mss">3146654</unitid>
							<container type="box">1</container>
							<container type="folder">13</container>
						</did>
					</c03>
					<c03 level="file">
						<did>
							<unittitle>Downtown Dance Festival</unittitle>
							<unitdate type="inclusive" normal="1984-09">1984 September</unitdate>
							<unitid type="local_mss">3147292</unitid>
							<container type="box">1</container>
							<container type="folder">13</container>
							<container type="oversize_folder">1</container>
						</did>
						<scopecontent>
							<p>At World Trade Center.</p>
						</scopecontent>
					</c03>
					<c03 level="file">
						<did>
							<unittitle>Residency at University of Montana</unittitle>
							<unitdate type="inclusive" normal="1985-06/1985-07">1985 June - July</unitdate>
							<unitid type="local_mss">3147919</unitid>
							<container type="box">1</container>
							<container type="folder">15</container>
						</did>
					</c03>
					<c03 level="file">
						<did>
							<unittitle>Lincoln Center Out-Of-Doors</unittitle>
							<unitdate type="inclusive" normal="1985-08">1985 August</unitdate>
							<unitid type="local_mss">3146657</unitid>
							<container type="box">1</container>
							<container type="folder">16</container>
						</did>
					</c03>
					<c03 level="file">
						<did>
							<unitdate type="inclusive" normal="1986">1986</unitdate>
							<unitid type="local_mss">3146658</unitid>
							<container type="box">1</container>
							<container type="folder">17</container>
						</did>
					</c03>
					<c03 level="file">
						<did>
							<unittitle>Japan Tour</unittitle>
							<unitid type="local_mss">3146675</unitid>
						</did>
						<c04 level="file">
							<did>
								<unitdate type="inclusive" normal="1986">1986</unitdate>
								<unitid type="local_mss">3146674</unitid>
								<container type="box">1</container>
								<container type="folder">18</container>
							</did>
						</c04>
						<c04 level="file">
							<did>
								<unittitle>Choreographer Kazuo Kamizawa</unittitle>
								<unitdate type="inclusive" normal="1986/1999">1986-1999</unitdate>
								<unitid type="local_mss">3147920</unitid>
								<container type="box">1</container>
								<container type="folder">19</container>
							</did>
						</c04>
						<c04 level="file">
							<did>
								<unittitle>Correspondence</unittitle>
								<unitdate type="inclusive" normal="1986/1987">1986-1987</unitdate>
								<unitid type="local_mss">3146676</unitid>
								<container type="box">1</container>
								<container type="folder">20</container>
							</did>
						</c04>
					</c03>
					<c03 level="file">
						<did>
							<unittitle>Oberlin College</unittitle>
							<unitdate type="inclusive" normal="1986">1986</unitdate>
							<unitid type="local_mss">3146677</unitid>
							<container type="box">2</container>
							<container type="folder">1</container>
						</did>
					</c03>
					<c03 level="file">
						<did>
							<unittitle>Real Art Ways</unittitle>
							<unitdate type="inclusive" normal="1986">1986</unitdate>
							<unitid type="local_mss">3148281</unitid>
							<container type="box">2</container>
							<container type="folder">2</container>
						</did>
						<scopecontent>
							<p>Residency with Lenny Pickett; includes performance of <title>Milwaukee Blues</title>.</p>
						</scopecontent>
					</c03>
					<c03 level="file">
						<did>
							<unittitle>Bard Theater of Drama and Dance</unittitle>
							<unitdate type="inclusive" normal="1986-11">1986 November</unitdate>
							<unitid type="local_mss">3146679</unitid>
							<container type="box">2</container>
							<container type="folder">3</container>
						</did>
					</c03>
					<c03 level="file">
						<did>
							<unittitle>American Dance Festival</unittitle>
							<unitdate type="inclusive" normal="1987">1987</unitdate>
							<unitid type="local_mss">3146680</unitid>
							<container type="box">2</container>
							<container type="folder">4</container>
						</did>
					</c03>
					<c03 level="file">
						<did>
							<unittitle>Emanuel Midtown YMHA</unittitle>
							<unitdate type="inclusive" normal="1987-03">1987 March</unitdate>
							<unitid type="local_mss">3146685</unitid>
							<container type="box">2</container>
							<container type="folder">5</container>
						</did>
					</c03>
					<c03 level="file">
						<did>
							<unittitle>New Music America</unittitle>
							<unitdate type="inclusive" normal="1987-10">1987 October</unitdate>
							<unitid type="local_mss">3146686</unitid>
							<container type="box">2</container>
							<container type="folder">6</container>
						</did>
					</c03>
					<c03 level="file">
						<did>
							<unittitle>American Dance Festival</unittitle>
							<unitdate type="inclusive" normal="1988">1988</unitdate>
							<unitid type="local_mss">3146687</unitid>
							<container type="box">2</container>
							<container type="folder">7</container>
						</did>
					</c03>
					<c03 level="file">
						<did>
							<unittitle>Long Island Residency</unittitle>
							<unitdate type="inclusive" normal="1988">1988</unitdate>
							<unitid type="local_mss">3146688</unitid>
							<container type="box">2</container>
							<container type="folder">8</container>
						</did>
					</c03>
					<c03 level="file">
						<did>
							<unittitle>Alverno College</unittitle>
							<unitdate type="inclusive" normal="1988-01">1988 January</unitdate>
							<unitid type="local_mss">3146689</unitid>
							<container type="box">2</container>
							<container type="folder">9</container>
						</did>
					</c03>
					<c03 level="file">
						<did>
							<unittitle>The Kitchen</unittitle>
							<unitdate type="inclusive" normal="1988-02">1988 February</unitdate>
							<unitid type="local_mss">3146691</unitid>
							<container type="box">2</container>
							<container type="folder">10</container>
						</did>
					</c03>
					<c03 level="file">
						<did>
							<unittitle>Central Park Summer Stage</unittitle>
							<unitdate type="inclusive" normal="1988-07">1988 July</unitdate>
							<unitid type="local_mss">3146692</unitid>
							<container type="box">2</container>
							<container type="folder">11</container>
						</did>
					</c03>
					<c03 level="file">
						<did>
							<unittitle>Whitney Museum, Philip Morris</unittitle>
							<unitdate type="inclusive" normal="1988-09">1988 September</unitdate>
							<unitid type="local_mss">3146726</unitid>
							<container type="box">3</container>
							<container type="folder">1</container>
						</did>
					</c03>
					<c03 level="file">
						<did>
							<unittitle>Affiliated Artists, University Club</unittitle>
							<unitdate type="inclusive" normal="1988-10">1988 October</unitdate>
							<unitid type="local_mss">3146727</unitid>
							<container type="box">3</container>
							<container type="folder">2</container>
						</did>
					</c03>
					<c03 level="file">
						<did>
							<unittitle>Northwestern University</unittitle>
							<unitdate type="inclusive" normal="1988-10">1988 October</unitdate>
							<unitid type="local_mss">3146728</unitid>
							<container type="box">3</container>
							<container type="folder">3</container>
						</did>
					</c03>
					<c03 level="file">
						<did>
							<unittitle>Port Washington Public Library</unittitle>
							<unitdate type="inclusive" normal="1989-02">1989 February</unitdate>
							<unitid type="local_mss">3146729</unitid>
							<container type="box">3</container>
							<container type="folder">4</container>
						</did>
					</c03>
					<c03 level="file">
						<did>
							<unittitle>Bloomington, Indiana Residency</unittitle>
							<unitdate type="inclusive" normal="1989-05">1989 May</unitdate>
							<unitid type="local_mss">3146730</unitid>
							<container type="box">3</container>
							<container type="folder">5</container>
						</did>
					</c03>
					<c03 level="file">
						<did>
							<unittitle>Colorado Dance Festival</unittitle>
							<unitdate type="inclusive" normal="1989-07">1989 July</unitdate>
							<unitid type="local_mss">3147294</unitid>
							<container type="box">3</container>
							<container type="folder">6</container>
							<container type="oversize_folder">1</container>
						</did>
					</c03>
					<c03 level="file">
						<did>
							<unittitle>Lincoln Center Out-Of-Doors</unittitle>
							<unitdate type="inclusive" normal="1989-08">1989 August</unitdate>
							<unitid type="local_mss">3146732</unitid>
							<container type="box">3</container>
							<container type="folder">7</container>
						</did>
					</c03>
					<c03 level="file">
						<did>
							<unittitle>Making Waves Festival, Staten Island</unittitle>
							<unitdate type="inclusive" normal="1989-09">1989 September</unitdate>
							<unitid type="local_mss">3146733</unitid>
							<container type="box">3</container>
							<container type="folder">8</container>
						</did>
					</c03>
					<c03 level="file">
						<did>
							<unittitle>Dance Theater Workshop</unittitle>
							<unitdate type="inclusive" normal="1989-11">1989 November</unitdate>
							<unitid type="local_mss">3146734</unitid>
							<container type="box">3</container>
							<container type="folder">9</container>
						</did>
					</c03>
					<c03 level="file">
						<did>
							<unittitle>Gloversville, New York Residency</unittitle>
							<unitdate type="inclusive" normal="1989-11">1989 November</unitdate>
							<unitid type="local_mss">3146735</unitid>
							<container type="box">3</container>
							<container type="folder">10</container>
						</did>
					</c03>
					<c03 level="file">
						<did>
							<unittitle>Colorado Dance Festival</unittitle>
							<unitdate type="inclusive" normal="1990">1990</unitdate>
							<unitid type="local_mss">3146736</unitid>
							<container type="box">3</container>
							<container type="folder">11</container>
						</did>
					</c03>
					<c03 level="file">
						<did>
							<unittitle>Washington Performing Arts Society and Dance Place</unittitle>
							<unitdate type="inclusive" normal="1990/1991">1990-1991</unitdate>
							<unitid type="local_mss">3146737</unitid>
							<container type="box">3</container>
							<container type="folder">12</container>
						</did>
					</c03>
					<c03 level="file">
						<did>
							<unittitle>Hope College</unittitle>
							<unitdate type="inclusive" normal="1990-04">1990 April</unitdate>
							<unitid type="local_mss">3146738</unitid>
							<container type="box">3</container>
							<container type="folder">13</container>
						</did>
					</c03>
					<c03 level="file">
						<did>
							<unittitle>National Tap Dance Day</unittitle>
							<unitdate type="inclusive" normal="1990-05">1990 May</unitdate>
							<unitid type="local_mss">3146739</unitid>
							<container type="box">3</container>
							<container type="folder">14</container>
						</did>
					</c03>
					<c03 level="file">
						<did>
							<unittitle>Boston Dance Umbrella</unittitle>
							<unitdate type="inclusive" normal="1990-06">1990 June</unitdate>
							<unitid type="local_mss">3146740</unitid>
							<container type="box">3</container>
							<container type="folder">15</container>
						</did>
					</c03>
					<c03 level="file">
						<did>
							<unittitle>Evansville, Indiana Residency</unittitle>
							<unitdate type="inclusive" normal="1990-11">1990 November</unitdate>
							<unitid type="local_mss">3146741</unitid>
							<container type="box">3</container>
							<container type="folder">16</container>
						</did>
					</c03>
					<c03 level="file">
						<did>
							<unittitle>Village Gate</unittitle>
							<unitdate type="inclusive" normal="1990-12">1990 December</unitdate>
							<unitid type="local_mss">3146742</unitid>
							<container type="box">3</container>
							<container type="folder">17</container>
						</did>
					</c03>
					<c03 level="file">
						<did>
							<unittitle>Culver Academies Residencies</unittitle>
							<unitdate type="inclusive" normal="1991-01">1991 January</unitdate>
							<unitid type="local_mss">3146743</unitid>
							<container type="box">3</container>
							<container type="folder">18</container>
						</did>
					</c03>
					<c03 level="file">
						<did>
							<unittitle>Morningside Dance Festival</unittitle>
							<unitdate type="inclusive" normal="1991-03">1991 March</unitdate>
							<unitid type="local_mss">3146744</unitid>
							<container type="box">3</container>
							<container type="folder">19</container>
						</did>
					</c03>
					<c03 level="file">
						<did>
							<unittitle>Helena Presents</unittitle>
							<unitdate type="inclusive" normal="1991-06">1991 June</unitdate>
							<unitid type="local_mss">3148282</unitid>
							<container type="box">3</container>
							<container type="folder">20</container>
						</did>
						<scopecontent>
							<p>Montana.</p>
						</scopecontent>
					</c03>
					<c03 level="file">
						<did>
							<unittitle>Colorado Dance Festival</unittitle>
							<unitdate type="inclusive" normal="1992">1992</unitdate>
							<unitid type="local_mss">3146746</unitid>
							<container type="box">3</container>
							<container type="folder">21</container>
						</did>
					</c03>
					<c03 level="file">
						<did>
							<unittitle>Great Tap Gathering, Houston</unittitle>
							<unitdate type="inclusive" normal="1992-02">1992 February</unitdate>
							<unitid type="local_mss">3146747</unitid>
							<container type="box">3</container>
							<container type="folder">22</container>
						</did>
					</c03>
					<c03 level="file">
						<did>
							<unittitle>Bay City, Michigan</unittitle>
							<unitdate type="inclusive" normal="1992-03">1992 March</unitdate>
							<unitid type="local_mss">3146748</unitid>
							<container type="box">3</container>
							<container type="folder">23</container>
						</did>
					</c03>
					<c03 level="file">
						<did>
							<unittitle>Dance Theater Workshop</unittitle>
							<unitdate type="inclusive" normal="1992-06">1992 June</unitdate>
							<unitid type="local_mss">3146749</unitid>
							<container type="box">4</container>
						</did>
					</c03>
					<c03 level="file">
						<did>
							<unittitle>Alverno College</unittitle>
							<unitdate type="inclusive" normal="1992-10">1992 October</unitdate>
							<unitid type="local_mss">3146750</unitid>
							<container type="box">4</container>
							<container type="folder">2</container>
						</did>
					</c03>
					<c03 level="file">
						<did>
							<unittitle>Port Washington Public Library</unittitle>
							<unitdate type="inclusive" normal="1992-11">1992 November</unitdate>
							<unitid type="local_mss">3146751</unitid>
							<container type="box">4</container>
							<container type="folder">3</container>
						</did>
					</c03>
					<c03 level="file">
						<did>
							<unittitle>Florida Dance Festival</unittitle>
							<unitdate type="inclusive" normal="1993">1993</unitdate>
							<unitid type="local_mss">3146752</unitid>
							<container type="box">4</container>
							<container type="folder">4</container>
						</did>
					</c03>
					<c03 level="file">
						<did>
							<unittitle>Benefit Performance at Dia in Honor of Robert Ellis Dunn</unittitle>
							<unitdate type="inclusive" normal="1993-03">1993 March</unitdate>
							<unitid type="local_mss">3146753</unitid>
							<container type="box">4</container>
							<container type="folder">5</container>
						</did>
					</c03>
					<c03 level="file">
						<did>
							<unittitle>Merkin Concert Hall</unittitle>
							<unitdate type="inclusive" normal="1993-03">1993 March</unitdate>
							<unitid type="local_mss">3146754</unitid>
							<container type="box">4</container>
							<container type="folder">6</container>
						</did>
					</c03>
					<c03 level="file">
						<did>
							<unittitle>Dimson Theatre</unittitle>
							<unitdate type="inclusive" normal="1993-04/1993-05">1993 April-May</unitdate>
							<unitid type="local_mss">3146755</unitid>
							<container type="box">4</container>
							<container type="folder">7</container>
						</did>
					</c03>
					<c03 level="file">
						<did>
							<unittitle>Podewil</unittitle>
							<unitdate type="inclusive" normal="1993-06">1993 June</unitdate>
							<unitid type="local_mss">3148283</unitid>
							<container type="box">4</container>
							<container type="folder">8</container>
						</did>
						<scopecontent>
							<p>Berlin, Germany.</p>
						</scopecontent>
					</c03>
					<c03 level="file">
						<did>
							<unittitle>Merkin Concert Hall</unittitle>
							<unitdate type="inclusive" normal="1994-03">1994 March</unitdate>
							<unitid type="local_mss">3146757</unitid>
							<container type="box">4</container>
							<container type="folder">9</container>
						</did>
					</c03>
					<c03 level="file">
						<did>
							<unittitle>Tap Extravaganza</unittitle>
							<unitdate type="inclusive" normal="1994-05">1994 May</unitdate>
							<unitid type="local_mss">3146758</unitid>
							<container type="box">4</container>
							<container type="folder">10</container>
						</did>
					</c03>
					<c03 level="file">
						<did>
							<unittitle>Woodpeckers</unittitle>
							<unitdate type="inclusive" normal="1994-09/1994-10">1994 September-October</unitdate>
							<unitid type="local_mss">3146759</unitid>
							<container type="box">4</container>
							<container type="folder">11</container>
						</did>
					</c03>
					<c03 level="file">
						<did>
							<unittitle>Skidmore and Union Colleges</unittitle>
							<unitdate type="inclusive" normal="1995-03">1995 March</unitdate>
							<unitid type="local_mss">3146760</unitid>
							<container type="box">4</container>
							<container type="folder">12</container>
						</did>
					</c03>
					<c03 level="file">
						<did>
							<unittitle>Sylvia and Danny Kaye Playhouse</unittitle>
							<unitdate type="inclusive" normal="1995-06">1995 June</unitdate>
							<unitid type="local_mss">3146761</unitid>
							<container type="box">4</container>
							<container type="folder">13</container>
						</did>
					</c03>
					<c03 level="file">
						<did>
							<unittitle>Port Washington</unittitle>
							<unitdate type="inclusive" normal="1995-11">1995 November</unitdate>
							<unitid type="local_mss">3146762</unitid>
							<container type="box">4</container>
							<container type="folder">14</container>
						</did>
					</c03>
					<c03 level="file">
						<did>
							<unittitle>Manchester Dance</unittitle>
							<unitdate type="inclusive" normal="1996-02-17">1996 February 17</unitdate>
							<unitid type="local_mss">3146763</unitid>
							<container type="box">4</container>
							<container type="folder">15</container>
						</did>
					</c03>
					<c03 level="file">
						<did>
							<unittitle>Dance on the Edge, Towson State University</unittitle>
							<unitdate type="inclusive" normal="1996-03-30">1996 March 30</unitdate>
							<unitid type="local_mss">3146764</unitid>
							<container type="box">4</container>
							<container type="folder">16</container>
						</did>
					</c03>
					<c03 level="file">
						<did>
							<unittitle>Columbia Festival of the Arts</unittitle>
							<unitdate type="inclusive" normal="1996-06">1996 June</unitdate>
							<unitid type="local_mss">3146765</unitid>
							<container type="box">4</container>
							<container type="folder">17</container>
						</did>
					</c03>
					<c03 level="file">
						<did>
							<unittitle>Dance Theater Workshop</unittitle>
							<unitdate type="inclusive" normal="1996-06">1996 June</unitdate>
							<unitid type="local_mss">3146766</unitid>
							<container type="box">4</container>
							<container type="folder">18</container>
						</did>
					</c03>
					<c03 level="file">
						<did>
							<unittitle>Bryant Library, Roslyn, New York</unittitle>
							<unitdate type="inclusive" normal="1996-12-12">1996 December 12</unitdate>
							<unitid type="local_mss">3146767</unitid>
							<container type="box">4</container>
							<container type="folder">19</container>
						</did>
					</c03>
					<c03 level="file">
						<did>
							<unittitle>Knitting Factory</unittitle>
							<unitdate type="inclusive" normal="1996-12-17">1996 December 17</unitdate>
							<unitid type="local_mss">3146768</unitid>
							<container type="box">4</container>
							<container type="folder">20</container>
						</did>
					</c03>
					<c03 level="file">
						<did>
							<unittitle>Port Washington</unittitle>
							<unitdate type="inclusive" normal="1997">1997</unitdate>
							<unitid type="local_mss">3146769</unitid>
							<container type="box">4</container>
							<container type="folder">21</container>
						</did>
					</c03>
					<c03 level="file">
						<did>
							<unittitle><title>Three Takes On Tap</title>, Huntington Summer Arts Festival</unittitle>
							<unitdate type="inclusive" normal="1997-06-29">1997 June 29</unitdate>
							<unitid type="local_mss">3146770</unitid>
							<container type="box">4</container>
							<container type="folder">22</container>
						</did>
					</c03>
					<c03 level="file">
						<did>
							<unittitle>Lincoln Center Out-Of-Doors</unittitle>
							<unitdate type="inclusive" normal="1997-08">1997 August</unitdate>
							<unitid type="local_mss">3146771</unitid>
							<container type="box">5</container>
							<container type="folder">1</container>
						</did>
					</c03>
					<c03 level="file">
						<did>
							<unittitle>Alverno College</unittitle>
							<unitdate type="inclusive" normal="1992-10">1992 October</unitdate>
							<unitid type="local_mss">3146772</unitid>
							<container type="box">5</container>
							<container type="folder">2</container>
						</did>
						<scopecontent>
							<p>Milwaukee</p>
						</scopecontent>
					</c03>
					<c03 level="file">
						<did>
							<unittitle>Columbia College, South Carolina</unittitle>
							<unitdate type="inclusive" normal="1998-01-23">1998 January 23</unitdate>
							<unitid type="local_mss">3146773</unitid>
							<container type="box">5</container>
							<container type="folder">3</container>
						</did>
					</c03>
					<c03 level="file">
						<did>
							<unittitle>92nd Street Y</unittitle>
							<unitdate type="inclusive" normal="1998-02">1998 February</unitdate>
							<unitid type="local_mss">3146774</unitid>
							<container type="box">5</container>
							<container type="folder">4</container>
						</did>
					</c03>
					<c03 level="file">
						<did>
							<unittitle>Germany Tour</unittitle>
							<unitdate type="inclusive" normal="1998-04">1998 April</unitdate>
							<unitid type="local_mss">3146775</unitid>
							<container type="box">5</container>
							<container type="folder">5</container>
						</did>
					</c03>
					<c03 level="file">
						<did>
							<unittitle>Dance Place, Washington, D.C</unittitle>
							<unitdate type="inclusive" normal="1998-05">1998 May</unitdate>
							<unitid type="local_mss">3146776</unitid>
							<container type="box">5</container>
							<container type="folder">6</container>
						</did>
					</c03>
					<c03 level="file">
						<did>
							<unittitle><title>Symphony for Feet</title>, The Kitchen</unittitle>
							<unitdate type="inclusive" normal="1998-06">1998 June</unitdate>
							<unitid type="local_mss">3146777</unitid>
							<container type="box">5</container>
							<container type="folder">7</container>
						</did>
					</c03>
					<c03 level="file">
						<did>
							<unittitle>Experimental Intermedia</unittitle>
							<unitdate type="inclusive" normal="1999-03-29">1999 March 29</unitdate>
							<unitid type="local_mss">3146778</unitid>
							<container type="box">5</container>
							<container type="folder">8</container>
						</did>
					</c03>
					<c03 level="file">
						<did>
							<unittitle>Hartwick College</unittitle>
							<unitdate type="inclusive" normal="1999-03">1999 March</unitdate>
							<unitid type="local_mss">3146779</unitid>
							<container type="box">5</container>
							<container type="folder">9</container>
						</did>
					</c03>
					<c03 level="file">
						<did>
							<unittitle><title>Tap In</title>, Town Hall</unittitle>
							<unitdate type="inclusive" normal="1999-03-19">1999 March 19</unitdate>
							<unitid type="local_mss">3146780</unitid>
							<container type="box">5</container>
							<container type="folder">10</container>
						</did>
					</c03>
				</c02>
				<c02 level="file">
					<did>
						<unittitle>Choreography</unittitle>
						<unitdate type="inclusive" normal="1974/1999">1974-1999</unitdate>
						<unitid type="local_mss">3147891</unitid>
					</did>
					<c03 level="file">
						<did>
							<unittitle>Tenney, James, <title>Three Quartets for Eight Feet</title></unittitle>
							<unitdate type="inclusive" normal="1974/1985">1974-1985</unitdate>
							<unitid type="local_mss">3146781</unitid>
							<container type="box">5</container>
							<container type="folder">11</container>
						</did>
					</c03>
					<c03 level="file">
						<did>
							<unittitle>Sound Specifications</unittitle>
							<unitdate type="inclusive" normal="1980/1997">1980s-1997</unitdate>
							<unitid type="local_mss">3146782</unitid>
							<container type="box">5</container>
							<container type="folder">12</container>
						</did>
					</c03>
					<c03 level="file">
						<did>
							<unittitle>Polansky, Larry</unittitle>
							<unitid type="local_mss">3146783</unitid>
						</did>
						<c04 level="file">
							<did>
								<unittitle>
									<title>Three Monk Tunes</title>
								</unittitle>
								<unitdate type="inclusive" normal="1982/1983">1982-1983</unitdate>
								<unitid type="local_mss">3146784</unitid>
								<container type="box">5</container>
								<container type="folder">13</container>
							</did>
						</c04>
						<c04 level="file">
							<did>
								<unittitle>
									<title>Milwaukee Blues</title>
								</unittitle>
								<unitid type="local_mss">3146785</unitid>
							</did>
							<c05 level="file">
								<did>
									<unittitle>
										<title>Milwaukee Blues</title>
									</unittitle>
									<unitdate type="inclusive" normal="1984">1984</unitdate>
									<unitid type="local_mss">3146787</unitid>
									<container type="box">5</container>
									<container type="folder">14</container>
								</did>
							</c05>
							<c05 level="file">
								<did>
									<unittitle>
										<title>Study for Milwaukee Blues</title>
									</unittitle>
									<unitdate type="inclusive" normal="1986">1986</unitdate>
									<unitid type="local_mss">3146788</unitid>
									<container type="box">5</container>
									<container type="folder">15</container>
								</did>
							</c05>
							<c05 level="file">
								<did>
									<unittitle>Score</unittitle>
									<unitdate type="inclusive" normal="1984">1984</unitdate>
									<unitid type="local_mss">3146794</unitid>
									<container type="oversize_folder">1</container>
								</did>
							</c05>
						</c04>
						<c04 level="file">
							<did>
								<unittitle>Unrealized Proposal</unittitle>
								<unitdate type="inclusive" normal="1987" certainty="approximate">circa 1987</unitdate>
								<unitid type="local_mss">3148284</unitid>
								<container type="box">5</container>
								<container type="folder">16</container>
							</did>
						</c04>
					</c03>
					<c03 level="file">
						<did>
							<unittitle>Reich, Steve</unittitle>
							<unitdate type="inclusive" normal="1985/1987">1985-1987</unitdate>
							<unitid type="local_mss">3147007</unitid>
							<container type="box">5</container>
							<container type="folder">17</container>
						</did>
						<scopecontent>
							<p>Includes published <title>Clapping Music</title> score; photographs of Feldman and Gary Schall performing
									<title>Tapping Music</title> and three postcards from Reich to Feldman.</p>
						</scopecontent>
					</c03>
					<c03 level="file">
						<did>
							<unittitle>Nelson, Jalalu Kalvert, <title>Shimmer</title></unittitle>
							<unitdate type="inclusive" normal="1987">1987</unitdate>
							<unitid type="local_mss">3146804</unitid>
							<container type="box">6</container>
							<container type="folder">1</container>
						</did>
					</c03>
					<c03 level="file">
						<did>
							<unittitle>Schall, Gary, <title>The Next Step</title></unittitle>
							<unitdate type="inclusive" normal="1987">1987</unitdate>
							<unitid type="local_mss">3146805</unitid>
							<container type="box">6</container>
							<container type="folder">2</container>
						</did>
					</c03>
					<c03 level="file">
						<did>
							<unittitle>Vierk, Lois V</unittitle>
							<unitid type="local_mss">3146806</unitid>
						</did>
						<c04 level="file">
							<did>
								<unittitle>
									<title>Pilot</title>
								</unittitle>
								<unitdate type="inclusive" normal="1987">1987</unitdate>
								<unitid type="local_mss">3146807</unitid>
								<container type="box">6</container>
								<container type="folder">3</container>
							</did>
						</c04>
						<c04 level="file">
							<did>
								<unittitle>
									<title>Hexa</title>
								</unittitle>
								<unitdate type="inclusive" normal="1988">1988</unitdate>
								<unitid type="local_mss">3146808</unitid>
								<container type="box">6</container>
								<container type="folder">4</container>
							</did>
						</c04>
						<c04 level="file">
							<did>
								<unittitle>
									<title>Shaded</title>
								</unittitle>
								<unitdate type="inclusive" normal="1989">1989</unitdate>
								<unitid type="local_mss">3146809</unitid>
								<container type="box">6</container>
								<container type="folder">5</container>
							</did>
						</c04>
						<c04 level="file">
							<did>
								<unittitle>
									<title>Twister</title>
								</unittitle>
								<unitdate type="inclusive" normal="1992/1994">1992-1994</unitdate>
								<unitid type="local_mss">3146810</unitid>
								<container type="box">6</container>
								<container type="folder">6</container>
							</did>
						</c04>
						<c04 level="file">
							<did>
								<unittitle>
									<title>Swash</title>
								</unittitle>
								<unitdate type="inclusive" normal="1994">1994</unitdate>
								<unitid type="local_mss">3146815</unitid>
								<container type="box">7</container>
								<container type="folder">1</container>
							</did>
						</c04>
						<c04 level="file">
							<did>
								<unittitle>
									<title>Shoo</title>
								</unittitle>
								<unitdate type="inclusive" normal="1997/1999">1997-1999</unitdate>
								<unitid type="local_mss">3146816</unitid>
								<container type="box">7</container>
								<container type="folder">2</container>
							</did>
						</c04>
					</c03>
					<c03 level="file">
						<did>
							<unittitle>Klucevsek, Guy, <title>City Scraped</title></unittitle>
							<unitdate type="inclusive" normal="1991">1991</unitdate>
							<unitid type="local_mss">3146820</unitid>
							<container type="box">7</container>
							<container type="folder">3</container>
							<container type="oversize_folder">1</container>
						</did>
					</c03>
					<c03 level="file">
						<did>
							<unittitle>Behrman, David, <title>Hooved Mammals</title></unittitle>
							<unitdate type="inclusive" normal="1993">1993</unitdate>
							<unitid type="local_mss">3146821</unitid>
							<container type="box">7</container>
							<container type="folder">4</container>
						</did>
					</c03>
					<c03 level="file">
						<did>
							<unittitle>Twining, Toby, <title>A Pitch Is a Groove</title></unittitle>
							<unitdate type="inclusive" normal="1996">1996</unitdate>
							<unitid type="local_mss">3146822</unitid>
							<container type="box">7</container>
							<container type="folder">5</container>
						</did>
					</c03>
				</c02>
				<c02 level="file">
					<did>
						<unittitle>Student Years and Early Work</unittitle>
						<unitdate type="inclusive" normal="1961/1993">1961-1993</unitdate>
						<unitid type="local_mss">3147892</unitid>
					</did>
					<c03 level="file">
						<did>
							<unitdate type="inclusive" normal="1961/1979">1961-1970s</unitdate>
							<unitid type="local_mss">3146823</unitid>
							<container type="box">7</container>
							<container type="folder">6-7</container>
						</did>
					</c03>
					<c03 level="file">
						<did>
							<unittitle>University of Illinois</unittitle>
							<unitdate type="inclusive">late 1960s-early 1970s</unitdate>
							<unitid type="local_mss">3146827</unitid>
							<container type="box">8</container>
							<container type="folder">1-3</container>
						</did>
					</c03>
					<c03 level="file">
						<did>
							<unittitle>Dunn, Robert Ellis</unittitle>
							<unitdate type="inclusive" normal="1979/1993">1979-1993</unitdate>
							<unitid type="local_mss">3146828</unitid>
							<container type="box">8</container>
							<container type="folder">4</container>
						</did>
					</c03>
				</c02>
				<c02 level="file">
					<did>
						<unittitle>Tap Dance Instrument</unittitle>
						<unitdate type="inclusive" normal="1986/1994">1986-1994</unitdate>
						<unitid type="local_mss">3147893</unitid>
					</did>
					<c03 level="file">
						<did>
							<unittitle>Construction</unittitle>
							<unitdate type="inclusive" normal="1986/1988">1986-1988</unitdate>
							<unitid type="local_mss">3146829</unitid>
							<container type="box">8</container>
							<container type="folder">5</container>
						</did>
					</c03>
					<c03 level="file">
						<did>
							<unittitle>Patent</unittitle>
							<unitdate type="inclusive" normal="1988/1994">1988-1994</unitdate>
							<unitid type="local_mss">3146830</unitid>
							<container type="box">8</container>
							<container type="folder">6</container>
						</did>
					</c03>
				</c02>
				<c02 level="file">
					<did>
						<unittitle>Teaching</unittitle>
						<unitdate type="inclusive" normal="1970/2017">1970s-2017</unitdate>
						<unitid type="local_mss">3147894</unitid>
					</did>
					<c03 level="file">
						<did>
							<unitdate type="inclusive" normal="1980/1989">1980s</unitdate>
							<unitid type="local_mss">3146831</unitid>
							<container type="box">9</container>
							<container type="folder">1</container>
						</did>
					</c03>
					<c03 level="file">
						<did>
							<unittitle>Choreography</unittitle>
							<unitdate type="inclusive" normal="1990/1995">1990-1995</unitdate>
							<unitid type="local_mss">3146832</unitid>
							<container type="box">9</container>
							<container type="folder">2</container>
						</did>
					</c03>
					<c03 level="file">
						<did>
							<unittitle>Conferences</unittitle>
							<unitdate type="inclusive" normal="2007/2008">2007-2008</unitdate>
							<unitid type="local_mss">3146833</unitid>
							<container type="box">9</container>
							<container type="folder">3</container>
						</did>
					</c03>
					<c03 level="file">
						<did>
							<unittitle>Friends Academy</unittitle>
							<unitdate type="inclusive" normal="2001/2004">2001-2004</unitdate>
							<unitid type="local_mss">3146834</unitid>
							<container type="box">9</container>
							<container type="folder">4</container>
						</did>
					</c03>
					<c03 level="file">
						<did>
							<unittitle>Hofstra University</unittitle>
							<unitdate type="inclusive" normal="2000/2018">2000-2018</unitdate>
							<unitid type="local_mss">3146835</unitid>
							<container type="box">9</container>
							<container type="folder">5-9</container>
						</did>
						<scopecontent>
							<p>Includes curriculum proposals, syllabi, and student dance concert programs.</p>
						</scopecontent>
					</c03>
					<c03 level="file">
						<did>
							<unittitle>Improvisation</unittitle>
							<unitdate type="inclusive" normal="1987">1987</unitdate>
							<unitid type="local_mss">3146836</unitid>
							<container type="box">9</container>
							<container type="folder">10</container>
						</did>
					</c03>
					<c03 level="file">
						<did>
							<unittitle>Job Applications</unittitle>
							<unitdate type="inclusive" normal="1970/1989">1970s-1980s</unitdate>
							<unitid type="local_mss">3146839</unitid>
							<container type="box">9</container>
							<container type="folder">11</container>
						</did>
					</c03>
					<c03 level="file">
						<did>
							<unittitle>Kennedy Center Partners in Education</unittitle>
							<unitdate type="inclusive" normal="2011">2011</unitdate>
							<unitid type="local_mss">3146838</unitid>
							<container type="box">9</container>
							<container type="folder">12</container>
						</did>
					</c03>
					<c03 level="file">
						<did>
							<unittitle>Lecture and Workshop Notes</unittitle>
							<unitdate type="inclusive" normal="1980/1999">1980s-1990s</unitdate>
							<unitid type="local_mss">3146845</unitid>
							<container type="box">9</container>
							<container type="folder">13</container>
						</did>
					</c03>
					<c03 level="file">
						<did>
							<unittitle>Letters of Recommendation</unittitle>
							<unitdate type="inclusive" normal="1980/1989">1980s</unitdate>
							<unitid type="local_mss">3146846</unitid>
							<container type="box">9</container>
							<container type="folder">14</container>
						</did>
					</c03>
					<c03 level="file">
						<did>
							<unittitle>National Dance Education Organization Conference</unittitle>
							<unitdate type="inclusive" normal="2005/2017">2005-2017</unitdate>
							<unitid type="local_mss">3146847</unitid>
							<container type="box">9</container>
							<container type="folder">15</container>
						</did>
					</c03>
					<c03 level="file">
						<did>
							<unittitle>Rhythmic Training</unittitle>
							<unitdate type="inclusive" normal="1970" certainty="approximate">circa 1970</unitdate>
							<unitdate type="inclusive" normal="1990/1999">1990s</unitdate>
							<unitid type="local_mss">3146848</unitid>
							<container type="box">9</container>
							<container type="folder">16</container>
						</did>
					</c03>
					<c03 level="file">
						<did>
							<unittitle>Dunn, Robert Ellis</unittitle>
							<unitdate type="inclusive" normal="1980/1997">1980-1997</unitdate>
							<unitid type="local_mss">3146849</unitid>
							<container type="box">9</container>
							<container type="folder">17</container>
						</did>
					</c03>
					<c03 level="file">
						<did>
							<unittitle>Teachers College / Columbia University</unittitle>
							<unitdate type="inclusive" normal="1996/1997">1996-1997</unitdate>
							<unitid type="local_mss">3146850</unitid>
							<container type="box">9</container>
							<container type="folder">18</container>
						</did>
					</c03>
					<c03 level="file">
						<did>
							<unittitle>Tucson</unittitle>
							<unitdate type="inclusive" normal="2013">2013</unitdate>
							<unitid type="local_mss">3146851</unitid>
							<container type="box">9</container>
							<container type="folder">19</container>
						</did>
					</c03>
					<c03 level="file">
						<did>
							<unittitle>University of Illinois, Urbana Champaign</unittitle>
							<unitdate type="inclusive" normal="1973">1973</unitdate>
							<unitid type="local_mss">3146852</unitid>
						</did>
					</c03>
				</c02>
				<c02 level="file">
					<did>
						<unittitle>Writing</unittitle>
						<unitdate type="inclusive" normal="1988/2007">1988-2007</unitdate>
						<unitid type="local_mss">3147895</unitid>
					</did>
					<c03 level="file">
						<did>
							<unittitle>Articles</unittitle>
							<unitid type="local_mss">3146853</unitid>
						</did>
						<c04 level="file">
							<did>
								<unitdate type="inclusive" normal="1990/1997">1990-1997</unitdate>
								<unitid type="local_mss">3146856</unitid>
								<container type="box">10</container>
								<container type="folder">1</container>
							</did>
						</c04>
						<c04 level="file">
							<did>
								<unittitle><title>Leonardo</title> article</unittitle>
								<unitdate type="inclusive" normal="1984/1990">1984-1990</unitdate>
								<unitid type="local_mss">3146857</unitid>
								<container type="box">10</container>
								<container type="folder">2</container>
							</did>
						</c04>
						<c04 level="file">
							<did>
								<unittitle>
									<title>On Tap</title>
								</unittitle>
								<unitdate type="inclusive" normal="2003/2007">2003-2007</unitdate>
								<unitid type="local_mss">3146858</unitid>
								<container type="box">10</container>
								<container type="folder">3</container>
							</did>
						</c04>
					</c03>
					<c03 level="file">
						<did>
							<unittitle>
								<title>Inside Tap: Technique and Improvisation for Today's Tap Dancer</title>
							</unittitle>
							<unitid type="local_mss">3147063</unitid>
						</did>
						<c04 level="file">
							<did>
								<unittitle>Manuscript</unittitle>
								<unitdate type="inclusive" normal="1995">1995</unitdate>
								<unitid type="local_mss">3146859</unitid>
								<container type="box">10</container>
								<container type="folder">4-5</container>
							</did>
						</c04>
						<c04 level="file">
							<did>
								<unittitle>Manuscript Notes</unittitle>
								<unitdate type="inclusive" normal="1995">1995</unitdate>
								<unitid type="local_mss">3146860</unitid>
								<container type="box">10</container>
								<container type="folder">6</container>
							</did>
						</c04>
						<c04 level="file">
							<did>
								<unittitle>Princeton Book Company, Publishers</unittitle>
								<unitdate type="inclusive" normal="1994/2002">1994-2002</unitdate>
								<unitid type="local_mss">3146861</unitid>
								<container type="box">10</container>
								<container type="folder">7</container>
							</did>
						</c04>
						<c04 level="file">
							<did>
								<unittitle>Reviews</unittitle>
								<unitdate type="inclusive" normal="1996">1996</unitdate>
								<unitid type="local_mss">3146862</unitid>
								<container type="box">10</container>
								<container type="folder">8</container>
							</did>
						</c04>
					</c03>
					<c03 level="file">
						<did>
							<unittitle>International Tap Association</unittitle>
							<unitid type="local_mss">3146855</unitid>
						</did>
						<c04 level="file">
							<did>
								<unittitle>Newsletters</unittitle>
								<unitdate type="inclusive" normal="1988/1993">1988-1993</unitdate>
								<unitid type="local_mss">3146863</unitid>
								<container type="box">10</container>
								<container type="folder">9</container>
							</did>
						</c04>
						<c04 level="file">
							<did>
								<unittitle>Closing the Gap Interview Project</unittitle>
								<unitdate type="inclusive" normal="2002/2003">2002-2003</unitdate>
								<unitid type="local_mss">3146864</unitid>
								<container type="box">10</container>
								<container type="folder">10</container>
							</did>
						</c04>
					</c03>
					<c03 level="file">
						<did>
							<unittitle>Dunn, Robert Ellis</unittitle>
							<unitdate type="inclusive" normal="1996/1997">1996-1997</unitdate>
							<unitid type="local_mss">3146868</unitid>
							<container type="box">11</container>
						</did>
					</c03>
				</c02>
				<c02 level="file">
					<did>
						<unittitle>Photographs</unittitle>
						<unitdate type="inclusive" normal="1970/1998">1970s-1998</unitdate>
						<unitid type="local_mss">3147896</unitid>
					</did>
					<c03 level="file">
						<did>
							<unittitle>By L. V. Feldman</unittitle>
							<unitdate type="inclusive" normal="1970/1979">1970s</unitdate>
							<unitid type="local_mss">3146871</unitid>
							<container type="box">11</container>
							<container type="folder">2</container>
						</did>
					</c03>
					<c03 level="file">
						<did>
							<unittitle>The Yard with Michael Cicchetti</unittitle>
							<unitdate type="inclusive" normal="1976">1976</unitdate>
							<unitid type="local_mss">3146873</unitid>
							<container type="box">11</container>
							<container type="folder">3</container>
						</did>
					</c03>
					<c03 level="file">
						<did>
							<unittitle>With Deborah Loewen</unittitle>
							<unitdate type="inclusive" normal="1975/1979">late 1970s</unitdate>
							<unitid type="local_mss">3146877</unitid>
							<container type="box">11</container>
							<container type="folder">4</container>
						</did>
					</c03>
					<c03 level="file">
						<did>
							<unittitle>Portraits and Performance Stills by Dan Breslin</unittitle>
							<unitdate type="inclusive" normal="1980/1989">1980s</unitdate>
							<unitid type="local_mss">3146878</unitid>
							<container type="box">11</container>
							<container type="folder">5</container>
						</did>
					</c03>
					<c03 level="file">
						<did>
							<unittitle>Portraits by L. V. Feldman</unittitle>
							<unitdate type="inclusive" normal="1980/1989">1980s</unitdate>
							<unitid type="local_mss">3146879</unitid>
							<container type="box">11</container>
							<container type="folder">6</container>
						</did>
					</c03>
					<c03 level="file">
						<did>
							<unittitle>Contact Sheets by L. V. Feldman</unittitle>
							<unitdate type="inclusive" normal="1980/1999">1980s-1990s</unitdate>
							<unitid type="local_mss">3146880</unitid>
							<container type="box">11</container>
							<container type="folder">7</container>
						</did>
					</c03>
					<c03 level="file">
						<did>
							<unittitle>By Jan Roberts-Breslin</unittitle>
							<unitdate type="inclusive" normal="1980" certainty="approximate">circa 1980</unitdate>
							<unitid type="local_mss">3146881</unitid>
							<container type="box">11</container>
							<container type="folder">8</container>
						</did>
					</c03>
					<c03 level="file">
						<did>
							<unittitle>
								<title>City Riffle</title>
							</unittitle>
							<unitdate type="inclusive" normal="1985">1985</unitdate>
							<unitid type="local_mss">3146883</unitid>
							<container type="box">11</container>
							<container type="folder">9</container>
						</did>
					</c03>
					<c03 level="file">
						<did>
							<unittitle>
								<title>Landings Takeoff</title>
							</unittitle>
							<unitdate type="inclusive" normal="1989/1990">1989-1990</unitdate>
							<unitid type="local_mss">3146884</unitid>
							<container type="box">11</container>
							<container type="folder">10</container>
						</did>
					</c03>
					<c03 level="file">
						<did>
							<unittitle>By L. V. Feldman</unittitle>
							<unitdate type="inclusive" normal="1990/1999">1990s</unitdate>
							<unitid type="local_mss">3146885</unitid>
							<container type="box">11</container>
							<container type="folder">11</container>
						</did>
					</c03>
					<c03 level="file">
						<did>
							<unittitle>Portraits</unittitle>
							<unitdate type="inclusive" normal="1990/1999">1990s</unitdate>
							<unitid type="local_mss">3146886</unitid>
							<container type="box">11</container>
							<container type="folder">12</container>
						</did>
					</c03>
					<c03 level="file">
						<did>
							<unittitle>
								<title>Landings</title>
							</unittitle>
							<unitid type="local_mss">3147138</unitid>
						</did>
						<c04 level="file">
							<did>
								<unittitle>By Tom Brazil</unittitle>
								<unitdate type="inclusive" normal="1991" certainty="approximate">circa 1991</unitdate>
								<unitid type="local_mss">3147137</unitid>
								<container type="box">11</container>
								<container type="folder">13</container>
							</did>
						</c04>
						<c04 level="file">
							<did>
								<unittitle>By Steven Speliotis</unittitle>
								<unitdate type="inclusive" normal="1991">1991</unitdate>
								<unitid type="local_mss">3147139</unitid>
								<container type="box">11</container>
								<container type="folder">14</container>
							</did>
						</c04>
					</c03>
					<c03 level="file">
						<did>
							<unittitle><title>Twister</title> and <title>Hooved Mammals</title></unittitle>
							<unitdate type="inclusive" normal="1992/1993">1992-1993</unitdate>
							<unitid type="local_mss">3146895</unitid>
							<container type="box">11</container>
							<container type="folder">15</container>
						</did>
					</c03>
					<c03 level="file">
						<did>
							<unittitle>By Tom Caravaglia</unittitle>
							<unitdate type="inclusive" normal="1992/1998">1992-1998</unitdate>
							<unitid type="local_mss">3146891</unitid>
							<container type="box">11</container>
							<container type="folder">16</container>
						</did>
					</c03>
					<c03 level="file">
						<did>
							<unittitle>By Beatrice Schiller</unittitle>
							<unitdate type="inclusive" normal="1996">1996</unitdate>
							<unitid type="local_mss">3146893</unitid>
							<container type="box">12</container>
							<container type="folder">1</container>
						</did>
					</c03>
					<c03 level="file">
						<did>
							<unittitle>
								<title>Shoo</title>
							</unittitle>
							<unitdate type="inclusive" normal="1998">1998</unitdate>
							<unitid type="local_mss">3146894</unitid>
							<container type="box">12</container>
							<container type="folder">2</container>
						</did>
					</c03>
					<c03 level="file">
						<did>
							<unittitle><title>Twister</title> and <title>Landings Takeoff</title></unittitle>
							<unitdate type="inclusive" normal="1998">1998</unitdate>
							<unitid type="local_mss">3147064</unitid>
							<container type="box">12</container>
							<container type="folder">3</container>
						</did>
					</c03>
				</c02>
				<c02 level="file">
					<did>
						<unittitle>Reviews</unittitle>
						<unitdate type="inclusive" normal="1980/2009">1980-2000s</unitdate>
						<unitid type="local_mss">3146900</unitid>
						<container type="box">12</container>
						<container type="folder">4-5</container>
					</did>
				</c02>
				<c02 level="file">
					<did>
						<unittitle>Administrative</unittitle>
						<unitdate type="inclusive" normal="1980/2010">1980s-2010</unitdate>
						<unitid type="local_mss">3147897</unitid>
					</did>
					<c03 level="file">
						<did>
							<unittitle>Ads</unittitle>
							<unitdate type="inclusive" normal="1980/1999">1980s-1990s</unitdate>
							<unitid type="local_mss">3146903</unitid>
							<container type="box">12</container>
							<container type="folder">6</container>
						</did>
					</c03>
					<c03 level="file">
						<did>
							<unittitle>Affiliated Artists</unittitle>
							<unitdate type="inclusive" normal="1986/1992">1986-1992</unitdate>
							<unitid type="local_mss">3146905</unitid>
							<container type="box">12</container>
							<container type="folder">7</container>
						</did>
					</c03>
					<c03 level="file">
						<did>
							<unittitle>Contracts</unittitle>
							<unitdate type="inclusive" normal="1983/1987">1983-1987</unitdate>
							<unitid type="local_mss">3146907</unitid>
							<container type="box">12</container>
							<container type="folder">8</container>
						</did>
					</c03>
					<c03 level="file">
						<did>
							<unittitle>Grants</unittitle>
							<unitid type="local_mss">3146909</unitid>
						</did>
						<c04 level="file">
							<did>
								<unittitle>Aaron Copland Fund for Music</unittitle>
								<unitdate type="inclusive" normal="1997">1997</unitdate>
								<unitid type="local_mss">3146911</unitid>
								<container type="box">12</container>
								<container type="folder">9</container>
							</did>
						</c04>
						<c04 level="file">
							<did>
								<unittitle>Guggenheim Foundation</unittitle>
								<unitdate type="inclusive" normal="1991/1992">1991-1992</unitdate>
								<unitid type="local_mss">3146912</unitid>
								<container type="box">12</container>
								<container type="folder">10</container>
							</did>
						</c04>
						<c04 level="file">
							<did>
								<unittitle>Mary Flagler Cary Charitable Trust</unittitle>
								<unitdate type="inclusive" normal="1988/1997">1988-1997</unitdate>
								<unitid type="local_mss">3146913</unitid>
								<container type="box">12</container>
								<container type="folder">11</container>
							</did>
						</c04>
						<c04 level="file">
							<did>
								<unittitle>Meet the Composer</unittitle>
								<unitdate type="inclusive" normal="1990/1997">1990-1997</unitdate>
								<unitid type="local_mss">3146914</unitid>
								<container type="box">12</container>
								<container type="folder">12</container>
							</did>
						</c04>
						<c04 level="file">
							<did>
								<unittitle>National Endowment for the Arts</unittitle>
								<unitdate type="inclusive" normal="1988/1991">1988-1991</unitdate>
								<unitid type="local_mss">3146915</unitid>
								<container type="box">12</container>
								<container type="folder">13</container>
							</did>
						</c04>
						<c04 level="file">
							<did>
								<unittitle>New York Foundation for the Arts</unittitle>
								<unitdate type="inclusive" normal="1986">1986</unitdate>
								<unitid type="local_mss">3146917</unitid>
								<container type="box">12</container>
								<container type="folder">14-15</container>
							</did>
						</c04>
						<c04 level="file">
							<did>
								<unittitle>New York State Council on the Arts</unittitle>
								<unitdate type="inclusive" normal="1993/1998">1993-1998</unitdate>
								<unitid type="local_mss">3146918</unitid>
								<container type="box">13</container>
								<container type="folder">1</container>
							</did>
						</c04>
						<c04 level="file">
							<did>
								<unittitle>Sue Latham</unittitle>
								<unitdate type="inclusive" normal="1992/1993">1992-1993</unitdate>
								<unitid type="local_mss">3146919</unitid>
								<container type="box">13</container>
								<container type="folder">2</container>
							</did>
						</c04>
					</c03>
					<c03 level="file">
						<did>
							<unittitle>Press Kit</unittitle>
							<unitdate type="inclusive" normal="1996">1996</unitdate>
							<unitid type="local_mss">3146920</unitid>
							<container type="box">13</container>
							<container type="folder">3</container>
						</did>
					</c03>
					<c03 level="file">
						<did>
							<unittitle>Press Releases</unittitle>
							<unitdate type="inclusive" normal="1983/1992">1983-1992</unitdate>
							<unitid type="local_mss">3146921</unitid>
							<container type="box">13</container>
							<container type="folder">4</container>
						</did>
					</c03>
					<c03 level="file">
						<did>
							<unittitle>Resumes</unittitle>
							<unitdate type="inclusive" normal="1980/1989">1980s</unitdate>
							<unitdate type="inclusive" normal="2010/2019">2010s</unitdate>
							<unitid type="local_mss">3146922</unitid>
							<container type="box">13</container>
							<container type="folder">5</container>
						</did>
					</c03>
				</c02>
			</c01>
		</dsc>
	</archdesc>
</ead>
