<?xml version="1.0" encoding="UTF-8"?>
<ead xmlns="urn:isbn:1-931666-22-9" xmlns:xsi="http://www.w3.org/2001/XMLSchema-instance" xmlns:xlink="http://www.w3.org/1999/xlink" xsi:schemaLocation="urn:isbn:1-931666-22-9 http://www.loc.gov/ead/ead.xsd">
  <eadheader countryencoding="iso3166-1" dateencoding="iso8601" langencoding="iso639-2b" repositoryencoding="iso15511" relatedencoding="marc" scriptencoding="iso8601"><eadid countrycode="US" mainagencycode="US-NN" url="http://archives.nypl.org/rha/24592.xml">rha24592.xml</eadid><filedesc><titlestmt><titleproper>Guide to the Irving Teibel papers, <date>1950-2011</date></titleproper></titlestmt><publicationstmt><publisher>The New York Public Library. Rodgers and Hammerstein Archives of Recorded Sound.</publisher><address><addressline>New York Public Library for the Performing Arts, Dorothy and Lewis B. Cullman Center</addressline><addressline>40 Lincoln Center Plaza, New York, NY 10023-7498</addressline></address></publicationstmt></filedesc><profiledesc><creation>EAD generated by archives.nypl.org on <date normal="2019-12-10">December 10, 2019</date></creation><langusage><language langcode="eng">English</language></langusage></profiledesc></eadheader>
  
  <archdesc level="collection"><did><unittitle>Irving Teibel papers</unittitle><unitdate type="inclusive" normal="1950/2011">1950-2011</unitdate><unitid type="local_mss">24592</unitid><unitid type="local_call">*L (Special) 18-4</unitid><unitid type="local_b">b21769327</unitid><origination><persname source="local">Teibel, Irving</persname></origination><repository><corpname>The New York Public Library. Rodgers and Hammerstein Archives of Recorded Sound.</corpname><address><addressline>New York Public Library for the Performing Arts, Dorothy and Lewis B. Cullman Center</addressline><addressline>40 Lincoln Center Plaza, New York, NY 10023-7498</addressline></address></repository><physdesc><extent unit="containers">13 containers</extent><extent unit="linear_feet">4.83 linear feet</extent></physdesc><abstract>Irving Teibel (1938-2010) was a sound engineer and photographer, best known for his field recordings of natural sounds which he released as the <title>Environments</title> series of long-playing records on his own Syntonic Research Inc. label. Teibel's papers, dating from the 1950s to 2011, document his work as a sound engineer, business owner, and photographer/designer. They consist of audio recordings, the files of Syntonic Research Inc., and Teibel's photography and designs.</abstract><langmaterial>English</langmaterial></did><bioghist><p>Irving Teibel (1938-2010) was a sound engineer and photographer, best known for his field recordings of natural sounds which he released as the <title>Environments</title> series of long-playing records.</p> <p>Born in Buffalo, New York, Teibel studied at the Rochester Institute of Technology, the Cooper Union, and The Art Center College of Design in Pasadena, California. After his schooling, he served in the U.S. Army from 1962 to 1964 as a public information specialist, stationed in Stuttgart, Germany. During his work at radio stations, he became interested in recording technology and the manipulation of tape. Teibel later recounted that he studied electronic music with the German composer Karlheinz Stockhausen during his military service. Following his discharge, Teibel lived in London from 1964 to 1965, and worked in advertising.</p> <p>Teibel returned to the United States in 1965 and settled in New York City. He first worked as a freelance photographer and designer, as well as a studio manager for the photographer Bert Stern. Later, he was hired as a photographer and photo editor for Ziff Davis Publications, which published <title>Popular Photography</title> and <title>Car and Driver</title>. His work was featured in both magazines, and he wrote for <title>Popular Photography</title> as well. In his spare time, Teibel continued to study electronic music at the New School.</p> <p>In 1968, Teibel was assisting a friend, the filmmaker and musician Tony Conrad, with the soundtrack for his film <title>Coming Attractions</title> by making recordings of the ocean at Coney Island. The experience inspired Teibel to use natural sounds to mask unwanted noise, and he immediately thought of releasing recordings of such "psychoacoustic" sounds commercially. He began creating high-quality field recordings of ocean surf, rainstorms, thunderstorms, country environments, sailing, and other natural sounds. Teibel then partnered with Louis Gerstman, a neuropsychologist who specialized in sound and speech processing, to form a company, Syntonic Research, Inc. to market and distribute the recordings.</p> <p>Gerstman assisted Teibel in processing the raw recordings of ocean tides with an IBM 360 computer. After extensive editing, processing, and mixing, the first long-playing record in the <title>Environments</title> series, <title>Psychologically Ultimate Seashore</title>, was released in late 1969. Teibel designed the LP album covers, took his own photographs, and wrote the liner notes.</p> <p>The series was an immediate success, and subsequent issues were distributed through Atlantic Records. These included <title>Optimum Aviary</title>, <title>Dawn At New Hope</title>, <title>Ultimate Thunderstorms</title>, <title>Wind In The Trees</title>, <title>A Country Stream</title>, and <title>English Meadow</title>, among others. A total of 22 albums were released in the series over a period of 10 years. For much of this time, Teibel worked out of an office on the top floor of the Flatiron building. Syntonic Research also released an album of the keyboardist Raymond Erickson performing Renaissance, Baroque, and Classical piano works on synthesizer and harpsichord, as well as a re-publication of an 1895 reference book, <title>The Complete Compendium of Universal Knowledge</title>.</p> <p>In addition to his work with Syntonic Research, Teibel created an environmental sound installation for the Museum of Contemporary Crafts (1970), and taught a class in experimental recording techniques at the New School (1971). In 1973, Teibel edited a recording of Richard Nixon's August 15th "Second Watergate" speech to make it sound as if Nixon was admitting to having prior knowledge of the Watergate break-in of 1972. "The Altered Nixon Speech" was a hit single and boosted Teibel's reputation as a specialist in magnetic tape technology. He was later called as an expert witness in high-profile criminal proceedings.</p> <p>In 1981, Teibel moved with his wife to Austin, Texas, where they raised two daughters, and where he continued to run Syntonic Research from his home. He died in 2010 at the age of 72.</p></bioghist><scopecontent><p>The Irving Teibel papers, dating from the 1950s to 2011, document Teibel's work as a sound engineer, business owner, and photographer/designer. They consist of audio recordings, files from the offices of Syntonic Research, Inc., and Teibel's photography and designs.</p> <p>Series I, Audio Recordings, comprises the bulk of the collection. They mainly hold Teibel's field recordings of natural and artificial sounds, some of which formed the basis for the <title>Environments</title> series of albums released on Syntonic Research. Other recordings which never saw commercial release include urban sounds of New York City, high-performance race cars, children at play, carnivals, parades, and natural sounds in other countries. Also present are interviews with Teibel; recordings of Teibel's compositions and sound experiments; interviews with Teibel; and lectures by the neuropsychologist Louis Gerstman. Audio recordings are unavailable pending digitization.</p> <p>Series II, Syntonic Research Inc. Files, documents the distribution, marketing, and promotion of the company's products, primarily the <title>Environments</title> series. It also holds files on Teibel's other work and interests, including photography and his ideas for the advancement of recording technology and hi-fidelity sound reproduction. The series includes correspondence, business files, contracts, advertising and promotional literature, and transcripts of interviews with Teibel.</p> <p>Series III, Photography and Designs, contains Teibel's professional work of the mid to late-1960s and his work for the Syntonic Research album covers, as well as his designs for magazine covers and interior spreads.</p></scopecontent><prefercite><p>Irving Teibel papers, Rodgers and Hammerstein Archives of Recorded Sound, The New York Public Library</p></prefercite><processinfo><p>Processed by Matthew Snyder, 2018.</p></processinfo><accessrestrict><p>Access to original items by permission only. Some items may be available as service copies. Other items which need preservation work may require advance notification for use. Refer to item descriptions in individual catalog records for more information.</p><p>Audio recordings are unavailable pending digitization.</p></accessrestrict><controlaccess><persname role="subject" source="naf" authfilenumber="http://id.loc.gov/authorities/names/n94079520">Erickson, Raymond</persname><persname source="local">Teibel, Irving</persname><corpname role="subject" source="local">Syntonic Research Inc.</corpname><subject source="lcsh" authfilenumber="http://id.loc.gov/authorities/names/sh85000596">Acoustical engineering</subject><subject source="lcsh" authfilenumber="http://id.loc.gov/authorities/names/sh98007616">Ambient sounds</subject><subject source="lcsh" authfilenumber="http://id.loc.gov/authorities/names/sh85026294">City sounds</subject><subject source="lcsh" authfilenumber="http://id.loc.gov/authorities/names/sh85117619">Sasquatch</subject><genreform source="aat" authfilenumber="http://id.loc.gov/authorities/names/300141693">Business records</genreform><genreform source="aat" authfilenumber="http://id.loc.gov/authorities/names/300026867">Clippings (information artifacts)</genreform><genreform source="aat" authfilenumber="http://id.loc.gov/authorities/names/300026914">Commercial correspondence</genreform><genreform source="aat" authfilenumber="http://id.loc.gov/authorities/names/300027649">Contracts</genreform><genreform source="lcsh" authfilenumber="http://id.loc.gov/authorities/names/gf2011026253">Field recordings</genreform><genreform source="aat" authfilenumber="http://id.loc.gov/authorities/names/300048730">Personal correspondence</genreform><genreform source="aat" authfilenumber="http://id.loc.gov/authorities/names/300046300">Photographs</genreform><genreform source="aat" authfilenumber="http://id.loc.gov/authorities/names/300028633">Sound recordings</genreform></controlaccess><dsc><c01 level="series"><did><unittitle>Series I: Audio Recordings</unittitle><unitdate type="inclusive" normal="1966/1995">1966-1995</unitdate><unitid type="local_mss">3145005</unitid></did><scopecontent><p>The audio recordings date from 1966 to 1995. Arranged alphabetically by title or subject, the bulk of them consists of field recordings, some of which were source material for the <title>Environments</title> series released on Syntonic Research. These include such sounds as rain, thunder, insects, ocean surf, streams, wind, birds, frogs, rain forests, swamps, ski slopes, meadows, sail boats, and heartbeats, as well as several of the Be-In events in Central Park. Most of these were recorded in the northeastern United States, but some were recorded in England, Peru, and Puerto Rico. Teibel also recorded urban sounds, such as the Flatiron, West Village, and Lower East side neighborhoods of New York City; traffic; subway trains; steam trains; race cars (some at Watkins Glen Raceway); motorboats; airplanes; children at play; and carnivals.</p> <p>Also present are Teibel's experiments with sound composition and synthesizers; radio interviews of Teibel; Teibel's edits of a speech by Richard Nixon; Teibel's children as infants; performances by the pianist/scholar Raymond Erickson released on Syntonic Research; performances of the music of Kirk Nurock; lectures by the neuropsychologist Louis Gerstman; the Apollo 15 mission (recorded off of television broadcasts); copies of a recording of Robert Kennedy's assassination; and an alleged recording of Bigfoot. In addition, the collection contains safety copies of mixed (but not mastered) tapes of some Syntonic Research releases.</p></scopecontent><accessrestrict><p>Audio recordings are unavailable pending digitization.</p></accessrestrict><c02 level="file"><did><unittitle>Tape Inserts</unittitle><unitdate type="inclusive" normal="1971/1983">1971-1983</unitdate><unitid type="local_mss">3140765</unitid><container type="box">1</container><container type="folder">1</container></did></c02></c01><c01 level="series"><did><unittitle>Series II: Syntonic Research Inc. Files</unittitle><unitdate type="inclusive" normal="1950/2011">1950s-2011</unitdate><unitid type="local_mss">3140654</unitid><physdesc><extent unit="containers">7 containers</extent><extent unit="linear_feet">2.54 linear feet</extent></physdesc></did><scopecontent><p>The Syntonic Research Inc. Files mainly document the distribution, marketing, and promotion of the company's products, primarily the <title>Environments</title> series of albums, but also including <title>The Altered Nixon Speech</title>, <title>The Erickson Tapes</title>, and the book <title>The Complete Compendium of Universal Knowledge</title>. These files also contain information about Teibel's other interests and activities, such as his photography business; his exhibit at the Museum of Contemporary Crafts; his friends the neuropsychologist Louis Gerstman and the composer R. Murray Schafer; and his other ideas for innovation in the use of tape, hi-fi stereo equipment, and photography.</p> <p>The files hold notes and writings by Teibel; business and personal correspondence; contracts and correspondence with Atlantic Records; advertising copy; marketing ideas; promotional literature and designs; press releases; clippings; listener surveys; listener letters; copyright forms; biographies of Teibel; and transcripts of interviews with Teibel and his daughter, Jennifer Ballow. The original arrangement of these files was retained.</p></scopecontent><c02 level="file"><did><unittitle>Marketing</unittitle><unitdate type="inclusive" normal="1969/1978">1969-1978</unitdate><unitid type="local_mss">3140766</unitid><container type="box">1</container><container type="folder">2</container></did></c02><c02 level="file"><did><unittitle>Promotional Material</unittitle><unitdate type="inclusive" normal="1970/1986">1970-1986</unitdate><unitid type="local_mss">3140767</unitid><container type="box">1</container><container type="folder">3</container><container type="box">2</container><container type="folder">1</container></did></c02><c02 level="file"><did><unittitle>Uses</unittitle><unitdate type="inclusive" normal="1970" certainty="approximate">circa 1970</unitdate><unitid type="local_mss">3140768</unitid><container type="box">1</container><container type="folder">4</container></did></c02><c02 level="file"><did><unittitle>Press Releases</unittitle><unitdate type="inclusive" normal="1970/1995">1970-1995</unitdate><unitid type="local_mss">3140769</unitid><container type="box">1</container><container type="folder">5-6</container></did></c02><c02 level="file"><did><unittitle>Fact Sheets on Environments</unittitle><unitdate type="inclusive" normal="1980/1989">1980s</unitdate><unitid type="local_mss">3140770</unitid><container type="box">1</container><container type="folder">7</container></did></c02><c02 level="file"><did><unittitle>Biographies of Irving Teibel</unittitle><unitdate type="inclusive" normal="1969">1969</unitdate><unitdate type="inclusive" normal="1988">1988</unitdate><unitid type="local_mss">3140771</unitid><container type="box">1</container><container type="folder">8</container></did></c02><c02 level="file"><did><unittitle>Logos</unittitle><unitdate type="inclusive" normal="1970/1989">1970s-1980s</unitdate><unitid type="local_mss">3136355</unitid><container type="box">3</container><container type="folder">1</container></did></c02><c02 level="file"><did><unittitle>Quotes from Customers</unittitle><unitdate type="inclusive" normal="1977">1977</unitdate><unitdate type="inclusive" normal="1988">1988</unitdate><unitid type="local_mss">3136356</unitid><container type="box">3</container><container type="folder">2-3</container></did></c02><c02 level="file"><did><unittitle>Louis Gerstman</unittitle><unitdate type="inclusive" normal="1992">1992</unitdate><unitid type="local_mss">3136357</unitid><container type="box">3</container><container type="folder">4</container></did></c02><c02 level="file"><did><unittitle>Comment Cards and Letters</unittitle><unitdate type="inclusive" normal="1972/1999">1972-1999</unitdate><unitid type="local_mss">3136358</unitid><container type="box">3</container><container type="folder">5</container></did></c02><c02 level="file"><did><unittitle>Survey Results</unittitle><unitdate type="inclusive" normal="1984">1984</unitdate><unitid type="local_mss">3136359</unitid><container type="box">3</container><container type="folder">6</container></did></c02><c02 level="file"><did><unittitle>Listening Test Surveys</unittitle><unitdate type="inclusive" normal="1976/1983">1976-1983</unitdate><unitid type="local_mss">3136360</unitid><container type="box">3</container><container type="folder">7</container></did></c02><c02 level="file"><did><unittitle>Clippings</unittitle><unitdate type="inclusive" normal="1975/1995">1975-1995</unitdate><unitid type="local_mss">3136361</unitid><container type="box">3</container><container type="folder">8</container><container type="box">4</container><container type="folder">1</container></did></c02><c02 level="file"><did><unittitle>Catalog Mentions</unittitle><unitdate type="inclusive" normal="1976/1991">1976-1991</unitdate><unitid type="local_mss">3136362</unitid><container type="box">3</container><container type="folder">9</container></did></c02><c02 level="file"><did><unittitle>Newsletter</unittitle><unitdate type="inclusive" normal="1974">1974</unitdate><unitid type="local_mss">3136363</unitid><container type="box">5</container><container type="folder">1</container></did></c02><c02 level="file"><did><unittitle>Nippon Phonogram</unittitle><unitdate type="inclusive" normal="1976/1981">1976-1981</unitdate><unitid type="local_mss">3136364</unitid><container type="box">5</container><container type="folder">2</container></did></c02><c02 level="file"><did><unittitle><title>The Erickson Tapes</title></unittitle><unitdate type="inclusive" normal="1973/1974">1973-1974</unitdate><unitid type="local_mss">3140648</unitid><container type="box">5</container><container type="folder">3</container></did></c02><c02 level="file"><did><unittitle>Copyrights and Trademarks</unittitle><unitdate type="inclusive" normal="1970/1986">1970-1986</unitdate><unitdate type="inclusive" normal="1987">1987</unitdate><unitid type="local_mss">3136366</unitid><container type="box">5</container><container type="folder">4</container></did></c02><c02 level="file"><did><unittitle>Business Plan</unittitle><unitdate type="inclusive" normal="1985/1993">1985-1993</unitdate><unitid type="local_mss">3136555</unitid><container type="box">5</container><container type="folder">5</container></did></c02><c02 level="file"><did><unittitle>The Lou Gordon Program</unittitle><unitdate type="inclusive" normal="1973">1973</unitdate><unitid type="local_mss">3136557</unitid><container type="box">5</container><container type="folder">6</container></did></c02><c02 level="file"><did><unittitle>Atlantic Records</unittitle><unitdate type="inclusive" normal="1970/2008">1970-2008</unitdate><unitid type="local_mss">3136559</unitid><container type="box">5</container><container type="folder">7-8</container></did></c02><c02 level="file"><did><unittitle><title>"An Essay on the Environments Series"</title></unittitle><unitdate type="inclusive" normal="1981">1981</unitdate><unitid type="local_mss">3136563</unitid><container type="box">5</container><container type="folder">9</container></did></c02><c02 level="file"><did><unittitle>Interviews with Irving Teibel and Jennifer Ballow</unittitle><unitdate type="inclusive" normal="1987">1987</unitdate><unitdate type="inclusive" normal="2010" certainty="approximate">circa 2010</unitdate><unitid type="local_mss">3136576</unitid><container type="box">5</container><container type="folder">10</container></did></c02><c02 level="file"><did><unittitle>R. Murray Schafer</unittitle><unitdate type="inclusive" normal="1977/1987">1977-1987</unitdate><unitid type="local_mss">3136577</unitid><container type="box">5</container><container type="folder">11</container></did><scopecontent><p>Contains correspondence between Schafer and Teibel, and an interview with Schafer.</p></scopecontent></c02><c02 level="file"><did><unittitle>Customer Correspondence</unittitle><unitdate type="inclusive" normal="1970/2002">1970-2002</unitdate><unitid type="local_mss">3136584</unitid><container type="box">5</container><container type="folder">12-14</container></did><scopecontent><p>Inquiries from individuals and organizations, some with responses from Teibel.</p></scopecontent></c02><c02 level="file"><did><unittitle>Wholesale Retail Sales Correspondence</unittitle><unitdate type="inclusive" normal="1979/1993">1979-1993</unitdate><unitid type="local_mss">3136585</unitid><container type="box">6</container><container type="folder">1</container></did></c02><c02 level="file"><did><unittitle><title>The Altered Nixon Speech</title></unittitle><unitdate type="inclusive" normal="1973/1974">1973-1974</unitdate><unitid type="local_mss">3136593</unitid><container type="box">2</container><container type="folder">2</container><container type="box">6</container><container type="folder">2</container></did><scopecontent><p>Contains press releases, clippings, letters of inquiry from listeners and retailers, and advertisements.</p></scopecontent></c02><c02 level="file"><did><unittitle>Tim Wilson / Canadian Broadcasting Corporation</unittitle><unitdate type="inclusive" normal="1974">1974</unitdate><unitdate type="inclusive" normal="1978">1978</unitdate><unitid type="local_mss">3136596</unitid><container type="box">6</container><container type="folder">3</container></did></c02><c02 level="file"><did><unittitle>Ivan Mogull Music Corporation</unittitle><unitdate type="inclusive" normal="1977">1977</unitdate><unitid type="local_mss">3136597</unitid><container type="box">6</container><container type="folder">4</container></did></c02><c02 level="file"><did><unittitle>Tony Schwartz / Folkways</unittitle><unitdate type="inclusive" normal="1950/1959">1950s</unitdate><unitid type="local_mss">3136621</unitid><container type="box">6</container><container type="folder">5</container></did></c02><c02 level="file"><did><unittitle>Conceptual Notes</unittitle><unitdate type="inclusive" normal="1960/1975">1960s-1975</unitdate><unitid type="local_mss">3136622</unitid><container type="box">6</container><container type="folder">6</container></did></c02><c02 level="file"><did><unittitle>Albums 1 and 2</unittitle><unitdate type="inclusive" normal="1969">1969</unitdate><unitid type="local_mss">3136627</unitid><container type="box">6</container><container type="folder">7</container></did><scopecontent><p>Press releases and ad copy regarding <title>The Ultimate Seashore</title> and <title>Tintinnabulation</title>.</p></scopecontent></c02><c02 level="file"><did><unittitle><title>The Ultimate Heartbeat</title></unittitle><unitdate type="inclusive" normal="1974/1975">1974-1975</unitdate><unitid type="local_mss">3136628</unitid><container type="box">6</container><container type="folder">8</container></did></c02><c02 level="file"><did><unittitle>Museum of Contemporary Crafts Exhibit</unittitle><unitdate type="inclusive" normal="1970">1970</unitdate><unitid type="local_mss">3136633</unitid><container type="box">6</container><container type="folder">9</container></did></c02><c02 level="file"><did><unittitle><title>The Complete Compendium of Universal Knowledge</title></unittitle><unitdate type="inclusive" normal="1973/1976">1973-1976</unitdate><unitid type="local_mss">3136635</unitid><container type="box">6</container><container type="folder">10</container></did></c02><c02 level="file"><did><unittitle>Bigfoot</unittitle><unitdate type="inclusive" normal="1973">1973</unitdate><unitdate type="inclusive" normal="1995">1995</unitdate><unitid type="local_mss">3145553</unitid><note><p>The recording and anaylsis were sent by the recording's creator, Alan R. Berry, requesting that Teibel analyze the recording as well; there is no evidence of a response from Teibel.</p></note><container type="box">6</container><container type="folder">11</container></did><scopecontent><p>Contains notes and analysis of a claimed recording of Bigfoot.</p></scopecontent></c02><c02 level="file"><did><unittitle>Ideas and Proposals</unittitle><unitdate type="inclusive" normal="1975">1975</unitdate><unitdate type="inclusive" normal="1983">1983</unitdate><unitdate type="inclusive" normal="1996">1996</unitdate><unitid type="local_mss">3136649</unitid><container type="box">6</container><container type="folder">12</container></did><scopecontent><p>Includes Teibel's ideas regarding photography, magnetic tape, and audio equipment, and a Guggenheim Foundation application.</p></scopecontent></c02><c02 level="file"><did><unittitle>Voyager Spacecraft</unittitle><unitdate type="inclusive" normal="1977">1977</unitdate><unitdate type="inclusive" normal="2011">2011</unitdate><unitid type="local_mss">3145555</unitid><container type="box">6</container><container type="folder">13</container></did><scopecontent><p>Contains a press release from Syntonic Research announcing the that <title>Environments</title> excerpts would be included on the Voyager golden records. Also present is an email exchange between Miriam Berman and Carl Sagan productions regarding the inclusion of Teibel's recordings on the record. The Sagan compnay replied that they were not inlcuded.</p></scopecontent></c02><c02 level="file"><did><unittitle>Westbeth Artists Community</unittitle><unitdate type="inclusive" normal="1970">1970</unitdate><unitdate type="inclusive" normal="1979/1980">1979-1980</unitdate><unitid type="local_mss">3136658</unitid><container type="box">6</container><container type="folder">14</container></did></c02><c02 level="file"><did><unittitle>Clippings</unittitle><unitdate type="inclusive" normal="1975/1995">1975-1995</unitdate><unitid type="local_mss">3136669</unitid><container type="box">7</container><container type="folder">1</container></did></c02><c02 level="file"><did><unittitle><title>Days of Heaven</title></unittitle><unitdate type="inclusive" normal="1978">1978</unitdate><unitid type="local_mss">3136687</unitid><container type="box">7</container><container type="folder">2</container></did><bioghist><p>A film which included Syntonic Research recordings.</p></bioghist></c02><c02 level="file"><did><unittitle>Photography Business</unittitle><unitdate type="inclusive" normal="1967/1969">1967-1969</unitdate><unitid type="local_mss">3136690</unitid><container type="box">7</container><container type="folder">3</container></did></c02></c01><c01 level="series"><did><unittitle>Series III: Photography and Designs</unittitle><unitdate type="inclusive">early 1960s - 1981</unitdate><unitid type="local_mss">3145035</unitid><physdesc><extent unit="containers">9 containers</extent><extent unit="linear_feet">3.17 linear feet</extent></physdesc></did><scopecontent><p>The photography consists of Teibel's freelance and magazine work of the mid-1960s, imagery taken for Syntonic Research album covers, and photographs taken for his own edification. Arranged by subject or use, most of the series consists of slides, but prints, negatives, and contact sheets are also present. The series includes work for <title>Car and Driver</title> and <title>Popular Photography</title> magazines; models clothed and nude, some with experimental lighting effects; animals; fashion shoots; portraits; bodies in motion; still lifes; and stock photography work such as men playing tennis and romantic couples. The series also holds portraits of Teibel, images of Teibel's family, travel photos, abstract imagery, and clippings from magazines featuring Teibel's photography and writing.</p> <p>Also present are covers and interior designs Teibel created for magazines, not all of which were published. They include drawings and photography outlines for <title>Photography</title> magazine.</p></scopecontent><c02 level="file"><did><unittitle>Photography</unittitle><unitid type="local_mss">3140616</unitid></did><c03 level="file"><did><unittitle>Abstracts</unittitle><unitdate type="inclusive" normal="1972">1972</unitdate><unitid type="local_mss">3136708</unitid><container type="box">7</container><container type="folder">4</container></did></c03><c03 level="file"><did><unittitle>Animals</unittitle><unitdate type="inclusive" normal="1977/1981">1977-1981</unitdate><unitid type="local_mss">3136713</unitid><container type="box">7</container><container type="folder">5</container></did></c03><c03 level="file"><did><unittitle>Army Calendar</unittitle><unitdate type="inclusive" normal="1960/1965">early 1960s</unitdate><unitid type="local_mss">3136714</unitid><container type="box">7</container><container type="folder">6</container></did></c03><c03 level="file"><did><unittitle>Art Paintings</unittitle><unitdate type="inclusive" normal="1960/1979">1960s-1970s</unitdate><unitid type="local_mss">3136716</unitid><container type="box">7</container><container type="folder">7</container></did></c03><c03 level="file"><did><unittitle>Bodies in Motion</unittitle><unitdate type="inclusive" normal="1979">1979</unitdate><unitid type="local_mss">3136717</unitid><container type="box">7</container><container type="folder">8</container></did></c03><c03 level="file"><did><unittitle><title>Car and Driver</title></unittitle><unitdate type="inclusive" normal="1971">1971</unitdate><unitid type="local_mss">3136718</unitid><container type="box">7</container><container type="folder">9</container></did></c03><c03 level="file"><did><unittitle>Cars, Fish, and Saxophonist</unittitle><unitdate type="inclusive" normal="1971/1979">1971-1979</unitdate><unitid type="local_mss">3136719</unitid><container type="box">7</container><container type="folder">10</container></did></c03><c03 level="file"><did><unittitle>Couple at the Beach</unittitle><unitdate type="inclusive" normal="1977">1977</unitdate><unitid type="local_mss">3136720</unitid><container type="box">7</container><container type="folder">11</container></did></c03><c03 level="file"><did><unittitle>Couple at Outdoor Table</unittitle><unitdate type="inclusive" normal="1970/1979">1970s</unitdate><unitid type="local_mss">3136721</unitid><container type="box">8</container><container type="folder">1</container></did></c03><c03 level="file"><did><unittitle>Erickson, Raymond</unittitle><unitdate type="inclusive" normal="1974">1974</unitdate><unitid type="local_mss">3140682</unitid><container type="box">8</container><container type="folder">2</container></did></c03><c03 level="file"><did><unittitle>Experimental</unittitle><unitdate type="inclusive" normal="1972/1978">1972-1978</unitdate><unitid type="local_mss">3136724</unitid><container type="box">8</container><container type="folder">3-4</container></did></c03><c03 level="file"><did><unittitle>Fashion</unittitle><unitdate type="inclusive" normal="1960/1969">1960s</unitdate><unitid type="local_mss">3136725</unitid><container type="box">8</container><container type="folder">5</container></did></c03><c03 level="file"><did><unittitle>Man and Child</unittitle><unitdate type="inclusive" normal="1978">1978</unitdate><unitid type="local_mss">3136727</unitid><container type="box">8</container><container type="folder">6</container></did></c03><c03 level="file"><did><unittitle>Men Playing Tennis</unittitle><unitdate type="inclusive" normal="1970/1979">1970s</unitdate><unitid type="local_mss">3136728</unitid><container type="box">8</container><container type="folder">7</container></did></c03><c03 level="file"><did><unittitle>Models</unittitle><unitdate type="inclusive" normal="1968">1968</unitdate><unitid type="local_mss">3136729</unitid><container type="box">8</container><container type="folder">8</container></did></c03><c03 level="file"><did><unittitle>Nudes</unittitle><unitdate type="inclusive">mid-1960s - 1978</unitdate><unitid type="local_mss">3136730</unitid><container type="box">8</container><container type="folder">9</container></did></c03><c03 level="file"><did><unittitle>Nude Children Playing</unittitle><unitdate type="inclusive" normal="1977">1977</unitdate><unitid type="local_mss">3136731</unitid><container type="box">8</container><container type="folder">10</container></did></c03><c03 level="file"><did><unittitle>Portraits</unittitle><unitdate type="inclusive" normal="1966/1981">1966-1981</unitdate><unitid type="local_mss">3136849</unitid><container type="box">2</container><container type="folder">3-4</container><container type="box">4</container><container type="folder">2-4</container><container type="box">8</container><container type="folder">11-12</container><container type="box">9</container><container type="folder">1-7</container></did></c03><c03 level="file"><did><unittitle>Still Lifes</unittitle><unitdate type="inclusive" normal="1978">1978</unitdate><unitid type="local_mss">3136852</unitid><container type="box">2</container><container type="folder">5</container><container type="box">9</container><container type="folder">8-10</container></did></c03><c03 level="file"><did><unittitle>Syntonic Research Album Art</unittitle><unitdate type="inclusive" normal="1960/1979">1960s-1970s</unitdate><unitid type="local_mss">3136853</unitid><container type="box">10</container><container type="folder">1-4</container><container type="box">11</container><container type="folder">1</container></did></c03><c03 level="file"><did><unittitle>Syntonic Research Studio and Equipment</unittitle><unitdate type="inclusive" normal="1974/1981">1974-1981</unitdate><unitid type="local_mss">3136854</unitid><container type="box">11</container><container type="folder">2</container></did></c03><c03 level="file"><did><unittitle>Teibel, Irving</unittitle><unitdate type="inclusive" normal="1960/1989">1960s-1980s</unitdate><unitid type="local_mss">3140618</unitid><container type="box">2</container><container type="folder">6</container><container type="box">4</container><container type="folder">5</container><container type="box">11</container><container type="folder">3-5</container></did><scopecontent><p>Portraits and self-portraits.</p></scopecontent></c03><c03 level="file"><did><unittitle>Travel</unittitle><unitdate type="inclusive" normal="1964/1981">1964-1981</unitdate><unitid type="local_mss">3136858</unitid><container type="box">11</container><container type="folder">6</container><container type="box">12</container><container type="folder">1-2</container></did></c03><c03 level="file"><did><unittitle>Women in Nature / Experimental</unittitle><unitdate type="inclusive" normal="1960/1979">1960s-1970s</unitdate><unitid type="local_mss">3136859</unitid><container type="box">12</container><container type="folder">3</container></did></c03></c02><c02 level="file"><did><unittitle>Designs, Art, and Clippings</unittitle><unitdate type="inclusive" normal="1966/1974">1966-1974</unitdate><unitid type="local_mss">3140623</unitid><container type="box">2</container><container type="folder">7</container><container type="box">12</container><container type="folder">4</container><container type="box">13</container><container type="folder">1-2</container></did></c02></c01></dsc></archdesc>
</ead>
