<?xml version="1.0" encoding="UTF-8"?>
<ead xmlns="urn:isbn:1-931666-22-9" xmlns:xsi="http://www.w3.org/2001/XMLSchema-instance"
	xmlns:xlink="http://www.w3.org/1999/xlink" xsi:schemaLocation="urn:isbn:1-931666-22-9 http://www.loc.gov/ead/ead.xsd">
	<eadheader countryencoding="iso3166-1" dateencoding="iso8601" langencoding="iso639-2b" repositoryencoding="iso15511"
		relatedencoding="marc" scriptencoding="iso8601">
		<eadid countrycode="US" mainagencycode="US-NN" url="http://archives.nypl.org/the/24593.xml">the24593.xml</eadid>
		<filedesc>
			<titlestmt>
				<titleproper>Guide to the Jeanne Button and MacDonald Eaton designs and papers, <date>1950-2015</date></titleproper>
			</titlestmt>
			<publicationstmt>
				<publisher>The New York Public Library. Billy Rose Theatre Division.</publisher>
				<address>
					<addressline>New York Public Library for the Performing Arts, Dorothy and Lewis B. Cullman Center</addressline>
					<addressline>40 Lincoln Center Plaza, New York, NY 10023-7498</addressline>
				</address>
			</publicationstmt>
		</filedesc>
		<profiledesc>
			<creation>EAD generated by archives.nypl.org on <date normal="2019-12-10">December 10, 2019</date></creation>
			<langusage><language langcode="eng">English</language></langusage>
		</profiledesc>
	</eadheader>

	<archdesc level="collection">
		<did>
			<unittitle>Jeanne Button and MacDonald Eaton designs and papers</unittitle>
			<unitdate type="inclusive" normal="1950/2015">1950-2015</unitdate>
			<unitid type="local_mss">24593</unitid>
			<unitid type="local_call">*T-Vim 2018-012</unitid>
			<unitid type="local_b">b22017773</unitid>
			<origination><persname source="naf" authfilenumber="http://id.loc.gov/authorities/names/no2004032999">Button,
					Jeanne</persname></origination>
			<repository><corpname>The New York Public Library. Billy Rose Theatre Division.</corpname><address>
					<addressline>New York Public Library for the Performing Arts, Dorothy and Lewis B. Cullman Center</addressline>
					<addressline>40 Lincoln Center Plaza, New York, NY 10023-7498</addressline>
				</address></repository>
			<physdesc><extent unit="containers">48 boxes, 7 oversize folders</extent><extent unit="linear_feet">14 linear
					feet</extent></physdesc>
			<abstract>Jeanne Button (1930-2017) designed costumes for Broadway and Off-Broadway productions, as well as for
				dance, opera, film, and television. Her second husband, MacDonald Eaton (1929-2013), was a set and production
				designer for television and stage, as well as a painter. The Jeanne Button and MacDonald Eaton designs and papers,
				dating from 1950 to 2015, document Button's and Eaton's designs, careers, and art, as well as the career of Button's
				son, actor Raphael Sbarge.</abstract>
			<langmaterial>English</langmaterial>
		</did>
		<bioghist>
			<p>Jeanne Button (1930-2017) was a costume designer for Broadway, Off-Broadway, university, and regional theater
				productions, as well as for dance, opera, film, and television. Born in Cincinnati, she graduated at her parents'
				urging with a degree in home economics from the Carnegie Institute of Technology (later Carnegie Mellon University).
				Button decided instead that she wanted to learn costume design, and taught herself to draw, earning a scholarship at
				the Yale School of Drama.</p>
			<p>She launched her career in 1967 with her designs for<title> Macbird!</title>, an Off-Broadway production which
				earned her the Henry Hewes Design Award from the American Theater Wing. Other Off-Broadway productions she worked on
				were <title>Twelfth Night</title> and <title>Macbeth</title> for The Public Theater (1989); <title>The
					Crucible</title>; and many others.</p>
			<p>Button's first job on Broadway was for <title>The Watering Place</title> (1969). Numerous productions for Broadway
				as well as regional theaters followed, including <title>Henry V</title> (1969), <title>The Robber Bridegroom</title>
				(1975-1976), <title>Wings</title> (1979), <title>Richard III</title> (1979), <title>Arsenic and Old Lace</title>
				(1986), and <title>The Twilight of the Golds</title> (1993). Button worked with theater companies around the
				country, including The Acting Company, Yale Repertory Theatre, Roundabout Theatre, Great Lakes Theatre Festival,
				Alley Theatre (Houston), and the American Shakespeare Festival. Button also designed for opera (<title>La
					Bohème</title> and <title>The Ring</title>), and ballet, including Trey McIntyre's productions of <title>Aliss In
					Wonderland</title> and <title>Peter Pan</title> for the Houston Ballet in the early 2000s.</p>
			<p>In later years, Button was a professor of costume design at Tulane University in New Orleans.</p>
			<p>Button married Stephen Sbarge, a playwright she met at Yale, but the couple divorced; they had a son named
				Raphael, who became an actor. Her second husband, MacDonald Eaton (1929-2013), whom she married in 1981, was a
				production designer and painter. After receiving his B.F.A. in drama from the Carnegie Institute of Technology in
				1952, he served in the U.S. Army Pictoral Center before he began designing for Off-Broadway productions. From the
				mid-1950s to 1962, Eaton worked at ABC as a production designer before moving to CBS. He returned to ABC in 1975 to
				be the scenic artist for the soap opera <title>One Life To Live</title>, a job he held for 15 years. During this
				time he was an active painter and exhibited his work in group shows, as well as in three one-man shows. Eaton moved
				to New Orleans with Jeanne Button and was an adjunct professor of production design and scenic art at Tulane
				University. He also taught painting privately, and designed the sets for the Houston Ballet's production of
					<title>Aliss In Wonderland</title>.</p>
		</bioghist>
		<scopecontent>
			<p>The Jeanne Button and MacDonald Eaton designs and papers, dating from 1950 to 2015, document Button's and Eaton's
				designs, careers, and art, as well as the career of Button's son, actor Raphael Sbarge. They are arranged in two
				series.</p>
			<p>Series I: Jeanne Button Files comprises the bulk of the collection. It represents her work for Broadway,
				Off-Broadway, regional theaters around the United States, ballet, film, and television. These files hold sketches,
				drawings, complete designs, fabric swatches, costume bibles, photographs, letters, programs, clippings, posters, and
				other documentation. Extensive material exists for productions such as <title>Arsenic and Old Lace</title>,
					<title>Big River</title>, <title>La Bohème</title>, <title>Equus</title>, <title>Macbird!</title>, <title>Mother
					Courage and Her Children</title>, <title>The Robber Bridegroom</title>, and <title>Twelfth Night</title>. The files
				for the Trey McIntyre ballet <title>Peter Pan</title> include a video of rehearsals.</p>
			<p>Also present are Button's personal files of letters, resumes, family photographs, and clippings, including
				memorabilia of Raphael Sbarge's career.</p>
			<p>Series II: MacDonald Eaton Files includes Eaton's stage and television designs; photographs and reproductions of
				his paintings; and a scrapbook containing a biography, clippings, and his writings.</p>
		</scopecontent>
		<prefercite>
			<p>Jeanne Button and MacDonald Eaton designs and papers, *T-Vim 2018-012. Billy Rose Theatre Division, The New York
				Public Library for the Performing Arts</p>
		</prefercite>
		<acqinfo>
			<p>Donated by Raphael Sbarge, 2018.</p>
		</acqinfo>
		<processinfo>
			<p>Processed by <name>Matthew Snyder</name> in <date>2019</date>.</p>
		</processinfo>
		<accessrestrict>
			<p>Some collections held by the Dance, Music, Recorded Sound, and Theatre Divisions at the New York Public Library
				for the Performing Arts are held off-site and must be requested in advance. Please check the collection records in
						<extref xlink:href="http://catalog.nypl.org/record=LPA_BNUMBER" xlink:type="simple" xlink:actuate="onRequest"
						>the NYPL's online catalog</extref> for detailed location information. For general guidance about requesting
				offsite materials, please consult: <extref
					xlink:href="https://www.nypl.org/about/locations/lpa/requesting-archival-materials" xlink:type="simple"
					xlink:actuate="onRequest">https://www.nypl.org/about/locations/lpa/requesting-archival-materials</extref></p>
			<p>Inquiries regarding moving image materials in the collection may be directed to the Billy Rose Theatre Division
				(theatre@nypl.org). Moving image materials may be subject to preservation evaluation and migration prior to
				access.</p>
		</accessrestrict>
		<controlaccess>
			<persname source="naf" authfilenumber="http://id.loc.gov/authorities/names/no2004032999">Button, Jeanne</persname>
			<persname role="ctb" source="local">Eaton, MacDonald</persname>
			<persname role="subject" source="naf" authfilenumber="http://id.loc.gov/authorities/names/n97854383">McIntyre,
				Trey</persname>
			<persname role="subject" source="naf" authfilenumber="http://id.loc.gov/authorities/names/n2005062699">Sbarge,
				Raphael</persname>
			<corpname role="subject" source="naf" authfilenumber="http://id.loc.gov/authorities/names/no2007025588">Acting
				Company (Theatrical group)</corpname>
			<corpname role="subject" source="naf" authfilenumber="http://id.loc.gov/authorities/names/n85361618">Alley Theatre
				(Houston, Tex.)</corpname>
			<corpname role="subject" source="naf" authfilenumber="http://id.loc.gov/authorities/names/n88666559">American
				Shakespeare Festival Theatre and Academy</corpname>
			<corpname role="subject" source="local">Great Lakes Theater Festival (Cleveland, Oh.)</corpname>
			<corpname role="subject" source="naf" authfilenumber="http://id.loc.gov/authorities/names/no2006112443">Houston
				Ballet</corpname>
			<corpname role="subject" source="naf" authfilenumber="http://id.loc.gov/authorities/names/n84002005">Roundabout
				Theatre Company</corpname>
			<corpname role="subject" source="naf" authfilenumber="http://id.loc.gov/authorities/names/n82107833">Yale Repertory
				Theatre</corpname>
			<subject source="lcsh">Ballet -- Costume</subject>
			<subject source="lcsh">Costume design</subject>
			<subject source="lcsh">Costume designers</subject>
			<subject source="lcsh">Theater -- United States</subject>
			<genreform source="aat" authfilenumber="http://id.loc.gov/authorities/names/300028499">Blueprints (reprographic
				copies)</genreform>
			<genreform source="aat" authfilenumber="http://id.loc.gov/authorities/names/300026867">Clippings (information
				artifacts)</genreform>
			<genreform source="aat" authfilenumber="http://id.loc.gov/authorities/names/300033973">Drawings (visual
				works)</genreform>
			<genreform source="aat" authfilenumber="http://id.loc.gov/authorities/names/300026879">Letters
				(correspondence)</genreform>
			<genreform source="aat" authfilenumber="http://id.loc.gov/authorities/names/300046300">Photographs</genreform>
			<genreform source="lctgm" authfilenumber="http://id.loc.gov/authorities/names/300027221">Posters</genreform>
			<genreform source="aat" authfilenumber="http://id.loc.gov/authorities/names/300027240">Programs
				(documents)</genreform>
			<genreform source="aat" authfilenumber="http://id.loc.gov/authorities/names/300249430">Swatches</genreform>
			<occupation source="itoamc">Painters.</occupation>
			<occupation source="lcsh">Set designers</occupation>
		</controlaccess>
		<dsc>
			<c01 level="series">
				<did>
					<unittitle>Series I: Jeanne Button Files</unittitle>
					<unitdate type="inclusive" normal="1952/2015">1952-2015</unitdate>
					<unitid type="local_mss">3196157</unitid>
					<physdesc><extent unit="containers">46 boxes, 2 oversize folders</extent><extent unit="linear_feet">13.02 linear
							feet</extent></physdesc>
				</did>
				<scopecontent>
					<p>This series is in three divisions: Production Files, Personal Papers, and Raphael Sbarge Files.</p>
					<p>The Production Files, which comprise the bulk of the collection, primarily document the projects on which Button
						worked as a costume designer. The content for each production varies, but most files contain at least sketches or
						drawings of costumes for characters in pencil, ink, chalk, or paint. Additional content includes fabric swatches;
						costume bibles; letters or correspondence with directors and producers; photographs of actors in costumes, or on
						stage; programs and season brochures; and clippings. The clippings contain images of research or inspiration for
						Button as well as reviews or articles about productions.</p>
					<p>Notes in the container list specify the producer or the venue of the production, when known. (These are
						sometimes the same, for example, the Great Lakes Theater Festival and the Alley Theatre in Houston, Texas). Some,
						particularly the Acting Company, were touring productions. In some cases, Button worked on multiple productions of
						plays with different producers. Productions with the most documentation are <title>Arsenic and Old Lace</title>,
							<title>Big River</title>, <title>La Bohème</title>, <title>Broadway</title>, <title>The Crucible</title>,
							<title>Equus</title>, <title>Henry V</title>, <title>Inherit The Wind</title>, <title>Macbird!</title>,
							<title>Mother Courage and Her Children</title>, <title>The Robber Bridegroom</title>, and <title>Twelfth
							Night</title>, as well as the Trey McIntyre ballets <title>Aliss In Wonderland</title> and <title>Peter
							Pan</title>. The best-represented producers include The Acting Company, Yale Repertory Theatre, Great Lakes
						Theater Festival, and the Alley Theatre.</p>
					<p>Three items or files contain material from multiple productions:. Button compiled a portfolio of her work in the
						1990s; a slidebook holds images of productions, as well as research photographs; and there are posters for 14
						productions. See the container list for details on all three.</p>
					<p>Personal Papers include a set of clippings about Button's career; programs for productions which may not be
						otherwise documented in the collection; resumes; diplomas and honors from stage unions; letters from colleagues,
						friends, and family; and family photographs.</p>
					<p>The Raphael Sbarge Files, compiled by Button, document Sbarge's acting career through clippings, programs,
						photographs, and letters. The letters are from Sbarge to Button.</p>
				</scopecontent>
				<arrangement>
					<p>Production Files are arranged by title. The Personal Papers are arranged by format.</p>
				</arrangement>
				<c02 level="file">
					<did>
						<unittitle>Production Files</unittitle>
						<unitdate type="inclusive" normal="1966/2004">1966-2004</unitdate>
						<unitid type="local_mss">3196159</unitid>
					</did>
					<c03 level="file">
						<did>
							<unittitle><title>Aliss in Wonderland</title></unittitle>
							<unitdate type="inclusive" normal="1999">1999</unitdate>
							<unitid type="local_mss">3196165</unitid>
							<container type="box">1</container>
							<container type="folder">1-2</container>
							<container type="box">2</container>
							<container type="folder">1</container>
						</did>
						<bioghist>
							<p>A Trey McIntyre ballet performed by the Fort Worth Dallas Ballet.</p>
						</bioghist>
					</c03>
					<c03 level="file">
						<did>
							<unittitle><title>Arsenic and Old Lace</title></unittitle>
							<unitid type="local_mss">3196167</unitid>
						</did>
						<c04 level="file">
							<did>
								<unitdate type="inclusive" normal="1986">1986</unitdate>
								<unitid type="local_mss">3196168</unitid>
								<container type="box">1</container>
								<container type="folder">3-4</container>
								<container type="box">3</container>
								<container type="folder">1-2</container>
							</did>
							<bioghist>
								<p>Great Lakes Theater Festival.</p>
							</bioghist>
						</c04>
						<c04 level="file">
							<did>
								<unitdate type="inclusive" normal="2000">2000</unitdate>
								<unitid type="local_mss">3196169</unitid>
								<container type="box">2</container>
								<container type="folder">2</container>
							</did>
						</c04>
					</c03>
					<c03 level="file">
						<did>
							<unittitle><title>As Bees in Honey Drown</title></unittitle>
							<unitdate type="inclusive" normal="2000">2000</unitdate>
							<unitid type="local_mss">3196170</unitid>
							<container type="box">1</container>
							<container type="folder">5</container>
						</did>
					</c03>
					<c03 level="file">
						<did>
							<unittitle><title>As You Like It</title></unittitle>
							<unitdate type="inclusive" normal="1966/2004">1966-2004</unitdate>
							<unitid type="local_mss">3196171</unitid>
							<container type="box">1</container>
							<container type="folder">6</container>
							<container type="box">3</container>
							<container type="folder">3</container>
						</did>
					</c03>
					<c03 level="file">
						<did>
							<unittitle>Ballet Memphis</unittitle>
							<unitdate type="inclusive" normal="1998">1998</unitdate>
							<unitid type="local_mss">3196172</unitid>
							<container type="box">1</container>
							<container type="folder">7</container>
							<container type="box">2</container>
							<container type="folder">3</container>
						</did>
						<bioghist>
							<p>Unidentified production.</p>
						</bioghist>
					</c03>
					<c03 level="file">
						<did>
							<unittitle><title>Big River</title></unittitle>
							<unitdate type="inclusive" normal="1992">1992</unitdate>
							<unitid type="local_mss">3196173</unitid>
							<container type="box">1</container>
							<container type="folder">8</container>
							<container type="box">3</container>
							<container type="folder">4-5</container>
							<container type="box">4</container>
							<container type="oversize_folder">1</container>
						</did>
						<scopecontent>
							<p>Box 4 contains a costume bible and swatches.</p>
						</scopecontent>
					</c03>
					<c03 level="file">
						<did>
							<unittitle><title>Blood Wedding</title></unittitle>
							<unitdate type="inclusive" normal="1988">1988</unitdate>
							<unitid type="local_mss">3196174</unitid>
							<container type="box">3</container>
							<container type="folder">6-7</container>
							<container type="box">5</container>
							<container type="folder">1-2</container>
						</did>
						<bioghist>
							<p>Great Lakes Theater Festival.</p>
						</bioghist>
					</c03>
					<c03 level="file">
						<did>
							<unittitle><title>La Bohème</title></unittitle>
							<unitdate type="inclusive" normal="1986/1988">1986-1988</unitdate>
							<unitid type="local_mss">3196175</unitid>
							<container type="box">6</container>
							<container type="folder">1-4</container>
							<container type="box">7</container>
							<container type="folder">1-4</container>
							<container type="box">8</container>
							<container type="folder">1-3</container>
							<container type="box">9</container>
							<container type="folder">1</container>
							<container type="box">5</container>
							<container type="folder">3</container>
							<container type="box">2</container>
							<container type="folder">4-8</container>
							<container type="box">10</container>
							<container type="folder">1-3</container>
						</did>
						<bioghist>
							<p>San Francisco Opera and television film.</p>
						</bioghist>
					</c03>
					<c03 level="file">
						<did>
							<unittitle><title>Booth is Back in Town</title></unittitle>
							<unitdate type="inclusive" normal="1983">1983</unitdate>
							<unitid type="local_mss">3196176</unitid>
							<container type="box">5</container>
							<container type="folder">4</container>
							<container type="box">8</container>
							<container type="folder">4</container>
							<container type="box">9</container>
							<container type="folder">2-4</container>
						</did>
					</c03>
					<c03 level="file">
						<did>
							<unittitle><title>Broadway</title></unittitle>
							<unitdate type="inclusive" normal="1987">1987</unitdate>
							<unitid type="local_mss">3196177</unitid>
							<container type="box">8</container>
							<container type="folder">5-6</container>
							<container type="box">11</container>
							<container type="folder">1-5</container>
							<container type="box">12</container>
							<container type="folder">1</container>
							<container type="box">5</container>
							<container type="folder">5-6</container>
							<container type="box">10</container>
							<container type="folder">4-5</container>
						</did>
						<bioghist>
							<p>Great Lakes Theater Festival.</p>
						</bioghist>
					</c03>
					<c03 level="file">
						<did>
							<unittitle><title>Camino Real</title></unittitle>
							<unitdate type="inclusive" normal="1977">1977</unitdate>
							<unitid type="local_mss">3196187</unitid>
							<container type="box">5</container>
							<container type="folder">7</container>
							<container type="box">13</container>
							<container type="folder">1</container>
						</did>
						<bioghist>
							<p>The Acting Company.</p>
						</bioghist>
					</c03>
					<c03 level="file">
						<did>
							<unittitle><title>Coppélia</title></unittitle>
							<unitdate type="inclusive" normal="1998">1998</unitdate>
							<unitid type="local_mss">3196189</unitid>
							<container type="box">13</container>
							<container type="folder">2</container>
						</did>
					</c03>
					<c03 level="file">
						<did>
							<unittitle><title>The Crucible</title></unittitle>
							<unitdate type="inclusive" normal="1989/1990">1989-1990</unitdate>
							<unitid type="local_mss">3196193</unitid>
							<container type="box">12</container>
							<container type="folder">2-4</container>
							<container type="box">13</container>
							<container type="folder">3-4</container>
						</did>
						<bioghist>
							<p>Roundabout Theatre Company.</p>
						</bioghist>
					</c03>
					<c03 level="file">
						<did>
							<unittitle><title>The Dresser</title></unittitle>
							<unitdate type="inclusive" normal="1981">1981</unitdate>
							<unitid type="local_mss">3196196</unitid>
							<container type="box">13</container>
							<container type="folder">5</container>
						</did>
					</c03>
					<c03 level="file">
						<did>
							<unittitle><title>Donna Rosita the Spinster</title></unittitle>
							<unitdate type="inclusive" normal="1966/2004">1966-2004</unitdate>
							<unitid type="local_mss">3196278</unitid>
							<container type="box">9</container>
							<container type="folder">5</container>
							<container type="box">14</container>
							<container type="folder">1</container>
						</did>
					</c03>
					<c03 level="file">
						<did>
							<unittitle><title>The Durango Flash</title></unittitle>
							<unitdate type="inclusive" normal="1976">1976</unitdate>
							<unitid type="local_mss">3196280</unitid>
							<container type="box">10</container>
							<container type="folder">6-7</container>
						</did>
						<bioghist>
							<p>Yale Repertory Theatre.</p>
						</bioghist>
					</c03>
					<c03 level="file">
						<did>
							<unittitle><title>Elvis: An American Musical</title></unittitle>
							<unitdate type="inclusive" normal="1978">1978</unitdate>
							<unitid type="local_mss">3196282</unitid>
							<note>
								<p>See also posters.</p>
							</note>
							<container type="box">12</container>
							<container type="folder">5</container>
							<container type="box">13</container>
							<container type="folder">6-9</container>
							<container type="box">15</container>
							<container type="folder">1-5</container>
							<container type="box">17</container>
							<container type="folder">1</container>
						</did>
					</c03>
					<c03 level="file">
						<did>
							<unittitle><title>Equus</title></unittitle>
							<unitdate type="inclusive" normal="2000/2001">2000-2001</unitdate>
							<unitid type="local_mss">3196330</unitid>
							<container type="box">16</container>
							<container type="folder">1</container>
						</did>
						<bioghist>
							<p>Alley Theatre, Houston, Texas.</p>
						</bioghist>
					</c03>
					<c03 level="file">
						<did>
							<unittitle><title>Eurydice</title></unittitle>
							<unitdate type="inclusive" normal="1990">1990</unitdate>
							<unitid type="local_mss">3196362</unitid>
							<container type="box">16</container>
							<container type="folder">2</container>
						</did>
					</c03>
					<c03 level="file">
						<did>
							<unittitle><title>A Flea in Her Ear</title></unittitle>
							<unitdate type="inclusive" normal="2000/2001">2000-2001</unitdate>
							<unitid type="local_mss">3196370</unitid>
							<container type="box">18</container>
						</did>
						<bioghist>
							<p>Alley Theatre, Houston.</p>
						</bioghist>
						<scopecontent>
							<p>Contains a costume bible.</p>
						</scopecontent>
					</c03>
					<c03 level="file">
						<did>
							<unittitle><title>The Freaking Out of Stephanie Blake</title></unittitle>
							<unitdate type="inclusive" normal="1967">1967</unitdate>
							<unitid type="local_mss">3196784</unitid>
							<note>
								<p>See also posters.</p>
							</note>
							<container type="box">17</container>
							<container type="folder">2-3</container>
						</did>
					</c03>
					<c03 level="file">
						<did>
							<unittitle><title>The Frogs</title></unittitle>
							<unitdate type="inclusive" normal="1974">1974</unitdate>
							<unitid type="local_mss">3196785</unitid>
							<container type="box">17</container>
							<container type="folder">4</container>
							<container type="box">19</container>
							<container type="folder">1</container>
						</did>
						<bioghist>
							<p>Yale Repertory Theatre.</p>
						</bioghist>
					</c03>
					<c03 level="file">
						<did>
							<unittitle><title>General Gorgeous</title></unittitle>
							<unitdate type="inclusive" normal="1976">1976</unitdate>
							<unitid type="local_mss">3196786</unitid>
							<container type="box">9</container>
							<container type="folder">6</container>
							<container type="box">17</container>
							<container type="folder">5</container>
						</did>
						<bioghist>
							<p>Yale Repertory Theatre.</p>
						</bioghist>
					</c03>
					<c03 level="file">
						<did>
							<unittitle><title>Get Thee to Canterbury</title></unittitle>
							<unitdate type="inclusive" normal="1968">1968</unitdate>
							<unitid type="local_mss">3196787</unitid>
							<note>
								<p>See also posters.</p>
							</note>
							<container type="box">16</container>
							<container type="folder">3</container>
						</did>
						<bioghist>
							<p>Sheridan Square Playhouse.</p>
						</bioghist>
					</c03>
					<c03 level="file">
						<did>
							<unittitle><title>Harrison, Texas</title></unittitle>
							<unitdate type="inclusive" normal="1966/2004">1966-2004</unitdate>
							<unitid type="local_mss">3196788</unitid>
							<container type="box">20</container>
							<container type="folder">1</container>
						</did>
					</c03>
					<c03 level="file">
						<did>
							<unittitle><title>Hay Fever</title></unittitle>
							<unitdate type="inclusive" normal="2000">2000</unitdate>
							<unitid type="local_mss">3196789</unitid>
							<container type="box">9</container>
							<container type="folder">7</container>
						</did>
						<bioghist>
							<p>Alley Theatre, Houston.</p>
						</bioghist>
					</c03>
					<c03 level="file">
						<did>
							<unittitle><title>Hedda Gabler</title></unittitle>
							<unitid type="local_mss">3196790</unitid>
						</did>
						<bioghist>
							<p>Both productions at Alley Theatre, Houston.</p>
						</bioghist>
						<c04 level="file">
							<did>
								<unitdate type="inclusive" normal="1986">1986</unitdate>
								<unitid type="local_mss">3196791</unitid>
								<container type="box">16</container>
								<container type="folder">4</container>
							</did>
						</c04>
						<c04 level="file">
							<did>
								<unitdate type="inclusive" normal="1998/1999">1998-1999</unitdate>
								<unitid type="local_mss">3196792</unitid>
								<container type="box">17</container>
								<container type="folder">6</container>
							</did>
						</c04>
					</c03>
					<c03 level="file">
						<did>
							<unittitle><title>Henry V</title></unittitle>
							<unitid type="local_mss">3196793</unitid>
							<note>
								<p>See also slides.</p>
							</note>
						</did>
						<c04 level="file">
							<did>
								<unitdate type="inclusive" normal="1969">1969</unitdate>
								<unitid type="local_mss">3196794</unitid>
								<container type="box">21</container>
								<container type="folder">1</container>
								<container type="box">22</container>
								<container type="folder">1-3</container>
							</did>
							<bioghist>
								<p>American Shakespeare Festival.</p>
							</bioghist>
						</c04>
						<c04 level="file">
							<did>
								<unitdate type="inclusive" normal="1995">1995</unitdate>
								<unitid type="local_mss">3196795</unitid>
								<container type="box">16</container>
								<container type="folder">5</container>
							</did>
							<bioghist>
								<p>The Acting Company.</p>
							</bioghist>
						</c04>
					</c03>
					<c03 level="file">
						<did>
							<unittitle><title>Huckleberry Finn</title></unittitle>
							<unitdate type="inclusive" normal="1971">1971</unitdate>
							<unitid type="local_mss">3196796</unitid>
							<container type="box">22</container>
							<container type="folder">4</container>
						</did>
						<bioghist>
							<p>The Juilliard School.</p>
						</bioghist>
					</c03>
					<c03 level="file">
						<did>
							<unittitle><title>In A Pig's Valise</title></unittitle>
							<unitdate type="inclusive" normal="1988/1989">1988-1989</unitdate>
							<unitid type="local_mss">3196797</unitid>
							<container type="box">19</container>
							<container type="folder">2</container>
							<container type="box">21</container>
							<container type="folder">2-3</container>
						</did>
					</c03>
					<c03 level="file">
						<did>
							<unittitle><title>Inherit The Wind</title></unittitle>
							<unitdate type="inclusive" normal="1991">1991</unitdate>
							<unitid type="local_mss">3196798</unitid>
							<note>
								<p>See also portfolio.</p>
							</note>
							<container type="box">16</container>
							<container type="folder">6</container>
							<container type="box">21</container>
							<container type="folder">4-7</container>
							<container type="box">22</container>
							<container type="folder">5</container>
							<container type="box">23</container>
							<container type="folder">1</container>
							<container type="box">24</container>
							<container type="folder">1</container>
						</did>
						<bioghist>
							<p>Alabama Shakespeare Festival.</p>
						</bioghist>
						<scopecontent>
							<p>Box 21, folders 6-7 contain a costume bible.</p>
						</scopecontent>
					</c03>
					<c03 level="file">
						<did>
							<unittitle><title>The Isle is Full of Noises</title></unittitle>
							<unitdate type="inclusive" normal="1982">1982</unitdate>
							<unitid type="local_mss">3196799</unitid>
							<container type="box">22</container>
							<container type="folder">6</container>
						</did>
					</c03>
					<c03 level="file">
						<did>
							<unittitle><title>Ivanov</title></unittitle>
							<unitdate type="inclusive" normal="1976">1976</unitdate>
							<unitid type="local_mss">3196800</unitid>
							<container type="box">22</container>
							<container type="folder">7</container>
						</did>
						<scopecontent>
							<p>Yale Repertory Theatre.</p>
						</scopecontent>
					</c03>
					<c03 level="file">
						<did>
							<unittitle><title>Joan And Charles With Angels</title></unittitle>
							<unitdate type="inclusive" normal="1984">1984</unitdate>
							<unitid type="local_mss">3196801</unitid>
							<container type="box">23</container>
							<container type="folder">2</container>
							<container type="box">40</container>
							<container type="folder">4</container>
							<container type="oversize_folder">2</container>
						</did>
					</c03>
					<c03 level="file">
						<did>
							<unittitle><title>King Lear</title></unittitle>
							<unitdate type="inclusive" normal="1966/2004">1966-2004</unitdate>
							<unitid type="local_mss">3196802</unitid>
							<container type="box">22</container>
							<container type="folder">8</container>
							<container type="box">23</container>
							<container type="folder">3</container>
						</did>
					</c03>
					<c03 level="file">
						<did>
							<unittitle><title>Kongi's Harvest</title></unittitle>
							<unitdate type="inclusive" normal="1968">1968</unitdate>
							<unitid type="local_mss">3196803</unitid>
							<note>
								<p>See also posters.</p>
							</note>
							<container type="box">19</container>
							<container type="folder">3</container>
						</did>
						<bioghist>
							<p>Negro Ensemble Company.</p>
						</bioghist>
					</c03>
					<c03 level="file">
						<did>
							<unittitle><title>Les Liaisons Dangereuses</title></unittitle>
							<unitdate type="inclusive" normal="1997">1997</unitdate>
							<unitid type="local_mss">3196804</unitid>
							<container type="box">24</container>
							<container type="folder">2</container>
						</did>
					</c03>
					<c03 level="file">
						<did>
							<unittitle><title>Long Day's Journey Into Night</title></unittitle>
							<unitdate type="inclusive" normal="1998">1998</unitdate>
							<unitid type="local_mss">3196805</unitid>
							<note>
								<p>See also slides.</p>
							</note>
							<container type="box">24</container>
							<container type="folder">3</container>
							<container type="box">42</container>
						</did>
						<bioghist>
							<p>Alley Theatre, Houston.</p>
						</bioghist>
					</c03>
					<c03 level="file">
						<did>
							<unittitle><title>The Losers</title></unittitle>
							<unitdate type="inclusive" normal="1971">1971</unitdate>
							<unitid type="local_mss">3196807</unitid>
							<note>
								<p>See also portfolio.</p>
							</note>
							<container type="box">20</container>
							<container type="folder">2-3</container>
						</did>
						<bioghist>
							<p>The Juilliard School.</p>
						</bioghist>
					</c03>
					<c03 level="file">
						<did>
							<unittitle><title>Macbird!</title></unittitle>
							<unitdate type="inclusive" normal="1967">1967</unitdate>
							<unitid type="local_mss">3196808</unitid>
							<note>
								<p>See also posters.</p>
							</note>
							<container type="box">23</container>
							<container type="folder">4</container>
							<container type="box">19</container>
							<container type="folder">4-6</container>
							<container type="box">25</container>
							<container type="folder">1-2</container>
							<container type="box">26</container>
							<container type="folder">1-5</container>
						</did>
						<bioghist>
							<p>The Village Gate.</p>
						</bioghist>
					</c03>
					<c03 level="file">
						<did>
							<unittitle><title>Man of La Mancha</title></unittitle>
							<unitdate type="inclusive" normal="1995">1995</unitdate>
							<unitid type="local_mss">3196809</unitid>
							<container type="box">27</container>
							<container type="folder">1-2</container>
						</did>
					</c03>
					<c03 level="file">
						<did>
							<unittitle><title>Marat/Sade</title></unittitle>
							<unitdate type="inclusive" normal="1971">1971</unitdate>
							<unitid type="local_mss">3196810</unitid>
							<container type="box">24</container>
							<container type="folder">4</container>
						</did>
					</c03>
					<c03 level="file">
						<did>
							<unittitle><title>The Merry Wives of Windsor</title></unittitle>
							<unitdate type="inclusive" normal="1996">1996</unitdate>
							<unitid type="local_mss">3196895</unitid>
							<container type="box">41</container>
							<container type="folder">1</container>
						</did>
						<bioghist>
							<p>Tulane Summer Shakespeare Festival.</p>
						</bioghist>
					</c03>
					<c03 level="file">
						<did>
							<unittitle><title>Mother Courage and Her Children</title></unittitle>
							<unitid type="local_mss">3196811</unitid>
							<note>
								<p>See also portfolio.</p>
							</note>
						</did>
						<c04 level="file">
							<did>
								<unitdate type="inclusive" normal="1977">1977</unitdate>
								<unitid type="local_mss">3196812</unitid>
								<container type="box">24</container>
								<container type="folder">5</container>
							</did>
							<bioghist>
								<p>The Acting Company.</p>
							</bioghist>
						</c04>
						<c04 level="file">
							<did>
								<unitdate type="inclusive" normal="1989">1989</unitdate>
								<unitid type="local_mss">3196813</unitid>
								<container type="box">23</container>
								<container type="folder">5</container>
								<container type="box">24</container>
								<container type="folder">6</container>
								<container type="box">27</container>
								<container type="folder">3</container>
							</did>
							<bioghist>
								<p>Williamstown Theatre Festival and Great Lakes Theater Festival.</p>
							</bioghist>
						</c04>
					</c03>
					<c03 level="file">
						<did>
							<unittitle><title>Much Ado About Nothing</title></unittitle>
							<unitdate type="inclusive" normal="1966/2004">1966-2004</unitdate>
							<unitid type="local_mss">3196815</unitid>
							<container type="box">28</container>
							<container type="folder">1</container>
						</did>
					</c03>
					<c03 level="file">
						<did>
							<unittitle><title>Othello</title></unittitle>
							<unitdate type="inclusive" normal="1966/2004">1966-2004</unitdate>
							<unitid type="local_mss">3196816</unitid>
							<note>
								<p>See also portfolio.</p>
							</note>
							<container type="box">27</container>
							<container type="folder">4-5</container>
						</did>
						<bioghist>
							<p>National Shakespeare Company.</p>
						</bioghist>
					</c03>
					<c03 level="file">
						<did>
							<unittitle><title>Peter Pan</title></unittitle>
							<unitid type="local_mss">3196817</unitid>
							<note>
								<p>See also portfolio.</p>
							</note>
						</did>
						<c04 level="file">
							<did>
								<unitdate type="inclusive" normal="1991/1993">1991-1993</unitdate>
								<unitid type="local_mss">3196818</unitid>
								<container type="box">23</container>
								<container type="folder">6</container>
								<container type="box">28</container>
								<container type="folder">2-4</container>
								<container type="box">29</container>
							</did>
							<bioghist>
								<p>Alabama Shakespeare Festival.</p>
							</bioghist>
							<scopecontent>
								<p>Box 29 contains a costume bible.</p>
							</scopecontent>
						</c04>
						<c04 level="file">
							<did>
								<unitdate type="inclusive" normal="1997/2004">1997-2004</unitdate>
								<unitid type="local_mss">3196828</unitid>
							</did>
							<bioghist>
								<p>Houston Ballet.</p>
							</bioghist>
							<scopecontent>
								<p>These files include a video recording of rehearsals for a 2002 version of this production.</p>
							</scopecontent>
							<accessrestrict>
								<p>Inquiries regarding moving image materials in the collection may be directed to the Billy Rose Theatre
									Division (theatre@nypl.org). Audio and moving image materials may be subject to preservation evaluation and
									migration prior to access.</p>
							</accessrestrict>
							<c05 level="file">
								<did>
									<unittitle>Designs</unittitle>
									<unitid type="local_mss">3196819</unitid>
									<container type="box">23</container>
									<container type="folder">6-7</container>
									<container type="box">28</container>
									<container type="folder">5-6</container>
									<container type="box">30</container>
									<container type="box">31</container>
									<container type="folder">1</container>
									<container type="box">32</container>
									<container type="folder">1-4</container>
								</did>
								<scopecontent>
									<p>Box 30 contains a costume bible.</p>
								</scopecontent>
							</c05>
						</c04>
					</c03>
					<c03 level="file">
						<did>
							<unittitle><title>Richard III</title></unittitle>
							<unitdate type="inclusive" normal="1979">1979</unitdate>
							<unitid type="local_mss">3196830</unitid>
							<note>
								<p>See also posters.</p>
							</note>
							<container type="box">25</container>
							<container type="folder">3-4</container>
							<container type="box">31</container>
							<container type="folder">2-3</container>
							<container type="box">33</container>
							<container type="folder">1</container>
						</did>
					</c03>
					<c03 level="file">
						<did>
							<unittitle><title>The Ring</title></unittitle>
							<unitdate type="inclusive" normal="1986/1987">1986-1987</unitdate>
							<unitid type="local_mss">3196831</unitid>
							<container type="box">31</container>
							<container type="folder">4</container>
							<container type="box">32</container>
							<container type="folder">5</container>
							<container type="box">33</container>
							<container type="folder">2-4</container>
						</did>
						<bioghist>
							<p>Artpark, Buffalo, New York.</p>
						</bioghist>
					</c03>
					<c03 level="file">
						<did>
							<unittitle><title>The Rise and Fall of the City of Mahagonny</title></unittitle>
							<unitdate type="inclusive" normal="1970/1975">early 1970s</unitdate>
							<unitid type="local_mss">3196832</unitid>
							<container type="box">31</container>
							<container type="folder">5</container>
							<container type="box">33</container>
							<container type="folder">5</container>
						</did>
						<bioghist>
							<p>Opera Society of Washington.</p>
						</bioghist>
					</c03>
					<c03 level="file">
						<did>
							<unittitle><title>The Robber Bridegroom</title></unittitle>
							<unitdate type="inclusive" normal="1975/1976">1975-1976</unitdate>
							<unitid type="local_mss">3196833</unitid>
							<note>
								<p>See also portfolio.</p>
							</note>
							<container type="box">31</container>
							<container type="folder">6</container>
							<container type="box">32</container>
							<container type="folder">6</container>
							<container type="box">33</container>
							<container type="folder">6</container>
							<container type="box">34</container>
							<container type="folder">1</container>
							<container type="box">35</container>
							<container type="folder">1-2</container>
							<container type="box">36</container>
							<container type="folder">1-3</container>
						</did>
						<bioghist>
							<p>The Acting Company.</p>
						</bioghist>
					</c03>
					<c03 level="file">
						<did>
							<unittitle><title>Sand Dancing</title></unittitle>
							<unitdate type="inclusive" normal="1983">1983</unitdate>
							<unitid type="local_mss">3196894</unitid>
							<container type="box">40</container>
							<container type="folder">5</container>
						</did>
					</c03>
					<c03 level="file">
						<did>
							<unittitle><title>Sherlock's Last Case</title></unittitle>
							<unitdate type="inclusive" normal="1998">1998</unitdate>
							<unitid type="local_mss">3196841</unitid>
							<container type="box">34</container>
							<container type="folder">2</container>
						</did>
						<bioghist>
							<p>Alley Theatre, Houston.</p>
						</bioghist>
					</c03>
					<c03 level="file">
						<did>
							<unittitle><title>The Skin of Our Teeth</title></unittitle>
							<unitdate type="inclusive" normal="1984">1984</unitdate>
							<unitid type="local_mss">3196843</unitid>
							<container type="box">31</container>
							<container type="folder">7</container>
							<container type="box">35</container>
							<container type="folder">3</container>
							<container type="box">36</container>
							<container type="folder">4</container>
						</did>
						<bioghist>
							<p>The Acting Company.</p>
						</bioghist>
					</c03>
					<c03 level="file">
						<did>
							<unittitle><title>Terra Nova</title></unittitle>
							<unitdate type="inclusive" normal="1996">1996</unitdate>
							<unitid type="local_mss">3196845</unitid>
							<container type="box">34</container>
							<container type="folder">3</container>
						</did>
					</c03>
					<c03 level="file">
						<did>
							<unittitle><title>The Three Sisters</title></unittitle>
							<unitdate type="inclusive" normal="1966/2004">1966-2004</unitdate>
							<unitid type="local_mss">3196846</unitid>
							<container type="box">34</container>
							<container type="folder">4</container>
						</did>
					</c03>
					<c03 level="file">
						<did>
							<unittitle><title>The Threepenny Opera</title></unittitle>
							<unitid type="local_mss">3196847</unitid>
						</did>
						<c04 level="file">
							<did>
								<unitdate type="inclusive" normal="1972">1972</unitdate>
								<unitid type="local_mss">3196848</unitid>
								<container type="box">31</container>
								<container type="folder">8</container>
							</did>
						</c04>
						<c04 level="file">
							<did>
								<unitdate type="inclusive" normal="1989/1990">1989-1990</unitdate>
								<unitid type="local_mss">3196852</unitid>
								<container type="box">37</container>
								<container type="folder">1-2</container>
							</did>
							<bioghist>
								<p>Great Lakes Theater Festival.</p>
							</bioghist>
						</c04>
					</c03>
					<c03 level="file">
						<did>
							<unittitle><title>Travesties</title></unittitle>
							<unitdate type="inclusive" normal="1999">1999</unitdate>
							<unitid type="local_mss">3196853</unitid>
							<note>
								<p>See also slides.</p>
							</note>
							<container type="box">34</container>
							<container type="folder">5-6</container>
							<container type="box">37</container>
							<container type="folder">3-5</container>
						</did>
						<bioghist>
							<p>Alley Theatre, Houston.</p>
						</bioghist>
					</c03>
					<c03 level="file">
						<did>
							<unittitle><title>Twelfth Night</title></unittitle>
							<unitid type="local_mss">3196855</unitid>
						</did>
						<c04 level="file">
							<did>
								<unitdate type="inclusive" normal="1978/1979">1978-1979</unitdate>
								<unitid type="local_mss">3196856</unitid>
								<container type="box">14</container>
								<container type="folder">2-3</container>
								<container type="box">37</container>
								<container type="folder">6</container>
							</did>
							<bioghist>
								<p>American Shakespeare Festival.</p>
							</bioghist>
						</c04>
						<c04 level="file">
							<did>
								<unitdate type="inclusive" normal="1984/1985">1984-1985</unitdate>
								<unitid type="local_mss">3196858</unitid>
								<container type="box">36</container>
								<container type="folder">5-6</container>
								<container type="box">37</container>
								<container type="folder">7</container>
							</did>
							<bioghist>
								<p>Great Lakes Theater Festival.</p>
							</bioghist>
						</c04>
						<c04 level="file">
							<did>
								<unitdate type="inclusive" normal="1989">1989</unitdate>
								<unitid type="local_mss">3196859</unitid>
								<container type="box">35</container>
								<container type="folder">4-5</container>
								<container type="box">38</container>
								<container type="folder">1-2</container>
							</did>
							<bioghist>
								<p>New York Shakespeare Festival.</p>
							</bioghist>
						</c04>
					</c03>
					<c03 level="file">
						<did>
							<unittitle><title>The Twilight of the Golds</title></unittitle>
							<unitdate type="inclusive" normal="1993">1993</unitdate>
							<unitid type="local_mss">3196860</unitid>
							<container type="box">37</container>
							<container type="folder">8</container>
							<container type="box">39</container>
							<container type="folder">1</container>
						</did>
					</c03>
					<c03 level="file">
						<did>
							<unittitle><title>The Way of the World</title></unittitle>
							<unitdate type="inclusive" normal="1966/2004">1966-2004</unitdate>
							<unitid type="local_mss">3196861</unitid>
							<container type="box">39</container>
							<container type="folder">2</container>
						</did>
					</c03>
					<c03 level="file">
						<did>
							<unittitle><title>The Wild Duck</title></unittitle>
							<unitdate type="inclusive" normal="1978">1978</unitdate>
							<unitid type="local_mss">3196862</unitid>
							<container type="box">36</container>
							<container type="folder">7</container>
							<container type="box">39</container>
							<container type="folder">3</container>
						</did>
						<bioghist>
							<p>Yale Repertory Theatre.</p>
						</bioghist>
					</c03>
					<c03 level="file">
						<did>
							<unittitle><title>Wings</title></unittitle>
							<unitdate type="inclusive" normal="1978/1979">1978-1979</unitdate>
							<unitid type="local_mss">3196863</unitid>
							<note>
								<p>See also portfolio and posters.</p>
							</note>
							<container type="box">34</container>
							<container type="folder">7</container>
							<container type="box">39</container>
							<container type="folder">4</container>
						</did>
						<bioghist>
							<p>Yale Repertory Theatre.</p>
						</bioghist>
					</c03>
					<c03 level="file">
						<did>
							<unittitle>Designs For Unidentified Productions</unittitle>
							<unitdate type="inclusive" normal="1966/2004">1966-2004</unitdate>
							<unitid type="local_mss">3196870</unitid>
							<container type="box">14</container>
							<container type="folder">4</container>
							<container type="box">34</container>
							<container type="folder">8-12</container>
							<container type="box">40</container>
							<container type="folder">6-7</container>
							<container type="box">41</container>
							<container type="folder">2-5</container>
							<container type="box">43</container>
							<container type="folder">1</container>
							<container type="box">44</container>
							<container type="folder">1-4</container>
							<container type="box">45</container>
							<container type="folder">1-2</container>
						</did>
					</c03>
					<c03 level="file">
						<did>
							<unittitle>Portfolio</unittitle>
							<unitdate type="inclusive" normal="1990/1999">1990s</unitdate>
							<unitid type="local_mss">3196864</unitid>
							<container type="box">40</container>
							<container type="folder">1-3</container>
						</did>
						<scopecontent>
							<p>Samples of designs from <title>Peter Pan</title>, <title>Mother Courage and Her Children</title>, <title>The
									Skin of Our Teeth</title>, <title>Elvis: A Musical Celebration</title>, <title>Inherit the Wind</title>,
									<title>The Robber Bridegroom</title>, <title>Broadway</title>, <title>Arsenic and Old Lace</title>,
									<title>Wings</title>, <title>The Losers</title>, and <title>Macbird!</title>.</p>
						</scopecontent>
					</c03>
					<c03 level="file">
						<did>
							<unittitle>Slidebook</unittitle>
							<unitdate type="inclusive" normal="1967/1988">1967-1988</unitdate>
							<unitid type="local_mss">3196869</unitid>
							<container type="box">39</container>
							<container type="folder">5-7</container>
						</did>
						<scopecontent>
							<p>Production photographs of <title>Peter Pan</title>, <title>Broadway</title>, <title>The Skin of Our
									Teeth</title>, <title>Macbird!</title>, <title>Twelfth Night</title>, <title>Elvis: A Musical
									Celebration</title>, <title>Joan And Charles With Angels</title>, and <title>Hamlet</title> (unidentified
								production). Also contains research images.</p>
						</scopecontent>
					</c03>
					<c03 level="file">
						<did>
							<unittitle>Posters</unittitle>
							<unitdate type="inclusive" normal="1966/1994">1966-1994</unitdate>
							<unitid type="local_mss">3196898</unitid>
							<container type="box">45</container>
							<container type="folder">3-5</container>
						</did>
						<scopecontent>
							<p>Includes <title>Ivanov</title>, <title>Macbird!</title>, <title>Glad All Over</title>, <title>The Freaking Out
									of Stephanie Blake</title>, <title>The Only Game In Town</title>, <title>Wings</title>, <title>Othello</title>,
									<title>The Curse of an Aching Heart</title>, <title>Elvis: An American Musical</title>, <title>Richard
									III</title>, <title>Get Thee to Canterbury</title>, <title>Now Is the Time for All Good Men</title>,
									<title>Kongi's Harvest</title>, and <title>1776</title>.</p>
						</scopecontent>
					</c03>
				</c02>
				<c02 level="file">
					<did>
						<unittitle>Personal Papers</unittitle>
						<unitdate type="inclusive" normal="1952/2015">1952-2015</unitdate>
						<unitid type="local_mss">3196160</unitid>
					</did>
					<c03 level="file">
						<did>
							<unittitle>Clippings and Programs</unittitle>
							<unitdate type="inclusive" normal="1973/2008">1973-2008</unitdate>
							<unitid type="local_mss">3196900</unitid>
							<container type="box">41</container>
							<container type="folder">6</container>
						</did>
					</c03>
					<c03 level="file">
						<did>
							<unittitle>Resumes</unittitle>
							<unitdate type="inclusive" normal="1980/1989">1980s</unitdate>
							<unitid type="local_mss">3196901</unitid>
							<container type="box">41</container>
							<container type="folder">7</container>
						</did>
					</c03>
					<c03 level="file">
						<did>
							<unittitle>Diplomas and Union Memberships</unittitle>
							<unitdate type="inclusive" normal="1952">1952</unitdate>
							<unitdate type="inclusive" normal="1996">1996</unitdate>
							<unitdate type="inclusive" normal="2015">2015</unitdate>
							<unitid type="local_mss">3196902</unitid>
							<container type="box">19</container>
							<container type="folder">7</container>
							<container type="box">41</container>
							<container type="folder">8</container>
						</did>
					</c03>
					<c03 level="file">
						<did>
							<unittitle>Letters</unittitle>
							<unitdate type="inclusive" normal="1998/2008">1998-2008</unitdate>
							<unitid type="local_mss">3196903</unitid>
							<container type="box">41</container>
							<container type="folder">9</container>
						</did>
					</c03>
					<c03 level="file">
						<did>
							<unittitle>Family Photographs</unittitle>
							<unitdate type="inclusive" normal="1960/2007">1960s-2007</unitdate>
							<unitid type="local_mss">3196904</unitid>
							<container type="box">46</container>
							<container type="folder">1-2</container>
						</did>
					</c03>
				</c02>
				<c02 level="file">
					<did>
						<unittitle>Raphael Sbarge Files</unittitle>
						<unitdate type="inclusive" normal="1970/2000">1970s-2000</unitdate>
						<unitid type="local_mss">3196163</unitid>
						<container type="box">46</container>
						<container type="folder">3-4</container>
					</did>
				</c02>
			</c01>
			<c01 level="series">
				<did>
					<unittitle>Series II: MacDonald Eaton Files</unittitle>
					<unitdate type="inclusive" normal="1950/2005">1950s-2005</unitdate>
					<unitid type="local_mss">3196158</unitid>
					<physdesc><extent unit="containers">4 boxes, 5 oversize folders</extent><extent unit="linear_feet">1.17 linear
							feet</extent></physdesc>
				</did>
				<scopecontent>
					<p>This series contains Eaton's set and stage designs and drawings; photographs of stages, sets, and Eaton's
						paintings; art created during Eaton's schooling at the Carnegie Institute of Technology; a scrapbook; and an
						annotated script for an unidentified production of <title>Death of a Salesman</title>.</p>
					<p>The set and stage designs, in the form of drawings and blueprints, date mainly from the late 1950s and early
						1960s, and are mostly for television. These include work for <title>The Ed Sullivan Show</title>, <title>American
							Bandstand</title>, <title>Directions</title>, and CBS News. Other work is for the U.S. Army Pictoral Center and
						the ballet <title>Aliss in Wonderland</title>.</p>
					<p>Set photographs date from the same time period and include both stage and television productions. Among them, in
						box 44, folder 5, are shots of Helen Hayes on the set of <title>Directions</title> in 1961.</p>
					<p>The Art Photographs and Reproductions contain prints and slides of Eaton's paintings.</p>
					<p>The scrapbook, titled <title>The Life, Times, and Art of MacDonald Eaton</title>, holds a brief biography; art
						and set photographs; Eaton's writings on metaphysics and politics; and clippings.</p>
				</scopecontent>
				<arrangement>
					<p>Arranged by format.</p>
				</arrangement>
				<c02 level="file">
					<did>
						<unittitle>Set Designs</unittitle>
						<unitdate type="inclusive" normal="1956/1962">1956-1962</unitdate>
						<unitdate type="inclusive" normal="2000">2000</unitdate>
						<unitid type="local_mss">3196161</unitid>
						<container type="oversize_folder">3-6</container>
					</did>
				</c02>
				<c02 level="file">
					<did>
						<unittitle>Set Photographs</unittitle>
						<unitdate type="inclusive">late 1950s-early 1960s</unitdate>
						<unitid type="local_mss">3196910</unitid>
						<container type="box">44</container>
						<container type="folder">5</container>
						<container type="box">46</container>
						<container type="folder">5</container>
						<container type="box">47</container>
						<container type="folder">1</container>
					</did>
				</c02>
				<c02 level="item">
					<did>
						<unittitle><title>Death of a Salesman</title> Annotated Script</unittitle>
						<unitdate type="inclusive" normal="1950/1969">1950s-1960s</unitdate>
						<unitid type="local_mss">3196911</unitid>
						<container type="box">47</container>
						<container type="folder">2</container>
					</did>
				</c02>
				<c02 level="file">
					<did>
						<unittitle>Art Photographs and Reproductions</unittitle>
						<unitdate type="inclusive" normal="1973/1987">1973-1987</unitdate>
						<unitid type="local_mss">3196912</unitid>
						<container type="box">47</container>
						<container type="folder">3</container>
					</did>
				</c02>
				<c02 level="file">
					<did>
						<unittitle>Art Studies</unittitle>
						<unitdate type="inclusive" normal="1952">1952</unitdate>
						<unitid type="local_mss">3196913</unitid>
						<container type="oversize_folder">7</container>
					</did>
					<scopecontent>
						<p>Work done at the Carnegie Institute of Technology.</p>
					</scopecontent>
				</c02>
				<c02 level="file">
					<did>
						<unittitle>Scrapbook, Programs, and Clippings</unittitle>
						<unitdate type="inclusive" normal="1962/2005">1962-2005</unitdate>
						<unitid type="local_mss">3196914</unitid>
						<container type="box">44</container>
						<container type="folder">6</container>
						<container type="box">48</container>
					</did>
				</c02>
			</c01>
		</dsc>
	</archdesc>
</ead>
