<?xml version="1.0" encoding="UTF-8"?>
<ead xmlns="urn:isbn:1-931666-22-9" xmlns:xsi="http://www.w3.org/2001/XMLSchema-instance" xmlns:xlink="http://www.w3.org/1999/xlink" xsi:schemaLocation="urn:isbn:1-931666-22-9 http://www.loc.gov/ead/ead.xsd">
  <eadheader countryencoding="iso3166-1" dateencoding="iso8601" langencoding="iso639-2b" repositoryencoding="iso15511" relatedencoding="marc" scriptencoding="iso8601"><eadid countrycode="US" mainagencycode="US-NN" url="http://archives.nypl.org/mus/24602.xml">mus24602.xml</eadid><filedesc><titlestmt><titleproper>Guide to the Stan Applebaum papers, <date>1940-2007</date></titleproper></titlestmt><publicationstmt><publisher>The New York Public Library. Music Division.</publisher><address><addressline>New York Public Library for the Performing Arts, Dorothy and Lewis B. Cullman Center</addressline><addressline>40 Lincoln Center Plaza, New York, NY 10023-7498</addressline></address></publicationstmt></filedesc><profiledesc><creation>EAD generated by archives.nypl.org on <date normal="2019-12-10">December 10, 2019</date></creation><langusage><language langcode="eng">English</language></langusage></profiledesc></eadheader>
  
  <archdesc level="collection"><did><unittitle>Stan Applebaum papers</unittitle><unitdate type="inclusive" normal="1940/2007">1940-2007</unitdate><unitid type="local_mss">24602</unitid><unitid type="local_call">JPB 19-01</unitid><unitid type="local_b">b21946268</unitid><origination><persname source="naf" authfilenumber="http://id.loc.gov/authorities/names/n50023933">Applebaum, Stan, 1922-</persname></origination><repository><corpname>The New York Public Library. Music Division.</corpname><address><addressline>New York Public Library for the Performing Arts, Dorothy and Lewis B. Cullman Center</addressline><addressline>40 Lincoln Center Plaza, New York, NY 10023-7498</addressline></address></repository><physdesc><extent unit="containers">25 containers, 1 volume</extent><extent unit="linear_feet">6.54 linear feet</extent></physdesc><abstract>Stanley Applebaum (1922-2019) was an arranger and composer who was highly active in the New York City popular and commercial music industry from the 1940s to the early 2000s. Among his clients were Skitch Henderson, the New York Pops, Ben E. King, Neil Sedaka, and the Broadway musical <title>Raggedy Ann</title>. Applebaum papers, which date from 1940 to 2007, are comprised primarily of scores for his arrangements, orchestrations, compositions, and commercial advertising; and sound recordings of his music for radio and television advertising. Business letters and contracts are also present.</abstract><langmaterial>English</langmaterial></did><bioghist><p>Stanley Applebaum (1922-2019) was an arranger and composer who was highly active in the New York City popular and commercial music industry from the 1940s to the early 2000s. Born in Newark, New Jersey, and raised in Irvington, Applebaum began playing piano at the age of 7. His first influences were jazz pianists such as Art Tatum and Oscar Peterson, and he wrote his first compositions and arrangements at age 12. By the time he was 19, Applebaum was writing for several big band leaders, including Cootie Williams, Benny Goodman, Harry James, and Glenn Miller. Applebaum never had a composition teacher growing up, but later studied with Stefan Wolpe.</p> <p>In 1941, he was drafted and served three years in the military, where he conducted and arranged for the United States Army Band in Germany. After World War II, Applebaum moved to New York City, where he worked as a staff arranger for CBS and NBC, and continued to write arrangements for band leaders such as Raymond Scott and Charlie Ventura. He also began collaborating with the conductor Andre Kostelanetz. Though he worked primarily as an arranger, Applebaum co-wrote the song "Passing Strangers," a hit recording of which was made by Billy Eckstine and Sarah Vaughan in 1957.</p> <p>In the late 1950s and 1960s, Applebaum worked with the producers, composers, lyricists, and singers associated with the Brill Building, including Ben E. King, Jerry Lieber, Mike Stoller, Neil Sedaka, the Drifters, the Coasters, Carole King, and Gerry Goffin. Applebaum was particularly noted for his arrangement for Ben E. King's hit for the Drifters, "Stand By Me," as well as "Save The Last Dance For Me" and "This Magic Moment." Other artists with whom he worked included Harold Arlen, Bobby Vinton, Ella Fitzgerald, Della Reese, Brook Benton, Quincy Jones, Doc Pomus, and Connie Francis. Applebaum had a hand in 35 top ten hits, as well as several number-one singles. He also released a hit album of his own, <title>Hollywood's Bad But Beautiful Girls</title> (1963).</p> <p>For 15 years, Applebaum was the main arranger and orchestrator for Skitch Henderson and the New York Pops Orchestra, and he also worked with the New York and London Philharmonic orchestras. In 1986, he produced the orchestrations for the Broadway musical <title>Raggedy Ann</title>. Applebaum was very successful in the commercial world, and founded his own company, S.A. Productions, to write and produce music for radio and television commercials. One of them, "Makes The Going Great," for Pan Am airlines, was turned into a ballet by George Balanchine. He also published compositions and arrangements for concert bands and orchestras, some written for student ensembles; piano etude books; and texts on harmony and composition.</p></bioghist><scopecontent><p>The Stan Applebaum papers, which date from 1940 to 2007, reveal his work in three main areas: arrangements for orchestra, often with vocalist; music for commercial advertising; and compositions, including songs written in partnership with lyricists. The papers are comprised mainly of scores for arrangements, orchestrations, and compositions; and sound recordings of Applebaum's music for radio and television advertising, as well as his original concert music. Business letters and contracts are also present.</p> <p>The majority of the scores are arrangements and orchestrations commissioned by clients such as the conductor Skitch Henderson; The New York Pops and other orchestras; and performers such as Ben E. King and Neil Sedaka. The scores for radio and television advertising include spots for major national brands such as Xerox, Johnson and Johnson, and Sears. Scores for Applebaum's compositions consist of piano, orchestral, and chamber music, as well as songs composed with various lyricists.</p> <p>The business files contain letters and contracts regarding publishing, copyright, licensing, and advertising.</p> <p>The sound and moving image recordings mainly hold audio of Applebaum's music for advertising, as well as a film of one commercial. Also present are recordings of Applebaum compositions and songs; his arrangements and productions for other artists; and recordings of unknown connection to Applebaum.</p></scopecontent><prefercite><p>Stan Applebaum papers, JPB 19-01. Music Division, The New York Public Library for the Performing Arts</p></prefercite><arrangement><p>The collection is arranged in three Series and three Subseries:</p> <p>Series I: Scores Subseries I.A. Arrangements and Orchestrations Subseries I.B. Commercials Subseries I.C. Compositions</p> <p>Series II: Business Files</p> <p>Series III: Sound and Moving Image Recordings</p></arrangement><acqinfo><p>Donated by Stanley Applebaum, 2018.</p></acqinfo><accessrestrict><p>Some collections held by the Dance, Music, Recorded Sound, and Theatre Divisions at the New York Public Library for the Performing Arts are held off-site and must be requested in advance. Please check the collection records in <extref xlink:href="http://catalog.nypl.org/record=LPA_BNUMBER" xlink:type="simple" xlink:actuate="onRequest">the NYPL's online catalog</extref> for detailed location information. For general guidance about requesting offsite materials, please consult: <extref xlink:href="https://www.nypl.org/about/locations/lpa/requesting-archival-materials" xlink:type="simple" xlink:actuate="onRequest">https://www.nypl.org/about/locations/lpa/requesting-archival-materials</extref></p><p>Audio and moving image recordings are unavailable pending digitization.</p></accessrestrict><controlaccess><persname source="naf" authfilenumber="http://id.loc.gov/authorities/names/n50023933">Applebaum, Stan, 1922-</persname><persname role="subject" source="naf" authfilenumber="http://id.loc.gov/authorities/names/nr89005452">Henderson, Skitch, 1918-2005</persname><persname role="subject" source="naf" authfilenumber="http://id.loc.gov/authorities/names/n91049890">King, Ben E.</persname><persname role="subject" source="naf" authfilenumber="http://id.loc.gov/authorities/names/n82013465">Raposo, Joe</persname><persname role="subject" source="naf" authfilenumber="http://id.loc.gov/authorities/names/n82077872">Sedaka, Neil</persname><corpname role="subject" source="naf" authfilenumber="http://id.loc.gov/authorities/names/no96036666">New York Pops</corpname><subject source="lcsh">Arrangers (Musicians)</subject><subject source="lcsh">Music -- United States -- 20th century</subject><subject source="lcsh">Music in advertising</subject><subject source="lcsh">Orchestrators</subject><subject source="lcsh">Popular music</subject><genreform source="aat" authfilenumber="http://id.loc.gov/authorities/names/300026914">Commercial correspondence</genreform><genreform source="ftamc" authfilenumber="http://id.loc.gov/authorities/names/300027649">Contracts</genreform><genreform source="aat" authfilenumber="http://id.loc.gov/authorities/names/300136900">Motion pictures (visual works)</genreform><genreform source="aat" authfilenumber="http://id.loc.gov/authorities/names/300026427">Scores (documents for music)</genreform><genreform source="aat" authfilenumber="http://id.loc.gov/authorities/names/300028633">Sound recordings</genreform><occupation source="itoamc">Composers.</occupation></controlaccess><dsc><c01 level="series"><did><unittitle>Series I: Scores</unittitle><unitdate type="inclusive" normal="1940/2007">1940-2007</unitdate><unitid type="local_mss">3157079</unitid><physdesc><extent unit="containers">22 containers</extent><extent unit="linear_feet">5.5 linear feet</extent></physdesc></did><scopecontent><p>The majority of this series consists of arrangements and orchestrations commissioned by clients such as the conductor Skitch Henderson; The New York Pops and other orchestras; performers such as Ben E. King, Neil Sedaka, Claire Barry, and Connie Francis; and the producers of the Broadway musical <title> Raggedy Ann</title>. These mostly date from the 1990s to early 2000s. The scores for radio and television advertising include major national brands such as Xerox, Johnson and Johnson, Sears, Noxzema, and Eastern Airlines; most date from the 1960s and 1970s. Applebaum's own music scores consist of concert music as well as songs composed with various lyricists, and date from throughout his career.</p></scopecontent><arrangement><p>This series has three subseries: 1. Arrangements and Orchestrations; 2. Commercials; and 3. Compositions.</p></arrangement><c02 level="subseries"><did><unittitle>Subseries I.A. Arrangements and Orchestrations</unittitle><unitdate type="inclusive" normal="1954/2007">1954-2007</unitdate><unitid type="local_mss">3159445</unitid><physdesc><extent unit="containers">15 containers</extent><extent unit="linear_feet">3.79 linear feet</extent></physdesc></did><scopecontent><p>The arrangements and orchestrations consist primarily of full scores for orchestra, though work for smaller ensembles is present for some clients. Some files also hold sketches, reduction scores, or parts.</p> <p>Clients most represented here are Skitch Henderson and Neil Sedaka.</p> <p>The orchestral arrangements for Henderson were, in many cases, commissioned by the New York Pops. With the exception of one arrangement for the Philly Pops, the other orchestras Henderson may have been conducting are unknown (Applebaum always cites Henderson's name on the scores, but does not always note the orchestra for which he wrote the arrangement). The orchestra for which the arrangement was created is noted in in the container list, if known.</p> <p>The Henderson arrangements are further divided into pieces for orchestra only and orchestra with vocalist or instrumental soloist. The orchestra pieces consist of holiday songs, popular songs (either stand-alone or in medleys), and songs from films or musicals. The orchestra/vocalist arrangements were written for such singers as Richard Leech, Maureen McGovern, Robert Merrill, Elaine Stritch, and Carol Woods. Most of the vocal/orchestra arrangements are solely by Applebaum, but in some cases the arrangement is by Lee Musiker and the orchestration by Applebaum.</p> <p>The Neil Sedaka arrangements are for small rock ensembles with added strings or saxophones. All are for songs by Sedaka.</p> <p>Also present in this series are arrangements for Ben E. King, all of which are for orchestra (though none note for which orchestra or conductor). These include King's songs "Stand By Me," "On Broadway," and "Save The Last Dance For Me," with arrangements that expand on the original recorded versions, as well as "The Wind Beneath My Wings" and "It's Alright." (Applebaum's arrangements for the original recorded versions are not present in the collection.)</p> <p>Applebaum composed and arranged three small-group compositions for the vibraphonist Cal Tjader's 1963 recording <title>Breeze From The East</title> on Verve records. They appear in this subseries under Tjader's name.</p> <p>Further content in this subseries includes orchestrations for the 1986 musical <title>Raggedy Ann</title> (music and arrangements by Joe Raposo, in full and conductor scores); orchestral arrangements for vocalists such as Claire Barry and Connie Francis; and arrangements produced for unidentified clients (these appear at the end of the subseries), almost all of which are for orchestra, though some files contain only sketches or reduction scores.</p></scopecontent><arrangement><p>This subseries is arranged by the client or performer for whom Applebaum wrote the arrangements or orchestrations.</p></arrangement><c03 level="file"><did><unittitle>A'Hearn, Patrick</unittitle><unitdate type="inclusive">undated</unitdate><unitid type="local_mss">3159446</unitid><container type="box">1</container><container type="folder">1</container></did><scopecontent><p><title>Sweet And Low Down</title>. Arranged by Lee Musiker, orchestrated by Applebaum.</p></scopecontent></c03><c03 level="file"><did><unittitle>Applebaum, Jody</unittitle><unitdate type="inclusive">undated</unitdate><unitid type="local_mss">3159447</unitid><container type="box">1</container><container type="folder">2</container></did><scopecontent><p><title>Art Is Calling For Me</title>.</p></scopecontent></c03><c03 level="file"><did><unittitle>Barry, Claire</unittitle><unitdate type="inclusive">undated</unitdate><unitid type="local_mss">3159448</unitid></did><c04 level="file"><did><unittitle><title>Berlin</title></unittitle><unitid type="local_mss">3159449</unitid><container type="box">1</container><container type="folder">3</container></did></c04><c04 level="file"><did><unittitle><title>I Want To Be Happy</title></unittitle><unitid type="local_mss">3159450</unitid><container type="box">2</container><container type="folder">1</container></did></c04></c03><c03 level="file"><did><unittitle>Cavanaugh, Michael</unittitle><unitdate type="inclusive">undated</unitdate><unitid type="local_mss">3159451</unitid><container type="box">1</container><container type="folder">4</container></did><scopecontent><p><title>Bad Blood</title>.</p></scopecontent></c03><c03 level="file"><did><unittitle>DeGarmo, Diana</unittitle><unitdate type="inclusive" normal="2007">2007</unitdate><unitid type="local_mss">3159540</unitid><container type="box">1</container><container type="folder">5</container></did><scopecontent><p><title>Breaking Up Is Hard To Do</title>. The New York Pops.</p></scopecontent></c03><c03 level="file"><did><unittitle>Franchi, Sergio</unittitle><unitdate type="inclusive">undated</unitdate><unitid type="local_mss">3159452</unitid><container type="box">2</container><container type="folder">2</container></did><scopecontent><p>Piano-conductor scores for small group. <title>It Was A Good Time</title>, <title>Buona Sera Mrs. Campbell</title>, and <title>Just Say I Love Her</title>.</p></scopecontent></c03><c03 level="file"><did><unittitle>Francis, Connie</unittitle><unitid type="local_mss">3159453</unitid></did><c04 level="file"><did><unittitle><title>Here's Where I Belong</title></unittitle><unitdate type="inclusive" normal="1996">1996</unitdate><unitid type="local_mss">3159454</unitid><container type="box">1</container><container type="folder">6</container></did></c04><c04 level="file"><did><unittitle><title>Hurt</title></unittitle><unitdate type="inclusive" normal="1993">1993</unitdate><unitid type="local_mss">3159455</unitid><container type="box">1</container><container type="folder">7</container></did></c04></c03><c03 level="file"><did><unittitle>Henderson, Skitch</unittitle><unitid type="local_mss">3159456</unitid></did><c04 level="file"><did><unittitle>For Orchestra</unittitle><unitid type="local_mss">3159457</unitid></did><c05 level="file"><did><unittitle><title>All The Birds</title></unittitle><unitdate type="inclusive" normal="1994">1994</unitdate><unitid type="local_mss">3159458</unitid><container type="box">1</container><container type="folder">8</container></did></c05><c05 level="file"><did><unittitle><title>Aladdin</title> and <title>The Lion King</title></unittitle><unitdate type="inclusive" normal="1994">1994</unitdate><unitid type="local_mss">3159459</unitid><container type="box">1</container><container type="folder">9</container></did><scopecontent><p>The New York Pops.</p></scopecontent></c05><c05 level="file"><did><unittitle><title>And All that Jazz</title></unittitle><unitdate type="inclusive" normal="1998">1998</unitdate><unitid type="local_mss">3159460</unitid><container type="box">1</container><container type="folder">10</container></did><scopecontent><p>New York Pops.</p></scopecontent></c05><c05 level="file"><did><unittitle><title>Apollo</title></unittitle><unitdate type="inclusive" normal="1992">1992</unitdate><unitid type="local_mss">3159461</unitid><container type="box">1</container><container type="folder">11</container></did><scopecontent><p>The New York Pops.</p></scopecontent></c05><c05 level="file"><did><unittitle><title>Auld Lang Syne</title></unittitle><unitdate type="inclusive" normal="1992">1992</unitdate><unitdate type="inclusive" normal="1994">1994</unitdate><unitid type="local_mss">3159462</unitid><container type="box">1</container><container type="folder">12</container></did><scopecontent><p>Two arrangements, both for the New York Pops.</p></scopecontent></c05><c05 level="file"><did><unittitle><title>Begin The Beguine</title></unittitle><unitdate type="inclusive" normal="1990">1990</unitdate><unitid type="local_mss">3159463</unitid><container type="box">1</container><container type="folder">13</container></did><scopecontent><p>The New York Pops.</p></scopecontent></c05><c05 level="file"><did><unittitle><title>Cabaret</title></unittitle><unitdate type="inclusive" normal="1994">1994</unitdate><unitid type="local_mss">3159464</unitid><container type="box">3</container><container type="folder">1</container></did><scopecontent><p>The New York Pops.</p></scopecontent></c05><c05 level="file"><did><unittitle><title>Cheek To Cheek</title></unittitle><unitdate type="inclusive" normal="1995">1995</unitdate><unitid type="local_mss">3159465</unitid><container type="box">3</container><container type="folder">2</container></did><scopecontent><p>The Philly Pops.</p></scopecontent></c05><c05 level="file"><did><unittitle><title>Christmas Song</title></unittitle><unitdate type="inclusive" normal="1992">1992</unitdate><unitid type="local_mss">3159466</unitid><container type="box">3</container><container type="folder">3</container></did><scopecontent><p>The New York Pops.</p></scopecontent></c05><c05 level="file"><did><unittitle><title>Clarinet Cascades</title></unittitle><unitdate type="inclusive">undated</unitdate><unitid type="local_mss">3159467</unitid><container type="box">3</container><container type="folder">4</container></did><scopecontent><p>The New York Pops.</p></scopecontent></c05><c05 level="file"><did><unittitle><title>Come Light The Menorah</title></unittitle><unitdate type="inclusive" normal="1996">1996</unitdate><unitid type="local_mss">3159468</unitid><container type="box">2</container><container type="folder">3</container></did><scopecontent><p>The New York Pops.</p></scopecontent></c05><c05 level="file"><did><unittitle><title>George M. Cohan Medley</title></unittitle><unitdate type="inclusive" normal="1997/2001">1997-2001</unitdate><unitid type="local_mss">3159469</unitid><container type="box">2</container><container type="folder">4</container></did><scopecontent><p>The New York Pops</p></scopecontent></c05><c05 level="file"><did><unittitle><title>The Girl Friend</title></unittitle><unitdate type="inclusive" normal="1993">1993</unitdate><unitid type="local_mss">3159470</unitid><container type="box">3</container><container type="folder">5</container></did><scopecontent><p>The New York Pops.</p></scopecontent></c05><c05 level="file"><did><unittitle><title>God Bless America</title></unittitle><unitdate type="inclusive" normal="1990">1990</unitdate><unitid type="local_mss">3159471</unitid><container type="box">3</container><container type="folder">6</container></did><scopecontent><p>The New York Pops.</p></scopecontent></c05><c05 level="file"><did><unittitle><title>Goodnight Sweetheart</title></unittitle><unitdate type="inclusive" normal="1995">1995</unitdate><unitid type="local_mss">3159472</unitid><container type="box">3</container><container type="folder">7</container></did><scopecontent><p>The New York Pops.</p></scopecontent></c05><c05 level="file"><did><unittitle><title>Guys And Dolls</title></unittitle><unitdate type="inclusive" normal="1997">1997</unitdate><unitid type="local_mss">3159473</unitid><container type="box">3</container><container type="folder">8</container></did><scopecontent><p>The New York Pops.</p></scopecontent></c05><c05 level="file"><did><unittitle><title>The House I Live In</title></unittitle><unitdate type="inclusive" normal="1995">1995</unitdate><unitid type="local_mss">3159477</unitid><container type="box">3</container><container type="folder">9</container></did><scopecontent><p>Parts 1 and 2. For The New York Pops.</p></scopecontent></c05><c05 level="file"><did><unittitle><title>I Won't Dance</title></unittitle><unitdate type="inclusive" normal="1997">1997</unitdate><unitid type="local_mss">3159480</unitid><container type="box">3</container><container type="folder">10</container></did><scopecontent><p>The New York Pops.</p></scopecontent></c05><c05 level="file"><did><unittitle><title>I'll Take You Home Again Kathleen</title></unittitle><unitdate type="inclusive" normal="1993">1993</unitdate><unitid type="local_mss">3159481</unitid><container type="box">3</container><container type="folder">11</container></did><scopecontent><p>The New York Pops.</p></scopecontent></c05><c05 level="file"><did><unittitle><title>In The Days of Our Love</title></unittitle><unitdate type="inclusive">undated</unitdate><unitid type="local_mss">3159482</unitid><container type="box">4</container><container type="folder">1</container></did><scopecontent><p>The New York Pops.</p></scopecontent></c05><c05 level="file"><did><unittitle><title>Isn't It A Lovely Day</title></unittitle><unitdate type="inclusive" normal="1995">1995</unitdate><unitid type="local_mss">3159483</unitid><container type="box">3</container><container type="folder">12</container></did><scopecontent><p>The Philadelphia Orchestra.</p></scopecontent></c05><c05 level="file"><did><unittitle><title>It's Beginning To Look A Lot Like Christmas</title></unittitle><unitdate type="inclusive" normal="1992">1992</unitdate><unitid type="local_mss">3159487</unitid><container type="box">3</container><container type="folder">13</container></did><scopecontent><p>The New York Pops.</p></scopecontent></c05><c05 level="file"><did><unittitle><title>McNamara's Band</title></unittitle><unitdate type="inclusive" normal="1993">1993</unitdate><unitid type="local_mss">3159494</unitid><container type="box">3</container><container type="folder">14</container></did><scopecontent><p>The New York Pops.</p></scopecontent></c05><c05 level="file"><did><unittitle><title>Mimi</title></unittitle><unitdate type="inclusive" normal="1993">1993</unitdate><unitid type="local_mss">3159496</unitid><container type="box">3</container><container type="folder">15</container></did><scopecontent><p>The New York Pops.</p></scopecontent></c05><c05 level="file"><did><unittitle><title>More I Cannot Wish You</title></unittitle><unitdate type="inclusive" normal="1992">1992</unitdate><unitid type="local_mss">3159500</unitid><container type="box">3</container><container type="folder">16</container></did><scopecontent><p>The New York Pops.</p></scopecontent></c05><c05 level="file"><did><unittitle><title>Mr. Bojangles</title></unittitle><unitdate type="inclusive" normal="1996">1996</unitdate><unitid type="local_mss">3159502</unitid><container type="box">3</container><container type="folder">17</container></did><scopecontent><p>The New York Pops.</p></scopecontent></c05><c05 level="file"><did><unittitle><title>Mr. Lucky</title></unittitle><unitdate type="inclusive" normal="1994/1995">1994-1995</unitdate><unitid type="local_mss">3159506</unitid><container type="box">5</container><container type="folder">1</container></did><scopecontent><p>The New York Pops.</p></scopecontent></c05><c05 level="file"><did><unittitle><title>New York, New York</title></unittitle><unitdate type="inclusive" normal="1991">1991</unitdate><unitid type="local_mss">3159507</unitid><container type="box">5</container><container type="folder">2</container></did><scopecontent><p>The New York Pops.</p></scopecontent></c05><c05 level="file"><did><unittitle><title>Orchids In The Moonlight</title></unittitle><unitdate type="inclusive" normal="1990">1990</unitdate><unitid type="local_mss">3159510</unitid><container type="box">5</container><container type="folder">3</container></did><scopecontent><p>The New York Pops.</p></scopecontent></c05><c05 level="file"><did><unittitle>Overture From <title>Cats</title></unittitle><unitdate type="inclusive" normal="1994">1994</unitdate><unitid type="local_mss">3159511</unitid><container type="box">5</container><container type="folder">4</container></did><scopecontent><p>The New York Pops.</p></scopecontent></c05><c05 level="file"><did><unittitle><title>Paul's Chickens</title></unittitle><unitdate type="inclusive" normal="1994">1994</unitdate><unitid type="local_mss">3159512</unitid><container type="box">5</container><container type="folder">5</container></did></c05><c05 level="file"><did><unittitle><title>Round</title></unittitle><unitdate type="inclusive" normal="1994">1994</unitdate><unitid type="local_mss">3159515</unitid><container type="box">5</container><container type="folder">6</container></did></c05><c05 level="file"><did><unittitle><title>San Francisco</title></unittitle><unitdate type="inclusive" normal="1993">1993</unitdate><unitid type="local_mss">3159517</unitid><container type="box">5</container><container type="folder">7</container></did><scopecontent><p>The New York Pops.</p></scopecontent></c05><c05 level="file"><did><unittitle><title>Shuffle Off To Buffalo</title></unittitle><unitdate type="inclusive" normal="1996">1996</unitdate><unitid type="local_mss">3159520</unitid><container type="box">5</container><container type="folder">8</container></did><scopecontent><p>The New York Pops.</p></scopecontent></c05><c05 level="file"><did><unittitle><title>Silver Bells</title></unittitle><unitdate type="inclusive">undated</unitdate><unitid type="local_mss">3159523</unitid><container type="box">5</container><container type="folder">9</container></did><scopecontent><p>The New York Pops.</p></scopecontent></c05><c05 level="file"><did><unittitle><title>The Sound Of Music</title></unittitle><unitdate type="inclusive" normal="1996">1996</unitdate><unitid type="local_mss">3159525</unitid><container type="box">5</container><container type="folder">10</container></did><scopecontent><p>The New York Pops.</p></scopecontent></c05><c05 level="file"><did><unittitle><title>Too Ra Loo Ra Loo Ral</title></unittitle><unitdate type="inclusive" normal="1993">1993</unitdate><unitid type="local_mss">3159527</unitid><container type="box">2</container><container type="folder">5</container></did><scopecontent><p>The New York Pops.</p></scopecontent></c05><c05 level="file"><did><unittitle><title>We Need A Little Christmas</title></unittitle><unitdate type="inclusive" normal="1997">1997</unitdate><unitid type="local_mss">3159528</unitid><container type="box">5</container><container type="folder">11</container></did><scopecontent><p>The New York Pops.</p></scopecontent></c05><c05 level="file"><did><unittitle><title>We Saw The Sea</title></unittitle><unitdate type="inclusive" normal="2000">2000</unitdate><unitid type="local_mss">3159532</unitid><container type="box">5</container><container type="folder">12</container></did><scopecontent><p>The New York Pops.</p></scopecontent></c05><c05 level="file"><did><unittitle><title>When Irish Eyes Are Smiling</title></unittitle><unitdate type="inclusive" normal="1993">1993</unitdate><unitid type="local_mss">3159533</unitid><container type="box">2</container><container type="folder">6</container></did><scopecontent><p>The New York Pops.</p></scopecontent></c05><c05 level="file"><did><unittitle><title>Wienerwald</title></unittitle><unitdate type="inclusive" normal="1993">1993</unitdate><unitid type="local_mss">3159534</unitid><container type="box">5</container><container type="folder">13</container></did></c05></c04><c04 level="file"><did><unittitle>For Orchestra and Vocal or Instrumental Soloist</unittitle><unitid type="local_mss">3159535</unitid></did><c05 level="file"><did><unittitle>Baranski, Christine</unittitle><unitdate type="inclusive" normal="1998">1998</unitdate><unitid type="local_mss">3159536</unitid><container type="box">5</container><container type="folder">14</container></did><scopecontent><p><title>Nice Work If You Can Get It</title>. The New York Pops.</p></scopecontent></c05><c05 level="file"><did><unittitle>Buetel, Bill</unittitle><unitdate type="inclusive" normal="1993">1993</unitdate><unitid type="local_mss">3159537</unitid></did><scopecontent><p>The New York Pops.</p></scopecontent><c06 level="file"><did><unittitle><title>Anywhere I Wander</title></unittitle><unitid type="local_mss">3159538</unitid><container type="box">6</container><container type="folder">1</container></did></c06><c06 level="file"><did><unittitle><title>Embraceable You</title></unittitle><unitid type="local_mss">3159539</unitid><container type="box">6</container><container type="folder">2</container></did></c06></c05><c05 level="file"><did><unittitle>Leech, Richard</unittitle><unitdate type="inclusive" normal="1999">1999</unitdate><unitid type="local_mss">3159541</unitid></did><scopecontent><p>The New York Pops.</p></scopecontent><c06 level="file"><did><unittitle><title>Be My Love</title></unittitle><unitid type="local_mss">3159543</unitid><container type="box">6</container><container type="folder">3</container></did></c06><c06 level="file"><did><unittitle><title>Because You're Mine</title></unittitle><unitid type="local_mss">3159544</unitid><container type="box">6</container><container type="folder">4</container></did></c06><c06 level="file"><did><unittitle><title>Bon Jour, Ma Belle</title></unittitle><unitid type="local_mss">3159546</unitid><container type="box">2</container><container type="folder">7</container></did></c06><c06 level="file"><did><unittitle><title>Without A Song</title></unittitle><unitid type="local_mss">3159547</unitid><container type="box">7</container><container type="folder">1</container></did></c06></c05><c05 level="file"><did><unittitle>McGovern, Maureen</unittitle><unitid type="local_mss">3159548</unitid></did><scopecontent><p>Arrangements by Lee Musiker, orchestrated by Applebaum for The New York Pops.</p></scopecontent><c06 level="file"><did><unittitle><title>My Romance</title> / <title>Isn't It Romantic</title></unittitle><unitdate type="inclusive">undated</unitdate><unitid type="local_mss">3159549</unitid><container type="box">6</container><container type="folder">5</container></did></c06><c06 level="file"><did><unittitle><title>This Nearly Was Mine</title></unittitle><unitdate type="inclusive">undated</unitdate><unitid type="local_mss">3159550</unitid><container type="box">6</container><container type="folder">6</container></did></c06></c05><c05 level="file"><did><unittitle>Mazzie, Marin</unittitle><unitdate type="inclusive" normal="2000">2000</unitdate><unitid type="local_mss">3159551</unitid><container type="box">6</container><container type="folder">7</container></did><scopecontent><p><title>Love Is Here To Stay</title>. The New York Pops.</p></scopecontent></c05><c05 level="file"><did><unittitle>Merrill, Robert</unittitle><unitdate type="inclusive" normal="1993">1993</unitdate><unitid type="local_mss">3159552</unitid><container type="box">6</container><container type="folder">8</container></did><scopecontent><p><title>America The Beautiful</title>.</p></scopecontent></c05><c05 level="file"><did><unittitle>Natalie, Vicki</unittitle><unitdate type="inclusive" normal="2004">2004</unitdate><unitid type="local_mss">3159554</unitid><container type="box">7</container><container type="folder">2</container></did><scopecontent><p><title>God Bless The Child</title>. The New York Pops.</p></scopecontent></c05><c05 level="file"><did><unittitle>O'Connor, Donald</unittitle><unitdate type="inclusive" normal="1993">1993</unitdate><unitid type="local_mss">3159555</unitid><container type="box">2</container><container type="folder">8</container></did><scopecontent><p><title>Singin' In The Rain</title>.</p></scopecontent></c05><c05 level="file"><did><unittitle>Osgood, Charles</unittitle><unitdate type="inclusive" normal="1990">1990</unitdate><unitid type="local_mss">3159557</unitid><container type="box">6</container><container type="folder">9</container></did><scopecontent><p><title>Love Is Here To Stay</title> / <title>A Foggy Day</title>. The New York Pops.</p></scopecontent></c05><c05 level="file"><did><unittitle>Reade, Nancy</unittitle><unitdate type="inclusive" normal="1995">1995</unitdate><unitid type="local_mss">3159558</unitid><container type="box">6</container><container type="folder">10</container></did><scopecontent><p><title>Let's Do It</title>.</p></scopecontent></c05><c05 level="file"><did><unittitle>Stritch, Elaine</unittitle><unitdate type="inclusive" normal="2002">2002</unitdate><unitid type="local_mss">3159560</unitid><container type="box">6</container><container type="folder">11</container></did><scopecontent><p><title>I Want To Get Married</title>. The New York Pops.</p></scopecontent></c05><c05 level="file"><did><unittitle>Sunnerstam, Christine</unittitle><unitdate type="inclusive" normal="2001">2001</unitdate><unitid type="local_mss">3159562</unitid><container type="box">6</container><container type="folder">12</container></did><scopecontent><p><title>Intermezzo</title>. The New York Pops.</p></scopecontent></c05><c05 level="file"><did><unittitle>Woods, Carol</unittitle><unitdate type="inclusive" normal="1995">1995</unitdate><unitid type="local_mss">3159563</unitid><container type="box">6</container><container type="folder">13</container></did><scopecontent><p><title>God Bless The Child</title>. The New York Pops.</p></scopecontent></c05><c05 level="file"><did><unittitle>Unidentified Vocalist</unittitle><unitdate type="inclusive">undated</unitdate><unitid type="local_mss">3159564</unitid><container type="box">6</container><container type="folder">14</container></did><scopecontent><p><title>Wasn't That A Mighty Day?</title></p></scopecontent></c05></c04></c03><c03 level="file"><did><unittitle>Kaye, Ellen</unittitle><unitdate type="inclusive" normal="1990">1990</unitdate><unitid type="local_mss">3159567</unitid><container type="box">8</container><container type="folder">1</container></did><scopecontent><p><title>I Love A Piano</title>.</p></scopecontent></c03><c03 level="file"><did><unittitle>King, Ben E</unittitle><unitid type="local_mss">3159568</unitid></did><c04 level="file"><did><unittitle><title>Amor</title></unittitle><unitdate type="inclusive" normal="1990/1999">1990s</unitdate><unitid type="local_mss">3159569</unitid><container type="box">8</container><container type="folder">2</container></did></c04><c04 level="file"><did><unittitle><title>God Bless The Child</title></unittitle><unitdate type="inclusive" normal="1999">1999</unitdate><unitid type="local_mss">3159570</unitid><container type="box">8</container><container type="folder">3</container></did></c04><c04 level="file"><did><unittitle><title>I Who Have Nothing</title></unittitle><unitdate type="inclusive" normal="1990/1999">1990s</unitdate><unitid type="local_mss">3159571</unitid><container type="box">8</container><container type="folder">4</container></did></c04><c04 level="file"><did><unittitle><title>I'll Do Anything You Want Me To</title></unittitle><unitdate type="inclusive" normal="1999">1999</unitdate><unitid type="local_mss">3159572</unitid><container type="box">8</container><container type="folder">5</container></did></c04><c04 level="file"><did><unittitle><title>It's Alright</title></unittitle><unitdate type="inclusive" normal="1990/1999">1990s</unitdate><unitid type="local_mss">3159573</unitid><container type="box">8</container><container type="folder">6</container></did></c04><c04 level="file"><did><unittitle><title>On Broadway</title></unittitle><unitdate type="inclusive" normal="1995">1995</unitdate><unitid type="local_mss">3159574</unitid><container type="box">8</container><container type="folder">7</container></did></c04><c04 level="file"><did><unittitle><title>Save The Last Dance For Me</title></unittitle><unitdate type="inclusive" normal="1990/1999">1990s</unitdate><unitid type="local_mss">3159575</unitid><container type="box">8</container><container type="folder">8</container></did></c04><c04 level="file"><did><unittitle><title>Spanish Harlem</title></unittitle><unitdate type="inclusive" normal="1990/1999">1990s</unitdate><unitid type="local_mss">3159576</unitid><container type="box">8</container><container type="folder">9</container></did></c04><c04 level="file"><did><unittitle><title>Stand By Me</title></unittitle><unitdate type="inclusive" normal="1990/1999">1990s</unitdate><unitid type="local_mss">3159577</unitid><container type="box">8</container><container type="folder">10</container></did></c04><c04 level="file"><did><unittitle><title>That's What Friends Are For</title> / <title>You've Got A Friend</title> Medley</unittitle><unitdate type="inclusive" normal="1995">1995</unitdate><unitid type="local_mss">3159578</unitid><container type="box">8</container><container type="folder">11</container></did></c04><c04 level="file"><did><unittitle><title>There Goes My Baby</title></unittitle><unitdate type="inclusive" normal="1995">1995</unitdate><unitid type="local_mss">3159579</unitid><container type="box">8</container><container type="folder">12</container></did></c04><c04 level="file"><did><unittitle><title>This Magic Moment</title></unittitle><unitdate type="inclusive" normal="1995">1995</unitdate><unitid type="local_mss">3159580</unitid><container type="box">8</container><container type="folder">13</container></did></c04><c04 level="file"><did><unittitle><title>What Now My Love?</title></unittitle><unitdate type="inclusive" normal="1995">1995</unitdate><unitid type="local_mss">3159581</unitid><container type="box">8</container><container type="folder">14</container></did></c04><c04 level="file"><did><unittitle><title>The Wind Beneath My Wings</title></unittitle><unitdate type="inclusive" normal="1990/1999">1990s</unitdate><unitid type="local_mss">3159582</unitid><container type="box">8</container><container type="folder">15</container></did></c04></c03><c03 level="file"><did><unittitle>Mason, Karen</unittitle><unitdate type="inclusive">undated</unitdate><unitid type="local_mss">3159583</unitid><container type="box">9</container><container type="folder">1</container></did><scopecontent><p><title>Zing! Went The Strings Of My Heart</title></p></scopecontent></c03><c03 level="file"><did><unittitle>Middleton, Tony</unittitle><unitdate type="inclusive">undated</unitdate><unitid type="local_mss">3159584</unitid><container type="box">2</container><container type="folder">9</container></did><scopecontent><p><title>Memories Are Made</title>.</p></scopecontent></c03><c03 level="file"><did><unittitle>Nadler, Mark</unittitle><unitdate type="inclusive">undated</unitdate><unitid type="local_mss">3159585</unitid><container type="box">9</container><container type="folder">2</container></did><scopecontent><p><title>S'Wonderful</title> / <title>Rhapsody In Blue</title></p></scopecontent></c03><c03 level="file"><did><unittitle><title>Raggedy Ann</title></unittitle><unitdate type="inclusive" normal="1983/1986">1983-1986</unitdate><unitid type="local_mss">3159586</unitid></did><c04 level="file"><did><unittitle>Orchestration Sketches and Notes</unittitle><unitid type="local_mss">3159588</unitid><container type="box">2</container><container type="folder">10-11</container></did></c04><c04 level="file"><did><unittitle>Conductor Scores</unittitle><unitid type="local_mss">3159589</unitid><container type="box">4</container><container type="folder">2</container><container type="volume">1</container></did></c04><c04 level="file"><did><unittitle>Full Scores</unittitle><unitid type="local_mss">3159590</unitid></did><c05 level="file"><did><unittitle>#2 - #4</unittitle><unitid type="local_mss">3159591</unitid><container type="box">9</container><container type="folder">3</container></did></c05><c05 level="file"><did><unittitle>#4</unittitle><unitid type="local_mss">3159592</unitid><container type="box">7</container><container type="folder">3</container></did></c05><c05 level="file"><did><unittitle>#4A - #17B</unittitle><unitid type="local_mss">3159593</unitid><container type="box">9</container><container type="folder">4-6</container></did></c05><c05 level="file"><did><unittitle>#18 - #19</unittitle><unitid type="local_mss">3159594</unitid><container type="box">7</container><container type="folder">4</container></did></c05><c05 level="file"><did><unittitle>#20 - #26</unittitle><unitid type="local_mss">3159595</unitid><container type="box">10</container><container type="folder">1</container></did></c05><c05 level="file"><did><unittitle>#27</unittitle><unitid type="local_mss">3159596</unitid><container type="box">7</container><container type="folder">5</container></did></c05></c04></c03><c03 level="file"><did><unittitle>Ryan, Ginger</unittitle><unitdate type="inclusive">undated</unitdate><unitid type="local_mss">3159597</unitid><container type="box">10</container><container type="folder">2</container></did></c03><c03 level="file"><did><unittitle>Sedaka, Neil</unittitle><unitid type="local_mss">3159598</unitid></did><c04 level="file"><did><unittitle><title>Breaking Up Is Hard To Do</title></unittitle><unitdate type="inclusive">undated</unitdate><unitid type="local_mss">3159599</unitid><container type="box">10</container><container type="folder">3</container></did></c04><c04 level="file"><did><unittitle><title>Calendar Girl</title></unittitle><unitdate type="inclusive">undated</unitdate><unitid type="local_mss">3159600</unitid><container type="box">10</container><container type="folder">4</container></did></c04><c04 level="file"><did><unittitle><title>The Diary</title></unittitle><unitdate type="inclusive">undated</unitdate><unitid type="local_mss">3159601</unitid><container type="box">10</container><container type="folder">5</container></did></c04><c04 level="file"><did><unittitle><title>Going Home To Mary Lou</title></unittitle><unitdate type="inclusive">undated</unitdate><unitid type="local_mss">3159602</unitid><container type="box">10</container><container type="folder">6</container></did></c04><c04 level="file"><did><unittitle><title>Happy Birthday Sweet Sixteen</title></unittitle><unitdate type="inclusive">undated</unitdate><unitid type="local_mss">3159603</unitid><container type="box">10</container><container type="folder">7</container></did></c04><c04 level="file"><did><unittitle><title>I Go Ape</title></unittitle><unitdate type="inclusive">undated</unitdate><unitid type="local_mss">3159604</unitid><container type="box">10</container><container type="folder">8</container></did></c04><c04 level="file"><did><unittitle><title>King Of Clowns</title></unittitle><unitdate type="inclusive">undated</unitdate><unitid type="local_mss">3159605</unitid><container type="box">10</container><container type="folder">9</container></did></c04><c04 level="file"><did><unittitle><title>Little Devil</title></unittitle><unitdate type="inclusive">undated</unitdate><unitid type="local_mss">3159606</unitid><container type="box">10</container><container type="folder">10</container></did></c04><c04 level="file"><did><unittitle><title>Love Will Keep Us Together</title></unittitle><unitdate type="inclusive" normal="1992">1992</unitdate><unitid type="local_mss">3159607</unitid><container type="box">11</container><container type="folder">1</container></did></c04><c04 level="file"><did><unittitle><title>A Miracle To Me</title></unittitle><unitdate type="inclusive" normal="1991">1991</unitdate><unitid type="local_mss">3159608</unitid><container type="box">10</container><container type="folder">11</container><container type="box">11</container><container type="folder">2</container></did><scopecontent><p>Sketch, lead sheet, full score, and parts.</p></scopecontent></c04><c04 level="file"><did><unittitle><title>My Son And I</title></unittitle><unitdate type="inclusive" normal="1992">1992</unitdate><unitid type="local_mss">3159609</unitid><container type="box">11</container><container type="folder">3</container></did></c04><c04 level="file"><did><unittitle><title>Next Door To An Angel</title></unittitle><unitdate type="inclusive">undated</unitdate><unitid type="local_mss">3159610</unitid><container type="box">10</container><container type="folder">12</container></did></c04><c04 level="file"><did><unittitle><title>Oh Carol</title></unittitle><unitdate type="inclusive">undated</unitdate><unitid type="local_mss">3159611</unitid><container type="box">10</container><container type="folder">13</container></did></c04><c04 level="file"><did><unittitle><title>One Way Ticket To The Blues</title></unittitle><unitdate type="inclusive">undated</unitdate><unitid type="local_mss">3159612</unitid><container type="box">10</container><container type="folder">14</container></did></c04><c04 level="file"><did><unittitle><title>Run Sampson Run</title></unittitle><unitdate type="inclusive">undated</unitdate><unitid type="local_mss">3159613</unitid><container type="box">10</container><container type="folder">15</container></did></c04><c04 level="file"><did><unittitle><title>Stupid Cupid</title></unittitle><unitdate type="inclusive">undated</unitdate><unitid type="local_mss">3159614</unitid><container type="box">10</container><container type="folder">16</container></did></c04><c04 level="file"><did><unittitle><title>When A Love Affair Is Through</title></unittitle><unitdate type="inclusive" normal="1992">1992</unitdate><unitid type="local_mss">3159615</unitid><container type="box">11</container><container type="folder">4</container></did></c04><c04 level="file"><did><unittitle><title>You Mean Everything To Me</title></unittitle><unitdate type="inclusive">undated</unitdate><unitid type="local_mss">3159616</unitid><container type="box">10</container><container type="folder">17</container></did></c04></c03><c03 level="file"><did><unittitle>Siegel, Jay</unittitle><unitdate type="inclusive" normal="2007">2007</unitdate><unitid type="local_mss">3159559</unitid><container type="box">10</container><container type="folder">18</container></did><scopecontent><p><title>Stairway To Heaven</title>. Song composed by Neil Sedaka and Howard Greenfield. The New York Pops.</p></scopecontent></c03><c03 level="file"><did><unittitle>Tjader, Cal</unittitle><unitdate type="inclusive" normal="1963">1963</unitdate><unitid type="local_mss">3159618</unitid><container type="box">12</container><container type="folder">1</container></did><scopecontent><p>Three compositions and arrangements by Applebaum for Tjader's Verve album <title>Breeze From The East</title>: <title>Sake And Greens</title>, <title>Cha</title>, and <title>Shoji</title>.</p></scopecontent></c03><c03 level="file"><did><unittitle>Wachter, Buddy</unittitle><unitdate type="inclusive" normal="1991">1991</unitdate><unitid type="local_mss">3159619</unitid></did><c04 level="file"><did><unittitle><title>Flapperette</title></unittitle><unitid type="local_mss">3159620</unitid><container type="box">12</container><container type="folder">2</container></did></c04><c04 level="file"><did><unittitle><title>Hungarian Fantasy</title></unittitle><unitid type="local_mss">3159622</unitid><container type="box">12</container><container type="folder">3</container></did></c04><c04 level="file"><did><unittitle><title>Liebestraum</title></unittitle><unitid type="local_mss">3159623</unitid><container type="box">12</container><container type="folder">4</container></did></c04></c03><c03 level="file"><did><unittitle>Whiting, Margaret</unittitle><unitdate type="inclusive" normal="1990">1990</unitdate><unitid type="local_mss">3159624</unitid><container type="box">12</container><container type="folder">5</container></did><scopecontent><p><title>My Shining Hour</title>.</p></scopecontent></c03><c03 level="file"><did><unittitle>Woods, Carol</unittitle><unitdate type="inclusive">undated</unitdate><unitid type="local_mss">3159625</unitid><container type="box">12</container><container type="folder">6</container></did><scopecontent><p><title>Hey There</title>.</p></scopecontent></c03><c03 level="file"><did><unittitle>Unidentified Clients</unittitle><unitid type="local_mss">3159626</unitid></did><c04 level="file"><did><unittitle><title>Amazon Moon</title></unittitle><unitdate type="inclusive" normal="1998">1998</unitdate><unitid type="local_mss">3159658</unitid><container type="box">11</container><container type="folder">5</container></did></c04><c04 level="file"><did><unittitle><title>America Is</title></unittitle><unitdate type="inclusive" normal="1986">1986</unitdate><unitid type="local_mss">3159660</unitid><container type="box">12</container><container type="folder">7</container></did></c04><c04 level="file"><did><unittitle><title>Barry's</title></unittitle><unitdate type="inclusive" normal="1995">1995</unitdate><unitid type="local_mss">3159661</unitid><container type="box">11</container><container type="folder">6</container></did><scopecontent><p>Arranged by Jerry Graff, orchestrated by Applebaum.</p></scopecontent></c04><c04 level="file"><did><unittitle><title>Berlin</title></unittitle><unitdate type="inclusive" normal="1998">1998</unitdate><unitid type="local_mss">3159662</unitid><container type="box">12</container><container type="folder">8</container></did><scopecontent><p>Arranged by Applebaum and Jerry Graff.</p></scopecontent></c04><c04 level="file"><did><unittitle>Chopin, Frédéric</unittitle><unitdate type="inclusive" normal="1994">1994</unitdate><unitid type="local_mss">3159674</unitid></did><scopecontent><p>All arranged for flute, clarinet, oboe, English horn, and strings.</p></scopecontent><c05 level="file"><did><unittitle><title>Étude Op. 10, No. 3</title></unittitle><unitid type="local_mss">3159679</unitid><container type="box">11</container><container type="folder">7</container></did></c05><c05 level="file"><did><unittitle><title>Fantaisie-Impromptu, Op.66</title></unittitle><unitid type="local_mss">3159682</unitid><container type="box">11</container><container type="folder">8</container></did></c05><c05 level="file"><did><unittitle><title>Nocturne, Op. 9, No. 2</title></unittitle><unitid type="local_mss">3159685</unitid><container type="box">11</container><container type="folder">9</container></did></c05></c04><c04 level="file"><did><unittitle><title>Don Juan</title></unittitle><unitdate type="inclusive">undated</unitdate><unitid type="local_mss">3159692</unitid><container type="box">11</container><container type="folder">10</container></did><scopecontent><p>Orchestration of song by Jerry Lieber and Mike Stoller.</p></scopecontent></c04><c04 level="file"><did><unittitle><title>Fools Fall In Love</title></unittitle><unitdate type="inclusive">undated</unitdate><unitid type="local_mss">3159697</unitid><container type="box">12</container><container type="folder">9</container></did></c04><c04 level="file"><did><unittitle><title>Grease</title> Medley</unittitle><unitdate type="inclusive">undated</unitdate><unitid type="local_mss">3159698</unitid><container type="box">12</container><container type="folder">10</container></did></c04><c04 level="file"><did><unittitle><title>Here I Am</title></unittitle><unitdate type="inclusive">undated</unitdate><unitid type="local_mss">3159700</unitid><container type="box">13</container><container type="folder">1</container></did><scopecontent><p>Sketch only of arrangement of song by Burt Bacharach and Hal David.</p></scopecontent></c04><c04 level="file"><did><unittitle><title>Holidays</title></unittitle><unitdate type="inclusive" normal="1973">1973</unitdate><unitid type="local_mss">3159706</unitid><container type="box">4</container><container type="folder">3</container></did><scopecontent><p>A copy of the published condensed score of Applebaum's arrangement of music by Alexander Gretchaninoff.</p></scopecontent></c04><c04 level="file"><did><unittitle><title>I Ain't Here</title></unittitle><unitdate type="inclusive">undated</unitdate><unitid type="local_mss">3159708</unitid><container type="box">13</container><container type="folder">2</container></did></c04><c04 level="file"><did><unittitle><title>I Fall</title></unittitle><unitdate type="inclusive">undated</unitdate><unitid type="local_mss">3159710</unitid><container type="box">13</container><container type="folder">3</container></did></c04><c04 level="file"><did><unittitle><title>I Keep Forgettin'</title></unittitle><unitdate type="inclusive">undated</unitdate><unitid type="local_mss">3159716</unitid><container type="box">12</container><container type="folder">11</container></did></c04><c04 level="file"><did><unittitle><title>I Love Paris</title></unittitle><unitdate type="inclusive">undated</unitdate><unitid type="local_mss">3159773</unitid><container type="box">13</container><container type="folder">4</container></did></c04><c04 level="file"><did><unittitle><title>I'll Be Seeing You</title></unittitle><unitdate type="inclusive">undated</unitdate><unitid type="local_mss">3159774</unitid><container type="box">14</container><container type="folder">1</container></did><scopecontent><p>Orchestral sketch only.</p></scopecontent></c04><c04 level="file"><did><unittitle><title>I've Got You Under My Skin</title></unittitle><unitdate type="inclusive" normal="1991">1991</unitdate><unitid type="local_mss">3159775</unitid><container type="box">14</container><container type="folder">2</container></did></c04><c04 level="file"><did><unittitle><title>It's Only A Paper Moon</title></unittitle><unitdate type="inclusive">undated</unitdate><unitid type="local_mss">3159777</unitid><container type="box">13</container><container type="folder">5</container></did></c04><c04 level="file"><did><unittitle><title>Jyota Se Jyota</title></unittitle><unitdate type="inclusive" normal="1988">1988</unitdate><unitid type="local_mss">3159778</unitid><container type="box">13</container><container type="folder">6</container></did></c04><c04 level="file"><did><unittitle><title>The Last Dance</title></unittitle><unitdate type="inclusive">undated</unitdate><unitid type="local_mss">3159779</unitid><container type="box">13</container><container type="folder">7</container></did></c04><c04 level="file"><did><unittitle><title>Lichtelech</title></unittitle><unitdate type="inclusive" normal="2001">2001</unitdate><unitid type="local_mss">3159781</unitid><container type="box">4</container><container type="folder">4</container></did></c04><c04 level="file"><did><unittitle><title>Lucky Day</title></unittitle><unitdate type="inclusive">undated</unitdate><unitid type="local_mss">3159782</unitid><container type="box">13</container><container type="folder">8</container></did></c04><c04 level="file"><did><unittitle><title>Mister Santa</title></unittitle><unitdate type="inclusive" normal="1954">1954</unitdate><unitid type="local_mss">3159783</unitid><container type="box">4</container><container type="folder">5</container></did><scopecontent><p>Published arrangement for choir.</p></scopecontent></c04><c04 level="file"><did><unittitle><title>The Music Goes Round And Round</title></unittitle><unitdate type="inclusive">undated</unitdate><unitid type="local_mss">3159784</unitid><container type="box">13</container><container type="folder">9</container></did></c04><c04 level="file"><did><unittitle><title>S.Y.D.A. Montage</title></unittitle><unitdate type="inclusive" normal="1989">1989</unitdate><unitid type="local_mss">3159785</unitid><container type="box">14</container><container type="folder">3</container></did></c04><c04 level="file"><did><unittitle><title>Some Cats Know</title></unittitle><unitdate type="inclusive">undated</unitdate><unitid type="local_mss">3159786</unitid><container type="box">14</container><container type="folder">4</container></did></c04><c04 level="file"><did><unittitle><title>The Story Of My Rock And Roll</title></unittitle><unitdate type="inclusive">undated</unitdate><unitid type="local_mss">3159787</unitid><container type="box">13</container><container type="folder">10</container></did><scopecontent><p>Song by Neil Sedaka.</p></scopecontent></c04><c04 level="file"><did><unittitle><title>That's What Friends Are For</title></unittitle><unitdate type="inclusive">undated</unitdate><unitid type="local_mss">3159788</unitid><container type="box">13</container><container type="folder">11</container></did></c04><c04 level="file"><did><unittitle><title>Well, Now Dig This!</title></unittitle><unitdate type="inclusive">undated</unitdate><unitid type="local_mss">3159789</unitid><container type="box">14</container><container type="folder">5</container></did></c04><c04 level="file"><did><unittitle><title>Whistle While You Work</title></unittitle><unitdate type="inclusive" normal="1995">1995</unitdate><unitid type="local_mss">3159790</unitid><container type="box">13</container><container type="folder">12</container></did></c04><c04 level="file"><did><unittitle><title>Yellow Bird</title></unittitle><unitdate type="inclusive" normal="1997">1997</unitdate><unitid type="local_mss">3159791</unitid><container type="box">13</container><container type="folder">13</container></did></c04><c04 level="file"><did><unittitle>Yiddish Songs</unittitle><unitdate type="inclusive" normal="2001">2001</unitdate><unitid type="local_mss">3159792</unitid><container type="box">13</container><container type="folder">14</container></did><scopecontent><p><title>Arum</title>, <title>Dos Lidl Fun Goldenem Land</title>, and <title>Mayn Rue Plats</title>.</p></scopecontent></c04><c04 level="file"><did><unittitle><title>You've Got A Friend</title></unittitle><unitdate type="inclusive">undated</unitdate><unitid type="local_mss">3159794</unitid><container type="box">13</container><container type="folder">15</container></did></c04><c04 level="file"><did><unittitle><title>Zing! Went The Strings Of My Heart</title></unittitle><unitdate type="inclusive">undated</unitdate><unitid type="local_mss">3159795</unitid><container type="box">13</container><container type="folder">16</container></did></c04></c03></c02><c02 level="subseries"><did><unittitle>Subseries I.B. Commercials</unittitle><unitdate type="inclusive" normal="1960/1986">1960-1986</unitdate><unitid type="local_mss">3159830</unitid><physdesc><extent unit="containers">6 containers</extent><extent unit="linear_feet">1.63 linear feet</extent></physdesc></did><scopecontent><p>Applebaum was engaged by advertising agencies to compose background music or jingles for radio and television advertisements for many national brands and products, including Adidas, Avon, Chesterfield Cigarettes, Clairol, Eastern Airlines, Ford, Gulf, Hershey, Hostess, Johnson and Johnson, Lipton, Lysol, Noxzema/Cover Girl, Plymouth, Trans World Airlines, and Xerox. The scores for these ads exist as lead sheets, arrangement sketches, full scores, reduction scores, and parts, though often only lead sheets or full scores are present. Some folders also include contracts, copyright forms, recording notes, and letters from advertising agencies or the client company. Recordings of many of these advertisements are in Series III.</p></scopecontent><arrangement><p>The subseries is arranged by client company or product name.</p></arrangement><c03 level="file"><did><unittitle>Adidas</unittitle><unitdate type="inclusive" normal="1980">1980</unitdate><unitid type="local_mss">3159831</unitid><container type="box">13</container><container type="folder">17</container><container type="box">15</container><container type="folder">1</container></did><scopecontent><p>Two different commercials.</p></scopecontent></c03><c03 level="file"><did><unittitle>American Brands Stogies</unittitle><unitdate type="inclusive" normal="1972">1972</unitdate><unitid type="local_mss">3159832</unitid><container type="box">13</container><container type="folder">18</container></did></c03><c03 level="file"><did><unittitle>Ammens Medicated Powder</unittitle><unitdate type="inclusive" normal="1971">1971</unitdate><unitid type="local_mss">3159833</unitid><container type="box">16</container><container type="folder">1</container></did></c03><c03 level="file"><did><unittitle>Armstrong Tile</unittitle><unitdate type="inclusive" normal="1964">1964</unitdate><unitid type="local_mss">3159834</unitid><container type="box">16</container><container type="folder">2</container></did></c03><c03 level="file"><did><unittitle>Arrid</unittitle><unitdate type="inclusive" normal="1972">1972</unitdate><unitid type="local_mss">3159835</unitid><container type="box">16</container><container type="folder">3</container></did></c03><c03 level="file"><did><unittitle>Avon</unittitle><unitdate type="inclusive" normal="1971/1972">1971-1972</unitdate><unitid type="local_mss">3159836</unitid><container type="box">16</container><container type="folder">4</container></did></c03><c03 level="file"><did><unittitle>Breck</unittitle><unitdate type="inclusive" normal="1970">1970</unitdate><unitid type="local_mss">3159837</unitid><container type="box">16</container><container type="folder">5</container></did></c03><c03 level="file"><did><unittitle>Carlton's</unittitle><unitdate type="inclusive" normal="1964">1964</unitdate><unitid type="local_mss">3159838</unitid><container type="box">16</container><container type="folder">6</container></did></c03><c03 level="file"><did><unittitle>Chesterfield Cigarettes</unittitle><unitdate type="inclusive" normal="1970/1971">1970-1971</unitdate><unitid type="local_mss">3159839</unitid><container type="box">16</container><container type="folder">7</container></did></c03><c03 level="file"><did><unittitle>Chevron</unittitle><unitdate type="inclusive" normal="1965">1965</unitdate><unitid type="local_mss">3159840</unitid><container type="box">16</container><container type="folder">8</container></did></c03><c03 level="file"><did><unittitle>Chic 'N Sexy</unittitle><unitdate type="inclusive" normal="1978">1978</unitdate><unitid type="local_mss">3159841</unitid><container type="box">16</container><container type="folder">9</container></did></c03><c03 level="file"><did><unittitle>Clairol</unittitle><unitdate type="inclusive" normal="1965">1965</unitdate><unitdate type="inclusive" normal="1970">1970</unitdate><unitid type="local_mss">3159842</unitid><container type="box">16</container><container type="folder">10</container></did></c03><c03 level="file"><did><unittitle>Color Compatibles</unittitle><unitdate type="inclusive" normal="1970">1970</unitdate><unitid type="local_mss">3159843</unitid><container type="box">16</container><container type="folder">11</container></did></c03><c03 level="file"><did><unittitle>Cool Whip</unittitle><unitdate type="inclusive" normal="1969">1969</unitdate><unitid type="local_mss">3159844</unitid><container type="box">16</container><container type="folder">12</container></did></c03><c03 level="file"><did><unittitle>Dove</unittitle><unitdate type="inclusive" normal="1967">1967</unitdate><unitid type="local_mss">3159845</unitid><container type="box">16</container><container type="folder">13</container></did></c03><c03 level="file"><did><unittitle>Dr. Pepper</unittitle><unitdate type="inclusive" normal="1974">1974</unitdate><unitid type="local_mss">3159846</unitid><container type="box">16</container><container type="folder">14</container></did></c03><c03 level="file"><did><unittitle>Eastern Airlines</unittitle><unitdate type="inclusive" normal="1975">1975</unitdate><unitid type="local_mss">3159847</unitid><container type="box">16</container><container type="folder">15</container></did></c03><c03 level="file"><did><unittitle>Ford</unittitle><unitdate type="inclusive" normal="1968">1968</unitdate><unitid type="local_mss">3159848</unitid><container type="box">16</container><container type="folder">16</container></did></c03><c03 level="file"><did><unittitle>Genesee</unittitle><unitdate type="inclusive" normal="1969">1969</unitdate><unitid type="local_mss">3159849</unitid><container type="box">16</container><container type="folder">17</container></did></c03><c03 level="file"><did><unittitle>The Golden Nugget</unittitle><unitdate type="inclusive" normal="1982">1982</unitdate><unitid type="local_mss">3159852</unitid><container type="box">16</container><container type="folder">18</container></did></c03><c03 level="file"><did><unittitle>Gulf</unittitle><unitdate type="inclusive" normal="1969">1969</unitdate><unitid type="local_mss">3159853</unitid><container type="box">17</container><container type="folder">1</container></did></c03><c03 level="file"><did><unittitle>Helena Rubinstein</unittitle><unitdate type="inclusive" normal="1977">1977</unitdate><unitid type="local_mss">3159854</unitid><container type="box">17</container><container type="folder">2</container></did></c03><c03 level="file"><did><unittitle>Hershey</unittitle><unitdate type="inclusive" normal="1970/1971">1970-1971</unitdate><unitid type="local_mss">3159855</unitid><container type="box">17</container><container type="folder">3</container></did></c03><c03 level="file"><did><unittitle>Hi-C</unittitle><unitdate type="inclusive">undated</unitdate><unitid type="local_mss">3159856</unitid><container type="box">17</container><container type="folder">4</container></did></c03><c03 level="file"><did><unittitle>Hostess</unittitle><unitdate type="inclusive" normal="1972">1972</unitdate><unitid type="local_mss">3159857</unitid><container type="box">17</container><container type="folder">5</container></did></c03><c03 level="file"><did><unittitle>Ideal Toys</unittitle><unitdate type="inclusive" normal="1970">1970</unitdate><unitid type="local_mss">3159858</unitid><container type="box">17</container><container type="folder">6</container></did></c03><c03 level="file"><did><unittitle>Johnson and Johnson</unittitle><unitdate type="inclusive">undated</unitdate><unitid type="local_mss">3159859</unitid><container type="box">17</container><container type="folder">7</container></did></c03><c03 level="file"><did><unittitle>Krondek</unittitle><unitdate type="inclusive" normal="1968">1968</unitdate><unitid type="local_mss">3159860</unitid><container type="box">17</container><container type="folder">8</container></did></c03><c03 level="file"><did><unittitle>Lipton</unittitle><unitdate type="inclusive" normal="1972">1972</unitdate><unitid type="local_mss">3159863</unitid><container type="box">17</container><container type="folder">9</container></did></c03><c03 level="file"><did><unittitle>Lysol</unittitle><unitdate type="inclusive" normal="1969">1969</unitdate><unitid type="local_mss">3159864</unitid><container type="box">17</container><container type="folder">10</container></did></c03><c03 level="file"><did><unittitle>Manufacturers Hanover Trust</unittitle><unitdate type="inclusive" normal="1971">1971</unitdate><unitid type="local_mss">3159865</unitid><container type="box">4</container><container type="folder">6</container></did></c03><c03 level="file"><did><unittitle>The Marschalk Company Sugared Peanuts</unittitle><unitdate type="inclusive" normal="1967/1968">1967-1968</unitdate><unitid type="local_mss">3159867</unitid><container type="box">17</container><container type="folder">11</container></did></c03><c03 level="file"><did><unittitle>Martinson Coffee</unittitle><unitdate type="inclusive">undated</unitdate><unitid type="local_mss">3159868</unitid><container type="box">17</container><container type="folder">12</container></did></c03><c03 level="file"><did><unittitle>Mattel</unittitle><unitdate type="inclusive" normal="1971/1972">1971-1972</unitdate><unitid type="local_mss">3159869</unitid><container type="box">17</container><container type="folder">13</container></did></c03><c03 level="file"><did><unittitle>Mayo Gum</unittitle><unitdate type="inclusive">undated</unitdate><unitid type="local_mss">3159870</unitid><container type="box">17</container><container type="folder">14</container></did></c03><c03 level="file"><did><unittitle>Metrecal</unittitle><unitdate type="inclusive" normal="1960/1979">1960s-1970s</unitdate><unitid type="local_mss">3159871</unitid><container type="box">17</container><container type="folder">15</container></did></c03><c03 level="file"><did><unittitle>New York Telephone</unittitle><unitdate type="inclusive" normal="1968">1968</unitdate><unitid type="local_mss">3159873</unitid><container type="box">18</container><container type="folder">1</container></did></c03><c03 level="file"><did><unittitle>Noxzema</unittitle><unitdate type="inclusive" normal="1968/1970">1968-1970</unitdate><unitid type="local_mss">3159874</unitid><container type="box">18</container><container type="folder">2</container></did></c03><c03 level="file"><did><unittitle>Nu Soft</unittitle><unitdate type="inclusive">undated</unitdate><unitid type="local_mss">3159875</unitid><container type="box">18</container><container type="folder">3</container></did></c03><c03 level="file"><did><unittitle>Oil America Depends On</unittitle><unitdate type="inclusive">undated</unitdate><unitid type="local_mss">3159876</unitid><container type="box">18</container><container type="folder">4</container></did><scopecontent><p>Unidentified client.</p></scopecontent></c03><c03 level="file"><did><unittitle>Pabst</unittitle><unitdate type="inclusive" normal="1973">1973</unitdate><unitid type="local_mss">3159877</unitid><container type="box">18</container><container type="folder">5</container></did></c03><c03 level="file"><did><unittitle>Pepperoni Pizza</unittitle><unitdate type="inclusive">undated</unitdate><unitid type="local_mss">3159878</unitid><container type="box">18</container><container type="folder">6</container></did><scopecontent><p>Unidentified client.</p></scopecontent></c03><c03 level="file"><did><unittitle>Plymouth</unittitle><unitdate type="inclusive" normal="1966">1966</unitdate><unitid type="local_mss">3159879</unitid><container type="box">18</container><container type="folder">7</container></did></c03><c03 level="file"><did><unittitle>Quality Courts</unittitle><unitdate type="inclusive">undated</unitdate><unitid type="local_mss">3159880</unitid><container type="box">18</container><container type="folder">8</container></did></c03><c03 level="file"><did><unittitle>Remington</unittitle><unitdate type="inclusive" normal="1966">1966</unitdate><unitid type="local_mss">3159881</unitid><container type="box">18</container><container type="folder">9</container></did></c03><c03 level="file"><did><unittitle>Rheingold Beer</unittitle><unitdate type="inclusive">undated</unitdate><unitid type="local_mss">3159882</unitid><container type="box">18</container><container type="folder">10</container></did></c03><c03 level="file"><did><unittitle>Sears</unittitle><unitdate type="inclusive" normal="1969/1971">1969-1971</unitdate><unitid type="local_mss">3159883</unitid><container type="box">18</container><container type="folder">11</container></did></c03><c03 level="file"><did><unittitle>Snow Crop Orange Juice</unittitle><unitdate type="inclusive">undated</unitdate><unitid type="local_mss">3159884</unitid><container type="box">18</container><container type="folder">12</container></did></c03><c03 level="file"><did><unittitle>Sprite</unittitle><unitdate type="inclusive">undated</unitdate><unitid type="local_mss">3159885</unitid><container type="box">18</container><container type="folder">13</container></did></c03><c03 level="file"><did><unittitle>Stock Cars</unittitle><unitdate type="inclusive" normal="1968">1968</unitdate><unitid type="local_mss">3159886</unitid><container type="box">18</container><container type="folder">14</container></did><scopecontent><p>Unidentified client.</p></scopecontent></c03><c03 level="file"><did><unittitle>Summer Blonde Hairspray</unittitle><unitdate type="inclusive">undated</unitdate><unitid type="local_mss">3159887</unitid><container type="box">18</container><container type="folder">15</container></did></c03><c03 level="file"><did><unittitle>Trans World Airlines</unittitle><unitdate type="inclusive" normal="1966">1966</unitdate><unitid type="local_mss">3159888</unitid><container type="box">18</container><container type="folder">16</container></did></c03><c03 level="file"><did><unittitle>Un-Cork New York</unittitle><unitdate type="inclusive" normal="1986">1986</unitdate><unitid type="local_mss">3159889</unitid><container type="box">18</container><container type="folder">17</container></did></c03><c03 level="file"><did><unittitle>Viceroy Cigarettes</unittitle><unitdate type="inclusive" normal="1968">1968</unitdate><unitdate type="inclusive" normal="1975">1975</unitdate><unitid type="local_mss">3159890</unitid><container type="box">18</container><container type="folder">18</container></did></c03><c03 level="file"><did><unittitle>Vitalis Hair Tonic</unittitle><unitdate type="inclusive" normal="1967">1967</unitdate><unitid type="local_mss">3159891</unitid><container type="box">18</container><container type="folder">19</container></did></c03><c03 level="file"><did><unittitle>Winners Circle</unittitle><unitdate type="inclusive" normal="1968">1968</unitdate><unitid type="local_mss">3159892</unitid><container type="box">18</container><container type="folder">20</container></did></c03><c03 level="file"><did><unittitle>Winston Menthol</unittitle><unitdate type="inclusive" normal="1968">1968</unitdate><unitid type="local_mss">3159894</unitid><container type="box">18</container><container type="folder">21</container></did></c03><c03 level="file"><did><unittitle>Xerox</unittitle><unitdate type="inclusive" normal="1972">1972</unitdate><unitid type="local_mss">3159895</unitid><container type="box">18</container><container type="folder">22</container></did></c03><c03 level="file"><did><unittitle>Yardley Cologne</unittitle><unitdate type="inclusive" normal="1967">1967</unitdate><unitid type="local_mss">3159896</unitid><container type="box">18</container><container type="folder">23</container></did></c03></c02><c02 level="subseries"><did><unittitle>Subseries I.C. Compositions</unittitle><unitdate type="inclusive" normal="1940/2002">1940-2002</unitdate><unitid type="local_mss">3159897</unitid><physdesc><extent unit="containers">5 containers</extent><extent unit="linear_feet">1.42 linear feet</extent></physdesc></did><scopecontent><p>This subseries holds Applebaum's concert music, a film theme, two musicals (one unfinished), and songs written with various lyricists. The concert music includes works for piano; string quartet or other chamber groups; choir and keyboard; jazz big band; and student concert band. The orchestration is noted in the container list; in some cases the orchestration is unknown because only a reduction score is present. Applebaum's theme for the film <title>Pit Stop</title> (1969) is evidenced only by a piano reduction score. The musical, <title>What Makes Sammy Run</title>, has only notes and two finished lead sheets, with lyrics by Mel Mandel. With the exception of two published copies, this subseries consists of manuscripts or manuscript copies.</p> <p>The songs, which exist primarily as lead sheets, include work with lyricists such as Gloria Shayne Baker, Bud Green, Mel Mandel, Gerald Deitz, Elsie Simmons, and Roy Freeman. In some cases, Applebaum employed the pseudonyms "Stanley Le Baum" and "Stanley Baum" on his lead sheets (there may be other pseudonyms as well). Some lead sheets never received lyrics, or may not have been intended as songs, but were found with the other song lead sheets and have been kept in that context. There are also lead sheets for songs not composed by Applebaum (or which may bear Applebaum pseudonyms).</p></scopecontent><arrangement><p>This subseries is arranged by title. Untitled works, sketches, and orphan scores pages appear at the end.</p></arrangement><c03 level="file"><did><unittitle><title>Alouette</title></unittitle><unitdate type="inclusive">undated</unitdate><unitid type="local_mss">3159898</unitid><container type="box">19</container><container type="folder">1</container></did><scopecontent><p>For piano.</p></scopecontent></c03><c03 level="file"><did><unittitle><title>Arco</title></unittitle><unitdate type="inclusive">undated</unitdate><unitid type="local_mss">3159901</unitid><container type="box">19</container><container type="folder">2</container></did><scopecontent><p>For flute, vibraphone, French horn, alto saxophone, trombones, guitar, harpsichord, and bass.</p></scopecontent></c03><c03 level="file"><did><unittitle><title>Beyond The Border</title></unittitle><unitdate type="inclusive">undated</unitdate><unitid type="local_mss">3159903</unitid><container type="box">19</container><container type="folder">3</container></did><scopecontent><p>For jazz big band.</p></scopecontent></c03><c03 level="file"><did><unittitle><title>C.W.A.P.</title></unittitle><unitdate type="inclusive">undated</unitdate><unitid type="local_mss">3159904</unitid><container type="box">19</container><container type="folder">4</container></did><scopecontent><p>For celeste, French horn, alto saxophone, guitar, bass, and drums.</p></scopecontent></c03><c03 level="file"><did><unittitle><title>Can't You Dance The Polka</title> and <title>The Wraggle Taggle Gypsies, O!</title></unittitle><unitdate type="inclusive">undated</unitdate><unitid type="local_mss">3159905</unitid><container type="box">19</container><container type="folder">5</container></did><scopecontent><p>For piano.</p></scopecontent></c03><c03 level="file"><did><unittitle><title>Cantata Americana</title></unittitle><unitdate type="inclusive" normal="1947">1947</unitdate><unitid type="local_mss">3159906</unitid><container type="box">19</container><container type="folder">6</container></did><scopecontent><p>Sketches and lyrics (by Gerald Dietz and Roy Freeman) only.</p></scopecontent></c03><c03 level="file"><did><unittitle><title>City Life</title></unittitle><unitdate type="inclusive" normal="1971">1971</unitdate><unitid type="local_mss">3159907</unitid><container type="box">19</container><container type="folder">7</container></did><scopecontent><p>Lead sheet.</p></scopecontent></c03><c03 level="file"><did><unittitle><title>Festiva</title></unittitle><unitdate type="inclusive" normal="1978">1978</unitdate><unitid type="local_mss">3159908</unitid><container type="box">19</container><container type="folder">8</container></did><scopecontent><p>For piano. Also contains correspondence regarding a dispute with ASCAP because of the derivation of the piece from <title>Save The Last Dance For Me</title>.</p></scopecontent></c03><c03 level="file"><did><unittitle><title>Front Row Center</title></unittitle><unitdate type="inclusive" normal="1965">1965</unitdate><unitid type="local_mss">3159909</unitid><container type="box">4</container><container type="folder">7</container></did><scopecontent><p>For piano.</p></scopecontent></c03><c03 level="file"><did><unittitle><title>George Washington Carver Cantata</title></unittitle><unitdate type="inclusive" normal="1947">1947</unitdate><unitid type="local_mss">3159910</unitid><container type="box">4</container><container type="folder">8</container></did><scopecontent><p>Poem by Gerald Dietz.</p></scopecontent></c03><c03 level="file"><did><unittitle><title>Heavenly Chase</title></unittitle><unitdate type="inclusive" normal="1951">1951</unitdate><unitid type="local_mss">3159911</unitid><container type="box">19</container><container type="folder">9</container></did><scopecontent><p>Lead sheets for a musical comedy with book and lyrics by Gerald Dietz.</p></scopecontent></c03><c03 level="file"><did><unittitle><title>Hopak</title></unittitle><unitdate type="inclusive">undated</unitdate><unitid type="local_mss">3159912</unitid><container type="box">19</container><container type="folder">10</container></did><scopecontent><p>Lead sheet.</p></scopecontent></c03><c03 level="file"><did><unittitle><title>Interlude</title></unittitle><unitdate type="inclusive" normal="1999">1999</unitdate><unitid type="local_mss">3159913</unitid><container type="box">14</container><container type="folder">6</container></did><scopecontent><p>For orchestra.</p></scopecontent></c03><c03 level="file"><did><unittitle><title>Livin' High</title></unittitle><unitdate type="inclusive" normal="1945">1945</unitdate><unitid type="local_mss">3159914</unitid><container type="box">19</container><container type="folder">11</container></did><scopecontent><p>Orchestral sketch.</p></scopecontent></c03><c03 level="file"><did><unittitle><title>Moon Nocturne</title></unittitle><unitdate type="inclusive" normal="1945">1945</unitdate><unitid type="local_mss">3159915</unitid><container type="box">19</container><container type="folder">12</container></did><scopecontent><p>Orchestral sketch.</p></scopecontent></c03><c03 level="file"><did><unittitle><title>A New View – Five Trumpet (Clarinet) Preludes</title></unittitle><unitdate type="inclusive" normal="1951">1951</unitdate><unitid type="local_mss">3159916</unitid><container type="box">19</container><container type="folder">13</container></did></c03><c03 level="file"><did><unittitle><title>Opus #5</title></unittitle><unitdate type="inclusive">undated</unitdate><unitid type="local_mss">3159917</unitid><container type="box">19</container><container type="folder">14</container></did><scopecontent><p>Lead sheet.</p></scopecontent></c03><c03 level="file"><did><unittitle><title>Opus #93-94</title></unittitle><unitdate type="inclusive">undated</unitdate><unitid type="local_mss">3159918</unitid><container type="box">19</container><container type="folder">15</container></did><scopecontent><p>Lead sheets.</p></scopecontent></c03><c03 level="file"><did><unittitle><title>Pit Stop</title> Theme</unittitle><unitdate type="inclusive" normal="1968">1968</unitdate><unitid type="local_mss">3159925</unitid><container type="box">19</container><container type="folder">16</container></did><scopecontent><p>Piano reduction score.</p></scopecontent></c03><c03 level="file"><did><unittitle><title>Reverie</title></unittitle><unitdate type="inclusive">undated</unitdate><unitid type="local_mss">3159919</unitid><container type="box">19</container><container type="folder">17</container></did><scopecontent><p>For piano.</p></scopecontent></c03><c03 level="file"><did><unittitle><title>Sake On The Rocks</title></unittitle><unitdate type="inclusive">undated</unitdate><unitid type="local_mss">3159920</unitid><container type="box">14</container><container type="folder">7</container></did><scopecontent><p>Big band arrangement of <title>Sake and Greens</title> (see Tjader, Cal, in subseries 1, box 12, folder 1).</p></scopecontent></c03><c03 level="file"><did><unittitle><title>Shapes</title></unittitle><unitdate type="inclusive" normal="1949">1949</unitdate><unitid type="local_mss">3159922</unitid><container type="box">4</container><container type="folder">9</container></did><scopecontent><p>For flute, oboe, clarinet, piano, bass, and bongo.</p></scopecontent></c03><c03 level="file"><did><unittitle>Short Piano Works</unittitle><unitdate type="inclusive" normal="1955">1955</unitdate><unitid type="local_mss">3159923</unitid><container type="box">19</container><container type="folder">18</container></did></c03><c03 level="file"><did><unittitle>Songs</unittitle><unitdate type="inclusive" normal="1951/1987">1951-1987</unitdate><unitid type="local_mss">3159924</unitid><container type="box">19</container><container type="folder">19-23</container><container type="box">20</container><container type="folder">1-8</container></did></c03><c03 level="file"><did><unittitle><title>Sombrero Serenade</title></unittitle><unitdate type="inclusive">undated</unitdate><unitid type="local_mss">3159926</unitid><container type="box">20</container><container type="folder">9</container></did><scopecontent><p>Reduction score.</p></scopecontent></c03><c03 level="file"><did><unittitle><title>Street Scene</title></unittitle><unitdate type="inclusive">undated</unitdate><unitid type="local_mss">3159927</unitid><container type="box">21</container><container type="folder">1</container></did><scopecontent><p>For piano.</p></scopecontent></c03><c03 level="file"><did><unittitle><title>String Quartet No. 1</title></unittitle><unitdate type="inclusive" normal="1950">1950</unitdate><unitid type="local_mss">3159928</unitid><container type="box">21</container><container type="folder">2</container></did></c03><c03 level="file"><did><unittitle><title>A Touch Of Christmas #1</title></unittitle><unitdate type="inclusive" normal="2002">2002</unitdate><unitid type="local_mss">3159929</unitid><container type="box">14</container><container type="folder">8</container></did><scopecontent><p>For wind ensemble.</p></scopecontent></c03><c03 level="file"><did><unittitle><title>Tripoli</title></unittitle><unitdate type="inclusive">undated</unitdate><unitid type="local_mss">3159930</unitid><container type="box">21</container><container type="folder">3</container></did><scopecontent><p>Teacher/student piano duet.</p></scopecontent></c03><c03 level="file"><did><unittitle><title>Waltz In Three Movements</title></unittitle><unitdate type="inclusive" normal="1940/1951">1940-1951</unitdate><unitid type="local_mss">3159931</unitid><container type="box">21</container><container type="folder">4</container></did><scopecontent><p>Reduction scores.</p></scopecontent></c03><c03 level="file"><did><unittitle><title>What Makes Sammy Run?</title></unittitle><unitdate type="inclusive">undated</unitdate><unitid type="local_mss">3159932</unitid><container type="box">21</container><container type="folder">5</container></did><scopecontent><p>Two lead sheets for songs for an intended musical of the same name. Lyrics by Mel Mandel.</p></scopecontent></c03><c03 level="file"><did><unittitle>Untitled Works, Sketches, and Orphan Score Pages</unittitle><unitdate type="inclusive" normal="1947/2002">1947-2002</unitdate><unitid type="local_mss">3159933</unitid><container type="box">21</container><container type="folder">6</container><container type="box">14</container><container type="folder">9</container></did></c03></c02></c01><c01 level="series"><did><unittitle>Series II: Business Files</unittitle><unitdate type="inclusive" normal="1962/1991">1962-1991</unitdate><unitid type="local_mss">3157080</unitid><physdesc><extent unit="containers">3 containers</extent><extent unit="linear_feet">1.08 linear feet</extent></physdesc></did><scopecontent><p>Applebaum's business files hold letters, publishing contracts, copyright forms, and licensing agreements. The letters pertain to commissions, licensing, advertising, and pitches for arranging or orchestration work. The publishing and copyright files have a few separate files for particular works, but most of the content is arranged chronologically, with only one form or contract per work. A file for S.A Productions contains a brochure prepared for an advertising agency in 1984 outlining the firm's track record and Applebaum's achievements in advertising. Also present is material created for inclusion in a music education book by Applebaum.</p></scopecontent><arrangement><p>This series is arranged by content type or Applebaum's folder title.</p></arrangement><c02 level="file"><did><unittitle>Letters</unittitle><unitdate type="inclusive" normal="1969/1991">1969-1991</unitdate><unitid type="local_mss">3159935</unitid><container type="box">4</container><container type="folder">10</container></did></c02><c02 level="file"><did><unittitle>Music Education Book Content</unittitle><unitdate type="inclusive">undated</unitdate><unitid type="local_mss">3159936</unitid><container type="box">21</container><container type="folder">7</container></did></c02><c02 level="file"><did><unittitle>Publishing and Copyrights</unittitle><unitid type="local_mss">3159938</unitid></did><c03 level="file"><did><unittitle><title>Cimarrown</title></unittitle><unitdate type="inclusive" normal="1976">1976</unitdate><unitid type="local_mss">3159939</unitid><container type="box">4</container><container type="folder">11</container></did></c03><c03 level="file"><did><unittitle><title>Cocoanut Shake</title></unittitle><unitdate type="inclusive" normal="1962/1963">1962-1963</unitdate><unitid type="local_mss">3159940</unitid><container type="box">4</container><container type="folder">12</container></did></c03><c03 level="file"><did><unittitle><title>Facing The Facts Of Love</title></unittitle><unitdate type="inclusive" normal="1965">1965</unitdate><unitdate type="inclusive" normal="1975">1975</unitdate><unitid type="local_mss">3159941</unitid><container type="box">4</container><container type="folder">13</container></did></c03><c03 level="file"><did><unittitle><title>Hometown Hoedown</title></unittitle><unitdate type="inclusive" normal="1976/1977">1976-1977</unitdate><unitid type="local_mss">3159942</unitid><container type="box">4</container><container type="folder">14</container></did></c03><c03 level="file"><did><unittitle><title>Napolitana</title></unittitle><unitdate type="inclusive" normal="1973">1973</unitdate><unitid type="local_mss">3159943</unitid><container type="box">4</container><container type="folder">15</container></did></c03><c03 level="file"><did><unittitle><title>On The Rocks</title></unittitle><unitdate type="inclusive" normal="1962">1962</unitdate><unitid type="local_mss">3159944</unitid><container type="box">4</container><container type="folder">16</container></did></c03><c03 level="file"><did><unittitle><title>You Just Don't Love Her Anymore</title></unittitle><unitdate type="inclusive" normal="1964/1965">1964-1965</unitdate><unitid type="local_mss">3159945</unitid><container type="box">4</container><container type="folder">17</container></did></c03><c03 level="file"><did><unittitle>1949-1959</unittitle><unitid type="local_mss">3159947</unitid><container type="box">4</container><container type="folder">18-20</container></did></c03><c03 level="file"><did><unittitle>1960-1991</unittitle><unitid type="local_mss">3159952</unitid><container type="box">22</container><container type="folder">1-2</container></did></c03></c02><c02 level="file"><did><unittitle>S.A. Productions</unittitle><unitdate type="inclusive" normal="1984">1984</unitdate><unitid type="local_mss">3159956</unitid><container type="box">22</container><container type="folder">3</container></did></c02></c01><c01 level="series"><did><unittitle>Series III: Sound and Moving Image Recordings</unittitle><unitdate type="inclusive" normal="1951/1989">1951-1989</unitdate><unitid type="local_mss">3157082</unitid><physdesc><extent unit="containers">3 containers</extent><extent unit="linear_feet">1.04 linear feet</extent></physdesc></did><scopecontent><p>The sound and moving image recordings consist primarily of music composed and arranged for radio and television commercials, as well as the commercials themselves, some in the form of "demo reels," or samples of Applebaum's work sent to advertising agencies or clients. They also hold demonstration recordings of his songs and compositions, recording sessions he produced for other artists, and recordings of indeterminate connection to Applebaum. Also present are the original media box listings and recording data sheets, which have detailed information on content and configurations for multi-track recordings. These content sheets are in boxes 22 through 24, and are filed by original media identification number.</p> <p>The commercials are in the form of both multi-track recordings and mono or stereo final mixed versions. Among the national brands represented are Sears, Noxzema/Cover Girl, Air France, Goodyear, Mattel, Xerox, National Airlines, and Pall Mall. There is one film present of a television commercial for Hi-C.</p> <p>The demonstration recordings consist primarily of song demos (written by Applebaum in collaboration with various lyricists), but also include instrumentals, and music written for the film <title>Pit Stop</title>.</p> <p>The recordings produced for other artists include multi-track and mixed recordings for releases by Alfonso D' Artega, Cornell Hunter, Cinthy Churchill, Diane Leslie (the wife of Stan Applebaum), and Paul Hampton. Among the recordings of unknown relation to Applebaum are songs by Lionel Bart for his unproduced musical, <title>Gulliver's Travels</title>, and performances by the Bulgarian clarinetist Petko Radev.</p></scopecontent><arrangement><p>This series is arranged by content type.</p></arrangement><accessrestrict><p>Audio and moving image recordings are unavailable pending digitization.</p></accessrestrict><c02 level="file"><did><unittitle>Original Media Labels and Inserts</unittitle><unitid type="local_mss">3159957</unitid></did><c03 level="file"><did><unittitle>682284 - 682370</unittitle><unitid type="local_mss">3159958</unitid><container type="box">22</container><container type="folder">4-63</container></did></c03><c03 level="file"><did><unittitle>682371 - 682453</unittitle><unitid type="local_mss">3159960</unitid><container type="box">23</container><container type="folder">1-69</container></did></c03><c03 level="file"><did><unittitle>682454 - 682509</unittitle><unitid type="local_mss">3159961</unitid><container type="box">24</container><container type="folder">1-22</container></did></c03><c03 level="file"><did><unittitle><title/></unittitle><unitid type="local_mss">3159531</unitid></did></c03></c02></c01></dsc></archdesc>
</ead>
