<?xml version="1.0" encoding="UTF-8"?>
<ead xmlns="urn:isbn:1-931666-22-9" xmlns:xsi="http://www.w3.org/2001/XMLSchema-instance"
	xmlns:xlink="http://www.w3.org/1999/xlink" xsi:schemaLocation="urn:isbn:1-931666-22-9 http://www.loc.gov/ead/ead.xsd">
	<eadheader countryencoding="iso3166-1" dateencoding="iso8601" langencoding="iso639-2b" repositoryencoding="iso15511"
		relatedencoding="marc" scriptencoding="iso8601">
		<eadid countrycode="US" mainagencycode="US-NN" url="http://archives.nypl.org/the/24620.xml">the24620.xml</eadid>
		<filedesc>
			<titlestmt>
				<titleproper>Guide to the The Acting Company records, <date>1968-2017</date></titleproper>
			</titlestmt>
			<publicationstmt>
				<publisher>The New York Public Library. Billy Rose Theatre Division.</publisher>
				<address>
					<addressline>New York Public Library for the Performing Arts, Dorothy and Lewis B. Cullman Center</addressline>
					<addressline>40 Lincoln Center Plaza, New York, NY 10023-7498</addressline>
				</address>
			</publicationstmt>
		</filedesc>
		<profiledesc>
			<creation>EAD generated by archives.nypl.org on <date normal="2019-12-10">December 10, 2019</date></creation>
			<langusage><language langcode="eng">English</language></langusage>
		</profiledesc>
	</eadheader>

	<archdesc level="collection">
		<did>
			<unittitle>The Acting Company records</unittitle>
			<unitdate type="inclusive" normal="1968/2017">1968-2017</unitdate>
			<unitid type="local_mss">24620</unitid>
			<unitid type="local_call">*T-Mss 2018-011</unitid>
			<unitid type="local_b">b21833165</unitid>
			<origination><corpname source="naf" authfilenumber="http://id.loc.gov/authorities/names/no2007025588">Acting Company
					(Theatrical group)</corpname></origination>
			<repository><corpname>The New York Public Library. Billy Rose Theatre Division.</corpname><address>
					<addressline>New York Public Library for the Performing Arts, Dorothy and Lewis B. Cullman Center</addressline>
					<addressline>40 Lincoln Center Plaza, New York, NY 10023-7498</addressline>
				</address></repository>
			<physdesc><extent unit="containers">63 boxes, 144 volumes</extent><extent unit="linear_feet">49.87 linear
					feet</extent></physdesc>
			<abstract>The Acting Company is a New York City-based repertory theater company founded by John Houseman and Margot
				Harley in 1972. The Acting Company records, dating from 1968 to 2017, offer extensive documentation of the Company's
				history. They contain voluminous stage and technical notes and instructions; programs, promotional literature,
				administrative files, and clippings; a comprehensive set of stage and promotional photography; and audio and video
				recordings.</abstract>
			<langmaterial>English</langmaterial>
		</did>
		<bioghist>
			<p>The Acting Company is a New York City-based repertory theater company that tours the United States annually,
				staging and performing one or two plays in as many as fifty cities, often with runs of only one or two nights. It
				was founded in 1972 by John Houseman and Margot Harley with Kevin Kline, Patti LuPone and other members of the first
				graduating class of The Juilliard School's Drama Division.</p>
			<p>The Company originated as the Juilliard Repertory Company at the end of the 1960s, then became the City Center
				Acting Company as an affiliate of City Center, and eventually The Acting Company. (The Company was allied with the
				Kennedy Center for the Performing Arts for a few years as well.) Houseman served as producing artistic director
				through 1986; Harley was producer from the Company's founding until her retirement at the end of 2015.</p>
			<p>The Acting Company has produced 40 Shakespeare plays, as well as classics by Chekhov, Ibsen, Shaw, Sheridan,
				Marlowe and Moliere. It has also commissioned new adaptations of poetry by Shakespeare, and adaptions of classic
				American literature by Tennessee Williams, Mark Twain, and others. In addition to performances, the company offers
				master classes and artist residencies to schools and communities, as well as professional development workshops for
				actors.</p>
			<p>Over 400 actors have launched their careers with The Acting Company, including LuPone, Kline, David Ogden Stiers,
				David Schramm, Rainn Wilson, Frances Conroy, Jesse L. Martin, Jeffrey Wright, Harriet Harris, and Hamish
				Linklater.</p>
		</bioghist>
		<scopecontent>
			<p>The Acting Company records, dating from 1968 to 2017, offer extensive documentation of the history of the Company
				through voluminous stage and technical notes and instructions; programs, promotional literature, administrative
				files, and clippings; and a comprehensive set of stage and promotional photography.</p>
			<p>The largest portion of the collection consists of stage manager and technical production bibles containing
				detailed notes on staging, lighting, blocking, costumes, and props, as well as touring logs and, in some cases,
				photographs. They offer a deep look into theatrical production, in some instances for the same play produced in
				separate seasons, with different casts, directors, and crews.</p>
			<p>Promotional and administrative files mainly contain programs for performances in New York and around the United
				States, as well as benefit programs, flyers, clippings, and brochures. Administrative correspondence and notes
				regarding the history of the company and production matters appear only for the early years (1968 to 1972), and for
				the 2003-2004 season.</p>
			<p>A large set of photography documents productions from throughout the Company's history through dress-rehearsal or
				performance photographs used for promotion. Also present are two books of photographs of John Houseman's career, and
				a book of photos from the American National Theater and Academy's 1983-1984 season.</p>
			<p>The collection also holds audio, film, and video recordings. They consist of full performances, performance
				excerpts, benefit galas, award ceremonies, rehearsals, incidental music, radio/television public service
				announcements, and interviews with actors.</p>
		</scopecontent>
		<prefercite>
			<p>The Acting Company records, *T-Mss 2018-011. Billy Rose Theatre Division, The New York Public Library for the
				Performing Arts</p>
		</prefercite>
		<accessrestrict>
			<p>Some collections held by the Dance, Music, Recorded Sound, and Theatre Divisions at the New York Public Library
				for the Performing Arts are held off-site and must be requested in advance. Please check the collection records in
						<extref xlink:href="http://catalog.nypl.org/record=LPA_BNUMBER" xlink:type="simple" xlink:actuate="onRequest"
						>the NYPL's online catalog</extref> for detailed location information. For general guidance about requesting
				offsite materials, please consult: <extref
					xlink:href="https://www.nypl.org/about/locations/lpa/requesting-archival-materials" xlink:type="simple"
					xlink:actuate="onRequest">https://www.nypl.org/about/locations/lpa/requesting-archival-materials</extref></p>
			<p>Audio and video recordings are unavailable pending digitization. Electronic records are unavailable.</p>
		</accessrestrict>
		<controlaccess>
			<persname source="naf" authfilenumber="http://id.loc.gov/authorities/names/n79072852">Houseman, John,
				1902-1988</persname>
			<corpname source="naf" authfilenumber="http://id.loc.gov/authorities/names/no2007025588">Acting Company (Theatrical
				group)</corpname>
			<subject source="lcsh">Repertory theater</subject>
			<subject source="lcsh">Theater -- Production and direction</subject>
			<subject source="lcsh">Theater -- United States</subject>
			<subject source="lcsh">Theatrical companies</subject>
			<genreform source="aat" authfilenumber="http://id.loc.gov/authorities/names/300026867">Clippings (information
				artifacts)</genreform>
			<genreform source="aat" authfilenumber="http://id.loc.gov/authorities/names/300026879">Letters
				(correspondence)</genreform>
			<genreform source="aat" authfilenumber="http://id.loc.gov/authorities/names/300127173">Negatives
				(photographs)</genreform>
			<genreform source="aat" authfilenumber="http://id.loc.gov/authorities/names/300027240">Programs
				(documents)</genreform>
			<genreform source="aat" authfilenumber="http://id.loc.gov/authorities/names/300128371">Slides
				(photographs)</genreform>
		</controlaccess>
		<dsc>
			<c01 level="series">
				<did>
					<unittitle>Series I: Stage Manager and Technical Bibles</unittitle>
					<unitdate type="inclusive" normal="1971/2017">1971-2017</unitdate>
					<unitid type="local_mss">3155705</unitid>
					<physdesc><extent unit="containers">113 volumes, 13 boxes</extent><extent unit="linear_feet">24.08 linear
							feet</extent></physdesc>
				</did>
				<scopecontent>
					<p>This series, which comprises the largest portion of the collection, documents the Acting Company's production
						and touring process. It holds binders (referred to as "bibles") containing scripts annotated by the stage managers
						and technical crews, and used to guide the production crew through the performance. The bibles include stage
						directions and cues; stage designs; scene blockings; lighting plans; and other technical notes. Also present for
						some productions is information on props or costumes (including photographs); photographs of performances and
						touring life; tour logs noting the quality of a performance, problems, accidents, or other exceptional
						circumstances; correspondence between the director and producer, and between the company and local presenters;
						cast and crew contact lists; and programs and clippings. Some binders also have recordings of sound effects and
						incidental music, and scores for music performed.</p>
					<p>Although there are more binders present from the 1970s, binders from later years are larger and contain more
						(and more varied) content.</p>
				</scopecontent>
				<arrangement>
					<p>The bibles are titled by production, and arranged in chronological sequence by season. Each binder usually holds
						one production, though in some cases two or three productions on a single tour are mixed together within single
						binders.</p>
				</arrangement>
				<processinfo>
					<p>Most of the binders are intact, but the contents of some were rehoused in folders if the original binder was
						overstuffed or damaged.</p>
				</processinfo>
				<accessrestrict>
					<p>Audio recordings are unavailable pending digitization.</p>
				</accessrestrict>
				<c02 level="file">
					<did>
						<unittitle><title>Scapin The Schemer</title></unittitle>
						<unitdate type="inclusive" normal="1971">1971</unitdate>
						<unitid type="local_mss">3154842</unitid>
						<container type="box">1</container>
						<container type="folder">1</container>
					</did>
				</c02>
				<c02 level="file">
					<did>
						<unittitle><title>The School For Scandal</title></unittitle>
						<unitdate type="inclusive" normal="1972">1972</unitdate>
						<unitid type="local_mss">3154843</unitid>
						<container type="volume">1</container>
					</did>
				</c02>
				<c02 level="file">
					<did>
						<unittitle><title>The Hostage</title></unittitle>
						<unitdate type="inclusive" normal="1972">1972</unitdate>
						<unitid type="local_mss">3154844</unitid>
						<container type="volume">2</container>
					</did>
				</c02>
				<c02 level="file">
					<did>
						<unittitle><title>U.S.A.</title></unittitle>
						<unitdate type="inclusive" normal="1972">1972</unitdate>
						<unitid type="local_mss">3154845</unitid>
						<container type="volume">3</container>
					</did>
				</c02>
				<c02 level="file">
					<did>
						<unittitle><title>The Lower Depths</title></unittitle>
						<unitdate type="inclusive" normal="1972/1973">1972-1973</unitdate>
						<unitid type="local_mss">3154846</unitid>
						<container type="volume">4</container>
						<container type="volume">5</container>
					</did>
				</c02>
				<c02 level="file">
					<did>
						<unittitle><title>The Diary Of Adam And Eve From The Apple Tree</title></unittitle>
						<unitdate type="inclusive" normal="1973/1974">1973-1974</unitdate>
						<unitid type="local_mss">3154848</unitid>
						<container type="box">1</container>
						<container type="folder">2</container>
					</did>
				</c02>
				<c02 level="file">
					<did>
						<unittitle><title>The Knack</title></unittitle>
						<unitdate type="inclusive" normal="1973/1974">1973-1974</unitdate>
						<unitid type="local_mss">3154849</unitid>
						<container type="volume">6</container>
					</did>
				</c02>
				<c02 level="file">
					<did>
						<unittitle><title>Measure For Measure</title></unittitle>
						<unitdate type="inclusive" normal="1973/1974">1973-1974</unitdate>
						<unitid type="local_mss">3154850</unitid>
						<container type="box">1</container>
						<container type="folder">3</container>
					</did>
				</c02>
				<c02 level="file">
					<did>
						<unittitle><title>The Beggar's Opera</title></unittitle>
						<unitdate type="inclusive" normal="1973/1974">1973-1974</unitdate>
						<unitid type="local_mss">3154852</unitid>
						<container type="box">1</container>
						<container type="folder">4</container>
						<container type="volume">7</container>
					</did>
				</c02>
				<c02 level="file">
					<did>
						<unittitle><title>The Three Sisters</title></unittitle>
						<unitdate type="inclusive" normal="1973/1975">1973-1975</unitdate>
						<unitid type="local_mss">3153121</unitid>
						<container type="volume">8-10</container>
					</did>
				</c02>
				<c02 level="file">
					<did>
						<unittitle><title>The Orchestra</title></unittitle>
						<unitdate type="inclusive" normal="1974/1975">1974-1975</unitdate>
						<unitid type="local_mss">3153122</unitid>
						<container type="volume">11</container>
					</did>
				</c02>
				<c02 level="file">
					<did>
						<unittitle><title>Edward II</title></unittitle>
						<unitdate type="inclusive" normal="1974/1975">1974-1975</unitdate>
						<unitid type="local_mss">3153123</unitid>
						<container type="box">1</container>
						<container type="folder">5</container>
						<container type="volume">12</container>
					</did>
				</c02>
				<c02 level="file">
					<did>
						<unittitle><title>The Time Of Your Life</title></unittitle>
						<unitdate type="inclusive" normal="1974/1975">1974-1975</unitdate>
						<unitid type="local_mss">3153124</unitid>
						<container type="volume">13-15</container>
					</did>
				</c02>
				<c02 level="file">
					<did>
						<unittitle><title>Love's Labour's Lost</title></unittitle>
						<unitdate type="inclusive" normal="1974/1976">1974-1976</unitdate>
						<unitid type="local_mss">3153126</unitid>
						<container type="box">1</container>
						<container type="folder">6</container>
						<container type="box">2</container>
						<container type="folder">1-4</container>
					</did>
				</c02>
				<c02 level="file">
					<did>
						<unittitle><title>Arms And The Man</title></unittitle>
						<unitdate type="inclusive" normal="1975/1976">1975-1976</unitdate>
						<unitid type="local_mss">3153127</unitid>
						<container type="box">2</container>
						<container type="folder">5-6</container>
						<container type="box">3</container>
						<container type="folder">1-3</container>
					</did>
				</c02>
				<c02 level="file">
					<did>
						<unittitle><title>She Stoops To Conquer</title></unittitle>
						<unitdate type="inclusive" normal="1975/1976">1975-1976</unitdate>
						<unitid type="local_mss">3153128</unitid>
						<container type="volume">16</container>
						<container type="volume">17</container>
					</did>
				</c02>
				<c02 level="file">
					<did>
						<unittitle><title>The Taming Of The Shrew</title></unittitle>
						<unitdate type="inclusive" normal="1975/1976">1975-1976</unitdate>
						<unitid type="local_mss">3153130</unitid>
						<container type="box">3</container>
						<container type="folder">4-6</container>
						<container type="volume">18</container>
					</did>
				</c02>
				<c02 level="file">
					<did>
						<unittitle><title>The Robber Bridegroom</title></unittitle>
						<unitdate type="inclusive" normal="1975/1976">1975-1976</unitdate>
						<unitid type="local_mss">3153131</unitid>
						<container type="volume">19</container>
					</did>
				</c02>
				<c02 level="file">
					<did>
						<unittitle><title>Camino Real</title></unittitle>
						<unitdate type="inclusive" normal="1976/1977">1976-1977</unitdate>
						<unitid type="local_mss">3153132</unitid>
						<container type="box">4</container>
						<container type="folder">1-2</container>
					</did>
				</c02>
				<c02 level="file">
					<did>
						<unittitle><title>The Kitchen</title></unittitle>
						<unitdate type="inclusive" normal="1976/1977">1976-1977</unitdate>
						<unitid type="local_mss">3153133</unitid>
						<container type="volume">20</container>
					</did>
				</c02>
				<c02 level="file">
					<did>
						<unittitle><title>The Way Of The World</title></unittitle>
						<unitdate type="inclusive" normal="1976/1977">1976-1977</unitdate>
						<unitid type="local_mss">3153134</unitid>
						<container type="box">4</container>
						<container type="folder">3</container>
					</did>
				</c02>
				<c02 level="file">
					<did>
						<unittitle><title>The Duck Variations</title></unittitle>
						<unitdate type="inclusive" normal="1976/1977">1976-1977</unitdate>
						<unitid type="local_mss">3153135</unitid>
						<container type="volume">21</container>
					</did>
				</c02>
				<c02 level="file">
					<did>
						<unittitle><title>King Lear</title></unittitle>
						<unitdate type="inclusive" normal="1977/1978">1977-1978</unitdate>
						<unitid type="local_mss">3153136</unitid>
						<container type="volume">22</container>
					</did>
				</c02>
				<c02 level="file">
					<did>
						<unittitle><title>Chapeau</title></unittitle>
						<unitdate type="inclusive" normal="1977/1978">1977-1978</unitdate>
						<unitid type="local_mss">3153137</unitid>
						<container type="box">4</container>
						<container type="folder">4</container>
						<container type="volume">23</container>
					</did>
				</c02>
				<c02 level="file">
					<did>
						<unittitle><title>Mother Courage And Her Children</title></unittitle>
						<unitdate type="inclusive" normal="1977/1978">1977-1978</unitdate>
						<unitid type="local_mss">3153138</unitid>
						<container type="box">4</container>
						<container type="folder">5</container>
						<container type="box">5</container>
						<container type="folder">1</container>
						<container type="volume">24</container>
					</did>
				</c02>
				<c02 level="file">
					<did>
						<unittitle><title>The Other Half</title></unittitle>
						<unitdate type="inclusive" normal="1978/1979">1978-1979</unitdate>
						<unitid type="local_mss">3153139</unitid>
						<container type="box">4</container>
						<container type="folder">6</container>
						<container type="volume">25</container>
						<container type="volume">26</container>
					</did>
				</c02>
				<c02 level="file">
					<did>
						<unittitle><title>Antigone</title></unittitle>
						<unitdate type="inclusive" normal="1978/1979">1978-1979</unitdate>
						<unitid type="local_mss">3153140</unitid>
						<container type="box">6</container>
						<container type="folder">1</container>
						<container type="volume">27</container>
					</did>
				</c02>
				<c02 level="file">
					<did>
						<unittitle><title>Romeo And Juliet</title></unittitle>
						<unitdate type="inclusive" normal="1978/1979">1978-1979</unitdate>
						<unitid type="local_mss">3153141</unitid>
						<container type="volume">28</container>
						<container type="volume">29</container>
					</did>
				</c02>
				<c02 level="file">
					<did>
						<unittitle><title>Broadway</title></unittitle>
						<unitdate type="inclusive" normal="1978/1979">1978-1979</unitdate>
						<unitid type="local_mss">3153142</unitid>
						<container type="volume">30</container>
					</did>
				</c02>
				<c02 level="file">
					<did>
						<unittitle><title>Split</title></unittitle>
						<unitdate type="inclusive" normal="1979/1980">1979-1980</unitdate>
						<unitid type="local_mss">3153143</unitid>
						<container type="volume">31</container>
					</did>
				</c02>
				<c02 level="file">
					<did>
						<unittitle><title>The White Devil</title></unittitle>
						<unitdate type="inclusive" normal="1979/1980">1979-1980</unitdate>
						<unitid type="local_mss">3153144</unitid>
						<container type="volume">32</container>
					</did>
				</c02>
				<c02 level="file">
					<did>
						<unittitle><title>Elizabeth I</title></unittitle>
						<unitdate type="inclusive" normal="1979/1980">1979-1980</unitdate>
						<unitid type="local_mss">3153145</unitid>
						<container type="volume">33</container>
					</did>
				</c02>
				<c02 level="file">
					<did>
						<unittitle><title>Il Campiello</title></unittitle>
						<unitdate type="inclusive" normal="1980/1981">1980-1981</unitdate>
						<unitid type="local_mss">3153146</unitid>
						<container type="volume">34</container>
					</did>
				</c02>
				<c02 level="file">
					<did>
						<unittitle><title>Twelfth Night</title></unittitle>
						<unitdate type="inclusive" normal="1981/1982">1981-1982</unitdate>
						<unitid type="local_mss">3153147</unitid>
						<container type="box">6</container>
						<container type="folder">2</container>
					</did>
				</c02>
				<c02 level="file">
					<did>
						<unittitle><title>Pericles</title></unittitle>
						<unitdate type="inclusive" normal="1982/1983">1982-1983</unitdate>
						<unitid type="local_mss">3153148</unitid>
						<container type="box">6</container>
						<container type="folder">3-4</container>
					</did>
				</c02>
				<c02 level="file">
					<did>
						<unittitle><title>Tartuffe</title></unittitle>
						<unitdate type="inclusive" normal="1982/1983">1982-1983</unitdate>
						<unitid type="local_mss">3153149</unitid>
						<container type="volume">35</container>
					</did>
				</c02>
				<c02 level="file">
					<did>
						<unittitle><title>The Cradle Will Rock</title></unittitle>
						<unitdate type="inclusive" normal="1983/1984">1983-1984</unitdate>
						<unitid type="local_mss">3153151</unitid>
						<container type="volume">36</container>
						<container type="volume">37</container>
					</did>
				</c02>
				<c02 level="file">
					<did>
						<unittitle><title>Pieces Of Eight</title></unittitle>
						<unitdate type="inclusive" normal="1983/1984">1983-1984</unitdate>
						<unitid type="local_mss">3153152</unitid>
						<container type="volume">38</container>
					</did>
				</c02>
				<c02 level="file">
					<did>
						<unittitle><title>The Skin Of Our Teeth</title></unittitle>
						<unitdate type="inclusive" normal="1984/1985">1984-1985</unitdate>
						<unitid type="local_mss">3153153</unitid>
						<container type="box">6</container>
						<container type="folder">5</container>
						<container type="volume">39</container>
					</did>
				</c02>
				<c02 level="file">
					<did>
						<unittitle><title>A New Way To Pay Old Debts</title></unittitle>
						<unitdate type="inclusive" normal="1984/1985">1984-1985</unitdate>
						<unitid type="local_mss">3153154</unitid>
						<container type="volume">40</container>
					</did>
				</c02>
				<c02 level="file">
					<did>
						<unittitle><title>As You Like It</title></unittitle>
						<unitdate type="inclusive" normal="1985/1986">1985-1986</unitdate>
						<unitid type="local_mss">3153155</unitid>
						<container type="volume">41</container>
					</did>
				</c02>
				<c02 level="file">
					<did>
						<unittitle><title>Orchards: Seven American Playwrights Present Stories By Chekhov</title></unittitle>
						<unitdate type="inclusive" normal="1985/1986">1985-1986</unitdate>
						<unitid type="local_mss">3153157</unitid>
						<container type="box">6</container>
						<container type="folder">6-7</container>
					</did>
				</c02>
				<c02 level="file">
					<did>
						<unittitle><title>Ten By Tennessee</title></unittitle>
						<unitdate type="inclusive" normal="1985/1986">1985-1986</unitdate>
						<unitid type="local_mss">3153158</unitid>
						<container type="box">7</container>
						<container type="folder">1</container>
					</did>
				</c02>
				<c02 level="file">
					<did>
						<unittitle><title>The Gilded Age</title></unittitle>
						<unitdate type="inclusive" normal="1986/1987">1986-1987</unitdate>
						<unitid type="local_mss">3153159</unitid>
						<container type="box">7</container>
						<container type="folder">2-3</container>
						<container type="volume">42-44</container>
					</did>
				</c02>
				<c02 level="file">
					<did>
						<unittitle><title>Much Ado About Nothing</title></unittitle>
						<unitdate type="inclusive" normal="1986/1987">1986-1987</unitdate>
						<unitid type="local_mss">3153160</unitid>
						<container type="box">7</container>
						<container type="folder">4</container>
					</did>
				</c02>
				<c02 level="file">
					<did>
						<unittitle><title>Kabuki Macbeth</title></unittitle>
						<unitdate type="inclusive" normal="1987/1988">1987-1988</unitdate>
						<unitid type="local_mss">3153161</unitid>
						<container type="box">7</container>
						<container type="folder">5</container>
						<container type="volume">45</container>
						<container type="volume">46</container>
					</did>
				</c02>
				<c02 level="file">
					<did>
						<unittitle><title>Love's Labour's Lost</title></unittitle>
						<unitdate type="inclusive" normal="1988/1989">1988-1989</unitdate>
						<unitid type="local_mss">3153162</unitid>
						<container type="box">7</container>
						<container type="folder">6</container>
						<container type="volume">47</container>
					</did>
				</c02>
				<c02 level="file">
					<did>
						<unittitle><title>Boy Meets Girl</title></unittitle>
						<unitdate type="inclusive" normal="1988/1989">1988-1989</unitdate>
						<unitid type="local_mss">3153166</unitid>
						<container type="box">8</container>
						<container type="folder">1</container>
						<container type="volume">48</container>
					</did>
				</c02>
				<c02 level="file">
					<did>
						<unittitle><title>The Phantom Tollbooth</title></unittitle>
						<unitdate type="inclusive" normal="1988/1989">1988-1989</unitdate>
						<unitid type="local_mss">3153169</unitid>
						<container type="box">8</container>
						<container type="folder">2</container>
						<container type="volume">49</container>
					</did>
				</c02>
				<c02 level="file">
					<did>
						<unittitle><title>Five By Tennessee</title></unittitle>
						<unitdate type="inclusive" normal="1990/1991">1990-1991</unitdate>
						<unitid type="local_mss">3153170</unitid>
						<container type="volume">50</container>
						<container type="volume">51</container>
					</did>
					<scopecontent>
						<p>Volume 51 contains photographs.</p>
					</scopecontent>
				</c02>
				<c02 level="file">
					<did>
						<unittitle><title>Two Gentlemen of Verona</title></unittitle>
						<unitdate type="inclusive" normal="1990/1991">1990-1991</unitdate>
						<unitid type="local_mss">3153171</unitid>
						<container type="box">8</container>
						<container type="folder">3</container>
						<container type="volume">52</container>
					</did>
				</c02>
				<c02 level="file">
					<did>
						<unittitle><title>A Midsummer Night's Dream</title></unittitle>
						<unitdate type="inclusive" normal="1991/1992">1991-1992</unitdate>
						<unitid type="local_mss">3153172</unitid>
						<container type="volume">53-56</container>
					</did>
				</c02>
				<c02 level="file">
					<did>
						<unittitle><title>Blood Knot</title></unittitle>
						<unitdate type="inclusive" normal="1991/1992">1991-1992</unitdate>
						<unitid type="local_mss">3153174</unitid>
						<container type="volume">57</container>
					</did>
				</c02>
				<c02 level="file">
					<did>
						<unittitle><title>Twelfth Night</title></unittitle>
						<unitdate type="inclusive" normal="1993/1994">1993-1994</unitdate>
						<unitid type="local_mss">3153176</unitid>
						<container type="box">8</container>
						<container type="folder">4</container>
						<container type="volume">58</container>
					</did>
				</c02>
				<c02 level="file">
					<did>
						<unittitle><title>A Doll's House</title></unittitle>
						<unitdate type="inclusive" normal="1994/1995">1994-1995</unitdate>
						<unitid type="local_mss">3154853</unitid>
						<container type="volume">59</container>
						<container type="volume">60</container>
					</did>
				</c02>
				<c02 level="file">
					<did>
						<unittitle><title>Othello</title></unittitle>
						<unitdate type="inclusive" normal="1994/1995">1994-1995</unitdate>
						<unitid type="local_mss">3153179</unitid>
						<container type="box">8</container>
						<container type="folder">5</container>
						<container type="volume">61</container>
						<container type="volume">62</container>
					</did>
				</c02>
				<c02 level="file">
					<did>
						<unittitle><title>Richard III</title></unittitle>
						<unitdate type="inclusive" normal="1994/1995">1994-1995</unitdate>
						<unitid type="local_mss">3153180</unitid>
						<container type="volume">63</container>
					</did>
				</c02>
				<c02 level="file">
					<did>
						<unittitle><title>Henry V</title></unittitle>
						<unitdate type="inclusive" normal="1995/1996">1995-1996</unitdate>
						<unitid type="local_mss">3153181</unitid>
						<container type="volume">64</container>
					</did>
				</c02>
				<c02 level="file">
					<did>
						<unittitle><title>Mud, River, Stone</title></unittitle>
						<unitdate type="inclusive" normal="1996/1997">1996-1997</unitdate>
						<unitid type="local_mss">3153182</unitid>
						<container type="volume">65</container>
					</did>
				</c02>
				<c02 level="file">
					<did>
						<unittitle><title>The Glass Menagerie</title></unittitle>
						<unitdate type="inclusive" normal="1996/1997">1996-1997</unitdate>
						<unitid type="local_mss">3153184</unitid>
						<container type="box">8</container>
						<container type="folder">6</container>
						<container type="volume">66</container>
					</did>
				</c02>
				<c02 level="file">
					<did>
						<unittitle><title>As You Like It</title></unittitle>
						<unitdate type="inclusive" normal="1996/1997">1996-1997</unitdate>
						<unitid type="local_mss">3153185</unitid>
						<container type="volume">67</container>
					</did>
				</c02>
				<c02 level="file">
					<did>
						<unittitle><title>Romeo and Juliet</title></unittitle>
						<unitdate type="inclusive" normal="1997/1998">1997-1998</unitdate>
						<unitid type="local_mss">3153186</unitid>
						<container type="volume">68</container>
					</did>
				</c02>
				<c02 level="file">
					<did>
						<unittitle><title>Love's Fire</title></unittitle>
						<unitdate type="inclusive" normal="1998">1998</unitdate>
						<unitid type="local_mss">3153187</unitid>
						<container type="volume">69</container>
					</did>
				</c02>
				<c02 level="file">
					<did>
						<unittitle><title>Twelfth Night</title></unittitle>
						<unitdate type="inclusive" normal="1998/1999">1998-1999</unitdate>
						<unitid type="local_mss">3153188</unitid>
						<container type="volume">70</container>
					</did>
				</c02>
				<c02 level="file">
					<did>
						<unittitle><title>Tartuffe</title></unittitle>
						<unitdate type="inclusive" normal="1998/1999">1998-1999</unitdate>
						<unitid type="local_mss">3153191</unitid>
						<container type="box">5</container>
						<container type="folder">2</container>
						<container type="box">8</container>
						<container type="folder">7</container>
						<container type="volume">71</container>
					</did>
				</c02>
				<c02 level="file">
					<did>
						<unittitle><title>The Rivals</title></unittitle>
						<unitdate type="inclusive" normal="1999/2000">1999-2000</unitdate>
						<unitid type="local_mss">3153194</unitid>
						<container type="box">9</container>
						<container type="folder">1</container>
						<container type="volume">72</container>
						<container type="volume">73</container>
					</did>
				</c02>
				<c02 level="file">
					<did>
						<unittitle><title>The Merry Wives of Windsor</title></unittitle>
						<unitdate type="inclusive" normal="1999/2000">1999-2000</unitdate>
						<unitid type="local_mss">3153196</unitid>
						<container type="volume">74</container>
					</did>
				</c02>
				<c02 level="file">
					<did>
						<unittitle><title>The Rivals</title> and <title>Macbeth</title></unittitle>
						<unitdate type="inclusive" normal="1999/2000">1999-2000</unitdate>
						<unitid type="local_mss">3153197</unitid>
						<container type="volume">75</container>
					</did>
				</c02>
				<c02 level="file">
					<did>
						<unittitle><title>Macbeth</title></unittitle>
						<unitdate type="inclusive" normal="1999/2000">1999-2000</unitdate>
						<unitid type="local_mss">3153199</unitid>
						<container type="box">5</container>
						<container type="folder">3</container>
						<container type="volume">76</container>
					</did>
				</c02>
				<c02 level="file">
					<did>
						<unittitle><title>O Pioneers!</title> and <title>The Comedy of Errors</title></unittitle>
						<unitdate type="inclusive" normal="2000/2001">2000-2001</unitdate>
						<unitid type="local_mss">3153200</unitid>
						<container type="volume">77-79</container>
					</did>
				</c02>
				<c02 level="file">
					<did>
						<unittitle><title>Romeo and Juliet</title></unittitle>
						<unitdate type="inclusive" normal="2000/2001">2000-2001</unitdate>
						<unitid type="local_mss">3153201</unitid>
						<container type="volume">80</container>
					</did>
				</c02>
				<c02 level="file">
					<did>
						<unittitle><title>Pudd'nhead Wilson</title> and <title>The Taming of the Shrew</title></unittitle>
						<unitdate type="inclusive" normal="2001/2002">2001-2002</unitdate>
						<unitid type="local_mss">3153202</unitid>
						<container type="volume">81-83</container>
					</did>
				</c02>
				<c02 level="file">
					<did>
						<unittitle><title>American Dreams: Lost And Found</title> and <title>As You Like It</title></unittitle>
						<unitdate type="inclusive" normal="2002/2003">2002-2003</unitdate>
						<unitid type="local_mss">3153203</unitid>
						<container type="volume">84</container>
						<container type="volume">85</container>
					</did>
				</c02>
				<c02 level="file">
					<did>
						<unittitle><title>Murder By Poe</title> and <title>Richard III</title></unittitle>
						<unitdate type="inclusive" normal="2003/2004">2003-2004</unitdate>
						<unitid type="local_mss">3153204</unitid>
						<container type="box">9</container>
						<container type="folder">2-4</container>
					</did>
				</c02>
				<c02 level="file">
					<did>
						<unittitle><title>Two Gentlemen of Verona</title>, <title>The Turn of the Screw</title>, and <title>Love,
								Shakespeare</title></unittitle>
						<unitdate type="inclusive" normal="2004/2005">2004-2005</unitdate>
						<unitid type="local_mss">3153205</unitid>
						<container type="box">9</container>
						<container type="folder">5</container>
						<container type="box">10</container>
						<container type="folder">1-4</container>
					</did>
				</c02>
				<c02 level="file">
					<did>
						<unittitle><title>Two Gentlemen of Verona</title> and <title>The Turn of the Screw</title></unittitle>
						<unitdate type="inclusive" normal="2004/2005">2004-2005</unitdate>
						<unitid type="local_mss">3153206</unitid>
						<container type="box">10</container>
						<container type="folder">5</container>
						<container type="volume">86</container>
					</did>
				</c02>
				<c02 level="file">
					<did>
						<unittitle><title>Love, Shakespeare</title></unittitle>
						<unitdate type="inclusive" normal="2004/2005">2004-2005</unitdate>
						<unitid type="local_mss">3153207</unitid>
						<container type="volume">87</container>
					</did>
				</c02>
				<c02 level="file">
					<did>
						<unittitle><title>The Three Musketeers</title></unittitle>
						<unitdate type="inclusive" normal="2005/2006">2005-2006</unitdate>
						<unitid type="local_mss">3153208</unitid>
						<container type="volume">88</container>
					</did>
				</c02>
				<c02 level="file">
					<did>
						<unittitle><title>Macbeth</title></unittitle>
						<unitdate type="inclusive" normal="2005/2006">2005-2006</unitdate>
						<unitid type="local_mss">3153209</unitid>
						<container type="volume">89</container>
					</did>
				</c02>
				<c02 level="file">
					<did>
						<unittitle><title>Little Macbeth</title> and <title>The Lottery</title></unittitle>
						<unitdate type="inclusive" normal="2005/2006">2005-2006</unitdate>
						<unitid type="local_mss">3153211</unitid>
						<container type="volume">90</container>
					</did>
				</c02>
				<c02 level="file">
					<did>
						<unittitle><title>Jane Eyre</title></unittitle>
						<unitdate type="inclusive" normal="2006/2007">2006-2007</unitdate>
						<unitid type="local_mss">3153213</unitid>
						<container type="volume">91</container>
						<container type="volume">92</container>
					</did>
				</c02>
				<c02 level="file">
					<did>
						<unittitle><title>Love, Shakespeare</title></unittitle>
						<unitdate type="inclusive" normal="2007">2007</unitdate>
						<unitid type="local_mss">3153214</unitid>
						<container type="volume">93</container>
					</did>
				</c02>
				<c02 level="file">
					<did>
						<unittitle><title>The Tempest</title> (One hour version)</unittitle>
						<unitdate type="inclusive" normal="2007/2008">2007-2008</unitdate>
						<unitid type="local_mss">3153215</unitid>
						<container type="volume">94</container>
					</did>
				</c02>
				<c02 level="file">
					<did>
						<unittitle><title>The Tempest</title> and <title>Moby Dick</title></unittitle>
						<unitdate type="inclusive" normal="2007/2008">2007-2008</unitdate>
						<unitid type="local_mss">3153216</unitid>
						<container type="box">11</container>
						<container type="folder">1-5</container>
						<container type="volume">95</container>
					</did>
				</c02>
				<c02 level="file">
					<did>
						<unittitle><title>The Spy</title> and <title>Henry V</title></unittitle>
						<unitdate type="inclusive" normal="2008/2009">2008-2009</unitdate>
						<unitid type="local_mss">3153217</unitid>
						<container type="box">12</container>
						<container type="folder">4</container>
					</did>
				</c02>
				<c02 level="file">
					<did>
						<unittitle><title>The Heart Is A Lonely Hunter</title></unittitle>
						<unitdate type="inclusive" normal="2009/2010">2009-2010</unitdate>
						<unitid type="local_mss">3153218</unitid>
						<container type="volume">96</container>
					</did>
				</c02>
				<c02 level="file">
					<did>
						<unittitle><title>The Comedy Of Errors</title></unittitle>
						<unitdate type="inclusive" normal="2010/2011">2010-2011</unitdate>
						<unitid type="local_mss">3153219</unitid>
						<container type="volume">97</container>
					</did>
				</c02>
				<c02 level="file">
					<did>
						<unittitle><title>The Comedy Of Errors</title></unittitle>
						<unitdate type="inclusive" normal="2011/2012">2011-2012</unitdate>
						<unitid type="local_mss">3153221</unitid>
						<container type="box">13</container>
						<container type="folder">1</container>
						<container type="box">13</container>
						<container type="folder">2</container>
						<container type="volume">98</container>
					</did>
				</c02>
				<c02 level="file">
					<did>
						<unittitle><title>Julius Caesar</title></unittitle>
						<unitdate type="inclusive" normal="2011/2012">2011-2012</unitdate>
						<unitid type="local_mss">3153222</unitid>
						<container type="volume">99</container>
					</did>
				</c02>
				<c02 level="file">
					<did>
						<unittitle><title>As You Like It</title></unittitle>
						<unitdate type="inclusive" normal="2012/2013">2012-2013</unitdate>
						<unitid type="local_mss">3153223</unitid>
						<container type="volume">100-102</container>
					</did>
				</c02>
				<c02 level="file">
					<did>
						<unittitle><title>Of Mice And Men</title></unittitle>
						<unitdate type="inclusive" normal="2012/2013">2012-2013</unitdate>
						<unitid type="local_mss">3153224</unitid>
						<container type="volume">103-105</container>
					</did>
				</c02>
				<c02 level="file">
					<did>
						<unittitle><title>Rosencrantz And Guildenstern Are Dead</title></unittitle>
						<unitdate type="inclusive" normal="2013/2014">2013-2014</unitdate>
						<unitid type="local_mss">3153225</unitid>
						<container type="box">13</container>
						<container type="folder">3-4</container>
						<container type="volume">106-108</container>
					</did>
				</c02>
				<c02 level="file">
					<did>
						<unittitle><title>Hamlet</title></unittitle>
						<unitdate type="inclusive" normal="2013/2014">2013-2014</unitdate>
						<unitid type="local_mss">3153226</unitid>
						<container type="volume">109</container>
					</did>
				</c02>
				<c02 level="file">
					<did>
						<unittitle><title>Macbeth</title> and <title>A Connecticut Yankee In King Arthur's Court</title></unittitle>
						<unitdate type="inclusive" normal="2014/2015">2014-2015</unitdate>
						<unitid type="local_mss">3153227</unitid>
						<container type="volume">110</container>
					</did>
				</c02>
				<c02 level="file">
					<did>
						<unittitle><title>Desire: A New Play Based On Six Stories By Tennessee Williams</title></unittitle>
						<unitdate type="inclusive" normal="2015">2015</unitdate>
						<unitid type="local_mss">3153228</unitid>
						<container type="box">13</container>
						<container type="folder">5-6</container>
						<container type="volume">111</container>
						<container type="volume">112</container>
					</did>
				</c02>
				<c02 level="file">
					<did>
						<unittitle><title>Love's Labour's Lost</title></unittitle>
						<unitdate type="inclusive" normal="2017">2017</unitdate>
						<unitid type="local_mss">3153229</unitid>
						<container type="volume">113</container>
					</did>
				</c02>
			</c01>
			<c01 level="series">
				<did>
					<unittitle>Series II: Promotional and Administrative Files</unittitle>
					<unitdate type="inclusive" normal="1968/2017">1968-2017</unitdate>
					<unitid type="local_mss">3155706</unitid>
					<physdesc><extent unit="containers">38 boxes</extent><extent unit="linear_feet">15.83 linear
						feet</extent></physdesc>
				</did>
				<scopecontent>
					<p>This series primarily contains a comprehensive set of programs for the Acting Company's productions and annual
						benefits. Also present are promotional flyers, subscription brochures, and clippings. The chronological
						arrangement of this material is preceded in the container list by a separate set of programs only, dating from
						1972 to 1991.</p>
					<p>In addition to programs, brochures, and flyers, files from 1968 to 1972 and the 2003-2004 season hold
						administrative correspondence.</p>
					<p>The 1968-1972 files, which document the formation and development of the company, its opening season at City
						Center, and its summer 1972 residency at the Saratoga Performing Arts Center (SPAC), hold administrative
						correspondence between the Company and the Juilliard School, as well as SPAC; press releases; programs; clippings;
						and travel and logistical information.</p>
					<p>The 2003-2004 season file includes letters between Margot Harley, artistic director, and playwrights, directors,
						and actors concerning plays, commissions, the functioning of the Company, and university theater programs.</p>
				</scopecontent>
				<c02 level="file">
					<did>
						<unittitle>Programs</unittitle>
						<unitdate type="inclusive" normal="1972/1991">1972-1991</unitdate>
						<unitid type="local_mss">3153232</unitid>
						<container type="box">14</container>
						<container type="folder">1-3</container>
					</did>
				</c02>
				<c02 level="file">
					<did>
						<unitdate type="inclusive" normal="1968/1972">1968-1972</unitdate>
						<unitid type="local_mss">3154536</unitid>
						<container type="box">14</container>
						<container type="folder">4-11</container>
					</did>
				</c02>
				<c02 level="file">
					<did>
						<unitdate type="inclusive" normal="1972/1975">1972-1975</unitdate>
						<unitid type="local_mss">3153235</unitid>
						<container type="box">15</container>
						<container type="folder">1-12</container>
					</did>
				</c02>
				<c02 level="file">
					<did>
						<unitdate type="inclusive" normal="1974/1976">1974-1976</unitdate>
						<unitid type="local_mss">3153237</unitid>
						<container type="box">16</container>
						<container type="folder">1-8</container>
					</did>
				</c02>
				<c02 level="file">
					<did>
						<unitdate type="inclusive" normal="1975/1978">1975-1978</unitdate>
						<unitid type="local_mss">3153238</unitid>
						<container type="box">17</container>
						<container type="folder">1-10</container>
					</did>
				</c02>
				<c02 level="file">
					<did>
						<unitdate type="inclusive" normal="1977/1980">1977-1980</unitdate>
						<unitid type="local_mss">3153239</unitid>
						<container type="box">18</container>
						<container type="folder">1-12</container>
					</did>
				</c02>
				<c02 level="file">
					<did>
						<unitdate type="inclusive" normal="1979/1981">1979-1981</unitdate>
						<unitid type="local_mss">3153240</unitid>
						<container type="box">19</container>
						<container type="folder">1-7</container>
					</did>
				</c02>
				<c02 level="file">
					<did>
						<unitdate type="inclusive" normal="1981/1983">1981-1983</unitdate>
						<unitid type="local_mss">3153241</unitid>
						<container type="box">20</container>
						<container type="folder">1-6</container>
					</did>
				</c02>
				<c02 level="file">
					<did>
						<unitdate type="inclusive" normal="1982/1984">1982-1984</unitdate>
						<unitid type="local_mss">3153246</unitid>
						<container type="box">21</container>
						<container type="folder">1-6</container>
					</did>
				</c02>
				<c02 level="file">
					<did>
						<unitdate type="inclusive" normal="1983/1985">1983-1985</unitdate>
						<unitid type="local_mss">3153243</unitid>
						<container type="box">22</container>
						<container type="folder">1-5</container>
					</did>
				</c02>
				<c02 level="file">
					<did>
						<unitdate type="inclusive" normal="1984/1987">1984-1987</unitdate>
						<unitid type="local_mss">3153244</unitid>
						<container type="box">23</container>
						<container type="folder">1-4</container>
					</did>
				</c02>
				<c02 level="file">
					<did>
						<unitdate type="inclusive" normal="1986/1988">1986-1988</unitdate>
						<unitid type="local_mss">3153245</unitid>
						<container type="box">24</container>
						<container type="folder">1-4</container>
					</did>
				</c02>
				<c02 level="file">
					<did>
						<unitdate type="inclusive" normal="1987/1989">1987-1989</unitdate>
						<unitid type="local_mss">3153247</unitid>
						<container type="box">25</container>
						<container type="folder">1-6</container>
					</did>
				</c02>
				<c02 level="file">
					<did>
						<unitdate type="inclusive" normal="1988/1991">1988-1991</unitdate>
						<unitid type="local_mss">3153248</unitid>
						<container type="box">26</container>
						<container type="folder">1-5</container>
					</did>
				</c02>
				<c02 level="file">
					<did>
						<unitdate type="inclusive" normal="1990/1992">1990-1992</unitdate>
						<unitid type="local_mss">3153249</unitid>
						<container type="box">27</container>
						<container type="folder">1-5</container>
					</did>
				</c02>
				<c02 level="file">
					<did>
						<unitdate type="inclusive" normal="1991/1994">1991-1994</unitdate>
						<unitid type="local_mss">3153250</unitid>
						<container type="box">28</container>
						<container type="folder">1-4</container>
					</did>
				</c02>
				<c02 level="file">
					<did>
						<unitdate type="inclusive" normal="1993/1994">1993-1994</unitdate>
						<unitid type="local_mss">3153251</unitid>
						<container type="box">29</container>
						<container type="folder">1-4</container>
					</did>
				</c02>
				<c02 level="file">
					<did>
						<unitdate type="inclusive" normal="1994/1995">1994-1995</unitdate>
						<unitid type="local_mss">3153252</unitid>
						<container type="box">30</container>
						<container type="folder">1-5</container>
					</did>
				</c02>
				<c02 level="file">
					<did>
						<unitdate type="inclusive" normal="1994/1996">1994-1996</unitdate>
						<unitid type="local_mss">3153253</unitid>
						<container type="box">31</container>
						<container type="folder">1-5</container>
					</did>
				</c02>
				<c02 level="file">
					<did>
						<unitdate type="inclusive" normal="1995/1997">1995-1997</unitdate>
						<unitid type="local_mss">3153254</unitid>
						<container type="box">32</container>
						<container type="folder">1-6</container>
					</did>
				</c02>
				<c02 level="file">
					<did>
						<unitdate type="inclusive" normal="1996/1998">1996-1998</unitdate>
						<unitid type="local_mss">3153255</unitid>
						<container type="box">33</container>
						<container type="folder">1-6</container>
					</did>
				</c02>
				<c02 level="file">
					<did>
						<unitdate type="inclusive" normal="1997/1999">1997-1999</unitdate>
						<unitid type="local_mss">3153256</unitid>
						<container type="box">34</container>
						<container type="folder">1-5</container>
					</did>
				</c02>
				<c02 level="file">
					<did>
						<unitdate type="inclusive" normal="1999/2001">1999-2001</unitdate>
						<unitid type="local_mss">3153257</unitid>
						<container type="box">35</container>
						<container type="folder">1-6</container>
					</did>
				</c02>
				<c02 level="file">
					<did>
						<unitdate type="inclusive" normal="2000/2002">2000-2002</unitdate>
						<unitid type="local_mss">3153258</unitid>
						<container type="box">36</container>
						<container type="folder">1-5</container>
					</did>
				</c02>
				<c02 level="file">
					<did>
						<unitdate type="inclusive" normal="2001/2002">2001-2002</unitdate>
						<unitid type="local_mss">3153259</unitid>
						<container type="box">37</container>
						<container type="folder">1-7</container>
					</did>
				</c02>
				<c02 level="file">
					<did>
						<unitdate type="inclusive" normal="2001/2003">2001-2003</unitdate>
						<unitid type="local_mss">3153261</unitid>
						<container type="box">38</container>
						<container type="folder">1-5</container>
					</did>
				</c02>
				<c02 level="file">
					<did>
						<unitdate type="inclusive" normal="2002/2004">2002-2004</unitdate>
						<unitid type="local_mss">3154864</unitid>
						<container type="box">39</container>
						<container type="folder">1-6</container>
					</did>
				</c02>
				<c02 level="file">
					<did>
						<unitdate type="inclusive" normal="2003/2005">2003-2005</unitdate>
						<unitid type="local_mss">3153263</unitid>
						<container type="box">40</container>
						<container type="folder">1-6</container>
					</did>
				</c02>
				<c02 level="file">
					<did>
						<unitdate type="inclusive" normal="2004/2006">2004-2006</unitdate>
						<unitid type="local_mss">3153264</unitid>
						<container type="box">41</container>
						<container type="folder">1-6</container>
					</did>
				</c02>
				<c02 level="file">
					<did>
						<unitdate type="inclusive" normal="2005/2007">2005-2007</unitdate>
						<unitid type="local_mss">3153265</unitid>
						<container type="box">42</container>
						<container type="folder">1-6</container>
					</did>
				</c02>
				<c02 level="file">
					<did>
						<unitdate type="inclusive" normal="2006/2007">2006-2007</unitdate>
						<unitid type="local_mss">3153266</unitid>
						<container type="box">43</container>
						<container type="folder">1-5</container>
					</did>
				</c02>
				<c02 level="file">
					<did>
						<unitdate type="inclusive" normal="2007/2008">2007-2008</unitdate>
						<unitid type="local_mss">3153267</unitid>
						<container type="box">44</container>
						<container type="folder">1-5</container>
					</did>
				</c02>
				<c02 level="file">
					<did>
						<unitdate type="inclusive" normal="2007/2009">2007-2009</unitdate>
						<unitid type="local_mss">3153268</unitid>
						<container type="box">45</container>
						<container type="folder">1-5</container>
					</did>
				</c02>
				<c02 level="file">
					<did>
						<unitdate type="inclusive" normal="2008/2010">2008-2010</unitdate>
						<unitid type="local_mss">3153283</unitid>
						<container type="box">46</container>
						<container type="folder">1-5</container>
					</did>
				</c02>
				<c02 level="file">
					<did>
						<unitdate type="inclusive" normal="2009/2011">2009-2011</unitdate>
						<unitid type="local_mss">3153285</unitid>
						<container type="box">47</container>
						<container type="folder">1-4</container>
					</did>
				</c02>
				<c02 level="file">
					<did>
						<unitdate type="inclusive" normal="2010/2012">2010-2012</unitdate>
						<unitid type="local_mss">3153287</unitid>
						<container type="box">48</container>
						<container type="folder">1-6</container>
					</did>
				</c02>
				<c02 level="file">
					<did>
						<unitdate type="inclusive" normal="2012/2013">2012-2013</unitdate>
						<unitid type="local_mss">3153289</unitid>
						<container type="box">49</container>
						<container type="folder">1-7</container>
					</did>
				</c02>
				<c02 level="file">
					<did>
						<unitdate type="inclusive" normal="2013/2015">2013-2015</unitdate>
						<unitid type="local_mss">3153290</unitid>
						<container type="box">50</container>
						<container type="folder">1-6</container>
					</did>
				</c02>
				<c02 level="file">
					<did>
						<unitdate type="inclusive" normal="2014/2017">2014-2017</unitdate>
						<unitid type="local_mss">3153292</unitid>
						<container type="box">51</container>
						<container type="folder">1-3</container>
					</did>
				</c02>
			</c01>
			<c01 level="series">
				<did>
					<unittitle>Series III: Photographs</unittitle>
					<unitdate type="inclusive" normal="1972/2003">1972-2003</unitdate>
					<unitid type="local_mss">3155594</unitid>
					<physdesc><extent unit="containers">31 volumes, 13 boxes</extent><extent unit="linear_feet">10.37 linear
							feet</extent></physdesc>
				</did>
				<scopecontent>
					<p>The photographs primarily document Acting Company productions, benefit galas, and staff. The bulk of the series
						consists of binders, arranged by season, containing complete sets of images of productions in dress rehearsals or
						performances for publicity purposes. The binders contain mostly slides, though prints and negatives are present as
						well for some productions. Actors from throughout the Company's history are featured in multiple productions.</p>
					<p>The binders were numbered consecutively by season, though as time went on, seasons had to be housed in more than
						one, hence "Book 5, Part I", "Book 5, Part II", etc. A few binders received no numbers, but have been arranged
						with the other books based on their time range. Each binder in the container list has a note detailing the
						productions it documents. A few binders are devoted to photographs of the annual Acting Company benefits, or to
						pictures of staff.</p>
					<p>Three binders have excerpts of productions from multiple seasons. They contain images duplicated from the other
						binders, but may represent those photographs favored for publicity purposes. These binders appear at the end of
						the chronological list as "mixed productions."</p>
					<p>Also present is a book of photographs of American National Theater and Academy (ANTA) productions in 1983 and
						1984, and two books of slides of John Houseman, compiled for a tribute event in 1986. These contain images of
						Houseman from around 1904 to the 1970s, and consist of photos of plays; film and television stills; film posters;
						and informal images of Houseman with producers and actors. The slides are individually numbered; Volume 143 has a
						list of slide numbers and their contents.</p>
				</scopecontent>
				<processinfo>
					<p>The contents of overstuffed or damaged binders were rehoused in folders.</p>
				</processinfo>
				<c02 level="file">
					<did>
						<unittitle>Productions</unittitle>
						<unitid type="local_mss">3153296</unitid>
					</did>
					<c03 level="file">
						<did>
							<unittitle>Book 1</unittitle>
							<unitdate type="inclusive" normal="1972/1973">1972-1973</unitdate>
							<unitid type="local_mss">3153473</unitid>
							<container type="volume">114</container>
						</did>
						<scopecontent>
							<p><title>The Hostage</title>, <title>The School For Scandal</title>, <title>Ring Round The Moon</title>,
									<title>Interview, U.S.A.</title>, and <title>Women Beware Women</title>.</p>
						</scopecontent>
					</c03>
					<c03 level="file">
						<did>
							<unittitle>Book 2</unittitle>
							<unitdate type="inclusive" normal="1973/1974">1973-1974</unitdate>
							<unitid type="local_mss">3154875</unitid>
							<container type="volume">115</container>
						</did>
						<scopecontent>
							<p><title>Next Time I'll Sing To You</title>, <title>The Knack</title>, <title>The Three Sisters</title>,
									<title>The Beggar's Opera</title>, <title>Scapin The Schemer</title>, <title>Measure For Measure</title>, and
									<title>The Diary Of Adam And Eve From The Apple Tree</title>.</p>
						</scopecontent>
					</c03>
					<c03 level="file">
						<did>
							<unittitle>Book 3</unittitle>
							<unitdate type="inclusive" normal="1974/1975">1974-1975</unitdate>
							<unitid type="local_mss">3153475</unitid>
							<container type="volume">116</container>
						</did>
						<scopecontent>
							<p><title>Play</title>, <title>Love's Labour's Lost</title>, <title>The Orchestra</title>, <title>Edward
									II</title>, and <title>The Time Of Your Life</title>.</p>
						</scopecontent>
					</c03>
					<c03 level="file">
						<did>
							<unittitle>Book 4</unittitle>
							<unitdate type="inclusive" normal="1975/1976">1975-1976</unitdate>
							<unitid type="local_mss">3153476</unitid>
							<container type="volume">117</container>
						</did>
						<scopecontent>
							<p><title>She Stoops To Conquer</title>, <title>Arms And The Man</title>, <title>The Taming Of The Shrew</title>,
								and <title>The Robber Bridegroom</title>.</p>
						</scopecontent>
					</c03>
					<c03 level="file">
						<did>
							<unittitle>Book 5, Part I</unittitle>
							<unitdate type="inclusive" normal="1976/1977">1976-1977</unitdate>
							<unitid type="local_mss">3154876</unitid>
							<container type="volume">118</container>
						</did>
						<scopecontent>
							<p><title>The Kitchen</title>, <title>The Duck Variations</title>, and <title>Rosemary</title>.</p>
						</scopecontent>
					</c03>
					<c03 level="file">
						<did>
							<unittitle>Book 5, Part II</unittitle>
							<unitdate type="inclusive" normal="1976/1977">1976-1977</unitdate>
							<unitid type="local_mss">3154877</unitid>
							<container type="box">51</container>
							<container type="folder">4-6</container>
							<container type="box">52</container>
							<container type="folder">1</container>
						</did>
						<scopecontent>
							<p><title>Camino Real</title> and <title>The Way Of The World</title>.</p>
						</scopecontent>
					</c03>
					<c03 level="file">
						<did>
							<unittitle>Book 6, Part I</unittitle>
							<unitdate type="inclusive" normal="1977/1978">1977-1978</unitdate>
							<unitid type="local_mss">3153486</unitid>
							<container type="volume">119</container>
						</did>
						<scopecontent>
							<p><title>Mother Courage And Her Children</title> and <title>Camino Real</title> (second year).</p>
						</scopecontent>
					</c03>
					<c03 level="file">
						<did>
							<unittitle>Book 6, Part II</unittitle>
							<unitdate type="inclusive" normal="1977/1978">1977-1978</unitdate>
							<unitid type="local_mss">3154878</unitid>
							<container type="box">52</container>
							<container type="folder">2-5</container>
							<container type="box">53</container>
							<container type="folder">1</container>
						</did>
						<scopecontent>
							<p><title>King Lear</title> and <title>Chapeau</title>.</p>
						</scopecontent>
					</c03>
					<c03 level="file">
						<did>
							<unittitle>Book 7, Part I</unittitle>
							<unitdate type="inclusive" normal="1978/1979">1978-1979</unitdate>
							<unitid type="local_mss">3153489</unitid>
							<container type="box">53</container>
							<container type="folder">2-4</container>
						</did>
						<scopecontent>
							<p><title>Broadway</title>, <title>The Other Half</title>, and <title>A Voice Of My Own</title>.</p>
						</scopecontent>
					</c03>
					<c03 level="file">
						<did>
							<unittitle>Book 7, Part II</unittitle>
							<unitdate type="inclusive" normal="1978/1979">1978-1979</unitdate>
							<unitid type="local_mss">3154879</unitid>
							<container type="volume">120</container>
						</did>
						<scopecontent>
							<p><title>Antigone</title> and, <title>Romeo And Juliet</title>.</p>
						</scopecontent>
					</c03>
					<c03 level="file">
						<did>
							<unittitle>Book 8, Part I</unittitle>
							<unitdate type="inclusive" normal="1979/1980">1979-1980</unitdate>
							<unitid type="local_mss">3153491</unitid>
							<container type="box">54</container>
							<container type="folder">1-4</container>
						</did>
						<scopecontent>
							<p><title>The White Devil</title>.</p>
						</scopecontent>
					</c03>
					<c03 level="file">
						<did>
							<unittitle>Book 8, Part II</unittitle>
							<unitdate type="inclusive" normal="1979/1980">1979-1980</unitdate>
							<unitid type="local_mss">3153492</unitid>
							<container type="box">54</container>
							<container type="folder">5</container>
							<container type="box">55</container>
							<container type="folder">1-3</container>
						</did>
						<scopecontent>
							<p><title>Elizabeth I</title>, <title>Broadway</title> (second year), <title>Split</title>, and <title>Domino
									Courts</title>.</p>
						</scopecontent>
					</c03>
					<c03 level="file">
						<did>
							<unittitle>Book 9</unittitle>
							<unitdate type="inclusive" normal="1980/1981">1980-1981</unitdate>
							<unitid type="local_mss">3153493</unitid>
							<container type="box">55</container>
							<container type="folder">4-6</container>
							<container type="box">56</container>
							<container type="folder">1-2</container>
						</did>
						<scopecontent>
							<p><title>Waiting for Godot</title>, <title>Il Campiello: A Venetian Comedy</title>, and <title>A Midsummer
									Night's Dream</title>.</p>
						</scopecontent>
					</c03>
					<c03 level="file">
						<did>
							<unittitle>Book 10</unittitle>
							<unitdate type="inclusive" normal="1981/1982">1981-1982</unitdate>
							<unitid type="local_mss">3153496</unitid>
							<container type="volume">121</container>
						</did>
						<scopecontent>
							<p><title>The Country Wife</title>, <title>Twelfth Night</title>, <title>Il Campiello: A Venetian Comedy</title>
								(second year), and <title>Waiting for Godot</title> (second year).</p>
						</scopecontent>
					</c03>
					<c03 level="file">
						<did>
							<unittitle>Book 11</unittitle>
							<unitdate type="inclusive" normal="1982/1983">1982-1983</unitdate>
							<unitid type="local_mss">3153497</unitid>
							<container type="box">56</container>
							<container type="folder">3-4</container>
							<container type="box">57</container>
							<container type="folder">1</container>
						</did>
						<scopecontent>
							<p><title>Tartuffe</title>, <title>Play And Other Plays</title>, <title>Pericles</title>, and <title>Twelfth
									Night</title> (second year).</p>
						</scopecontent>
					</c03>
					<c03 level="file">
						<did>
							<unittitle>Unnumbered</unittitle>
							<unitdate type="inclusive" normal="1982/1984">1982-1984</unitdate>
							<unitid type="local_mss">3153326</unitid>
							<container type="volume">122</container>
						</did>
						<scopecontent>
							<p>Contains a mix of production and Acting Company staff photographs.</p>
						</scopecontent>
					</c03>
					<c03 level="file">
						<did>
							<unittitle>Book 12</unittitle>
							<unitdate type="inclusive" normal="1982/1984">1982-1984</unitdate>
							<unitid type="local_mss">3153498</unitid>
							<container type="box">57</container>
							<container type="folder">2-5</container>
						</did>
						<scopecontent>
							<p><title>Pieces Of Eight</title>, <title>The Merry Wives Of Windsor</title>, <title>The Cradle Will
								Rock</title>, <title>Pericles</title> (second year), and <title>A Chamber Musical</title> (non-repertory).</p>
						</scopecontent>
					</c03>
					<c03 level="file">
						<did>
							<unittitle>Book 13, Part I</unittitle>
							<unitdate type="inclusive" normal="1984/1985">1984-1985</unitdate>
							<unitid type="local_mss">3154880</unitid>
							<container type="volume">123</container>
						</did>
						<scopecontent>
							<p><title>Issue: I Don't Even Know You!</title>, <title>Vaudevillian</title>, <title>Between The Acts</title>,
								and <title>As You Like It</title>.</p>
						</scopecontent>
					</c03>
					<c03 level="file">
						<did>
							<unittitle>Book 13, Part II</unittitle>
							<unitdate type="inclusive" normal="1984/1985">1984-1985</unitdate>
							<unitid type="local_mss">3154881</unitid>
							<container type="volume">124</container>
						</did>
						<scopecontent>
							<p><title>A New Way To Pay Old Debts</title> and, <title>The Skin Of Our Teeth</title>.</p>
						</scopecontent>
					</c03>
					<c03 level="file">
						<did>
							<unittitle>Book 13 Part III</unittitle>
							<unitdate type="inclusive" normal="1985-06-21/1985-09-23">1985 Summer</unitdate>
							<unitid type="local_mss">3153331</unitid>
							<container type="volume">125</container>
						</did>
						<scopecontent>
							<p><title>The Cradle Will Rock</title> at the Old Vic.</p>
						</scopecontent>
					</c03>
					<c03 level="file">
						<did>
							<unittitle>Book 14</unittitle>
							<unitdate type="inclusive" normal="1985/1986">1985-1986</unitdate>
							<unitid type="local_mss">3155598</unitid>
							<container type="volume">126</container>
						</did>
						<scopecontent>
							<p><title>As You Like It</title> and <title>Orchards</title>.</p>
						</scopecontent>
					</c03>
					<c03 level="file">
						<did>
							<unittitle>Book 15, Part I</unittitle>
							<unitdate type="inclusive" normal="1986/1987">1986-1987</unitdate>
							<unitid type="local_mss">3153502</unitid>
							<container type="box">58</container>
							<container type="folder">1-4</container>
						</did>
						<scopecontent>
							<p>Benefits, touring photos, <title>The Gilded Age</title>, and <title>Much Ado About Nothing</title>.</p>
						</scopecontent>
					</c03>
					<c03 level="file">
						<did>
							<unittitle>Book 15, Part II</unittitle>
							<unitdate type="inclusive" normal="1986/1987">1986-1987</unitdate>
							<unitid type="local_mss">3153503</unitid>
							<container type="volume">127</container>
						</did>
						<scopecontent>
							<p><title>Much Ado About Nothing</title> and <title>On the Verge</title>.</p>
						</scopecontent>
					</c03>
					<c03 level="file">
						<did>
							<unittitle>Book 16</unittitle>
							<unitdate type="inclusive" normal="1987/1988">1987-1988</unitdate>
							<unitid type="local_mss">3153391</unitid>
							<container type="box">59</container>
							<container type="folder">1-3</container>
						</did>
						<scopecontent>
							<p>National tour, <title>Five By Tenn</title>, <title>Much Ado About Nothing</title>, <title>Kabuki
									Macbeth</title>, and <title>The Witch of Edmonton</title>.</p>
						</scopecontent>
					</c03>
					<c03 level="file">
						<did>
							<unittitle>Book 17</unittitle>
							<unitdate type="inclusive" normal="1988/1989">1988-1989</unitdate>
							<unitid type="local_mss">3153392</unitid>
							<container type="volume">128</container>
						</did>
						<scopecontent>
							<p>National tour, <title>Boy Meets Girl</title>, <title>The Phantom Tollbooth</title>, and <title>Love's Labour's
									Lost</title>.</p>
						</scopecontent>
					</c03>
					<c03 level="file">
						<did>
							<unittitle>Book 18</unittitle>
							<unitdate type="inclusive" normal="1989/1990">1989-1990</unitdate>
							<unitid type="local_mss">3153395</unitid>
							<container type="volume">129</container>
						</did>
						<scopecontent>
							<p><title>Romeo And Juliet</title>. Also contains photos of the Moscow Studio Theatre.</p>
						</scopecontent>
					</c03>
					<c03 level="file">
						<did>
							<unittitle>Book 19</unittitle>
							<unitdate type="inclusive" normal="1990/1991">1990-1991</unitdate>
							<unitid type="local_mss">3154883</unitid>
							<container type="volume">130</container>
						</did>
						<scopecontent>
							<p><title>Romeo And Juliet</title>, <title>Two Gentlemen Of Verona</title>, and <title>Five By Tenn</title> (in
								the Soviet Union).</p>
						</scopecontent>
					</c03>
					<c03 level="file">
						<did>
							<unittitle>Book 20</unittitle>
							<unitdate type="inclusive" normal="1991/1992">1991-1992</unitdate>
							<unitid type="local_mss">3153396</unitid>
							<container type="volume">131</container>
						</did>
						<scopecontent>
							<p><title>A Midsummer Night's Dream</title> and <title>Blood Knot</title>.</p>
						</scopecontent>
					</c03>
					<c03 level="file">
						<did>
							<unittitle>Unnumbered</unittitle>
							<unitdate type="inclusive" normal="1992/1993">1992-1993</unitdate>
							<unitid type="local_mss">3153397</unitid>
							<container type="box">59</container>
							<container type="folder">4</container>
						</did>
						<scopecontent>
							<p>The 1993 benefit, photos of the board and staff, the Arena Stage House production of <title>A Doll's
									House</title>, and <title>The African Company Presents "Richard III"</title>.</p>
						</scopecontent>
					</c03>
					<c03 level="file">
						<did>
							<unittitle>Book 21, Part I</unittitle>
							<unitdate type="inclusive" normal="1993/1994">1993-1994</unitdate>
							<unitid type="local_mss">3153404</unitid>
							<container type="box">59</container>
							<container type="folder">5</container>
							<container type="box">60</container>
							<container type="folder">1-4</container>
						</did>
						<scopecontent>
							<p><title>A Doll's House</title> and <title>Twelfth Night</title>.</p>
						</scopecontent>
					</c03>
					<c03 level="file">
						<did>
							<unittitle>Book 21, Part II</unittitle>
							<unitdate type="inclusive" normal="1993/1994">1993-1994</unitdate>
							<unitid type="local_mss">3153399</unitid>
							<container type="volume">132</container>
						</did>
						<scopecontent>
							<p><title>The African Company Presents "Richard III"</title>.</p>
						</scopecontent>
					</c03>
					<c03 level="file">
						<did>
							<unittitle>Book 22, Part I</unittitle>
							<unitdate type="inclusive" normal="1994/1995">1994-1995</unitdate>
							<unitid type="local_mss">3153400</unitid>
							<container type="volume">133</container>
						</did>
						<scopecontent>
							<p><title>Othello</title>.</p>
						</scopecontent>
					</c03>
					<c03 level="file">
						<did>
							<unittitle>Book 22, Part II</unittitle>
							<unitdate type="inclusive" normal="1994/1995">1994-1995</unitdate>
							<unitid type="local_mss">3153401</unitid>
							<container type="volume">134</container>
						</did>
						<scopecontent>
							<p>Juilliard tour. <title>She Stoops To Conquer</title>, <title>A Doll's House</title>, and <title>The African
									Company Presents "Richard III"</title>.</p>
						</scopecontent>
					</c03>
					<c03 level="file">
						<did>
							<unittitle>Unnumbered</unittitle>
							<unitdate type="inclusive" normal="1995-10-30">1995 October 30</unitdate>
							<unitid type="local_mss">3153402</unitid>
							<container type="volume">135</container>
						</did>
						<scopecontent>
							<p>A benefit for the Acting Company at Copacabana, New York City.</p>
						</scopecontent>
					</c03>
					<c03 level="file">
						<did>
							<unittitle>Book 23</unittitle>
							<unitdate type="inclusive" normal="1995/1996">1995-1996</unitdate>
							<unitid type="local_mss">3153405</unitid>
							<container type="box">60</container>
							<container type="folder">5</container>
							<container type="box">61</container>
							<container type="folder">1-3</container>
						</did>
						<scopecontent>
							<p>Margot Harley, a benefit, <title>The School for Scandal</title> (co-produced with Great Lakes and the National
								Actors Theater), <title>Arms And The Man</title> (co-produced with George Street Playhouse), and <title>Henry
									V</title>.</p>
						</scopecontent>
					</c03>
					<c03 level="file">
						<did>
							<unittitle>Book 24</unittitle>
							<unitdate type="inclusive" normal="1996/1997">1996-1997</unitdate>
							<unitid type="local_mss">3153406</unitid>
							<container type="volume">136</container>
						</did>
						<scopecontent>
							<p><title>The Glass Menagerie</title>, <title>Mud River Stone</title>, and <title>As You Like It</title>.</p>
						</scopecontent>
					</c03>
					<c03 level="file">
						<did>
							<unittitle>Book 25</unittitle>
							<unitdate type="inclusive" normal="1997/1998">1997-1998</unitdate>
							<unitid type="local_mss">3153407</unitid>
							<container type="volume">137</container>
						</did>
						<scopecontent>
							<p><title>Romeo And Juliet</title> and <title>Love's Fire</title>.</p>
						</scopecontent>
					</c03>
					<c03 level="file">
						<did>
							<unittitle>Book 26</unittitle>
							<unitdate type="inclusive" normal="1998/1999">1998-1999</unitdate>
							<unitid type="local_mss">3153408</unitid>
							<container type="volume">138</container>
						</did>
						<scopecontent>
							<p><title>Tartuffe</title>, <title>Twelfth Night</title>, and <title>The Tempest</title>.</p>
						</scopecontent>
					</c03>
					<c03 level="file">
						<did>
							<unittitle>Book 27</unittitle>
							<unitdate type="inclusive" normal="1999/2000">1999-2000</unitdate>
							<unitid type="local_mss">3153409</unitid>
							<container type="box">61</container>
							<container type="folder">4</container>
							<container type="box">62</container>
							<container type="folder">1-4</container>
						</did>
						<scopecontent>
							<p><title>The Rivals</title>, <title>Macbeth</title>, and <title>The Merry Wives Of Windsor</title>.</p>
						</scopecontent>
					</c03>
					<c03 level="file">
						<did>
							<unittitle>Unnumbered</unittitle>
							<unitdate type="inclusive" normal="2002/2003">2002-2003</unitdate>
							<unitid type="local_mss">3153410</unitid>
							<container type="volume">139</container>
						</did>
						<scopecontent>
							<p><title>As You Like It</title>, <title>American Dreams</title>, and promotional material for the 2003-2004
								season.</p>
						</scopecontent>
					</c03>
					<c03 level="file">
						<did>
							<unittitle>Mixed Productions</unittitle>
							<unitid type="local_mss">3153459</unitid>
						</did>
						<scopecontent>
							<p>These books contain images from multiple productions selected for publicity purposes. All are duplicated from
								the complete sets of photographs in the previous books.</p>
						</scopecontent>
						<c04 level="file">
							<did>
								<unitdate type="inclusive" normal="1972/1999">1972-1999</unitdate>
								<unitid type="local_mss">3153457</unitid>
								<container type="volume">140</container>
							</did>
						</c04>
						<c04 level="file">
							<did>
								<unitdate type="inclusive" normal="1972/2000">1972-2000</unitdate>
								<unitid type="local_mss">3153461</unitid>
								<container type="box">63</container>
								<container type="folder">1-2</container>
							</did>
						</c04>
						<c04 level="file">
							<did>
								<unitdate type="inclusive" normal="1973/1998">1973-1998</unitdate>
								<unitid type="local_mss">3153464</unitid>
								<container type="volume">141</container>
							</did>
						</c04>
					</c03>
				</c02>
				<c02 level="file">
					<did>
						<unittitle>American National Theater and Academy</unittitle>
						<unitdate type="inclusive" normal="1983/1984">1983-1984</unitdate>
						<unitid type="local_mss">3153466</unitid>
						<container type="volume">142</container>
					</did>
					<scopecontent>
						<p><title>El Grande De Coca Cola</title>, <title>History of American Film</title>, and <title>The
							Tavern</title>.</p>
					</scopecontent>
				</c02>
				<c02 level="file">
					<did>
						<unittitle>John Houseman Tribute Slides</unittitle>
						<unitdate type="inclusive" normal="1986">1986</unitdate>
						<unitid type="local_mss">3154676</unitid>
						<container type="volume">143</container>
						<container type="volume">144</container>
					</did>
				</c02>
			</c01>
			<c01 level="series">
				<did>
					<unittitle>Series IV: Audio and Video Recordings</unittitle>
					<unitdate type="inclusive" normal="1972/2015">1972-2015</unitdate>
					<unitid type="local_mss">3155718</unitid>
				</did>
				<scopecontent>
					<p>Notable audio/video contents include the film <title>Stages: Houseman Directs Lear</title> (1981); performances
						of <title>A Doll's House</title> (1994), <title>The Cradle Will Rock</title> (1983), <title>The Comedy Of
							Errors</title> (2000), and <title>The Tempest</title> (2008); a workshop for <title>Romeo and Juliet</title>; and
						interviews with Kevin Kline and Margot Harley.</p>
				</scopecontent>
				<accessrestrict>
					<p>Audio and video recordings are unavailable pending digitization.</p>
				</accessrestrict>
			</c01>
		</dsc>
	</archdesc>
</ead>
