<?xml version="1.0" encoding="UTF-8"?>
<ead xmlns="urn:isbn:1-931666-22-9" xmlns:xsi="http://www.w3.org/2001/XMLSchema-instance" xmlns:xlink="http://www.w3.org/1999/xlink" xsi:schemaLocation="urn:isbn:1-931666-22-9 http://www.loc.gov/ead/ead.xsd">
  <eadheader countryencoding="iso3166-1" dateencoding="iso8601" langencoding="iso639-2b" repositoryencoding="iso15511" relatedencoding="marc" scriptencoding="iso8601"><eadid countrycode="US" mainagencycode="US-NN" url="http://archives.nypl.org/dan/24669.xml">dan24669.xml</eadid><filedesc><titlestmt><titleproper>Guide to the Radford Bascome collection, <date>circa 1950-1959</date></titleproper></titlestmt><publicationstmt><publisher>The New York Public Library. Jerome Robbins Dance Division.</publisher><address><addressline>New York Public Library for the Performing Arts, Dorothy and Lewis B. Cullman Center</addressline><addressline>40 Lincoln Center Plaza, New York, NY 10023-7498</addressline></address></publicationstmt></filedesc><profiledesc><creation>EAD generated by archives.nypl.org on <date normal="2019-12-10">December 10, 2019</date></creation><langusage><language langcode="eng">English</language></langusage></profiledesc></eadheader>
  
  <archdesc level="collection"><did><unittitle>Radford Bascome collection</unittitle><unitdate type="inclusive" normal="1950/1959" certainty="approximate">circa 1950-1959</unitdate><unitid type="local_mss">24669</unitid><unitid type="local_call">*MGZEB 18-6812</unitid><unitid type="local_b">b21733729</unitid><repository><corpname>The New York Public Library. Jerome Robbins Dance Division.</corpname><address><addressline>New York Public Library for the Performing Arts, Dorothy and Lewis B. Cullman Center</addressline><addressline>40 Lincoln Center Plaza, New York, NY 10023-7498</addressline></address></repository><physdesc><extent unit="containers">6 boxes</extent><extent unit="linear_feet">2.29 linear feet</extent></physdesc><abstract>The Radford Bascome collection contains over 8,600 negatives that documents dance from 1954 through 1958 with the majority of the collection representing New York City Ballet. Other companies included are American Ballet Theatre and Ballet Russe de Monte Carlo, as well as performances from Jacob's Pillow Dance Festival. Also included are Bascome's commercial and advertising work as well as some personal photographs. Brief biographies of Bascome's subjects are provided throughout the collection as well as correspondence from dancers whom he photographed.</abstract><langmaterial>English</langmaterial></did><bioghist><p>W. Radford Bascome, Jr., born 1913 in New York, made his living in the field of public relations until he developed his hobby of photography into a profession in 1953. He descended from a military family and maintained status in the United States Marine Corps reserves while also being active in honing his photography skills. His avenue into dance photography was by chance when he used dancers to test a new electronic flash unit on his camera. His first dance pictures sold and led to Bascome becoming a significant photographer of the New York ballet scene in the mid-20th century. In 1955, just two years into his professional career, the New York City Center gallery held an exhibition of his photographs of the New York City Ballet titled <title>The Ballet in Mood and Movement</title>. The exhibition featured mostly black and white 35mm candid pictures taken backstage during rehearsals and performances. He was one of George Balanchine's favored artists and was given unparalleled access to the New York City Ballet as a result. Bascome's work was also seen in print such as his experimental "Rorschach Ballet" photographs which were featured in a 1954 Life Magazine spread. In the early 1960s he contributed to Dance Magazine's <title>Cook of the Month</title> articles featuring favorite recipes of dancers Violette Verdy and Lupe Serrano. He both wrote and photographed for the articles. In addition to his dance photography, he also is credited for various Mercury Records album covers most notably the conductor and composer Antal Doráti. Bascome died in 1984 at age 70 on Long Island.</p></bioghist><scopecontent><p>The collection comprises over 8,600 black and white negatives by the photographer Radford Bascome and represents an extensive understanding of his output as a dance photographer. The photographs can be roughly dated to the 1950s with some of the photographs identified between the years 1954 through 1958. The majority of the material represents dancers of the New York City Ballet and the works of George Balanchine. Other ballet companies included are American Ballet Theatre and the Ballet Russe de Monte Carlo, as well as performances from Jacob's Pillow Dance Festival. Bascome's advertising and commercial clients included Pappagallo shoes, Tiffany and Company, and Kislav perfume. Photographic formats included in the collection are black and white 120mm negatives, 35mm negatives, contact sheets, and some proof prints.</p> <p>Included among the notable dance figures are Yvonne Mounsey, Alicia Markova, Merce Cunningham, José Limón, André Eglevsky, Violette Verdy, Nora Kaye, Melissa Hayden, Tanaquil LeClercq, Mia Slavenska, Allegra Kent, Diana Adams, Maria Tallchief, and Janet Reed. Many of New York City Ballet's productions are documented in the collection such as Balanchine's <title>The Nutcracker</title>, <title>The Cage</title>, <title>Fanfare</title>, and <title>Western Symphony</title>.</p> <p>The photographs were originally housed in three-ring binders. The original order in which the binders were received has been retained. Each binder includes a typed table of contents, though the material is not arranged in any discernible order. These tables of contents will also be available as an additional online resource. Each binder also includes brief biographies of Bascome's subjects which were acquired by the donor from various online resources. Some binders contain handwritten correspondence addressed to Bascome from dancers whom he photographed. Much of this correspondence directly addresses the photographs present in the collection. The fourteenth binder contains a combination of unidentified negatives, contact prints, and full size prints.</p></scopecontent><prefercite><p>Radford Bascome collection, *MGZEB 18-6812. Jerome Robbins Dance Division, The New York Public Library for the Performing Arts</p></prefercite><acqinfo><p>The New York Public Library acquired the collection as a gift from James Olinkiewicz in April 2018.</p></acqinfo><processinfo><p>Processed by <name>Tara D. Strongosky</name>, <date>2019</date>.</p></processinfo><controlaccess><persname role="subject" source="naf" authfilenumber="http://id.loc.gov/authorities/names/n88034728">Adams, Diana, 1926-1993</persname><persname role="subject" source="naf" authfilenumber="http://id.loc.gov/authorities/names/n50017594">Balanchine, George</persname><persname role="pht" source="local">Bascome, Radford</persname><persname role="subject" source="naf" authfilenumber="http://id.loc.gov/authorities/names/nr2001047055">Bolender, Todd</persname><persname role="subject" source="naf" authfilenumber="http://id.loc.gov/authorities/names/n83047112">Cunningham, Merce</persname><persname role="subject" source="naf" authfilenumber="http://id.loc.gov/authorities/names/n81042604">Dorati, Antal</persname><persname role="subject" source="naf" authfilenumber="http://id.loc.gov/authorities/names/n78042363">Eglevsky, André</persname><persname role="subject" source="naf" authfilenumber="http://id.loc.gov/authorities/names/n80098147">Hayden, Melissa</persname><persname role="subject" source="naf" authfilenumber="http://id.loc.gov/authorities/names/n97858507">Jillana</persname><persname role="subject" source="naf" authfilenumber="http://id.loc.gov/authorities/names/n86111419">Kaye, Nora, 1920-1987</persname><persname role="subject" source="naf" authfilenumber="http://id.loc.gov/authorities/names/n83198128">Kent, Allegra</persname><persname role="subject" source="naf" authfilenumber="http://id.loc.gov/authorities/names/nr98015170">Le Clercq, Tanaquil</persname><persname role="subject" source="naf" authfilenumber="http://id.loc.gov/authorities/names/n78079312">Limón, José</persname><persname role="subject" source="naf" authfilenumber="http://id.loc.gov/authorities/names/n80040627">Markova, Alicia, Dame, 1910-2004</persname><persname role="subject" source="naf" authfilenumber="http://id.loc.gov/authorities/names/no2011100501">Mounsey, Yvonne</persname><persname role="subject" source="naf" authfilenumber="http://id.loc.gov/authorities/names/nr2003023836">Reed, Janet, 1916-2000</persname><persname role="subject" source="naf" authfilenumber="http://id.loc.gov/authorities/names/n97873617">Slavenska, Mia</persname><persname role="subject" source="naf" authfilenumber="http://id.loc.gov/authorities/names/n50016845">Tallchief, Maria</persname><persname role="subject" source="naf" authfilenumber="http://id.loc.gov/authorities/names/n50014357">Verdy, Violette, 1933-2016</persname><corpname role="subject" source="naf" authfilenumber="http://id.loc.gov/authorities/names/n50064030">American Ballet Theatre</corpname><corpname role="subject" source="naf" authfilenumber="http://id.loc.gov/authorities/names/n82036392">Ballet Russe de Monte Carlo</corpname><corpname role="subject" source="lcsh" authfilenumber="http://id.loc.gov/authorities/names/n87889916">Jacob's Pillow Dance Festival</corpname><corpname role="subject" source="naf" authfilenumber="http://id.loc.gov/authorities/names/n50003343">New York City Ballet</corpname><subject source="lcsh">Ballet companies -- Photographs</subject><genreform source="aat" authfilenumber="http://id.loc.gov/authorities/names/300127173">Negatives (photographs)</genreform><genreform source="aat" authfilenumber="http://id.loc.gov/authorities/names/300127104">Photographic prints</genreform></controlaccess><dsc><c01 level="file"><did><unittitle>Book 1, pages 1-42</unittitle><unitid type="local_mss">3147792</unitid><container type="box">1</container><container type="folder">1</container></did><scopecontent><p>Includes photographs of Gossard ads, the High School of Performing Arts, Yvonne Mounsey in <title>The Prodigal Son</title>, Jean Bandler, and Pat Turner.</p></scopecontent></c01><c01 level="file"><did><unittitle>Book 1, pages 43-84</unittitle><unitid type="local_mss">3149990</unitid><container type="box">1</container><container type="folder">2</container></did><scopecontent><p>Includes photographs of Hugo Fiorato; Jane Mason; James Starbuckp; Mia Slavenska; Leslie Francis; Bascome's house in Rumson, New Jersey; and ads for Pappagallo shoes.</p></scopecontent></c01><c01 level="file"><did><unittitle>Book 2, pages 1-52</unittitle><unitid type="local_mss">3149993</unitid><container type="box">1</container><container type="folder">3</container></did><scopecontent><p>Includes photographs of Bascome's cat Marvin, Antal Doráti, Nancy King, and Marian Winters.</p></scopecontent></c01><c01 level="file"><did><unittitle>Book 2, pages 53-101</unittitle><unitid type="local_mss">3147880</unitid><container type="box">1</container><container type="folder">4</container></did><scopecontent><p>Includes photographs of Bascome's cat Marvin, Myra Kinch, Emily Frankel, Mark Ryder, and <title>The Nutcracker</title>.</p></scopecontent></c01><c01 level="file"><did><unittitle>Book 3, pages 1-32</unittitle><unitid type="local_mss">3147807</unitid><container type="box">1</container><container type="folder">5</container></did><scopecontent><p>Includes photographs of Alicia Markova, Zachary Solov, Lee Becker, Merce Cunningham, and Violette Verdy.</p></scopecontent></c01><c01 level="file"><did><unittitle>Book 3, pages 33-72</unittitle><unitdate type="inclusive" normal="1958-10-20">1958 October 20</unitdate><unitid type="local_mss">3147810</unitid><container type="box">2</container><container type="folder">1</container></did><scopecontent><p>Includes photographs of Jean Erdmann, Jean Cebron, Donna Brooks, Ted Shawn, Toni Lauder, and Joan Wolf.</p></scopecontent></c01><c01 level="file"><did><unittitle>Book 4, pages 1-41</unittitle><unitid type="local_mss">3149994</unitid><container type="box">2</container><container type="folder">2</container></did><scopecontent><p>Includes photographs of Sylvia Shay (of Ziegfeld Follies), Yvonne Chouteau, Nancy Lang, Erick Hawkins, and Antal Doráti.</p></scopecontent></c01><c01 level="file"><did><unittitle>Book 5, pages 1-57</unittitle><unitdate type="inclusive" normal="1954-06-05">1954 June 5</unitdate><unitid type="local_mss">3147827</unitid><container type="box">2</container><container type="folder">3</container></did><scopecontent><p>Includes photographs of Todd Bolender, Nicholas Magallanes, Ray Tobias, <title>Ivesiana</title> rehearsal, George Li in <title>The Nutcracker</title>, Maria Youskevitch, Melissa Hayden, and correspondence from Suzanne Ames to Bascome.</p></scopecontent></c01><c01 level="file"><did><unittitle>Book 5, pages 58-101</unittitle><unitdate type="inclusive" normal="1954-01-06/1954-02-05">1954 January 6-February 5</unitdate><unitid type="local_mss">3147828</unitid><container type="box">2</container><container type="folder">4</container></did><scopecontent><p>Includes photographs of Janet Reed in <title>The Nutcracker</title>, Roland Petit, Imogene Coca, Bob Herget, Pat Turner, and Paula Caputo.</p></scopecontent></c01><c01 level="file"><did><unittitle>Book 5, pages 102-148</unittitle><unitdate type="inclusive" normal="1954-11/1954-12">1954 November-December</unitdate><unitid type="local_mss">3147831</unitid><container type="box">3</container><container type="folder">1</container></did><scopecontent><p>Includes photographs of <title>The Nutcracker</title>, the New York City Ballet orchestra, <title>County Line</title>, Zachary Solov, Jillana, and Robert Barnett.</p></scopecontent></c01><c01 level="file"><did><unittitle>Book 6, pages 1-55</unittitle><unitid type="local_mss">3147832</unitid><container type="box">3</container><container type="folder">2</container></did><scopecontent><p>Includes photographs of Margreth Schanne, Tanaquil Le Clercq, Diana Adams in <title>Daphnis and Chloe</title>, Nora Kaye in <title>The Sleeping Beauty</title>, and Wilma Curley.</p></scopecontent></c01><c01 level="file"><did><unittitle>Book 6, pages 56-108</unittitle><unitid type="local_mss">3147834</unitid><container type="box">3</container><container type="folder">3</container></did><scopecontent><p>Includes photographs of Yvonne Mounsey in <title>Fanfare</title>, Jillana, Diana Adams in <title>Picnic at Tintagel</title>, James Starbuck, Mia Slavenska, and Melissa Hayden in <title>The Cage</title>.</p></scopecontent></c01><c01 level="file"><did><unittitle>Book 7, pages 1-33</unittitle><unitdate type="inclusive">1954 January-June 30</unitdate><unitid type="local_mss">3149991</unitid><container type="box">3</container><container type="folder">4</container></did><scopecontent><p>Includes correspondence from Margery Beddow, Phyllis Curtin, and Bob Herget to Bascome; photographs of Gaby Monet; <title>County Line</title>; and Laurie Lambert.</p></scopecontent></c01><c01 level="file"><did><unittitle>Book 7, pages 34-62</unittitle><unitdate type="inclusive" normal="1954-07-08">1954 July 8</unitdate><unitid type="local_mss">3147881</unitid><container type="box">4</container><container type="folder">1</container></did><scopecontent><p>Includes photographs of <title>The Nutcracker</title>, the lobby of the David H. Koch theater, Dana Wynter, <title>The Prodigal Son</title>, <title>Swan Lake</title>, André Eglevsky, Pat Wilde and Frank Moucion in <title>Firebird</title>, and Phyllis Curtin in <title>Salome</title>.</p></scopecontent></c01><c01 level="file"><did><unittitle>Book 8, pages 1-33</unittitle><unitdate type="inclusive" normal="1954-11-26">1954 November 26</unitdate><unitid type="local_mss">3149995</unitid><container type="box">4</container><container type="folder">2</container></did><scopecontent><p>Includes photographs of Edith Brozak; Pat Wilde and André Eglevsky in <title>Sylvia Pas de Deux</title>; Jonathan Watts; Diana Adams, Tanaquil Le Clercq, and André Eglevsky in <title>Pas de Trois</title>; Jacques D'Amboise; Jackie Cecil; and Vida Brown.</p></scopecontent></c01><c01 level="file"><did><unittitle>Book 8, pages 34-65</unittitle><unitdate type="inclusive" normal="1954-07-21">1954 July 21</unitdate><unitid type="local_mss">3147869</unitid><container type="box">4</container><container type="folder">3</container></did><scopecontent><p>Includes photographs of Eva Valencia, <title>County Line</title>, and Tanaquil Le Clercq.</p></scopecontent></c01><c01 level="file"><did><unittitle>Book 9, pages 1-33</unittitle><unitdate type="inclusive" normal="1954-12-08">1954 December 8</unitdate><unitid type="local_mss">3147883</unitid><container type="box">4</container><container type="folder">4</container></did><scopecontent><p>Includes photographs of Kathy Nolan, André Eglevsky, Melissa Hayden, Will Marshall, Jillana in <title>Fanfare</title>, and ads for Kislav 6 1/2 perfume and Pappagallo shoes.</p></scopecontent></c01><c01 level="file"><did><unittitle>Book 9, pages 34-66</unittitle><unitid type="local_mss">3147871</unitid><container type="box">4</container><container type="folder">5</container></did><scopecontent><p>Includes photographs of Tanaquil Le Clercq, Yvonne Chouteau, Pappagallo advertisement tests, Allegra Kent, Pat Savoia, and Roberta Meiers.</p></scopecontent></c01><c01 level="file"><did><unittitle>Book 10, pages 1-37</unittitle><unitid type="local_mss">3147884</unitid><container type="box">5</container><container type="folder">1</container></did><scopecontent><p>Includes photographs of Sallie Wilson, Diana Adams, André Eglevsky, Tanaquil Le Clercq, and a letter from Dorothea Douglas.</p></scopecontent></c01><c01 level="file"><did><unittitle>Book 10, pages 38-69</unittitle><unitdate type="inclusive" normal="1954-06-05/1954-07-01">1954 June 5-July 1</unitdate><unitid type="local_mss">3149268</unitid><container type="box">5</container><container type="folder">2</container></did><scopecontent><p>Includes photographs of Mary Moylan, Walter Kerr, and Maria Tallchief.</p></scopecontent></c01><c01 level="file"><did><unittitle>Book 11, pages 1-36</unittitle><unitdate type="inclusive" normal="1954-02-01">1954 February 1</unitdate><unitid type="local_mss">3147885</unitid><container type="box">5</container><container type="folder">3</container></did><scopecontent><p>Includes photographs of Melissa Hayden, Pat Wilde, and André Eglevsky in <title>Pas de Trois</title>, Tanaquil Le Clercq and Jacques D'Amboise in <title>Western Symphony</title>, and the Ballet Russe de Monte Carto performing in White Plains, New York.</p></scopecontent></c01><c01 level="file"><did><unittitle>Book 11, pages 37-60</unittitle><unitdate type="inclusive" normal="1954-10">1954 October</unitdate><unitid type="local_mss">3147875</unitid><container type="box">5</container><container type="folder">4</container></did><scopecontent><p>Includes photographs of Melissa Hayden and <title>County Line</title>.</p></scopecontent></c01><c01 level="file"><did><unittitle>Book 12, pages 1-47</unittitle><unitdate type="inclusive" normal="1954-03-12/1954-05-01">1954 March 12-May 1</unitdate><unitid type="local_mss">3147887</unitid><container type="box">5</container><container type="folder">5</container></did><scopecontent><p>Includes photographs of Janet Reed, Paul Nickel, Tanaquil Le Clercq in <title>The Nutcracker</title>, Frank Moncion, André Eglevsky, Patricia Wilde, <title>Western Symphony</title>, Tiffany and Company ads, and Mia Slavenska.</p></scopecontent></c01><c01 level="file"><did><unittitle>Book 13, pages 1-50</unittitle><unitdate type="inclusive" normal="1954-06-08">1954 June 8</unitdate><unitid type="local_mss">3147888</unitid><container type="box">6</container><container type="folder">1</container></did><scopecontent><p>Includes photographs of André Eglevsky, Jillana in <title>Harlquinade</title>, Una Kai, Nicholas Magallanes in <title>The Nutcracker</title>, Bob Herget, José Limón, Diana Adams, Louise Gilkes, Todd Bolender, and Jacques D'Amboise.</p></scopecontent></c01><c01 level="file"><did><unittitle>Book 14, pages 1-16</unittitle><unitid type="local_mss">3147889</unitid><container type="box">6</container><container type="folder">2</container></did><scopecontent><p>All photographs are unidentified.</p></scopecontent></c01></dsc></archdesc>
</ead>
