<?xml version="1.0" encoding="UTF-8"?>
<ead xmlns="urn:isbn:1-931666-22-9" xmlns:xsi="http://www.w3.org/2001/XMLSchema-instance"
	xmlns:xlink="http://www.w3.org/1999/xlink" xsi:schemaLocation="urn:isbn:1-931666-22-9 http://www.loc.gov/ead/ead.xsd">
	<eadheader countryencoding="iso3166-1" dateencoding="iso8601" langencoding="iso639-2b" repositoryencoding="iso15511"
		relatedencoding="marc" scriptencoding="iso8601">
		<eadid countrycode="US" mainagencycode="US-NN" url="http://archives.nypl.org/dan/24676.xml">dan24676.xml</eadid>
		<filedesc>
			<titlestmt>
				<titleproper>Guide to the Merrill Ashley papers, <date>1950-2017</date></titleproper>
			</titlestmt>
			<publicationstmt>
				<publisher>The New York Public Library. Jerome Robbins Dance Division.</publisher>
				<address>
					<addressline>New York Public Library for the Performing Arts, Dorothy and Lewis B. Cullman Center</addressline>
					<addressline>40 Lincoln Center Plaza, New York, NY 10023-7498</addressline>
				</address>
			</publicationstmt>
		</filedesc>
		<profiledesc>
			<creation>EAD generated by archives.nypl.org on <date normal="2019-12-10">December 10, 2019</date></creation>
			<langusage>
				<language langcode="eng">English</language>
			</langusage>
		</profiledesc>
	</eadheader>

	<archdesc level="collection">
		<did>
			<unittitle>Merrill Ashley papers</unittitle>
			<unitdate type="inclusive" normal="1950/2017">1950-2017</unitdate>
			<unitid type="local_mss">24676</unitid>
			<unitid type="local_call">(S) *MGZMD 495</unitid>
			<unitid type="local_b">b21983463</unitid>
			<origination>
				<persname source="naf" authfilenumber="http://id.loc.gov/authorities/names/n84002787">Ashley, Merrill</persname>
			</origination>
			<repository>
				<corpname>The New York Public Library. Jerome Robbins Dance Division.</corpname>
				<address>
					<addressline>New York Public Library for the Performing Arts, Dorothy and Lewis B. Cullman Center</addressline>
					<addressline>40 Lincoln Center Plaza, New York, NY 10023-7498</addressline>
				</address>
			</repository>
			<physdesc>
				<extent unit="containers">39 boxes</extent>
				<extent unit="linear_feet">14.37 linear feet</extent>
			</physdesc>
			<abstract>Merrill Ashley (1950 - ) is an American ballerina who danced for 31 years with the New York City Ballet,
				most of them under George Balanchine. Her papers, dating from 1950 to 2017, document her career through ballet class
				and choreography notebooks; photographs; letters; diaries; book drafts and interview transcripts for her book
					<title>Dancing For Balanchine</title>; calendars and datebooks; programs and clippings; posters; artifacts such as
				pointe shoes; and books.</abstract>
			<langmaterial>English</langmaterial>
		</did>
		<bioghist>
			<p>Merrill Ashley (née Linda Merrill, 1950 - ) is an American ballerina who danced for 31 years with the New York
				City Ballet, most of them under George Balanchine. The last ballerina to have fully trained and developed under
				Balanchine, she now advises companies and dancers staging his ballets around the world.</p>
			<p>Ashley was born in St. Paul, Minnesota, and raised in Rutland, Vermont, where she began her ballet studies at the
				age of seven. In 1964, at the age of thirteen, she was awarded a scholarship to continue her training at the School
				of American Ballet as part of its Ford Foundation Scholarship program.</p>
			<p>In 1967, George Balanchine invited Ashley to join the corps de ballet of the New York City Ballet, where she soon
				appeared in both corps and soloist roles in almost all of the ballets in the Company's repertory. In 1974, she was
				promoted to the rank of soloist, and three years later she became a principal dancer. Ashley danced her final
				performance with the Company as part of the Opening Night Benefit on November 25, 1997.</p>
			<p>Balanchine choreographed both <title>Ballo della Regina</title> and <title>Ballade</title> for Ashley, and she
				also originated roles in Jerome Robbins' <title>Concertino</title> and <title>Brahms/Handel</title>, which he
				choreographed with Twyla Tharp. Her repertory included roles in ballets as diverse as Balanchine's <title>Concerto
					Barocco</title>, <title>Firebird</title>, <title>The Nutcracker</title> (as both the Dewdrop and Sugarplum Fairy),
					<title>Prodigal Son</title> (as the Siren), <title>Serenade</title>, <title>Square Dance</title>, <title>Stars and
					Stripes</title>, <title>Swan Lake</title>, and <title>Tchaikovsky Suite No. 3</title> (in "Theme and Variations"),
				as well as Robbins' <title>Dances at a Gathering</title>. During the New York City Ballet's 1988 American Music
				Festival, she originated a principal role in Peter Martins' <title>Barber Violin Concerto</title>. She also
				originated principal roles in Martins' <title>Fearful Symmetries</title> in 1990 and <title>The Sleeping
					Beauty</title> (as Carabosse) in 1991.</p>
			<p>Ashley danced throughout the world, including the major capitals of Western and Eastern Europe, and in China. In
				1978, she danced at The White House for President and Mrs. Carter, and in 1986 she was chosen as the American
				ballerina to represent the United States at a gala celebrating the 40th Anniversary of UNESCO. The gala was held at
				the Bolshoi Theatre in Moscow and televised throughout Europe and the USSR. Ashley's broadcast appearances included
				PBS' <title>Dance in America</title> series (which included Balanchine's <title>Ballo della Regina</title>,
					<title>Divertimento No. 15</title>, <title>Jewels ("Emeralds")</title>, and <title>The Four Temperaments</title>;
				and Bournonville's pas de deux from <title>Flower Festival at Genzano</title>) and the "Gala of Stars" in 1980,
				1982, 1984, and 1985.</p>
			<p>Ashley was a guest artist with many ballet companies, including the Sadler's Wells Royal Ballet in London (dancing
				in <title>Paquita</title> and <title>The Sleeping Beauty</title>). She also led her own group, Merrill Ashley and
				Dancers, on tours in 1981 and 1982. Ashley's autobiography, <title>Dancing For Balanchine</title>, was published in
				1984 by E.P. Dutton, Inc. In addition, Ashley is the co-author and co-artistic director of the video series
					<title>The Balanchine Essays</title>, produced by the George Balanchine Foundation. She was also the subject of the
				2015 documentary <title>The Dance Goodbye</title>, which documented her career transition following her retirement
				from performance. In 1987, she was the recipient of the <title>Dance Magazine</title> Award.</p>
			<p>Ashley has also conducted lectures for The George Balanchine Foundation at the Boston Ballet and Massachusetts
				Youth Ballet. She has staged <title>Ballo della Regina</title> for The George Balanchine Trust at Ballet Nacional de
				Cuba (2000), San Francisco Ballet, and Royal Winnipeg Ballet, and frequently teaches master classes at such
				companies as the Paris Opera Ballet and Royal Danish Ballet.</p>
		</bioghist>
		<scopecontent>
			<p>The Merrill Ashley papers, dating from 1950 to 2017, document the career of the ballerina through ballet class and
				choreography notebooks; photographs; letters; diaries; book drafts and interview transcripts for the book
					<title>Dancing For Balanchine</title>; calendars and datebooks; programs and clippings; posters; artifacts such as
				pointe shoes; and books.</p>
			<p>The ballet notebooks were created by Ashley during classes she took with George Balanchine (1976-1978) and Stanley
				Williams (1990). Ashley also created notes for classes she taught herself, as well as for choreography she learned
				for works by Balanchine. These include <title>Chaconne</title>, <title>Firebird</title>, <title>The Sleeping
					Beauty</title>, <title>Union Jack</title>, and <title>Sylvia Pas de Deux</title>, among others.</p>
			<p>The photographs contain rehearsal and performance shots of the New York City Ballet and Merrill Ashley and
				Dancers; special events such as Ashley's visit to The White House, the New York City Ballet's 50th anniversary, and
				receiving an honor from the New York State Legislature; advertisements featuring Ashley; and informal shots of
				Ashley. These include her during warmups and physical therapy; shooting <title>The Balanchine Essays</title>; with
				other dancers, friends, and fans; and teaching dancers and working with dance companies. Figures pictured with
				Ashley include George Balanchine, Ib Andersen, Beverly Sills, and President Carter, as well as dancers from the New
				York City Ballet, the Bolshoi Ballet, the Hong Kong Ballet, the Tokyo Ballet, the Banff Centre for Arts and
				Creativity, and Ballet Taos. Also present is a baby book kept by Ashley's parents, accompanied by a genealogy of her
				family.</p>
			<p>The letters contain a set of correspondence between Ashley and her parents dating from 1964 to 1974; they discuss
				her training at the School of American Ballet and her early career at the New York City Ballet. The rest of the
				letters, dating primarily from 1984 onward, consist mainly of notes and cards from friends and fans, though more
				substantial letters are present in a few cases. Ashley arranged these letters chronologically and included lists of
				letters and their authors for each year; these lists are included in the folders. Writers include Jerome Robbins,
				Clement Crisp, Arlene Croce, Bill Whitehead (Ashley's editor at E.P. Dutton), Beverly Sills, and the dancers Peter
				Martins, Alicia Alonso, Valentina Kozlova, Jacques d'Amboise, Darla Hoover, Sara Mau, Ruthanna Boris, Nikolaj Hübbe,
				and Amanda Edge. Letters dating from 1993 mainly discuss an injury Ashley suffered in performance, while most 1997
				letters pertain to her retirement.</p>
			<p>Ashley kept consistent diaries for only short stretches of time. The earliest of these date from 1969 and 1972
				(the latter documents a New York City Ballet visit to the Soviet Union). Some diaries from the mid-1970s are kept in
				datebooks. Diaries from 1992 to 1994 chart Ashley's recovery from a hip injury.</p>
			<p>The files for <title>Dancing For Balanchine</title> document that book's creation through book proposals (written
				by Ashley's husband, Kibbe Fitzpatrick), transcripts of interviews with Ashley, manuscripts, galleys, proofs,
				photographs, clippings, and correspondence with editor Bill Whitehead of E.P. Dutton.</p>
			<p>Five binders of scripts and notes document the video series <title>The Balanchine Essays</title>.</p>
			<p>The programs and clippings comprise the largest portion of the collection. They cover Ashley's dancing and
				teaching activity, starting with her earliest performances in the late 1950s, and date up to 2017. Box 34, folder 3
				contains a list of Ashley's activities outside of the New York City Ballet from 1999 to 2017. Some files also
				contain itineraries, photographs, or other memorabilia of Ashley's visits to other dance companies.</p>
			<p>The posters advertise the New York City Ballet and Merrill Ashley and Dancers. The artifacts consist of pointe
				shoes, an original drawing of Ashley by Jane Rosenberg published in the book <title>Dance Me A Story</title>, cards
				distributed at Ashley's retirement gala, and a button with a photograph of Ashley. Two pairs of the pointe shoes
				date from the 1950s and were Ashley's earliest shoes, while the rest (five pairs and three single shoes, all
				autographed) are from the 1980s or 1990s.</p>
			<p>The books consist of <title>Dancing For Balanchine</title>, <title>Balanchine's Ballerinas</title> by Robert
				Tracy, <title>Choura: The Memory of Alexandra Danilova</title> (a signed autobiography), and <title>Dance Me A
					Story</title> by Jane Rosenberg. The two books regarding Balanchine are inscribed by Ashley to her grandmother.</p>
			<p>The collection also holds sound and video recordings. Among the sound recordings are classes led by George
				Balanchine and Stanley Williams; interviews with Ashley, including those carried out for the book <title>Dancing For
					Balanchine</title>; and lectures by Ashley on Balanchine. The videos includes performances by Ashley with the New
				York City Ballet, Sadler's Wells Royal Ballet, and at the 1986 UNESCO gala; rehearsals with the New York City Ballet
				and the Cuban National Ballet; Ashley teaching the Royal Winnipeg Ballet Company; interviews with Ashley; and video
				of the New York City Ballet and the American Ballet Theatre dating from the early 1970s (not featuring Ashley). Also
				present are home movies from Ashley's childhood.</p>
		</scopecontent>
		<prefercite>
			<p>Merrill Ashley papers, (S) *MGZMD 495. Jerome Robbins Dance Division, The New York Public Library for the
				Performing Arts</p>
		</prefercite>
		<acqinfo>
			<p>Donated by Merrill Ashley, 2018.</p>
		</acqinfo>
		<processinfo>
			<p>Processed by <name>Matthew Snyder</name> in <date>2019</date>.</p>
		</processinfo>
		<accessrestrict>
			<p>Some collections held by the Dance, Music, Recorded Sound, and Theatre Divisions at the New York Public Library
				for the Performing Arts are held off-site and must be requested in advance. Please check the collection records in
						<extref xlink:href="http://catalog.nypl.org/record=LPA_BNUMBER" xlink:type="simple" xlink:actuate="onRequest"
						>the NYPL's online catalog</extref> for detailed location information. For general guidance about requesting
				offsite materials, please consult: <extref
					xlink:href="https://www.nypl.org/about/locations/lpa/requesting-archival-materials" xlink:type="simple"
					xlink:actuate="onRequest">https://www.nypl.org/about/locations/lpa/requesting-archival-materials</extref></p>
			<p>Inquiries regarding audio and moving image materials in the collection may be directed to the Jerome Robbins Dance
				Division (dance@nypl.org). Audio and moving image materials will be subject to preservation assessment and migration
				prior to access.</p>
		</accessrestrict>
		<accessrestrict>
			<p>Some collections held by the Dance, Music, Recorded Sound, and Theatre Divisions at the New York Public Library
				for the Performing Arts are held off-site and must be requested in advance. Please check the collection records in
						<extref xlink:href="http://catalog.nypl.org/record=LPA_BNUMBER" xlink:type="simple" xlink:actuate="onRequest"
						>the NYPL's online catalog</extref> for detailed location information. For general guidance about requesting
				offsite materials, please consult: <extref
					xlink:href="https://www.nypl.org/about/locations/lpa/requesting-archival-materials" xlink:type="simple"
					xlink:actuate="onRequest">https://www.nypl.org/about/locations/lpa/requesting-archival-materials</extref></p>
			<p>Access to the diaries dated 1969 and 1972 in box 9, folder 4 is restricted until the death of Merrill Ashley.</p>
		</accessrestrict>
		<controlaccess>
			<persname source="naf" authfilenumber="http://id.loc.gov/authorities/names/n84002787">Ashley, Merrill</persname>
			<persname role="subject" source="naf" authfilenumber="http://id.loc.gov/authorities/names/n50017594">Balanchine,
				George</persname>
			<persname role="subject" source="naf" authfilenumber="http://id.loc.gov/authorities/names/nr2003011192">Williams,
				Stanley, 1925-1997</persname>
			<corpname role="subject" source="naf" authfilenumber="http://id.loc.gov/authorities/names/n50003343">New York City
				Ballet</corpname>
			<corpname role="subject" source="naf" authfilenumber="http://id.loc.gov/authorities/names/n85012731">School of
				American Ballet</corpname>
			<subject source="lcsh">Ballet -- 20th century</subject>
			<subject source="lcsh">Ballet companies</subject>
			<subject source="lcsh">Ballet dancers</subject>
			<subject source="lcsh">Choreography</subject>
			<genreform source="aat" authfilenumber="http://id.loc.gov/authorities/names/300046085">Ballet slippers</genreform>
			<genreform source="aat" authfilenumber="http://id.loc.gov/authorities/names/300026867">Clippings (information
				artifacts)</genreform>
			<genreform source="aat" authfilenumber="http://id.loc.gov/authorities/names/300027112">Diaries</genreform>
			<genreform source="aat" authfilenumber="http://id.loc.gov/authorities/names/300026392">Interviews</genreform>
			<genreform source="aat" authfilenumber="http://id.loc.gov/authorities/names/300026879">Letters
				(correspondence)</genreform>
			<genreform source="aat" authfilenumber="http://id.loc.gov/authorities/names/300027200">Notes (documents)</genreform>
			<genreform source="aat" authfilenumber="http://id.loc.gov/authorities/names/300046300">Photographs</genreform>
			<genreform source="lctgm" authfilenumber="http://id.loc.gov/authorities/names/300027221">Posters</genreform>
			<genreform source="aat" authfilenumber="http://id.loc.gov/authorities/names/300027240">Programs
				(documents)</genreform>
			<genreform source="aat" authfilenumber="http://id.loc.gov/authorities/names/300027341">Scrapbooks</genreform>
		</controlaccess>
		<dsc>
			<c01 level="file">
				<did>
					<unittitle>Notebooks</unittitle>
					<unitdate type="inclusive" normal="1976/1991">1976-1991</unitdate>
					<unitid type="local_mss">3194725</unitid>
				</did>
				<c02 level="file">
					<did>
						<unittitle>Ballet Classes</unittitle>
						<unitid type="local_mss">3194730</unitid>
					</did>
					<c03 level="file">
						<did>
							<unittitle>Ashley, Merrill</unittitle>
							<unitdate type="inclusive" normal="1984">1984</unitdate>
							<unitdate type="inclusive" normal="1998/2008">1998-2008</unitdate>
							<unitid type="local_mss">3194731</unitid>
							<container type="box">1</container>
							<container type="folder">1-5</container>
						</did>
						<scopecontent>
							<p>Ashley taught the 1984 class (for the School of American Ballet) with Diana Adams.</p>
						</scopecontent>
					</c03>
					<c03 level="file">
						<did>
							<unittitle>Balanchine, George</unittitle>
							<unitdate type="inclusive" normal="1976/1978">1976-1978</unitdate>
							<unitid type="local_mss">3194733</unitid>
							<container type="box">1</container>
							<container type="folder">6</container>
						</did>
					</c03>
					<c03 level="file">
						<did>
							<unittitle>Williams, Stanley</unittitle>
							<unitdate type="inclusive" normal="1990">1990</unitdate>
							<unitid type="local_mss">3194734</unitid>
							<container type="box">2</container>
							<container type="folder">1</container>
						</did>
						<scopecontent>
							<p>These notes accompany a September 17th, 1990 recording of a Williams class. Inquiries regarding audio and
								moving image materials in the collection may be directed to the Jerome Robbins Dance Division
								(dance@nypl.org).</p>
						</scopecontent>
					</c03>
				</c02>
				<c02 level="file">
					<did>
						<unittitle>Choreography</unittitle>
						<unitdate type="inclusive" normal="1991">1991</unitdate>
						<unitid type="local_mss">3194736</unitid>
						<container type="box">2</container>
						<container type="folder">2</container>
					</did>
					<scopecontent>
						<p>Notes on <title>Brahms-Schoenberg Quartet</title>, <title>Chaconne</title>, <title>Firebird</title>, <title>The
								Sleeping Beauty</title>, <title>Union Jack</title>, <title>Sylvia Pas de Deux</title>, <title>A Midsummer
								Night's Dream</title>, <title>Raymonda Variations</title>, <title>Jewels</title>, and <title>Square
								Dance</title>.</p>
					</scopecontent>
				</c02>
			</c01>
			<c01 level="file">
				<did>
					<unittitle>Photographs</unittitle>
					<unitdate type="inclusive" normal="1950/2014">1950-2014</unitdate>
					<unitid type="local_mss">3194740</unitid>
				</did>
				<c02 level="file">
					<did>
						<unittitle>Baby Book and Family Genealogy</unittitle>
						<unitdate type="inclusive" normal="1950/1989">1950-1989</unitdate>
						<unitid type="local_mss">3194747</unitid>
						<container type="box">2</container>
						<container type="folder">3</container>
					</did>
				</c02>
				<c02 level="file">
					<did>
						<unittitle>Book Signing Party</unittitle>
						<unitdate type="inclusive" normal="1984">1984</unitdate>
						<unitid type="local_mss">3194748</unitid>
						<container type="box">2</container>
						<container type="folder">4</container>
					</did>
				</c02>
				<c02 level="file">
					<did>
						<unittitle>Capezio Advertisement Shoot</unittitle>
						<unitdate type="inclusive" normal="1980" certainty="approximate">circa 1980</unitdate>
						<unitid type="local_mss">3194749</unitid>
						<container type="box">2</container>
						<container type="folder">5</container>
					</did>
				</c02>
				<c02 level="file">
					<did>
						<unittitle><title>Glamour</title> Magazine Shoot</unittitle>
						<unitdate type="inclusive" normal="1985">1985</unitdate>
						<unitid type="local_mss">3194750</unitid>
						<container type="box">2</container>
						<container type="folder">6</container>
					</did>
					<scopecontent>
						<p>With husband Kibbe Fitzpatrick.</p>
					</scopecontent>
				</c02>
				<c02 level="file">
					<did>
						<unittitle>New York City Ballet 50th Anniversary</unittitle>
						<unitdate type="inclusive" normal="1998">1998</unitdate>
						<unitid type="local_mss">3194751</unitid>
						<container type="box">2</container>
						<container type="folder">7</container>
					</did>
				</c02>
				<c02 level="file">
					<did>
						<unittitle>New York State Legislative Resolution</unittitle>
						<unitdate type="inclusive" normal="1991">1991</unitdate>
						<unitid type="local_mss">3194760</unitid>
						<container type="box">2</container>
						<container type="folder">8</container>
					</did>
					<scopecontent>
						<p>Also contains the New York State Senate proclamation.</p>
					</scopecontent>
				</c02>
				<c02 level="file">
					<did>
						<unittitle>Publicity</unittitle>
						<unitdate type="inclusive" normal="1982">1982</unitdate>
						<unitid type="local_mss">3194772</unitid>
						<container type="box">5</container>
						<container type="folder">1</container>
					</did>
				</c02>
				<c02 level="file">
					<did>
						<unittitle>Rehearsals and Performances</unittitle>
						<unitid type="local_mss">3194752</unitid>
					</did>
					<c03 level="file">
						<did>
							<unitdate type="inclusive" normal="1969">1969</unitdate>
							<unitid type="local_mss">3194753</unitid>
							<container type="box">2</container>
							<container type="folder">9</container>
						</did>
					</c03>
					<c03 level="file">
						<did>
							<unittitle>
								<title>Apollo</title>
							</unittitle>
							<unitdate type="inclusive" normal="1980">1980</unitdate>
							<unitid type="local_mss">3194754</unitid>
							<container type="box">2</container>
							<container type="folder">10</container>
						</did>
						<scopecontent>
							<p>With Ib Andersen.</p>
						</scopecontent>
					</c03>
					<c03 level="file">
						<did>
							<unittitle>Merrill Ashley and Dancers</unittitle>
							<unitdate type="inclusive" normal="1982">1982</unitdate>
							<unitid type="local_mss">3194755</unitid>
							<physdesc>All contact sheets.</physdesc>
							<container type="box">2</container>
							<container type="folder">11</container>
						</did>
						<scopecontent>
							<p>Ashley's own company, in Hawaii.</p>
						</scopecontent>
					</c03>
				</c02>
				<c02 level="file">
					<did>
						<unittitle>Sears Advertisement</unittitle>
						<unitdate type="inclusive" normal="1970">1970</unitdate>
						<unitid type="local_mss">3194756</unitid>
						<container type="box">2</container>
						<container type="folder">12</container>
					</did>
				</c02>
				<c02 level="file">
					<did>
						<unittitle>The White House</unittitle>
						<unitdate type="inclusive" normal="1978">1978</unitdate>
						<unitid type="local_mss">3194758</unitid>
						<container type="box">2</container>
						<container type="folder">13</container>
					</did>
				</c02>
				<c02 level="file">
					<did>
						<unittitle>Informal Photographs</unittitle>
						<unitid type="local_mss">3194759</unitid>
					</did>
					<c03 level="file">
						<did>
							<unitdate type="inclusive" normal="1969/1989">1969-1980s</unitdate>
							<unitid type="local_mss">3194762</unitid>
							<container type="box">2</container>
							<container type="folder">14</container>
						</did>
						<scopecontent>
							<p>Includes Ashley with George Balanchine and Beverly Sills.</p>
						</scopecontent>
					</c03>
					<c03 level="file">
						<did>
							<unitdate type="inclusive" normal="1980/1989">1980s</unitdate>
							<unitid type="local_mss">3194763</unitid>
							<container type="box">2</container>
							<container type="folder">15</container>
						</did>
						<scopecontent>
							<p>Photos of Ashley during warmups and physical therapy.</p>
						</scopecontent>
					</c03>
					<c03 level="file">
						<did>
							<unitdate type="inclusive" normal="1980/1985">Early 1980s</unitdate>
							<unitid type="local_mss">3194771</unitid>
							<container type="box">3</container>
							<container type="folder">1</container>
						</did>
						<scopecontent>
							<p>In Norway.</p>
						</scopecontent>
					</c03>
					<c03 level="file">
						<did>
							<unitdate type="inclusive" normal="1986/1990">1986-1990</unitdate>
							<unitid type="local_mss">3194764</unitid>
							<container type="box">2</container>
							<container type="folder">16</container>
						</did>
						<scopecontent>
							<p>With Peter Martins, Jacques Chirac, Adam Lüders, Ghislaine Thesmar, and Estelle Sommers.</p>
						</scopecontent>
					</c03>
					<c03 level="file">
						<did>
							<unitdate type="inclusive" normal="1994/1996">1994-1996</unitdate>
							<unitid type="local_mss">3194765</unitid>
							<container type="box">2</container>
							<container type="folder">17-18</container>
						</did>
						<scopecontent>
							<p>Includes shooting of <title>The Balanchine Essays</title>.</p>
						</scopecontent>
					</c03>
					<c03 level="file">
						<did>
							<unitdate type="inclusive" normal="2001/2008">2001-2008</unitdate>
							<unitid type="local_mss">3194766</unitid>
							<container type="box">4</container>
							<container type="folder">1-5</container>
						</did>
						<scopecontent>
							<p>Includes Ashley with the Hong Kong Ballet; with other dancers; and teaching in Taos, New Mexico.</p>
						</scopecontent>
					</c03>
					<c03 level="file">
						<did>
							<unitdate type="inclusive" normal="2012/2014">2012-2014</unitdate>
							<unitid type="local_mss">3194767</unitid>
							<container type="box">4</container>
							<container type="folder">6-7</container>
						</did>
						<scopecontent>
							<p>Includes Ashley teaching Svetlana Lunkina and Olga Smirnova at the Bolshoi Ballet; at the Banff Centre for
								Arts and Creativity; and at the Tokyo Ballet.</p>
						</scopecontent>
					</c03>
				</c02>
			</c01>
			<c01 level="file">
				<did>
					<unittitle>Letters</unittitle>
					<unitdate type="inclusive" normal="1964/2017">1964-2017</unitdate>
					<unitid type="local_mss">3194770</unitid>
				</did>
				<scopecontent>
					<p>Starting with 1984, each year has a listing of writers with their relationship to Ashley.</p>
				</scopecontent>
				<c02 level="file">
					<did>
						<unitdate type="inclusive" normal="1964/1974">1964-1974</unitdate>
						<unitdate type="inclusive" normal="1979">1979</unitdate>
						<unitdate type="inclusive" normal="1984">1984</unitdate>
						<unitid type="local_mss">3194773</unitid>
						<container type="box">4</container>
						<container type="folder">7-9</container>
					</did>
					<scopecontent>
						<p>Folders dating from 1969 to 1974 hold letters to Ashley's parents. Folders dating from 1984 include letters
							from Jerome Robbins, Bill Whitehead of E.P. Dutton, and dancers from New York City Ballet.</p>
					</scopecontent>
				</c02>
				<c02 level="file">
					<did>
						<unitdate type="inclusive" normal="1984/1993">1984-1993</unitdate>
						<unitid type="local_mss">3194779</unitid>
						<container type="box">6</container>
						<container type="folder">1-8</container>
					</did>
					<scopecontent>
						<p>Writers include Clement Crisp, Connie Chung, Bill Whitehead, Beverly Sills, Francis Patrelle, Mary Cover,
							dancers of the Royal Danish Ballet, Sadler's Wells Theatre, David Parsons, Peter Martins, Mary Tyler Moore, Adam
							Lüders, Valentina Kozlova, and Margaret Tracy. Letters and cards from 1993 pertain to Ashley's onstage
							injury.</p>
					</scopecontent>
				</c02>
				<c02 level="file">
					<did>
						<unitdate type="inclusive" normal="1993/2000">1993-2000</unitdate>
						<unitid type="local_mss">3194782</unitid>
						<container type="box">7</container>
						<container type="folder">1-8</container>
					</did>
					<scopecontent>
						<p>Writers include Peter Martins, Jacques d'Amboise, Debbie Wingert, Baird Hastings, Darla Hoover, Ann McCoy, Sara
							Mau, Ruthanna Boris, Arlene Croce, Alicia Alonso, Nikolaj Hübbe, Peter Martins, and Amanda Edge. Notes and cards
							from 1997 mainly concern Ashley's retirement.</p>
					</scopecontent>
				</c02>
				<c02 level="file">
					<did>
						<unitdate type="inclusive" normal="2001/2012">2001-2012</unitdate>
						<unitid type="local_mss">3194784</unitid>
						<container type="box">8</container>
						<container type="folder">1-6</container>
					</did>
					<scopecontent>
						<p>Writers include Clement Crisp, Colleen Neary of the Royal Danish Ballet, Lourdes Lopez, Lorena Jeijoo, Mikko
							Nissinen, Jennifer Ringer, Victoria Morgan, and Roy Kaiser.</p>
					</scopecontent>
				</c02>
				<c02 level="file">
					<did>
						<unitdate type="inclusive" normal="2013/2017">2013-2017</unitdate>
						<unitid type="local_mss">3194785</unitid>
						<container type="box">9</container>
						<container type="folder">1-3</container>
					</did>
					<scopecontent>
						<p>Writers include dancers and coaches from the Pennsylvania Ballet, the Banff Centre for Arts and Creativity, the
							American Ballet Theatre, the Bolshoi Ballet, the Houston Ballet, the Dresden Ballet, and the Miami City Ballet;
							and Eileen Douglas and Ron Steinman, directors of <title>The Dance Goodbye</title>.</p>
					</scopecontent>
				</c02>
			</c01>
			<c01 level="file">
				<did>
					<unittitle>Diaries</unittitle>
					<unitid type="local_mss">3194787</unitid>
				</did>
				<scopecontent>
					<p>Diaries from 1992 to 1994 document Ashley's recovery from a hip injury. They contain medical and exercise
						notes.</p>
				</scopecontent>
				<c02 level="file">
					<did>
						<unitdate type="inclusive" normal="1969">1969</unitdate>
						<unitdate type="inclusive" normal="1972">1972</unitdate>
						<unitid type="local_mss">3194788</unitid>
						<container type="box">9</container>
						<container type="folder">4</container>
					</did>
					<scopecontent>
						<p>The 1972 diary documents a New York City Ballet tour of the Soviet Union.</p>
					</scopecontent>
					<accessrestrict>
						<p>Access restricted until the death of Merrill Ashley.</p>
					</accessrestrict>
				</c02>
				<c02 level="file">
					<did>
						<unitdate type="inclusive" normal="1974/1975">1974-1975</unitdate>
						<unitdate type="inclusive" normal="1978">1978</unitdate>
						<unitdate type="inclusive" normal="1992/1993">1992-1993</unitdate>
						<unitid type="local_mss">3194789</unitid>
						<container type="box">9</container>
						<container type="folder">5-6</container>
					</did>
				</c02>
				<c02 level="file">
					<did>
						<unitdate type="inclusive" normal="1993/1994">1993-1994</unitdate>
						<unitid type="local_mss">3194790</unitid>
						<container type="box">10</container>
						<container type="folder">1-2</container>
					</did>
				</c02>
			</c01>
			<c01 level="file">
				<did>
					<unittitle>
						<title>Dancing For Balanchine</title>
					</unittitle>
					<unitid type="local_mss">3194792</unitid>
				</did>
				<c02 level="file">
					<did>
						<unittitle>Book Proposals</unittitle>
						<unitdate type="inclusive" normal="1983">1983</unitdate>
						<unitid type="local_mss">3194793</unitid>
						<container type="box">10</container>
						<container type="folder">3-4</container>
					</did>
					<scopecontent>
						<p>By Kibbe Fitzpatrick, prepared for editor Bill Whitehead at E.P. Dutton.</p>
					</scopecontent>
				</c02>
				<c02 level="file">
					<did>
						<unittitle>Interviews</unittitle>
						<unitid type="local_mss">3194795</unitid>
					</did>
					<accessrestrict>
						<p>Inquiries regarding audio materials in the collection may be directed to the Jerome Robbins Dance Division
							(dance@nypl.org). Audio materials will be subject to preservation assessment and migration prior to access.</p>
					</accessrestrict>
					<c03 level="file">
						<did>
							<unittitle>Transcripts</unittitle>
							<unitdate type="inclusive" normal="1983">1983</unitdate>
							<unitid type="local_mss">3194794</unitid>
							<container type="box">10</container>
							<container type="folder">5-8</container>
							<container type="box">11</container>
							<container type="folder">1-7</container>
						</did>
						<scopecontent>
							<p>Transcribed from the sound recordings of Ashley interviewed by Larry Kaplan.</p>
						</scopecontent>
					</c03>
				</c02>
				<c02 level="file">
					<did>
						<unittitle>Manuscripts</unittitle>
						<unitdate type="inclusive" normal="1983">1983</unitdate>
						<unitid type="local_mss">3194824</unitid>
						<physdesc>All typescripts.</physdesc>
					</did>
					<c03 level="file">
						<did>
							<unittitle>Original</unittitle>
							<unitid type="local_mss">3194825</unitid>
							<container type="box">11</container>
							<container type="folder">8</container>
							<container type="box">12</container>
							<container type="folder">1-4</container>
						</did>
					</c03>
					<c03 level="file">
						<did>
							<unittitle>Revisions</unittitle>
							<unitid type="local_mss">3194826</unitid>
							<container type="box">12</container>
							<container type="folder">5</container>
							<container type="box">13</container>
							<container type="folder">1-6</container>
							<container type="box">14</container>
							<container type="folder">1</container>
						</did>
						<scopecontent>
							<p>With annotations and correspondence with E.P. Dutton.</p>
						</scopecontent>
					</c03>
				</c02>
				<c02 level="file">
					<did>
						<unittitle>Proofs and Galley</unittitle>
						<unitdate type="inclusive" normal="1984">1984</unitdate>
						<unitid type="local_mss">3194831</unitid>
						<container type="box">14</container>
						<container type="folder">2-4</container>
					</did>
				</c02>
				<c02 level="file">
					<did>
						<unittitle>Photographs</unittitle>
						<unitdate type="inclusive" normal="1983">1983</unitdate>
						<unitid type="local_mss">3194832</unitid>
						<container type="box">14</container>
						<container type="folder">5-6</container>
						<container type="box">15</container>
						<container type="folder">1-4</container>
						<container type="box">16</container>
						<container type="folder">1</container>
						<container type="box">5</container>
						<container type="folder">2</container>
					</did>
					<scopecontent>
						<p>Contains contact sheets and photos reproduced in the book, including sequences demonstrating choreography.</p>
					</scopecontent>
				</c02>
				<c02 level="file">
					<did>
						<unittitle>Publicity File and Clippings</unittitle>
						<unitdate type="inclusive" normal="1984/1985">1984-1985</unitdate>
						<unitid type="local_mss">3194834</unitid>
						<container type="box">16</container>
						<container type="folder">2-3</container>
					</did>
				</c02>
			</c01>
			<c01 level="file">
				<did>
					<unittitle>
						<title>The Balanchine Essays</title>
					</unittitle>
					<unitdate type="inclusive" normal="1986/1994">1986-1994</unitdate>
					<unitid type="local_mss">3194839</unitid>
					<container type="box">17</container>
					<container type="box">18</container>
				</did>
			</c01>
			<c01 level="file">
				<did>
					<unittitle>Calendars and Datebooks</unittitle>
					<unitdate type="inclusive" normal="1976">1976</unitdate>
					<unitdate type="inclusive" normal="1993/2003">1993-2003</unitdate>
					<unitid type="local_mss">3194844</unitid>
					<container type="box">16</container>
					<container type="folder">4</container>
					<container type="box">19</container>
					<container type="folder">1</container>
				</did>
			</c01>
			<c01 level="file">
				<did>
					<unittitle>Programs and Clippings</unittitle>
					<unitid type="local_mss">3194846</unitid>
				</did>
				<c02 level="file">
					<did>
						<unitdate type="inclusive" normal="1950/1973">1950s-1973</unitdate>
						<unitid type="local_mss">3194847</unitid>
						<container type="box">19</container>
						<container type="folder">2-7</container>
					</did>
				</c02>
				<c02 level="file">
					<did>
						<unitdate type="inclusive" normal="1960/1969">1960-1969</unitdate>
						<unitid type="local_mss">3194954</unitid>
						<physdesc>Scrapbook.</physdesc>
						<container type="box">3</container>
						<container type="folder">2</container>
					</did>
					<scopecontent>
						<p>Contains letters and telegrams as well as programs and clippings.</p>
					</scopecontent>
				</c02>
				<c02 level="file">
					<did>
						<unitdate type="inclusive" normal="1974/1982">1974-1982</unitdate>
						<unitid type="local_mss">3194944</unitid>
						<container type="box">20</container>
						<container type="folder">1-7</container>
					</did>
				</c02>
				<c02 level="file">
					<did>
						<unitdate type="inclusive" normal="1977/1980">1977-1980</unitdate>
						<unitid type="local_mss">3194949</unitid>
						<physdesc>Scrapbook.</physdesc>
						<container type="box">21</container>
					</did>
				</c02>
				<c02 level="file">
					<did>
						<unitdate type="inclusive" normal="1979/1983">1979-1983</unitdate>
						<unitid type="local_mss">3194945</unitid>
						<container type="box">22</container>
						<container type="folder">1-5</container>
					</did>
					<scopecontent>
						<p>Files from 1981 to 1982 document tours by both New York City Ballet and Merrill Ashley and Dancers.</p>
					</scopecontent>
				</c02>
				<c02 level="file">
					<did>
						<unitdate type="inclusive" normal="1980/1981">1980-1981</unitdate>
						<unitid type="local_mss">3194950</unitid>
						<physdesc>Scrapbook.</physdesc>
						<container type="box">23</container>
					</did>
				</c02>
				<c02 level="file">
					<did>
						<unitdate type="inclusive" normal="1980/1989">1980-1989</unitdate>
						<unitid type="local_mss">3194946</unitid>
						<container type="box">3</container>
						<container type="folder">3-4</container>
					</did>
				</c02>
				<c02 level="file">
					<did>
						<unitdate type="inclusive" normal="1981/1982">1981-1982</unitdate>
						<unitid type="local_mss">3194951</unitid>
						<physdesc>Scrapbook.</physdesc>
						<container type="box">24</container>
					</did>
				</c02>
				<c02 level="file">
					<did>
						<unitdate type="inclusive" normal="1983/1985">1983-1985</unitdate>
						<unitid type="local_mss">3194947</unitid>
						<container type="box">25</container>
						<container type="folder">1-7</container>
					</did>
				</c02>
				<c02 level="file">
					<did>
						<unitdate type="inclusive" normal="1985/1988">1985-1988</unitdate>
						<unitid type="local_mss">3194952</unitid>
						<container type="box">26</container>
						<container type="folder">1-6</container>
					</did>
				</c02>
				<c02 level="file">
					<did>
						<unitdate type="inclusive" normal="1987/1990">1987-1990</unitdate>
						<unitid type="local_mss">3194955</unitid>
						<container type="box">27</container>
						<container type="folder">1-5</container>
					</did>
				</c02>
				<c02 level="file">
					<did>
						<unitdate type="inclusive" normal="1989/1993">1989-1993</unitdate>
						<unitid type="local_mss">3194956</unitid>
						<container type="box">28</container>
						<container type="folder">1-6</container>
					</did>
				</c02>
				<c02 level="file">
					<did>
						<unitdate type="inclusive" normal="1993/1997">1993-1997</unitdate>
						<unitid type="local_mss">3194957</unitid>
						<container type="box">29</container>
						<container type="folder">1-6</container>
					</did>
				</c02>
				<c02 level="file">
					<did>
						<unitdate type="inclusive" normal="1997/1999">1997-1999</unitdate>
						<unitid type="local_mss">3194958</unitid>
						<container type="box">30</container>
						<container type="folder">1-5</container>
					</did>
					<scopecontent>
						<p>Files dating from 1997 document Ashley's retirement.</p>
					</scopecontent>
				</c02>
				<c02 level="file">
					<did>
						<unitdate type="inclusive" normal="1998/2002">1998-2002</unitdate>
						<unitid type="local_mss">3194959</unitid>
						<container type="box">31</container>
						<container type="folder">1-6</container>
					</did>
				</c02>
				<c02 level="file">
					<did>
						<unitdate type="inclusive" normal="2002/2007">2002-2007</unitdate>
						<unitid type="local_mss">3194960</unitid>
						<container type="box">32</container>
						<container type="folder">1-5</container>
					</did>
				</c02>
				<c02 level="file">
					<did>
						<unitdate type="inclusive" normal="2008/2012">2008-2012</unitdate>
						<unitid type="local_mss">3194961</unitid>
						<container type="box">33</container>
						<container type="folder">1-5</container>
					</did>
				</c02>
				<c02 level="file">
					<did>
						<unitdate type="inclusive" normal="2013/2017">2013-2017</unitdate>
						<unitid type="local_mss">3194962</unitid>
						<container type="box">34</container>
						<container type="folder">1-3</container>
					</did>
					<scopecontent>
						<p>Folder 3 contains a list of Ashley's activities outside of the New York City Ballet from 1999 to 2017.</p>
					</scopecontent>
				</c02>
			</c01>
			<c01 level="file">
				<did>
					<unittitle>Posters</unittitle>
					<unitdate type="inclusive" normal="1980/1985">early 1980s</unitdate>
					<unitid type="local_mss">3194963</unitid>
					<container type="box">35</container>
					<container type="folder">1</container>
				</did>
				<scopecontent>
					<p>For the New York City Ballet and Merrill Ashley and Dancers.</p>
				</scopecontent>
			</c01>
			<c01 level="file">
				<did>
					<unittitle>Artifacts</unittitle>
					<unitid type="local_mss">3194964</unitid>
				</did>
				<c02 level="file">
					<did>
						<unittitle>Illustration</unittitle>
						<unitdate type="inclusive" normal="1984">1984</unitdate>
						<unitid type="local_mss">3194965</unitid>
						<note>
							<p>See also the book in box 39.</p>
						</note>
						<container type="box">36</container>
					</did>
					<scopecontent>
						<p>An original drawing of Ashley by Jane Rosenberg published in the book <title>Dance Me A Story</title>, for
							which Ashley also wrote the introduction.</p>
					</scopecontent>
				</c02>
				<c02 level="file">
					<did>
						<unittitle>Ballet Shoes</unittitle>
						<unitid type="local_mss">3194966</unitid>
					</did>
					<c03 level="file">
						<did>
							<unitdate type="inclusive" normal="1950/1959">1950s</unitdate>
							<unitid type="local_mss">3194967</unitid>
							<container type="box">37</container>
						</did>
						<scopecontent>
							<p>Two pairs of Ashley's earliest pointe shoes.</p>
						</scopecontent>
					</c03>
					<c03 level="file">
						<did>
							<unitdate type="inclusive" normal="1980/1999">1980s-1990s</unitdate>
							<unitid type="local_mss">3194968</unitid>
							<container type="box">38</container>
						</did>
						<scopecontent>
							<p>Five pairs of shoes and three single shoes, all autographed.</p>
						</scopecontent>
					</c03>
				</c02>
				<c02 level="file">
					<did>
						<unittitle>Souvenirs</unittitle>
						<unitdate type="inclusive" normal="1997">1997</unitdate>
						<unitid type="local_mss">3194969</unitid>
						<container type="box">34</container>
						<container type="folder">4</container>
					</did>
					<scopecontent>
						<p>Contains cards distributed at Ashley's retirement gala, and a button with a photo of Ashley.</p>
					</scopecontent>
				</c02>
			</c01>
			<c01 level="file">
				<did>
					<unittitle>Books</unittitle>
					<unitdate type="inclusive" normal="1983/1984">1983-1984</unitdate>
					<unitid type="local_mss">3194970</unitid>
					<container type="box">39</container>
				</did>
			</c01>
			<c01 level="series">
				<did>
					<unittitle>Sound and Video Recordings</unittitle>
					<unitdate type="inclusive" normal="1970/2010">1970-2010</unitdate>
					<unitid type="local_mss">3194852</unitid>
				</did>
				<accessrestrict>
					<p>Inquiries regarding audio and moving image materials in the collection may be directed to the Jerome Robbins
						Dance Division (dance@nypl.org). Audio and moving image materials will be subject to preservation assessment and
						migration prior to access.</p>
				</accessrestrict>
			</c01>
		</dsc>
	</archdesc>
</ead>
