<?xml version="1.0" encoding="UTF-8"?>
<ead xmlns="urn:isbn:1-931666-22-9" xmlns:xsi="http://www.w3.org/2001/XMLSchema-instance" xmlns:xlink="http://www.w3.org/1999/xlink" xsi:schemaLocation="urn:isbn:1-931666-22-9 http://www.loc.gov/ead/ead.xsd">
  <eadheader countryencoding="iso3166-1" dateencoding="iso8601" langencoding="iso639-2b" repositoryencoding="iso15511" relatedencoding="marc" scriptencoding="iso8601"><eadid countrycode="US" mainagencycode="US-NN" url="http://archives.nypl.org/mss/24672.xml">mss24672.xml</eadid><filedesc><titlestmt><titleproper>Guide to the Rafael Sala papers relating to the America's Making exposition, <date>1920-1921</date></titleproper></titlestmt><publicationstmt><publisher>The New York Public Library. Manuscripts and Archives Division.</publisher><address><addressline>Stephen A. Schwarzman Building</addressline><addressline>Fifth Avenue at 42nd Street, New York, NY 10018-2788</addressline></address></publicationstmt></filedesc><profiledesc><creation>EAD generated by archives.nypl.org on <date normal="2019-12-10">December 10, 2019</date></creation><langusage><language langcode="eng">English</language></langusage></profiledesc></eadheader>
  
  <archdesc level="collection"><did><unittitle>Rafael Sala papers relating to the America's Making exposition</unittitle><unitdate type="inclusive" normal="1920/1921">1920-1921</unitdate><unitid type="local_mss">24672</unitid><unitid type="local_call">MssCol 24672</unitid><origination><persname role="cre" source="naf" authfilenumber="http://id.loc.gov/authorities/names/nr2007008931">Sala, Rafael, 1891-1927</persname></origination><repository><corpname>The New York Public Library. Manuscripts and Archives Division.</corpname><address><addressline>Stephen A. Schwarzman Building</addressline><addressline>Fifth Avenue at 42nd Street, New York, NY 10018-2788</addressline></address></repository><physdesc><extent unit="containers">1 box</extent><extent unit="linear_feet">.21 linear feet</extent></physdesc><abstract>Rafael Sala (1891-1927) of Cataluña was a Spanish painter associated with various modern art movements of the early 20th century. He lived in New York City from 1919 to 1923. America's Making was an exposition held at the 71st Regiment Armory in New York City from October 29 to November 12, 1921. Its purpose was to present three centuries of immigrant contributions to the nation through educational exhibitions and pageantry. The Rafael Sala papers relating to the America's Making exposition, 1920-1921, consist of typescript correspondence, reference files, and printed matter regarding his participation as chairman of the Hispanic Section's Committee on Exhibits. Correspondents include John H. Finley, William Laurel Harris, H.C. Heaton, John Musser, and Lawrence A. Wilkins. Sala's reference files, 1920-1921, bound with metal clips, contain typescript memoranda prepared by America's Making, Inc. and the Hispanic Section outlining Hispanic contributions to the nation to guide their own work, with mention of exhibit and pageantry plans. Similar collected memoranda, two addressed to him as committee chair, are grouped under the file title "America's Making Suggestions." A pamphlet and copies of a flyer issued by America's Making, Inc. are also included.</abstract><langmaterial>English</langmaterial><langmaterial>Materials are in English and Spanish.</langmaterial></did><bioghist><p>Rafael Sala (1891-1927) of Cataluña was a Spanish painter associated with various modern art movements of the early 20th century. He lived in New York City from 1919 to 1923. Sala chaired the Hispanic Section's Committee on Exhibits in the America's Making exposition of 1921.</p> <p>In 1923 Sala had a solo exhibition in New York City and married the writer Monna Alfau. Shortly after the wedding they sailed for Mexico, where he resided until his death at a clinic in Pasadena, California. Sala is also known for his published study of Mexican "marcos de fuego," branded ownership marks on books in colonial libraries, having worked as a bibliographer as well as a painter in Mexico.</p> <p>America's Making was an exposition held at the 71st Regiment Armory in New York City from October 29 to November 12, 1921. Its purpose was to present three centuries of immigrant contributions to the nation through educational exhibitions and pageantry. Immigrant groups were classified as racial groups, and included African-Americans. The exposition was formed under the auspices of the New York State and New York City Departments of Education, and carried out by voluntary committees for each group under the organization America's Making, Inc. Its president was John Huston Finley (1863-1940), an educator, editor, author and civic leader.</p> <p>Participating ethnic groups, called racial and lineage groups in the exposition, were usually led by prominent persons backed by executive and working committees. During the organizational period for the Hispanic immigrant group (later Americans of Hispanic Lineage), officers of the Hispanic Division were distinct from the executive committee members of the Hispanic Section, who headed various committees (such as Exhibits, Pageantry, etc.) to carry out plans. Rafael Sala was Chair of the Hispanic Section's Committee on Exhibits and thus a member of the Section's Executive Committee. As the date of the event approached, the term "Hispanic Section" was generally used by all concerned to refer to the Hispanic group's organization as a whole. In the case of Americans of Hispanic Lineage, the working committees are not listed in the commemorative publication <title>The Book of America's Making Exposition</title> (1921). Under the Lineage group's leaders (two of whom had appeared as officers on Hispanic Division letterhead) a single committee is listed, including Rafael Sala. The leaders and committee members together are identical to the members of the "Comite Organizadora" identified in "Contribuciones Hispánicas…," a typescript memorandum prepared on the eve of the exposition by the Hispanic Section, containing an urgent plea for funds.</p></bioghist><scopecontent><p>The Rafael Sala papers relating to the America's Making exposition, 1920-1921, consist of typescript correspondence, reference files, and printed matter regarding his participation in the exposition as chairman of the Hispanic Section's Committee on Exhibits. Correspondents include John H. Finley, William Laurel Harris, H.C. Heaton, John Musser, and Lawrence A. Wilkins. Sala's reference files, bound with metal clips, contain typescript memoranda issued by America's Making, Inc. and the Hispanic Section outlining Hispanic contributions to the nation to guide their own work, with mention of exhibit and pageantry plans, 1920-1921. Similar collected memoranda, two addressed to him as committee chair, are grouped under the file title "America's Making Suggestions." A pamphlet and copies of a flyer issued by America's Making, Inc. are also included.</p> <p>Letters, 1921 March 30-September 13, express increasing concern over Sala's missed meetings and the delay in presenting operational plans. Section chairman H.C. Heaton's letter of September 13th, however, notes that the Hispanic Section had no funding to carry out plans submitted by its committees on Exhibits and Pageantry. The crisis was somehow resolved as Hispanic immigrants were represented in the exposition the following month.</p> <p>Letters and documents are in typescript or typescript copies, in English and in Spanish, the latter chiefly translations of English text. Some items bear Sala's notes as to the time and place of appointments; there are also draft responses to letters in English in a different hand. A lengthy letter from William Laurel Harris of the Art Center to Lawrence A. Wilkins dated 1921 May 4, suggests topics for the exhibitions, and potential contacts regarding art and artifacts. Letters include a meeting notice addressed to Monna Alfau, who married Sala in 1923.</p></scopecontent><prefercite><p>Rafael Sala papers relating to the America's Making exposition, Manuscripts and Archives Division, The New York Public Library</p></prefercite><acqinfo><p>Purchased from William Allen Word &amp; Image, 2018.</p></acqinfo><processinfo><p>Processed by <name>Susan P. Waide</name>, <date>2018</date></p></processinfo><controlaccess><persname role="crp" source="naf" authfilenumber="http://id.loc.gov/authorities/names/n88059291">Finley, John H. (John Huston), 1863-1940</persname><persname role="crp" source="local">Harris, William Laurel, 1870-1924</persname><persname role="crp" source="naf" authfilenumber="http://id.loc.gov/authorities/names/n87882305">Heaton, H. C. (Harry Clifton), 1885-1950</persname><persname role="crp" source="local">Musser, John, 1889-1949</persname><persname role="subject" source="naf" authfilenumber="http://id.loc.gov/authorities/names/nr2007008931">Sala, Rafael, 1891-1927</persname><persname role="crp" source="naf" authfilenumber="http://id.loc.gov/authorities/names/no95060392">Wilkins, Lawrence A. (Lawrence Augustus), 1878-</persname><corpname role="subject" source="local">America's Making (Exposition) (1921 : New York, N.Y.)</corpname><corpname role="cre" source="local">America's Making, Inc.</corpname><corpname role="cre" source="local">America's Making, Inc. Hispanic Section</corpname><subject source="lcsh">Acculturation -- United States -- Exhibitions</subject><subject source="lcsh">Exhibitions -- New York (State) -- New York</subject><subject source="lcsh">Hispanic Americans</subject><subject source="lcsh">Immigrants -- United States -- Exhibitions</subject><genreform source="aat" authfilenumber="http://id.loc.gov/authorities/names/300404588">Printed materials (object genre)</genreform><occupation source="itoamc">Artists.</occupation><occupation source="itoamc">Educators.</occupation></controlaccess></archdesc>
</ead>
