<?xml version="1.0" encoding="UTF-8"?>
<ead xmlns="urn:isbn:1-931666-22-9" xmlns:xsi="http://www.w3.org/2001/XMLSchema-instance" xmlns:xlink="http://www.w3.org/1999/xlink" xsi:schemaLocation="urn:isbn:1-931666-22-9 http://www.loc.gov/ead/ead.xsd">
  <eadheader countryencoding="iso3166-1" dateencoding="iso8601" langencoding="iso639-2b" repositoryencoding="iso15511" relatedencoding="marc" scriptencoding="iso8601"><eadid countrycode="US" mainagencycode="US-NN" url="http://archives.nypl.org/the/24680.xml">the24680.xml</eadid><filedesc><titlestmt><titleproper>Guide to the Biff Liff papers, <date>1906-2014</date></titleproper></titlestmt><publicationstmt><publisher>The New York Public Library. Billy Rose Theatre Division.</publisher><address><addressline>New York Public Library for the Performing Arts, Dorothy and Lewis B. Cullman Center</addressline><addressline>40 Lincoln Center Plaza, New York, NY 10023-7498</addressline></address></publicationstmt></filedesc><profiledesc><creation>EAD generated by archives.nypl.org on <date normal="2019-12-10">December 10, 2019</date></creation><langusage><language langcode="eng">English</language></langusage></profiledesc></eadheader>
  
  <archdesc level="collection"><did><unittitle>Biff Liff papers</unittitle><unitdate type="inclusive" normal="1906/2014">1906-2014</unitdate><unitid type="local_mss">24680</unitid><unitid type="local_call">*T-Mss 2018-007</unitid><unitid type="local_b">b21769346</unitid><origination><persname source="local">Liff, Biff</persname></origination><repository><corpname>The New York Public Library. Billy Rose Theatre Division.</corpname><address><addressline>New York Public Library for the Performing Arts, Dorothy and Lewis B. Cullman Center</addressline><addressline>40 Lincoln Center Plaza, New York, NY 10023-7498</addressline></address></repository><physdesc><extent unit="containers">11 containers, 4 tubes, 1 folder</extent><extent unit="linear_feet">6.05 linear feet</extent></physdesc><abstract>Samuel "Biff" Liff (1919-2015) was a stage manager and agent. The Biff Liff papers mainly documents his career as a stage manager for productions in New York City and notably the international production of <title>My Fair Lady</title>. The files hold scripts, photographs, and printed matter.</abstract><langmaterial>English</langmaterial></did><bioghist><p>Biff Liff (1919-2015) was a theatrical stage manager and agent. Known as Biff (birth name Samuel, born in Boston). He was the son of Rose and Morris Liff, a restauranteur. Liff graduated from the Carnegie Institute of Technology (now Carnegie Mellon University) with a bachelor's degree in theater.</p> <p>After serving as an Army officer during WWII, Liff began his career as a stage manager for the production <title>Along Fifth Avenue</title> in New York City. Over the course of his career, Liff managed numerous shows including <title>Gentlemen Prefer Blondes</title> starring Carol Channing. He also worked on many productions for David Merrick, notably <title>My Fair Lady</title>. In the 1970's, Liff became head of the Theatre Department of the William Morris Agency where he represented Julie Andrews, Angela Lansbury, Agnes De Mille, and Jerry Herman among others. Liff received a 2006 Tony honor for Excellence in Theater. Upon his death, the marquees of Broadway were dimmed for one minute.</p> <p>He was survived by his wife Lisette Liff.</p></bioghist><scopecontent><p>The Biff Liff papers, dated 1906-2014, document the career of Biff Liff (1919-2015), a stage manager for theatrical productions.</p> <p>The collection features calling scripts (recording all the cues and staging information) for the productions, most prominently <title>My Fair Lady</title> along with photographs, lighting and scenic designs, and a live recording of <title>My Fair Lady</title>.</p> <p>Related material includes photographs (including pictures and letters from Pearl Bailey), historical playbills; posters, reviews, lyrics, technical designs and media.</p> <p>The media originals also include several interviews of Liff with Peter Webb reminiscing about <title>My Fair Lady</title>.</p></scopecontent><prefercite><p>Biff Liff papers, *T-Mss 2018-007. Billy Rose Theatre Division, The New York Public Library for the Performing Arts</p></prefercite><acqinfo><p>The collection was donated by Lisette Liff, 2018.</p></acqinfo><processinfo><p>Processed by Valerie Wingfield, 2019.</p></processinfo><accessrestrict><p>Some collections held by the Dance, Music, Recorded Sound, and Theatre Divisions at the New York Public Library for the Performing Arts are held off-site and must be requested in advance. Please check the collection records in <extref xlink:href="http://catalog.nypl.org/record=LPA_BNUMBER" xlink:type="simple" xlink:actuate="onRequest">the NYPL's online catalog</extref> for detailed location information. For general guidance about requesting offsite materials, please consult: <extref xlink:href="https://www.nypl.org/about/locations/lpa/requesting-archival-materials" xlink:type="simple" xlink:actuate="onRequest">https://www.nypl.org/about/locations/lpa/requesting-archival-materials</extref></p><p>Audio and video recordings are unavailable pending digitization.</p></accessrestrict><controlaccess><persname source="local">Liff, Biff</persname><persname role="subject" source="naf" authfilenumber="http://id.loc.gov/authorities/names/n50047986">Loewe, Frederick, 1901-1988 -- My fair lady</persname><subject source="lcsh">Stage managers -- United States</subject><subject source="lcsh">Theater -- New York (State) -- New York</subject><subject source="lcsh">Theater -- United States -- History -- 20th century</subject><subject source="lcsh">Theatrical agents -- United States</subject><subject source="lcsh">Theatrical productions -- New York (State) -- New York</subject><genreform source="aat" authfilenumber="http://id.loc.gov/authorities/names/300046300">Photographs</genreform><genreform source="aat" authfilenumber="http://id.loc.gov/authorities/names/300027221">Posters</genreform><genreform source="aat" authfilenumber="http://id.loc.gov/authorities/names/300026488">Prompt books</genreform><genreform source="aat" authfilenumber="http://id.loc.gov/authorities/names/300026487">Scripts (documents)</genreform><genreform source="aat" authfilenumber="http://id.loc.gov/authorities/names/300028633">Sound recordings</genreform><genreform source="local">Video recordings</genreform></controlaccess><dsc><c01 level="file"><did><unittitle>Scripts</unittitle><unitdate type="inclusive" normal="1946/1966">1946-1966</unitdate><unitid type="local_mss">3150353</unitid><note><p>The scripts are arranged by the title of production.</p></note></did><c02 level="file"><did><unittitle><title>Bravo Giovanni</title></unittitle><unitdate type="inclusive" normal="1962">1962</unitdate><unitid type="local_mss">3149338</unitid><container type="box">1</container><container type="folder">1-3</container></did></c02><c02 level="file"><did><unittitle><title>Breakfast At Tiffany's</title></unittitle><unitdate type="inclusive" normal="1966">1966</unitdate><unitid type="local_mss">3151234</unitid><container type="box">1</container><container type="folder">4</container></did></c02><c02 level="file"><did><unittitle><title>By The Beautiful Sea</title></unittitle><unitdate type="inclusive" normal="1954">1954</unitdate><unitid type="local_mss">3149340</unitid><container type="box">1</container><container type="folder">5</container></did></c02><c02 level="file"><did><unittitle><title>The Girl Who Came To Supper</title></unittitle><unitdate type="inclusive" normal="1963">1963</unitdate><unitid type="local_mss">3149341</unitid><container type="box">1</container><container type="folder">6</container></did></c02><c02 level="file"><did><unittitle><title>Here's To You</title></unittitle><unitid type="local_mss">3149350</unitid><container type="box">1</container><container type="folder">7-9</container></did></c02><c02 level="file"><did><unittitle><title>The Matchmaker</title></unittitle><unitdate type="inclusive" normal="1955">1955</unitdate><unitid type="local_mss">3149367</unitid><container type="box">2</container><container type="folder">1-2</container></did></c02><c02 level="file"><did><unittitle><title>My Darlin' Aida</title></unittitle><unitdate type="inclusive" normal="1952">1952</unitdate><unitid type="local_mss">3149370</unitid><container type="box">2</container><container type="folder">3-4</container></did></c02><c02 level="file"><did><unittitle><title>My Fair Lady</title></unittitle><unitdate type="inclusive" normal="1961/1963">1961-1963</unitdate><unitid type="local_mss">3150401</unitid><container type="box">2</container><container type="folder">5-13</container><container type="box">3</container><container type="folder">1-2</container></did></c02><c02 level="file"><did><unittitle><title>Oliver!</title></unittitle><unitdate type="inclusive" normal="1965">1965</unitdate><unitid type="local_mss">3149381</unitid><container type="box">3</container><container type="folder">3</container></did></c02><c02 level="file"><did><unittitle><title>Promises, Promises</title></unittitle><unitdate type="inclusive" normal="1968">1968</unitdate><unitid type="local_mss">3149382</unitid><container type="box">3</container><container type="folder">4</container></did></c02><c02 level="file"><did><unittitle><title>Rosencrantz And Guildenstern Are Dead</title></unittitle><unitdate type="inclusive" normal="1966">1966</unitdate><unitid type="local_mss">3149849</unitid><container type="box">3</container><container type="folder">5</container></did></c02><c02 level="file"><did><unittitle>Tamiment Playhouse</unittitle><unitdate type="inclusive" normal="1946">1946</unitdate><unitdate type="inclusive" normal="1948">1948</unitdate><unitid type="local_mss">3149850</unitid><container type="box">3</container><container type="folder">7-8</container></did></c02><c02 level="file"><did><unittitle>Outlines For Productions</unittitle><unitid type="local_mss">3149826</unitid><container type="box">3</container><container type="folder">9</container></did></c02></c01><c01 level="file"><did><unittitle>Photographs</unittitle><unitdate type="inclusive" normal="1946/1969">1946-1960s</unitdate><unitid type="local_mss">3149531</unitid></did><c02 level="file"><did><unittitle>Productions</unittitle><unitid type="local_mss">3149389</unitid></did><c03 level="file"><did><unittitle><title>Gentlemen Prefer Blondes</title></unittitle><unitdate type="inclusive" normal="1949">1949</unitdate><unitid type="local_mss">3149391</unitid><container type="box">4</container><container type="folder">1</container></did></c03><c03 level="file"><did><unittitle><title>The Little Hut</title></unittitle><unitdate type="inclusive" normal="1953">1953</unitdate><unitid type="local_mss">3149513</unitid><container type="box">4</container><container type="folder">2</container></did></c03><c03 level="file"><did><unittitle><title>My Darlin' Aida</title></unittitle><unitdate type="inclusive" normal="1952">1952</unitdate><unitid type="local_mss">3151261</unitid><container type="box">4</container><container type="folder">3</container></did></c03><c03 level="file"><did><unittitle><title>My Fair Lady</title></unittitle><unitdate type="inclusive" normal="1960/1969">1960s</unitdate><unitid type="local_mss">3149984</unitid><container type="box">4</container><container type="folder">4-8</container><container type="box">5</container><container type="folder">1-2</container></did><scopecontent><p>Folder 8 hold slides.</p></scopecontent></c03><c03 level="file"><did><unittitle><title>Nina</title></unittitle><unitdate type="inclusive" normal="1951">1951</unitdate><unitid type="local_mss">3150405</unitid><container type="box">4</container><container type="folder">9</container></did></c03><c03 level="file"><did><unittitle><title>A Night In Venice</title></unittitle><unitdate type="inclusive" normal="1953">1953</unitdate><unitid type="local_mss">3149518</unitid><container type="box">4</container><container type="folder">10-13</container></did></c03><c03 level="file"><did><unittitle><title>Water Circus</title></unittitle><unitdate type="inclusive" normal="1952">1952</unitdate><unitid type="local_mss">3150407</unitid><container type="box">4</container><container type="folder">14</container></did></c03></c02><c02 level="file"><did><unittitle>Liff, Biff</unittitle><unitdate type="inclusive" normal="1946/1969">1946-1960s</unitdate><unitid type="local_mss">3150349</unitid><container type="box">4</container><container type="folder">15-21</container><container type="box">5</container><container type="folder">3</container></did></c02><c02 level="file"><did><unittitle>Assorted Images</unittitle><unitid type="local_mss">3149864</unitid><container type="box">4</container><container type="folder">22</container><container type="box">5</container><container type="folder">4</container></did></c02><c02 level="file"><did><unittitle>Bailey, Pearl</unittitle><unitdate type="inclusive" normal="1970/1976">1970-1976</unitdate><unitid type="local_mss">3149526</unitid><note><p>Album</p></note><container type="box">5</container></did></c02></c01><c01 level="file"><did><unittitle>Printed Matter</unittitle><unitdate type="inclusive" normal="1906/1996">1906-1996</unitdate><unitid type="local_mss">3149726</unitid><note><p>The Printed Matter is arranged by type.</p></note></did><c02 level="file"><did><unittitle>Playbills</unittitle><unitdate type="inclusive" normal="1906/1996">1906-1996</unitdate><unitid type="local_mss">3149660</unitid></did><c03 level="file"><did><unittitle><title>As You Like It</title></unittitle><unitdate type="inclusive" normal="1910">1910</unitdate><unitid type="local_mss">3149540</unitid><container type="box">6</container><container type="folder">1</container></did></c03><c03 level="file"><did><unittitle><title>Bravo Giovanni</title></unittitle><unitdate type="inclusive" normal="1962">1962</unitdate><unitid type="local_mss">3149541</unitid><container type="box">6</container><container type="folder">2</container></did></c03><c03 level="file"><did><unittitle><title>By The Beautiful Sea</title></unittitle><unitdate type="inclusive" normal="1954">1954</unitdate><unitid type="local_mss">3149542</unitid><container type="box">6</container><container type="folder">3-4</container></did></c03><c03 level="file"><did><unittitle><title>The Champion</title></unittitle><unitdate type="inclusive" normal="1921">1921</unitdate><unitid type="local_mss">3149543</unitid><container type="box">6</container><container type="folder">5</container></did></c03><c03 level="file"><did><unittitle><title>Chantecler</title></unittitle><unitdate type="inclusive" normal="1910">1910</unitdate><unitid type="local_mss">3149549</unitid><container type="box">6</container><container type="folder">6</container></did></c03><c03 level="file"><did><unittitle><title>A Chorus Line</title></unittitle><unitdate type="inclusive" normal="1975">1975</unitdate><unitid type="local_mss">3149553</unitid><container type="box">6</container><container type="folder">7</container></did></c03><c03 level="file"><did><unittitle><title>Clarice</title></unittitle><unitdate type="inclusive" normal="1906">1906</unitdate><unitid type="local_mss">3149554</unitid><container type="box">6</container><container type="folder">8</container></did></c03><c03 level="file"><did><unittitle><title>Disraeli</title></unittitle><unitdate type="inclusive" normal="1912">1912</unitdate><unitid type="local_mss">3149555</unitid><container type="box">6</container><container type="folder">9</container></did></c03><c03 level="file"><did><unittitle><title>Dreyfus In Rehearsal</title></unittitle><unitdate type="inclusive" normal="1974">1974</unitdate><unitid type="local_mss">3149557</unitid><container type="box">6</container><container type="folder">10</container></did></c03><c03 level="file"><did><unittitle><title>Gentlemen Prefer Blondes</title></unittitle><unitdate type="inclusive" normal="1949">1949</unitdate><unitid type="local_mss">3149560</unitid><container type="box">6</container><container type="folder">11</container></did></c03><c03 level="file"><did><unittitle><title>The Girl Who Came To Supper</title></unittitle><unitdate type="inclusive" normal="1963">1963</unitdate><unitid type="local_mss">3149566</unitid><container type="box">6</container><container type="folder">12</container></did></c03><c03 level="file"><did><unittitle><title>Hello Dolly!</title></unittitle><unitdate type="inclusive" normal="1967">1967</unitdate><unitid type="local_mss">3149568</unitid><container type="box">6</container><container type="folder">13-14</container></did></c03><c03 level="file"><did><unittitle><title>Here's To You</title></unittitle><unitdate type="inclusive" normal="1940/1949">1940s</unitdate><unitid type="local_mss">3150410</unitid><container type="box">6</container><container type="folder">15</container></did></c03><c03 level="file"><did><unittitle><title>I Was Dancing</title></unittitle><unitdate type="inclusive" normal="1964">1964</unitdate><unitid type="local_mss">3149573</unitid><container type="box">6</container><container type="folder">16</container></did></c03><c03 level="file"><did><unittitle><title>Joseph And The Amazing Technicolor Dreamcoat</title></unittitle><unitdate type="inclusive" normal="1976">1976</unitdate><unitid type="local_mss">3149574</unitid><container type="box">6</container><container type="folder">17</container></did></c03><c03 level="file"><did><unittitle><title>Jule's Friends At The Palace</title></unittitle><unitdate type="inclusive" normal="1974">1974</unitdate><unitid type="local_mss">3149575</unitid><container type="box">6</container><container type="folder">18</container></did></c03><c03 level="file"><did><unittitle><title>Kismet</title></unittitle><unitdate type="inclusive" normal="1912">1912</unitdate><unitid type="local_mss">3149576</unitid><container type="box">6</container><container type="folder">19</container></did></c03><c03 level="file"><did><unittitle><title>The Lady Of Dreams</title></unittitle><unitdate type="inclusive" normal="1912">1912</unitdate><unitid type="local_mss">3149577</unitid><container type="box">6</container><container type="folder">20</container></did></c03><c03 level="file"><did><unittitle><title>The Lion And The Mouse</title></unittitle><unitdate type="inclusive" normal="1906">1906</unitdate><unitid type="local_mss">3149579</unitid><container type="box">6</container><container type="folder">21</container></did></c03><c03 level="file"><did><unittitle><title>The Little Hut</title></unittitle><unitdate type="inclusive" normal="1953">1953</unitdate><unitid type="local_mss">3149581</unitid><container type="box">6</container><container type="folder">22</container></did></c03><c03 level="file"><did><unittitle><title>Lorelei</title></unittitle><unitdate type="inclusive" normal="1974">1974</unitdate><unitid type="local_mss">3149584</unitid><container type="box">6</container><container type="folder">23</container></did></c03><c03 level="file"><did><unittitle><title>Loyalties</title></unittitle><unitdate type="inclusive" normal="1922">1922</unitdate><unitid type="local_mss">3149586</unitid><container type="box">6</container><container type="folder">24</container></did></c03><c03 level="file"><did><unittitle><title>Madam Butterfly</title></unittitle><unitdate type="inclusive" normal="1907">1907</unitdate><unitid type="local_mss">3149587</unitid><container type="box">6</container><container type="folder">25</container></did></c03><c03 level="file"><did><unittitle><title>A Man About Town</title></unittitle><unitdate type="inclusive" normal="1921">1921</unitdate><unitid type="local_mss">3149588</unitid><container type="box">6</container><container type="folder">26</container></did></c03><c03 level="file"><did><unittitle><title>The Man Who Came To Diner</title></unittitle><unitdate type="inclusive" normal="1941">1941</unitdate><unitid type="local_mss">3149589</unitid><container type="box">6</container><container type="folder">27</container></did></c03><c03 level="file"><did><unittitle><title>Mata Hari</title></unittitle><unitdate type="inclusive" normal="1967">1967</unitdate><unitid type="local_mss">3149592</unitid><container type="box">6</container><container type="folder">28</container></did></c03><c03 level="file"><did><unittitle><title>The Matchmaker</title></unittitle><unitdate type="inclusive" normal="1955">1955</unitdate><unitid type="local_mss">3149593</unitid><container type="box">6</container><container type="folder">29</container></did></c03><c03 level="file"><did><unittitle><title>The Merry Widow</title></unittitle><unitdate type="inclusive" normal="1907">1907</unitdate><unitid type="local_mss">3149594</unitid><container type="box">6</container><container type="folder">30</container></did></c03><c03 level="file"><did><unittitle><title>Mr. And Mrs. Coburn</title></unittitle><unitdate type="inclusive" normal="1919">1919</unitdate><unitid type="local_mss">3149598</unitid><container type="box">6</container><container type="folder">31</container></did></c03><c03 level="file"><did><unittitle><title>Moby Dick</title></unittitle><unitdate type="inclusive" normal="1962/1964">1962-1964</unitdate><unitid type="local_mss">3149600</unitid><container type="box">6</container><container type="folder">32-34</container></did></c03><c03 level="file"><did><unittitle><title>Modern Vaudeville</title></unittitle><unitdate type="inclusive" normal="1911">1911</unitdate><unitid type="local_mss">3149601</unitid><container type="box">6</container><container type="folder">35</container></did></c03><c03 level="file"><did><unittitle><title>My Fair Lady</title></unittitle><unitdate type="inclusive" normal="1957/1964">1957-1964</unitdate><unitid type="local_mss">3149622</unitid><container type="box">7</container><container type="folder">1-6</container></did></c03><c03 level="file"><did><unittitle><title>A Night In Venice</title></unittitle><unitdate type="inclusive" normal="1953">1953</unitdate><unitid type="local_mss">3149623</unitid><container type="box">7</container><container type="folder">7</container></did></c03><c03 level="file"><did><unittitle><title>Nina</title></unittitle><unitdate type="inclusive" normal="1951">1951</unitdate><unitid type="local_mss">3149624</unitid><container type="box">7</container><container type="folder">8</container></did></c03><c03 level="file"><did><unittitle><title>Oh What A Lovely War</title></unittitle><unitdate type="inclusive" normal="1964">1964</unitdate><unitid type="local_mss">3149626</unitid><container type="box">7</container><container type="folder">9</container></did></c03><c03 level="file"><did><unittitle><title>Oliver!</title></unittitle><unitdate type="inclusive" normal="1965">1965</unitdate><unitid type="local_mss">3149629</unitid><container type="box">7</container><container type="folder">10</container></did></c03><c03 level="file"><did><unittitle><title>110 In The Shade</title></unittitle><unitdate type="inclusive" normal="1964">1964</unitdate><unitid type="local_mss">3149631</unitid><container type="box">7</container><container type="folder">11</container></did></c03><c03 level="file"><did><unittitle><title>Pickwick</title></unittitle><unitdate type="inclusive" normal="1965">1965</unitdate><unitid type="local_mss">3149632</unitid><container type="box">7</container><container type="folder">12</container></did></c03><c03 level="file"><did><unittitle><title>Promises Promises</title></unittitle><unitdate type="inclusive" normal="1968">1968</unitdate><unitid type="local_mss">3150390</unitid><container type="box">7</container><container type="folder">13-14</container></did></c03><c03 level="file"><did><unittitle><title>The Red Mill</title></unittitle><unitdate type="inclusive" normal="1906">1906</unitdate><unitid type="local_mss">3150391</unitid><container type="box">7</container><container type="folder">15</container></did></c03><c03 level="file"><did><unittitle><title>Richard III</title></unittitle><unitdate type="inclusive" normal="1926">1926</unitdate><unitid type="local_mss">3149638</unitid><container type="box">7</container><container type="folder">16</container></did></c03><c03 level="file"><did><unittitle><title>Rosencrantz And Guildenstern Are Dead</title></unittitle><unitdate type="inclusive" normal="1967">1967</unitdate><unitid type="local_mss">3149641</unitid><container type="box">7</container><container type="folder">17</container></did></c03><c03 level="file"><did><unittitle><title>A Severed Head</title></unittitle><unitdate type="inclusive" normal="1964">1964</unitdate><unitid type="local_mss">3150392</unitid><container type="box">7</container><container type="folder">18</container></did></c03><c03 level="file"><did><unittitle><title>Sherlock Holmes</title></unittitle><unitdate type="inclusive" normal="1911">1911</unitdate><unitid type="local_mss">3149643</unitid><container type="box">7</container><container type="folder">19</container></did></c03><c03 level="file"><did><unittitle><title>Sugar</title></unittitle><unitdate type="inclusive" normal="1972">1972</unitdate><unitid type="local_mss">3149648</unitid><container type="box">7</container><container type="folder">20</container></did></c03><c03 level="file"><did><unittitle><title>Theatrical Celebration</title></unittitle><unitdate type="inclusive" normal="1996">1996</unitdate><unitid type="local_mss">3149654</unitid><container type="box">7</container><container type="folder">21</container></did></c03><c03 level="file"><did><unittitle><title>Three Little Maids</title></unittitle><unitdate type="inclusive" normal="1913">1913</unitdate><unitid type="local_mss">3149655</unitid><container type="box">7</container><container type="folder">22</container></did></c03><c03 level="file"><did><unittitle><title>Tiger Rose</title></unittitle><unitdate type="inclusive" normal="1918">1918</unitdate><unitid type="local_mss">3149656</unitid><container type="box">7</container><container type="folder">23</container></did></c03><c03 level="file"><did><unittitle><title>We Have Always Lived In The Castle</title></unittitle><unitdate type="inclusive" normal="1967">1967</unitdate><unitid type="local_mss">3149657</unitid><container type="box">7</container><container type="folder">24</container></did></c03><c03 level="file"><did><unittitle>Assorted Playbills</unittitle><unitid type="local_mss">3149865</unitid><container type="box">7</container><container type="folder">25</container></did></c03></c02><c02 level="file"><did><unittitle>Reviews</unittitle><unitid type="local_mss">3149659</unitid></did><c03 level="file"><did><unittitle><title>Desire Under The Elms</title></unittitle><unitdate type="inclusive" normal="1962">1962</unitdate><unitid type="local_mss">3149661</unitid><container type="box">8</container><container type="folder">1</container></did></c03><c03 level="file"><did><unittitle><title>Don't Drink Water</title></unittitle><unitdate type="inclusive" normal="1966">1966</unitdate><unitid type="local_mss">3149662</unitid><container type="box">8</container><container type="folder">2</container></did></c03><c03 level="file"><did><unittitle><title>The Loves Of Cass McGuire</title></unittitle><unitdate type="inclusive" normal="1966">1966</unitdate><unitid type="local_mss">3149663</unitid><container type="box">8</container><container type="folder">3</container></did></c03><c03 level="file"><did><unittitle><title>The Matchmaker</title></unittitle><unitdate type="inclusive" normal="1955">1955</unitdate><unitid type="local_mss">3149664</unitid><container type="box">8</container><container type="folder">4</container></did></c03><c03 level="file"><did><unittitle><title>Moby Dick</title></unittitle><unitdate type="inclusive" normal="1962">1962</unitdate><unitid type="local_mss">3149665</unitid><container type="box">8</container><container type="folder">5-9</container></did></c03><c03 level="file"><did><unittitle><title>My Fair Lady</title></unittitle><unitdate type="inclusive" normal="1968">1968</unitdate><unitid type="local_mss">3149666</unitid><container type="box">8</container><container type="folder">10</container></did></c03><c03 level="file"><did><unittitle><title>Oh What A Lovely War</title></unittitle><unitdate type="inclusive" normal="1964">1964</unitdate><unitid type="local_mss">3149686</unitid><container type="box">8</container><container type="folder">11</container></did></c03><c03 level="file"><did><unittitle><title>Pickwick</title></unittitle><unitdate type="inclusive" normal="1965">1965</unitdate><unitid type="local_mss">3149688</unitid><container type="box">8</container><container type="folder">12</container></did></c03><c03 level="file"><did><unittitle><title>Rosencrantz And Guildenstern Are Dead</title></unittitle><unitdate type="inclusive" normal="1967">1967</unitdate><unitid type="local_mss">3149689</unitid><container type="box">8</container><container type="folder">13</container></did></c03><c03 level="file"><did><unittitle><title>A Severed Head</title></unittitle><unitdate type="inclusive" normal="1964">1964</unitdate><unitid type="local_mss">3149690</unitid><container type="box">8</container><container type="folder">14</container></did></c03><c03 level="file"><did><unittitle><title>We Have Always Lived In The Castle</title></unittitle><unitid type="local_mss">3149692</unitid><container type="box">8</container><container type="folder">15</container></did></c03></c02><c02 level="file"><did><unittitle>Interviews With Biff Liff</unittitle><unitid type="local_mss">3151235</unitid><container type="box">8</container><container type="folder">16</container></did></c02><c02 level="file"><did><unittitle><title>American National Theatre And Academy Album</title></unittitle><unitdate type="inclusive" normal="1950/1951">1950-1951</unitdate><unitid type="local_mss">3149852</unitid><container type="box">8</container><container type="folder">17-18</container></did></c02><c02 level="file"><did><unittitle><title>Hippodrome</title></unittitle><unitdate type="inclusive" normal="1917">1917</unitdate><unitid type="local_mss">3149711</unitid><container type="box">8</container><container type="folder">19</container></did></c02></c01><c01 level="file"><did><unittitle>Assorted Files</unittitle><unitid type="local_mss">3149824</unitid></did><c02 level="file"><did><unittitle>Actors Equity Association Contracts</unittitle><unitdate type="inclusive" normal="1950/1969">1950s-1960s</unitdate><unitid type="local_mss">3149725</unitid><container type="box">8</container><container type="folder">20</container></did></c02><c02 level="file"><did><unittitle>Television Arts And Sciences</unittitle><unitdate type="inclusive" normal="1987">1987</unitdate><unitid type="local_mss">3151236</unitid><note><p>Award.</p></note><container type="box">8</container><container type="folder">21</container></did></c02><c02 level="file"><did><unittitle>General Correspondence</unittitle><unitdate type="inclusive" normal="1960/1979">1960s-1970s</unitdate><unitid type="local_mss">3149738</unitid><container type="box">8</container><container type="folder">22</container></did></c02><c02 level="file"><did><unittitle><title>My Fair Lady</title> Cast Signed Tribute</unittitle><unitid type="local_mss">3149744</unitid><container type="box">8</container><container type="folder">23</container></did></c02><c02 level="file"><did><unittitle><title>My Fair Lady</title> Voice Parts</unittitle><unitid type="local_mss">3149764</unitid><container type="box">8</container><container type="folder">24-25</container></did></c02><c02 level="file"><did><unittitle>Assorted Historical Lyrics</unittitle><unitid type="local_mss">3149899</unitid></did><c03 level="file"><did><unittitle>Duncan Sisters in <title>Topsy and Eva</title></unittitle><unitdate type="inclusive" normal="1923">1923</unitdate><unitid type="local_mss">3149895</unitid><container type="oversize_folder">1</container></did></c03><c03 level="file"><did><unittitle><title>Freckles</title></unittitle><unitid type="local_mss">3149896</unitid><container type="oversize_folder">1</container></did></c03><c03 level="file"><did><unittitle><title>I've Got A Ring On My Finger</title></unittitle><unitdate type="inclusive" normal="1909">1909</unitdate><unitid type="local_mss">3149897</unitid><container type="oversize_folder">1</container></did></c03><c03 level="file"><did><unittitle><title>Ja Da</title></unittitle><unitdate type="inclusive" normal="1918">1918</unitdate><unitid type="local_mss">3149898</unitid><container type="oversize_folder">1</container></did></c03><c03 level="file"><did><unittitle><title>Pretty Baby</title></unittitle><unitid type="local_mss">3149894</unitid><container type="oversize_folder">1</container></did></c03><c03 level="file"><did><unittitle><title>Put Your Arms Around Me Honey</title></unittitle><unitdate type="inclusive" normal="1915">1915</unitdate><unitid type="local_mss">3149901</unitid><container type="oversize_folder">1</container></did></c03><c03 level="file"><did><unittitle><title>Three Wishes For Jane</title></unittitle><unitdate type="inclusive" normal="1952">1952</unitdate><unitid type="local_mss">3150431</unitid><container type="oversize_folder">1</container></did></c03></c02></c01><c01 level="file"><did><unittitle>Posters</unittitle><unitdate type="inclusive" normal="1953/1967">1953-1967</unitdate><unitid type="local_mss">3149870</unitid></did><c02 level="file"><did><unittitle><title> Breakfast At Tiffany's</title></unittitle><unitdate type="inclusive" normal="1966">1966</unitdate><unitid type="local_mss">3149828</unitid><note><p>Mary Tyler Moore and Richard Chamberlain.</p></note><container type="box">9</container><container type="folder">1</container></did></c02><c02 level="file"><did><unittitle><title>Lady Of The Camellias</title></unittitle><unitdate type="inclusive" normal="1963">1963</unitdate><unitid type="local_mss">3149830</unitid><container type="box">9</container><container type="folder">2</container></did></c02><c02 level="file"><did><unittitle><title>Mata Hari</title></unittitle><unitdate type="inclusive" normal="1967">1967</unitdate><unitid type="local_mss">3149831</unitid><container type="box">9</container><container type="folder">3</container></did></c02><c02 level="file"><did><unittitle><title>A Midsummer Night's Dream</title></unittitle><unitid type="local_mss">3151237</unitid><note><p>Royal Shakespeare Company</p></note><container type="tube">1</container></did></c02><c02 level="file"><did><unittitle><title>My Fair Lady</title></unittitle><unitdate type="inclusive" normal="1960/1969">1960s</unitdate><unitid type="local_mss">3149942</unitid><container type="box">9</container><container type="folder">4-5</container><container type="tube">1</container></did></c02><c02 level="file"><did><unittitle><title>A Night In Venice</title></unittitle><unitdate type="inclusive" normal="1953">1953</unitdate><unitid type="local_mss">3149838</unitid><container type="box">9</container><container type="folder">6</container></did></c02></c01><c01 level="file"><did><unittitle>Technical Designs And Sketches</unittitle><unitid type="local_mss">3149873</unitid></did><c02 level="file"><did><unittitle>Sketches</unittitle><unitid type="local_mss">3150434</unitid></did><c03 level="file"><did><unittitle>Lahr, Bert As King Lear</unittitle><unitid type="local_mss">3149876</unitid><container type="box">10</container><container type="folder">1</container></did></c03><c03 level="file"><did><unittitle><title>Rosencrantz and Guilderstern Are Dead</title></unittitle><unitid type="local_mss">3151238</unitid><container type="box">10</container><container type="folder">2-4</container></did></c03><c03 level="file"><did><unittitle>Various Productions</unittitle><unitid type="local_mss">3150443</unitid><container type="box">10</container><container type="folder">5-8</container></did></c03></c02><c02 level="file"><did><unittitle>Technical Designs For Productions</unittitle><unitid type="local_mss">3151240</unitid><note><p>Ground plans for the production Hello Dolly are located in tube 5.</p></note><container type="tube">2-5</container></did></c02></c01><c01 level="file"><did><unittitle>Audio and Moving Image</unittitle><unitid type="local_mss">3151242</unitid><note><p>The audio and moving images are unavailable pending digitization.</p></note></did></c01></dsc></archdesc>
</ead>
