<?xml version="1.0" encoding="UTF-8"?>
<ead xmlns="urn:isbn:1-931666-22-9" xmlns:xsi="http://www.w3.org/2001/XMLSchema-instance" xmlns:xlink="http://www.w3.org/1999/xlink" xsi:schemaLocation="urn:isbn:1-931666-22-9 http://www.loc.gov/ead/ead.xsd">
  <eadheader countryencoding="iso3166-1" dateencoding="iso8601" langencoding="iso639-2b" repositoryencoding="iso15511" relatedencoding="marc" scriptencoding="iso8601"><eadid countrycode="US" mainagencycode="US-NN" url="http://archives.nypl.org/mss/24818.xml">mss24818.xml</eadid><filedesc><titlestmt><titleproper>Guide to the Sarah Yardley Beers family papers, <date>1807-1983</date></titleproper></titlestmt><publicationstmt><publisher>The New York Public Library. Manuscripts and Archives Division.</publisher><address><addressline>Stephen A. Schwarzman Building</addressline><addressline>Fifth Avenue at 42nd Street, New York, NY 10018-2788</addressline></address></publicationstmt></filedesc><profiledesc><creation>EAD generated by archives.nypl.org on <date normal="2019-12-10">December 10, 2019</date></creation><langusage><language langcode="eng">English</language></langusage></profiledesc></eadheader>
  
  <archdesc level="collection"><did><unittitle>Sarah Yardley Beers family papers</unittitle><unitdate type="inclusive" normal="1807/1983">1807-1983</unitdate><unitid type="local_mss">24818</unitid><unitid type="local_b">b21746074</unitid><unitid type="local_call">MssCol 24818</unitid><origination><persname role="cre" source="local">Beers, Sarah Yardley, 1876-1946</persname></origination><repository><corpname>The New York Public Library. Manuscripts and Archives Division.</corpname><address><addressline>Stephen A. Schwarzman Building</addressline><addressline>Fifth Avenue at 42nd Street, New York, NY 10018-2788</addressline></address></repository><physdesc><extent unit="containers">2 boxes, 3 volumes, 1 oversize folder</extent><extent unit="linear_feet">1.35 linear feet</extent></physdesc><abstract>Sarah Yardley Beers (1876-1946) was the great-niece of abolitionist James Miller McKim (1810-1874) and his wife Sarah A. McKim (1813-1891). Born in North Carolina, Sarah McKim Yardley was the daughter of Ellen Mulvany (1843-1924) of Millersville, Pennsylvania and William Buckman Yardley (1848-1885) of Pennsylvania and Delaware. Her mother married Edwin Ruthven Armstrong in 1886. In 1904 Sarah McKim Yardley married businessman Louis Gilbert Beers (1862-1935). Sarah Yardley Beers, as she was known, was a member of the Daughters of the American Revolution and an officer of the Broad Seal Chapter of Trenton, New Jersey. The Sarah Yardley Beers family papers, 1807-1983, comprise her genealogical correspondence and research papers relating to her maternal ancestry, particularly the McKim, Miller and Mulvany families of Pennsylvania; her mother's school autograph album and photograph album; family photographs and certificates; clippings and ephemera; and a Bible containing Miller family data and her parents' wedding certificate. Also present is a small amount of genealogical correspondence of her son Yardley Beers, 1965 and 1983; an engraved portrait of Lucy McKim Garrison by Gustav Kruell, circa 1890s; and printed materials.</abstract><langmaterial>English</langmaterial></did><bioghist><p>Sarah Yardley Beers (1876-1946) was the great-niece of abolitionist James Miller McKim (1810-1874) and his wife Sarah A. McKim (1813-1891). Born in North Carolina on September 30, 1876, Sarah McKim Yardley was the daughter of Ellen Mulvany (1843-1924) of Millersville, Pennsylvania and William Buckman Yardley (1848-1885) of Pennsylvania and Delaware. Her mother married Edwin Ruthven Armstrong in 1886. In 1904 Sarah McKim Yardley married businessman Louis Gilbert Beers (1862-1935), associated for many years with the New Jersey Wire Cloth Company. Sarah Yardley Beers, as she was known, was a member of the Daughters of the American Revolution and an officer of the Broad Seal Chapter of Trenton, New Jersey. She died in Trenton on February 20, 1946.</p> <p>Yardley Beers, Ph.D. (1913-2005), the son of Sarah McKim Yardley and Louis G. Beers, was a scientist and author. Beers conducted research at M.I.T. during World War II, joining the faculty of the Physics Department at New York University after the war. He later worked at the National Bureau of Standards in Colorado. He and his wife Dorothy Sands Beers (1917-2015) were survived by two children, G. Jerome and Deborah.</p> <p>Sarah's mother, Ellen Mulvany Yardley Armstrong (1843-1924) was the daughter of Samuel P. Mulvany (1819-1858), a resident of Maryland, and Mary McKim (1822-1850) of Carlisle, Pennsylvania. They married in 1842. Daniel H. Mulvany, Esq. of Norristown, Pennsylvania was her uncle; Thomas and Mary Hitner Mulvany of Barren Hill, Montgomery County, Pennsylvania, were her grandparents. Mary McKim and her brother James Miller McKim numbered among the children of James McKim and Catherine Miller of Carlisle (married 1808; both died in 1831). James Miller McKim's children Lucy McKim (1842-1877) and the architect Charles Follen McKim (1847-1909) were thus Ellen's first cousins. Lucy McKim married Wendell P. Garrison (1840-1907), the son of abolitionist William Lloyd Garrison (1805-1879). Sarah Yardley Beers claimed her D.A.R. membership through the service of Catherine Miller's father Jeremiah Miller (died 1817). The father of Miller's son-in-law, a Northern Irish emigrant and farmer also named James McKim, served on the Pennsylvania frontier during the Revolution.</p> <p>Samuel P. Mulvany was buried at Barren Hill on July 25, 1858. After her father's death, Ellen Mulvany lived with various McKim, Miller and Mulvany relatives. She attended the Millersville State Normal School in Pennsylvania in the early 1860s, taught school, and married William Buckman Yardley on March 31, 1870. Their wedding took place at the James Miller McKim residence in Llewellyn Park, West Orange, New Jersey. In 1886 she married Edwin Ruthven Armstrong of Ireland (1846-1921), a Protestant Episcopal minister who retired from Trinity Church in Sharon Springs, New York. She signed her married name as Ellen M. Yardley and later Ellen M. Armstrong. Her middle initial M may refer to Mulvany rather than McKim; the name Mulvany is sometimes spelled Mulvaney in family records.</p> <p>John L. M. (John Linn McKim) Yardley (1882-1960), Sarah's brother, was an engineer. He held degrees from Princeton University and the University of Pennsylvania, and served as a captain in the U.S. Army during World War I. He married Euphemia Baggaley (1897-1949) and they had two sons, Ralph B. Yardley (1918-1995) and John Linn McKim Yardley, Jr. (1928-2016). He married, second, Margaret Daye Fell in 1951.</p></bioghist><scopecontent><p>The Sarah Yardley Beers family papers, 1807-1983, comprise her genealogical correspondence and research papers relating to her maternal ancestry, particularly the McKim, Miller and Mulvany families of Pennsylvania; her mother's school autograph album and photograph album; family photographs and certificates; clippings and ephemera; and a Bible containing Miller family data and her parents' wedding certificate. Also present is a small amount of genealogical correspondence of her son Yardley Beers, 1965 and 1983; an engraved portrait of Lucy McKim Garrison by Gustav Kruell, circa 1890s; and printed materials.</p> <p>Sarah Yardley Beers's correspondence, 1891-1927, consists of letters received from her mother Ellen M. Armstrong, 1891-1904, and from Sarah A. McKim, John Linn McKim Yardley, members of the Hannan family, and others, 1909-1927, regarding family history. Armstrong encloses letters from her uncle John Linn McKim to herself regarding McKim family history; also included is a letter from John Linn McKim to her husband E.R. Armstrong, and her genealogical notes. Genealogical research papers, 1909-1921, consist of handwritten and typescript genealogical notes, charts, and documents, compiled by Sarah Yardley Beers and others on the McKim, Miller and Mulvany families, as well as the Hannan and Speakman families. A summary of John Linn McKim Yardley's World War I service, 1921, is included. Largely undated, the bulk of the papers were compiled by Sarah Yardley Beers circa 1910 in connection with her D.A.R. application; there are some later additions by family members.</p> <p>Yardley Beers genealogical correspondence with James W. Gould, 1983, includes charts of William Lloyd Garrison's descendants. A 1965 letter from John (John Linn McKim Yardley, Jr.) is also present.</p> <p>Ellen M. Armstrong's autograph album, 1862-1865, contains autograph remembrances addressed to Ellen Mulvany, known as Ellie and Ella, written mainly at Millersville, Pennsylvania, where she attended the State Normal School. Some individuals are also represented in the photograph album. An entry at the end of the book is written by her cousin Lucy McKim.</p> <p>Family photographs, dating from approximately the 1840s to 1941, belonged to Sarah Yardley Beers or her mother Ellen M. Armstrong. A photograph album, circa 1860-circa 1890s, contains cartes-de-visite of relatives and friends of Ellen M. Armstrong, including members of the McKim and Garrison families. A list of "Millersville people" is written at end (see autograph album above). Many identifications are in the hand of Sarah Yardley Beers. Loose photographs, circa 1860-1941, are predominantly of her brother John Linn McKim Yardley (1882-1960), from childhood through adulthood, and his immediate family. Pictures of Sarah Yardley Beers (1876-1946) date from childhood through early womanhood. Other family members represented include J. Marshall Hannan, Quaker relative Elizabeth Lloyd, James Miller McKim, Sarah A. McKim, and Lucy McKim Garrison, Wendell P. Wendell Garrison, and their children. There are also two daguerreotypes of Mary McKim Mulvany (died November 22, 1850), circa 1840-circa 1850, and a large albumen photograph of Sarah A. McKim in middle age, probably 1860s. The collection also includes a wood-engraving by Gustav Kruell taken from a photograph of Lucy McKim Garrison, printed on tissue paper, circa 1890s. There are no photographs of William Lloyd Garrison in the collection.</p> <p>The Miller family Bible (Philadelphia: Mathew Carey, 1807), according to Ellen M. Armstrong's notes, belonged to Susan Miller and was given to Armstrong by a member of the Hannan family. Listed on the verso of an illustration between pages 836 and 837 are Miller family births, 1781-1796, and deaths, 1817-1878, followed by a tipped-in marriage certificate for William B. Yardley and Ellen Mulvany at West Orange, New Jersey, March 31, 1870. Witnesses include J. Miller McKim, Sarah A. McKim, Lucy McKim Garrison, and Wendell P. Garrison. Photocopies of the entries and certificate are found in the genealogical research papers.</p> <p>Certificates, 1881-1955, are academic, religious and membership certificates pertaining to Sarah Yardley Beers, Ellen M. Armstrong, and Yardley Beers.</p> <p>Clippings and ephemera, 1886-1938, pertain to life events of members of the McKim, Garrison, Lloyd, and Hannan families.</p> <p>Printed materials comprise a memorial volume for Sarah A. McKim, 1891, inscribed to Ellen M. Armstrong by Wendell P. Garrison, and a New York University yearbook, The Violet, 1958, dating from Yardley Beer's professorship there.</p></scopecontent><prefercite><p>Sarah Yardley Beers family papers, Manuscripts and Archives Division, The New York Public Library</p></prefercite><acqinfo><p>Donated by Deborah Yardley Beers-Jones, 2018.</p></acqinfo><processinfo><p>Processed by <name>Susan P. Waide</name>, <date>2019</date></p></processinfo><controlaccess><persname role="cre" source="local">Armstrong, Ellen M., 1843-1924</persname><persname role="subject" source="local">Beers, Sarah Yardley, 1876-1946</persname><persname role="crp" source="naf" authfilenumber="http://id.loc.gov/authorities/names/n85388980">Beers, Yardley, 1913-</persname><famname role="subject" source="naf" authfilenumber="http://id.loc.gov/authorities/names/sh85053198">Garrison family</famname><famname role="subject" source="naf" authfilenumber="http://id.loc.gov/authorities/names/sh85082616">McKim family</famname><famname role="subject" source="naf" authfilenumber="http://id.loc.gov/authorities/names/sh85085392">Miller family</famname><famname role="subject" source="naf" authfilenumber="http://id.loc.gov/authorities/names/sh85088395">Mulvaney family</famname><famname role="subject" source="naf" authfilenumber="http://id.loc.gov/authorities/names/sh88006046">Yardley family</famname><corpname role="subject" source="naf" authfilenumber="http://id.loc.gov/authorities/names/n00076448">Pennsylvania State Normal School of the Second District -- Students</corpname><genreform source="aat" authfilenumber="http://id.loc.gov/authorities/names/300026691">Autograph albums</genreform><genreform source="aat" authfilenumber="http://id.loc.gov/authorities/names/300136907">Bible records</genreform><genreform source="aat" authfilenumber="http://id.loc.gov/authorities/names/300264513">Bibles</genreform><genreform source="aat" authfilenumber="http://id.loc.gov/authorities/names/300026841">Certificates</genreform><genreform source="aat" authfilenumber="http://id.loc.gov/authorities/names/300027015">Genealogies (histories)</genreform><genreform source="aat" authfilenumber="http://id.loc.gov/authorities/names/300026695">Photograph albums</genreform><genreform source="aat" authfilenumber="http://id.loc.gov/authorities/names/300046300">Photographs</genreform><genreform source="aat" authfilenumber="http://id.loc.gov/authorities/names/300404588">Printed materials (object genre)</genreform><genreform source="aat" authfilenumber="http://id.loc.gov/authorities/names/300041402">Wood engravings (prints)</genreform><geogname source="lcsh">Carlisle (Pa.) -- Genealogy</geogname></controlaccess><dsc><c01 level="file"><did><unittitle>Armstrong, Ellen M</unittitle><unitid type="local_mss">3152009</unitid></did><c02 level="file"><did><unittitle>Autograph album</unittitle><unitdate type="inclusive" normal="1862/1865">1862-1865</unitdate><unitid type="local_mss">3152010</unitid><container type="volume">1</container></did></c02><c02 level="file"><did><unittitle>Photograph album</unittitle><unitdate type="inclusive" normal="1860/1890" certainty="approximate">circa 1860-circa 1890</unitdate><unitid type="local_mss">3152028</unitid><container type="volume">2</container></did></c02></c01><c01 level="file"><did><unittitle>Beers, Sarah Yardley</unittitle><unitid type="local_mss">3152930</unitid></did><c02 level="file"><did><unittitle>Letters received</unittitle><unitid type="local_mss">3152004</unitid></did><c03 level="file"><did><unittitle>Armstrong, Ellen M</unittitle><unitdate type="inclusive" normal="1891/1904">1891-1904</unitdate><unitid type="local_mss">3152005</unitid><container type="box">1</container><container type="folder">1</container></did></c03><c03 level="file"><did><unitdate type="inclusive" normal="1909/1927">1909-1927</unitdate><unitid type="local_mss">3152180</unitid><note><p>Arranged alphabetically by surname.</p></note><container type="box">1</container><container type="folder">2</container></did></c03></c02><c02 level="file"><did><unittitle>Genealogical research papers</unittitle><unitdate type="inclusive" normal="1909/1921">1909-1921</unitdate><unitid type="local_mss">3152174</unitid><container type="box">1</container><container type="folder">3</container></did></c02></c01><c01 level="file"><did><unittitle>Beers, Yardley. Genealogical correspondence</unittitle><unitdate type="inclusive" normal="1965">1965</unitdate><unitdate type="inclusive" normal="1983">1983</unitdate><unitid type="local_mss">3152013</unitid><container type="box">1</container><container type="folder">4</container></did></c01><c01 level="file"><did><unittitle>Family photographs and engraving</unittitle><unitid type="local_mss">3152191</unitid></did><c02 level="file"><did><unittitle>Loose photographs</unittitle><unitdate type="inclusive" normal="1860/1941" certainty="approximate">circa 1860-1941</unitdate><unitid type="local_mss">3152193</unitid><physdesc>Cartes-de-visite, cabinet cards, studio photographs and snapshots.</physdesc><container type="box">2</container></did></c02><c02 level="file"><did><unittitle>Lucy McKim Garrison engraved portrait by Gustav Kruell</unittitle><unitdate type="inclusive" normal="1890/1899" certainty="approximate">circa 1890s</unitdate><unitid type="local_mss">3152449</unitid><physdesc>Wood-engraving on tissue paper; image 22 x 17 cm. on sheet 39 x .27 cm., supported on cardboard 39.5 x 29 cm. Signed G. Kruell.</physdesc><container type="oversize_folder">1</container></did></c02><c02 level="file"><did><unittitle>Sarah A. McKim photographic portrait</unittitle><unitdate type="inclusive" normal="1860/1869" certainty="questionable">1860s?</unitdate><unitid type="local_mss">3152187</unitid><physdesc>Albumen print 40.5 x 35.5. cm. mounted on cardboard of same size.</physdesc><container type="oversize_folder">1</container></did></c02><c02 level="file"><did><unittitle>Mary McKim Mulvany daguerreotype portraits</unittitle><unitdate type="inclusive" normal="1840/1850" certainty="approximate">circa 1840-circa 1850</unitdate><unitid type="local_mss">3152190</unitid><physdesc>Two portraits in cases, 9.5 x 8 x 1.8 cm. and 9.5 x 8 x 1 cm. (lacks front cover). Each portrait three-quarters view, seated.</physdesc><container type="box">2</container></did></c02></c01><c01 level="file"><did><unittitle>Miller family Bible</unittitle><unitdate type="inclusive" normal="1807">1807</unitdate><unitid type="local_mss">3152027</unitid><container type="volume">3</container></did></c01><c01 level="file"><did><unittitle>Certificates</unittitle><unitdate type="inclusive" normal="1881/1955">1881-1955</unitdate><unitid type="local_mss">3152022</unitid><container type="box">1</container><container type="folder">5</container></did></c01><c01 level="file"><did><unittitle>Clippings</unittitle><unitdate type="inclusive" normal="1886/1938">1886-1938</unitdate><unitid type="local_mss">3152026</unitid><container type="box">1</container><container type="folder">6</container></did></c01><c01 level="file"><did><unittitle>Printed materials</unittitle><unitid type="local_mss">3152029</unitid></did><c02 level="file"><did><unittitle>In memoriam Sarah A. McKim. New York: De Vinne Press</unittitle><unitdate type="inclusive" normal="1891">1891</unitdate><unitid type="local_mss">3152184</unitid><container type="box">1</container><container type="folder">7</container></did></c02><c02 level="file"><did><unittitle>New York University. The Violet</unittitle><unitdate type="inclusive" normal="1958">1958</unitdate><unitid type="local_mss">3152032</unitid><container type="box">1</container><container type="folder">8</container></did></c02></c01></dsc></archdesc>
</ead>
