<?xml version="1.0" encoding="UTF-8"?>
<ead xmlns="urn:isbn:1-931666-22-9" xmlns:xsi="http://www.w3.org/2001/XMLSchema-instance"
	xmlns:xlink="http://www.w3.org/1999/xlink" xsi:schemaLocation="urn:isbn:1-931666-22-9 http://www.loc.gov/ead/ead.xsd">
	<eadheader countryencoding="iso3166-1" dateencoding="iso8601" langencoding="iso639-2b" repositoryencoding="iso15511"
		relatedencoding="marc" scriptencoding="iso8601">
		<eadid countrycode="US" mainagencycode="US-NN" url="http://archives.nypl.org/dan/24828.xml">dan24828.xml</eadid>
		<filedesc>
			<titlestmt>
				<titleproper>Guide to the Changing Times Tap Dancing Company collection, <date>1943-2017 [bulk
					1970-2010]</date></titleproper>
			</titlestmt>
			<publicationstmt>
				<publisher>The New York Public Library. Jerome Robbins Dance Division.</publisher>
				<address>
					<addressline>New York Public Library for the Performing Arts, Dorothy and Lewis B. Cullman Center</addressline>
					<addressline>40 Lincoln Center Plaza, New York, NY 10023-7498</addressline>
				</address>
			</publicationstmt>
		</filedesc>
		<profiledesc>
			<creation>EAD generated by archives.nypl.org on <date normal="2019-12-10">December 10, 2019</date></creation>
			<langusage><language langcode="eng">English</language></langusage>
		</profiledesc>
	</eadheader>

	<archdesc level="collection">
		<did>
			<unittitle>Changing Times Tap Dancing Company collection</unittitle>
			<unitdate type="inclusive" normal="1943/2017">1943-2017</unitdate>
			<unitdate type="bulk" normal="1970/2010">1970-2010</unitdate>
			<unitid type="local_mss">24828</unitid>
			<unitid type="local_call">(S) *MGZMD 497</unitid>
			<unitid type="local_b">b21794610</unitid>
			<origination><persname role="cre" source="naf" authfilenumber="http://id.loc.gov/authorities/names/no2009176475"
					>Goldberg, Jane, 1948-</persname></origination>
			<repository><corpname>The New York Public Library. Jerome Robbins Dance Division.</corpname><address>
					<addressline>New York Public Library for the Performing Arts, Dorothy and Lewis B. Cullman Center</addressline>
					<addressline>40 Lincoln Center Plaza, New York, NY 10023-7498</addressline>
				</address></repository>
			<physdesc><extent unit="containers">19 boxes, 1 oversize folder</extent><extent unit="linear_feet">7.72 linear
					feet</extent></physdesc>
			<abstract>The Changing Times Tap Dancing Company collection documents the activities and contributions put forward by
				its founder Jane Goldberg. Since 1979 Goldberg has preserved, promoted, and performed the dance form while paying
				respect to its most important key tappers such as Charles "Cookie" Cook, Albert "Gip" Gibson, Bubba Gaines, and
				Ernest "Brownie" Brown. The collection contains articles written by and about Goldberg, newsletters, educational
				papers, tap history profiles, programs, correspondence, administrative records, publicity materials, photographs,
				and posters. Many of Goldberg's allies in producing original tap shows and festivals, including Brenda Bufalino and
				Sarah Safford, are represented throughout in interviews, scripts, and programs. Additionally, photographs and
				correspondence provide a portrait of the professional and personal friendship Goldberg shared with Gregory Hines
				during tap's "revival" of the mid 1970's through 2003. The collection also includes programs and drawings from Jane
				Goldberg's early life including school musicals and dance recitals, as well as personal photographs from throughout
				her life.</abstract>
			<langmaterial>English</langmaterial>
		</did>
		<bioghist>
			<p>Jane Goldberg, tap dancer, teacher, director, and pioneer of the tap renaissance of the 1970s, was born in 1948 in
				Washington, D.C. As a teenager, she participated in school musical performances and the Jacob's Pillow Dance
				Festival in the summer of 1964. In 1973, she looked up "tap dance" in the Boston yellow pages, found her way to the
				dance studio of Stanley Brown, and began to study tap dance. One year later, she moved to New York City where she
				studied dance with the Judson Dance Theatre experimentalist Simone Forti. Lessons with Charles "Cookie" Cook, Albert
				"Gip" Gibson, Leon Collins, and Leslie "Bubba" Gaines soon followed. After about six months of studying the craft,
				she decided instead to write about tap dance. She traveled to Pittsburgh to interview Paul Draper and published her
				first article, "It's All in the Feet" in Boston's Patriot Ledger in 1974.</p>
			<p>Five years later, in 1979, Goldberg formally founded the Changing Times Tap Dance Company, dedicated to
				preserving, promoting, and creating new tap performances. The company was also dedicated to the mixing of dancers
				who were young and old, black and white, and male and female. Within the auspices of the company, Goldberg generated
				many more ideas that would help bring a more enthusiastic, critical, and public response to tap dance, thus fueling
				the flames of its renaissance.</p>
			<p>Teaching the rhythm tap tradition also became part of Goldberg's charge. She knew its survival required it to be
				passed on by the masters of tap. In 1980, Changing Times Tap Company produced By Word of Foot: Tap Masters Pass
					on Their Tradition at the Village Gate in New York City. It was a rare gathering of tap's leading dancers,
				where they discussed their traditions and taught their own evolved styles. By Word of Foot was hailed as
				the first tap festival, and was organized and produced again in 1982 and 1985.</p>
			<p>In the 1990s, Goldberg continued her exploration of comedy, tapping, and talking with productions such as
					Tapping and Talking Dirty, Rhythm and Schmooze, and The Rhythm Method. Jane continues to
				travel with The Traveling Tap Museum, a mobile exhibition and set for presentations about tap dancing. She also
				delivers Tap-A-Grams™, a singing/tapping telegram service. Her team of dancers will dance and sing for a special
				event or occasion on request.</p>
		</bioghist>
		<scopecontent>
			<p>The Changing Times Tap Dance Company collection encapsulates the activities and contributions of the company which
				was founded in 1979 by tap dancer, teacher and historian Jane Goldberg. The collection documents over fifty years of
				research and archival work conducted by Goldberg with the bulk of the content ranging from 1970 to 2010, but some
				collected resources date as far back as 1943.</p>
			<p>Jane Goldberg incorporated her non-profit organization to support her efforts to preserve, promote, and perform
				the art form of tap dance. The collection emphasizes materials relating to African American tap dancers based mainly
				on the East Coast of the United States, such as Chuck Green, John Bubbles, Gregory Hines, Charles "Cookie" Cook and
				others. The collection also includes her writings about tap history and significant tap figures, including her
				newsletter, "Footprint: News on Tap."</p>
			<p>The collection is arranged into two series, Papers and Audio, Video, and Film Recordings. Goldberg provided a
				detailed inventory of the collection with item-level description that will made available electronically as an
				additional resource.</p>
			<p>Series I, Papers, comprises articles and clippings written by and about Jane Goldberg; "Footprint: News on Tap"
				newsletter; subject files pertaining to various Changing Times Tap Company projects and shows; photographs from both
				Goldberg's professional and personal lives; educational material; profiles of key tappers and companies;
				documentation of the history of tap; show programs; and oversized posters and mock-ups.</p>
			<p>Series II, Audio, Video, and Film Recordings, are arranged into sections based on their event type. The series
				includes over 350 original recordings in a variety of media, dating from the late 1950s to 2010s. The recordings
				include Goldberg's Early Tap Recitals; Changing Times Tap Company Performances; Excerpts; Individual and Group
				Performances; recordings from Goldberg's teaching fellowship in India; Interviews and Conversations on television,
				radio, and with fellow tap dancers; Teaching Sessions and Lectures; Festivals and Conferences; Rehearsals;
				Promotional Material; Changing Times Tap Company Archives; Commercial Recordings; and Memorials.</p>
		</scopecontent>
		<prefercite>
			<p>Changing Times Tap Dancing Company collection, (S) *MGZMD 497. Jerome Robbins Dance Division, The New York Public
				Library for the Performing Arts</p>
		</prefercite>
		<acqinfo>
			<p>Donated by Jane Goldberg, 2018.</p>
		</acqinfo>
		<processinfo>
			<p>Processed by <name>Tara D. Strongosky</name>, 2019.</p>
		</processinfo>
		<accessrestrict>
			<p>Some collections held by the Dance, Music, Recorded Sound, and Theatre Divisions at the New York Public Library
				for the Performing Arts are held off-site and must be requested in advance. Please check the collection records in
						<extref xlink:href="http://catalog.nypl.org/record=LPA_BNUMBER" xlink:type="simple" xlink:actuate="onRequest"
						>the NYPL's online catalog</extref> for detailed location information. For general guidance about requesting
				offsite materials, please consult: <extref
					xlink:href="https://www.nypl.org/about/locations/lpa/requesting-archival-materials" xlink:type="simple"
					xlink:actuate="onRequest">https://www.nypl.org/about/locations/lpa/requesting-archival-materials</extref></p>
			<p>Audio and video recordings are unavailable pending digitization. Electronic records are unavailable.</p>
		</accessrestrict>
		<controlaccess>
			<persname role="ctb" source="local">Brown, Ernest, 1916-2009</persname>
			<persname role="ctb" source="naf" authfilenumber="http://id.loc.gov/authorities/names/n97869540">Bufalino,
				Brenda</persname>
			<persname role="ctb" source="naf" authfilenumber="http://id.loc.gov/authorities/names/no2007033264">Cook, Charles,
				1917-1991</persname>
			<persname role="ctb" source="naf" authfilenumber="http://id.loc.gov/authorities/names/nr95000556">Gaines,
				Bubba</persname>
			<persname role="ctb" source="naf" authfilenumber="http://id.loc.gov/authorities/names/n97860879">Gibson,
				Bert</persname>
			<persname role="cre" source="naf" authfilenumber="http://id.loc.gov/authorities/names/no2009176475">Goldberg, Jane,
				1948-</persname>
			<persname role="ctb" source="naf" authfilenumber="http://id.loc.gov/authorities/names/n82132250">Hines,
				Gregory</persname>
			<persname role="ctb" source="naf" authfilenumber="http://id.loc.gov/authorities/names/n97839809">Safford,
				Sarah</persname>
			<subject source="lcsh">African American dance</subject>
			<subject source="lcsh">African American dancers</subject>
			<subject source="lcsh">Dance companies -- United States</subject>
			<subject source="lcsh">Dance festivals</subject>
			<subject source="lcsh">Jazz dance</subject>
			<subject source="lcsh">Tap dancers</subject>
			<subject source="lcsh">Tap dancing -- History</subject>
			<subject source="lcsh">Theater -- Study and teaching</subject>
			<subject source="lcsh">Women dancers</subject>
		</controlaccess>
		<dsc>
			<c01 level="series">
				<did>
					<unittitle>Series I: Papers</unittitle>
					<unitdate type="inclusive" normal="1943/2017">1943-2017</unitdate>
					<unitdate type="bulk" normal="1970/2010">1970s-2010</unitdate>
					<unitid type="local_mss">3157012</unitid>
					<physdesc><extent unit="containers">19 boxes, 1 oversize folder</extent><extent unit="linear_feet">9.38 linear
							feet</extent></physdesc>
				</did>
				<scopecontent>
					<p>Series I comprises materials that document Jane Goldberg's involvement and contributions to the world of tap
						dance through the Changing Times Tap Dance Company founded in 1979. The materials date from 1943 to 2017, with the
						bulk ranging from the 1970s to 2010.</p>
					<p>This series includes articles and press clippings; journals and newsletters; educational material; accumulated
						tap history resources; tap dancer profiles; show programs; subject files that include correspondence, interview
						transcripts with tap dancers, company administrative records, background information on Goldberg's life and
						history, memorials and obituaries; promotional material; photographs; and posters.</p>
					<p>Goldberg's mission was to educate the public about tap's historical roots, its intrinsic value to the African
						American community, and its connection to jazz music. She forged relationships with some of tap dance's most
						notable "hoofers" as evidenced in correspondence spanning twenty five years. She also wrote and provided countless
						memorials and obituaries for dancers which were featured in both local and national newspapers and magazines.</p>
					<p>To further her mission, Jane created <title>By Word of Foot</title>, a festival designed to gather tap's leading
						figures to pass on their tradition through interviews, workshops, classes, parties, and daily "cocktail hour"
						interviews. The organization of this festival is fully documented within this series through promotional
						materials, correspondence, and press, as well as companion audio and video recordings from Series II.</p>
					<p>In addition to records pertaining to Changing Times Tap Company, there is an extensive section documenting Jane
						Goldberg's history, both personal and professional. These include annotated writings; articles from her early
						life; designs and drawings; correspondence; collected ephemera; photographs; and programs from Jacob's Pillow
						Dance Festival where she performed as a teenager.</p>
					<p>There are also three boxes that comprise photographs documenting Jane's early life as a teenager through the
						2000s with the Changing Times Tap Company. Included are many pictures with legendary tap dancers such as Charles
						"Cookie" Cook, John Bubbles, Marion Coles, Charles "Honi" Coles, Gregory Hines, Albert "Gip" Gibson, and Ginger
						Rogers among dozens more.</p>
					<p>Other photographs include Changing Times Tap Company sponsored performances; individual dancers (as well as duos
						and groups); documentary photographs from <title>By Word of Foot</title>; documentation of Jane's teaching
						fellowship in India; and a series of "pictorial histories" of Jane's peers, shows, and larger dance community. Of
						special note are behind-the-scenes photographs from the 1989 movie <title>Tap</title> (starring Gregory Hines and
						Sammy Davis Jr.) in which Jane Goldberg performed as a tap dancer.</p>
				</scopecontent>
				<c02 level="subseries">
					<did>
						<unittitle>Articles and Press Clippings</unittitle>
						<unitdate type="inclusive" normal="1970/2016">1970s-2016</unitdate>
						<unitid type="local_mss">3156952</unitid>
					</did>
					<c03 level="file">
						<did>
							<unittitle>By Jane Goldberg</unittitle>
							<unitdate type="inclusive" normal="1970/2016">1970s-2016</unitdate>
							<unitid type="local_mss">3155664</unitid>
							<container type="box">1</container>
							<container type="folder">1-4</container>
						</did>
					</c03>
					<c03 level="file">
						<did>
							<unittitle>About Jane Goldberg</unittitle>
							<unitdate type="inclusive" normal="1970/2010">1970s-2010</unitdate>
							<unitid type="local_mss">3155665</unitid>
							<container type="box">1</container>
							<container type="folder">5-7</container>
							<container type="box">2</container>
							<container type="folder">1-7</container>
						</did>
					</c03>
				</c02>
				<c02 level="subseries">
					<did>
						<unittitle>Journals and Newsletters</unittitle>
						<unitdate type="inclusive" normal="1988/2008">1988-2008</unitdate>
						<unitid type="local_mss">3156953</unitid>
					</did>
					<c03 level="file">
						<did>
							<unittitle>International Tap Association Journal, Volumes 2-3</unittitle>
							<unitdate type="inclusive" normal="1990/1991">1990-1991</unitdate>
							<unitid type="local_mss">3155625</unitid>
							<container type="box">3</container>
							<container type="folder">1</container>
						</did>
					</c03>
					<c03 level="file">
						<did>
							<unittitle>International Tap Association Newsletter, Volumes 1-10</unittitle>
							<unitdate type="inclusive" normal="1988/2000">1988-2000</unitdate>
							<unitid type="local_mss">3155106</unitid>
							<container type="box">3</container>
							<container type="folder">2-5</container>
						</did>
					</c03>
					<c03 level="file">
						<did>
							<unittitle>On Tap Newsletter, Volumes 11-19</unittitle>
							<unitdate type="inclusive" normal="2000/2008">2000-2008</unitdate>
							<unitid type="local_mss">3155666</unitid>
							<container type="box">3</container>
							<container type="folder">6-8</container>
							<container type="box">4</container>
							<container type="folder">1-6</container>
						</did>
					</c03>
				</c02>
				<c02 level="subseries">
					<did>
						<unittitle>Education</unittitle>
						<unitdate type="inclusive" normal="1980/2010">1980-2010</unitdate>
						<unitid type="local_mss">3156954</unitid>
					</did>
					<c03 level="file">
						<did>
							<unittitle>Teaching Moments</unittitle>
							<unitdate type="inclusive" normal="1979/2003">1979-2003</unitdate>
							<unitid type="local_mss">3155121</unitid>
							<container type="box">5</container>
							<container type="folder">1</container>
						</did>
					</c03>
					<c03 level="file">
						<did>
							<unittitle>Articles</unittitle>
							<unitdate type="inclusive" normal="1980/2003">1980-2003</unitdate>
							<unitid type="local_mss">3155122</unitid>
							<container type="box">5</container>
							<container type="folder">2</container>
						</did>
					</c03>
					<c03 level="file">
						<did>
							<unittitle>Teaching Promotion</unittitle>
							<unitdate type="inclusive" normal="1984/2010">1984-2010</unitdate>
							<unitid type="local_mss">3155124</unitid>
							<container type="box">5</container>
							<container type="folder">3</container>
						</did>
					</c03>
					<c03 level="file">
						<did>
							<unittitle>Tap Festivals and Intensives</unittitle>
							<unitdate type="inclusive" normal="2000/2002">2000-2002</unitdate>
							<unitid type="local_mss">3155125</unitid>
							<container type="box">5</container>
							<container type="folder">4</container>
						</did>
					</c03>
					<c03 level="file">
						<did>
							<unittitle>Global Teachings</unittitle>
							<unitdate type="inclusive" normal="1983/2012">1983-2012</unitdate>
							<unitid type="local_mss">3155126</unitid>
							<container type="box">5</container>
							<container type="folder">5</container>
						</did>
					</c03>
					<c03 level="file">
						<did>
							<unittitle>Business Letters</unittitle>
							<unitdate type="inclusive" normal="1991/2006">1991-2006</unitdate>
							<unitid type="local_mss">3155127</unitid>
							<container type="box">5</container>
							<container type="folder">6</container>
						</did>
					</c03>
					<c03 level="file">
						<did>
							<unittitle>Teaching Contracts</unittitle>
							<unitdate type="inclusive" normal="1979/2005">1979-2005</unitdate>
							<unitid type="local_mss">3155128</unitid>
							<container type="box">5</container>
							<container type="folder">7</container>
						</did>
					</c03>
					<c03 level="file">
						<did>
							<unittitle>Tap Advisory</unittitle>
							<unitdate type="inclusive" normal="1980">1980</unitdate>
							<unitid type="local_mss">3155129</unitid>
							<container type="box">5</container>
							<container type="folder">8</container>
						</did>
					</c03>
					<c03 level="file">
						<did>
							<unittitle>Syllabus</unittitle>
							<unitid type="local_mss">3155130</unitid>
							<container type="box">5</container>
							<container type="folder">9</container>
						</did>
					</c03>
					<c03 level="file">
						<did>
							<unittitle>Publications</unittitle>
							<unitdate type="inclusive" normal="1980/2005">1980-2005</unitdate>
							<unitid type="local_mss">3155131</unitid>
							<container type="box">5</container>
							<container type="folder">10</container>
						</did>
					</c03>
					<c03 level="file">
						<did>
							<unittitle>Academic Dissertations</unittitle>
							<unitdate type="inclusive" normal="1990/2002">1990-2002</unitdate>
							<unitid type="local_mss">3155627</unitid>
						</did>
						<c04 level="file">
							<did>
								<unittitle><title>Clayton "Peg Leg" Bates: Monoped Master of the Art of Tap Dance</title> by Carol B.
									Vaughn</unittitle>
								<unitdate type="inclusive" normal="1990">1990</unitdate>
								<unitid type="local_mss">3156658</unitid>
								<container type="box">5</container>
								<container type="folder">11</container>
							</did>
						</c04>
						<c04 level="file">
							<did>
								<unittitle><title>Tap Dance: Memories and Issues of African-American Women Who Performed Between 1930 and
										1950</title> by Cheryl M. Willis</unittitle>
								<unitdate type="inclusive" normal="1991">1991</unitdate>
								<unitid type="local_mss">3156657</unitid>
								<container type="box">5</container>
								<container type="folder">12</container>
							</did>
						</c04>
						<c04 level="file">
							<did>
								<unittitle><title>Will the Real Jazz Dance Please Stand Up? A Critical Examination of the Roots and Essence of
										Jazz Dance with Implications for Education</title> by Jill Flanders Crosby</unittitle>
								<unitdate type="inclusive" normal="1995">1995</unitdate>
								<unitid type="local_mss">3156659</unitid>
								<container type="box">6</container>
								<container type="folder">1-2</container>
							</did>
						</c04>
						<c04 level="file">
							<did>
								<unittitle><title>Moved By The Spirit: Illuminating the Voice of Mura Dehn and Her Efforts to Promote and
										Document Jazz Dance</title> by Kimberly A. Chandler Vaccaro</unittitle>
								<unitdate type="inclusive" normal="1997">1997</unitdate>
								<unitid type="local_mss">3156660</unitid>
								<container type="box">6</container>
								<container type="folder">3</container>
							</did>
						</c04>
						<c04 level="file">
							<did>
								<unittitle><title>Hollywood Hoofers: Gender, Race, and the Culture of Performance, 1930-1950</title> by Maire I.
									Vieth</unittitle>
								<unitdate type="inclusive" normal="1997">1997</unitdate>
								<unitid type="local_mss">3156661</unitid>
								<container type="box">6</container>
								<container type="folder">4</container>
							</did>
						</c04>
						<c04 level="file">
							<did>
								<unittitle><title>Hearing the Dance: Learning the Community Aesthetics of Rhythym/Jazz Tap</title> by Patricia
									Ann Howard</unittitle>
								<unitdate type="inclusive" normal="2002">2002</unitdate>
								<unitid type="local_mss">3156662</unitid>
								<container type="box">7</container>
								<container type="folder">1-2</container>
							</did>
						</c04>
					</c03>
					<c03 level="file">
						<did>
							<unittitle>India Fellowship</unittitle>
							<unitdate type="inclusive" normal="1992/2002">1992-2002</unitdate>
							<unitid type="local_mss">3155635</unitid>
							<container type="box">7</container>
							<container type="folder">3-9</container>
						</did>
					</c03>
				</c02>
				<c02 level="subseries">
					<did>
						<unittitle>Tap History</unittitle>
						<unitdate type="inclusive" normal="1962/2017">1962-2017</unitdate>
						<unitid type="local_mss">3156955</unitid>
					</did>
					<c03 level="file">
						<did>
							<unittitle>Significant Events</unittitle>
							<unitdate type="inclusive" normal="1978/2017">1978-2017</unitdate>
							<unitid type="local_mss">3155150</unitid>
							<container type="box">7</container>
							<container type="folder">10</container>
						</did>
					</c03>
					<c03 level="file">
						<did>
							<unittitle>National Tap Dance Day</unittitle>
							<unitdate type="inclusive" normal="1988/1997">1988-1997</unitdate>
							<unitid type="local_mss">3155151</unitid>
							<container type="box">7</container>
							<container type="folder">11</container>
						</did>
					</c03>
					<c03 level="file">
						<did>
							<unittitle>Tap Histories</unittitle>
							<unitdate type="inclusive" normal="1962/2007">1962-2007</unitdate>
							<unitid type="local_mss">3155154</unitid>
							<container type="box">7</container>
							<container type="folder">12</container>
							<container type="box">8</container>
							<container type="folder">1</container>
						</did>
					</c03>
					<c03 level="file">
						<did>
							<unittitle>Film, Dance, and Book Reviews</unittitle>
							<unitdate type="inclusive" normal="1963/2014">1963-2014</unitdate>
							<unitid type="local_mss">3155156</unitid>
							<container type="box">8</container>
							<container type="folder">2-3</container>
						</did>
					</c03>
					<c03 level="file">
						<did>
							<unittitle>Tap Festivals</unittitle>
							<unitdate type="inclusive" normal="1990/2017">1990-2017</unitdate>
							<unitid type="local_mss">3155157</unitid>
							<container type="box">8</container>
							<container type="folder">4</container>
						</did>
					</c03>
					<c03 level="file">
						<did>
							<unittitle>Tapper Profiles</unittitle>
							<unitdate type="inclusive" normal="1980/2011">1980-2011</unitdate>
							<unitid type="local_mss">3155158</unitid>
							<container type="box">8</container>
							<container type="folder">5</container>
						</did>
					</c03>
					<c03 level="file">
						<did>
							<unittitle>Tap Programs</unittitle>
							<unitdate type="inclusive" normal="1975/2011">1975-2011</unitdate>
							<unitid type="local_mss">3155159</unitid>
							<container type="box">8</container>
							<container type="folder">6</container>
						</did>
					</c03>
					<c03 level="file">
						<did>
							<unittitle>Tap Trivia</unittitle>
							<unitdate type="inclusive" normal="1991/2017">1991-2017</unitdate>
							<unitid type="local_mss">3155160</unitid>
							<container type="box">8</container>
							<container type="folder">7</container>
						</did>
					</c03>
				</c02>
				<c02 level="subseries">
					<did>
						<unittitle>Tap Dancer Profiles</unittitle>
						<unitdate type="inclusive" normal="1943/2014">1943-2014</unitdate>
						<unitid type="local_mss">3156956</unitid>
					</did>
					<c03 level="file">
						<did>
							<unittitle>Astaire, Fred</unittitle>
							<unitdate type="inclusive" normal="1973/1987">1973-1987</unitdate>
							<unitid type="local_mss">3155162</unitid>
							<container type="box">8</container>
							<container type="folder">8</container>
						</did>
					</c03>
					<c03 level="file">
						<did>
							<unittitle>Atkins, Cholly</unittitle>
							<unitdate type="inclusive" normal="1980/2002">1980-2002</unitdate>
							<unitid type="local_mss">3155163</unitid>
							<container type="box">8</container>
							<container type="folder">9</container>
						</did>
					</c03>
					<c03 level="file">
						<did>
							<unittitle>Baby Laurence</unittitle>
							<unitdate type="inclusive" normal="1960/1978">1960-1978</unitdate>
							<unitid type="local_mss">3155164</unitid>
							<container type="box">8</container>
							<container type="folder">10</container>
						</did>
					</c03>
					<c03 level="file">
						<did>
							<unittitle>Bethel, Pepsi</unittitle>
							<unitdate type="inclusive" normal="1973/1979">1973-1979</unitdate>
							<unitid type="local_mss">3155165</unitid>
							<container type="box">8</container>
							<container type="folder">11</container>
						</did>
					</c03>
					<c03 level="file">
						<did>
							<unittitle>Bojangles</unittitle>
							<unitdate type="inclusive" normal="1989/2001">1989-2001</unitdate>
							<unitid type="local_mss">3155166</unitid>
							<container type="box">8</container>
							<container type="folder">12</container>
						</did>
					</c03>
					<c03 level="file">
						<did>
							<unittitle>Briggs, Bunny</unittitle>
							<unitid type="local_mss">3155167</unitid>
							<container type="box">8</container>
							<container type="folder">13</container>
						</did>
					</c03>
					<c03 level="file">
						<did>
							<unittitle>Brown, Buster</unittitle>
							<unitdate type="inclusive" normal="2002">2002</unitdate>
							<unitid type="local_mss">3155169</unitid>
							<container type="box">8</container>
							<container type="folder">14</container>
						</did>
					</c03>
					<c03 level="file">
						<did>
							<unittitle>Brown, Eddie</unittitle>
							<unitdate type="inclusive" normal="1987">1987</unitdate>
							<unitid type="local_mss">3155210</unitid>
							<container type="box">9</container>
							<container type="folder">1</container>
						</did>
					</c03>
					<c03 level="file">
						<did>
							<unittitle>Brown, Ernest "Brownie"</unittitle>
							<unitdate type="inclusive" normal="2008">2008</unitdate>
							<unitid type="local_mss">3155211</unitid>
							<container type="box">9</container>
							<container type="folder">2</container>
						</did>
					</c03>
					<c03 level="file">
						<did>
							<unittitle>Brown, Stanley</unittitle>
							<unitid type="local_mss">3155212</unitid>
							<container type="box">9</container>
							<container type="folder">3</container>
						</did>
					</c03>
					<c03 level="file">
						<did>
							<unittitle>Browne, Harriet</unittitle>
							<unitdate type="inclusive" normal="1997">1997</unitdate>
							<unitid type="local_mss">3155213</unitid>
							<container type="box">9</container>
							<container type="folder">4</container>
						</did>
					</c03>
					<c03 level="file">
						<did>
							<unittitle>Bubbles, John</unittitle>
							<unitdate type="inclusive" normal="1974/1984">1974-1984</unitdate>
							<unitid type="local_mss">3155214</unitid>
							<container type="box">9</container>
							<container type="folder">5</container>
						</did>
					</c03>
					<c03 level="file">
						<did>
							<unittitle>Bufalino, Brenda</unittitle>
							<unitdate type="inclusive" normal="1982/1989">1982-1989</unitdate>
							<unitid type="local_mss">3155215</unitid>
							<container type="box">9</container>
							<container type="folder">6</container>
						</did>
					</c03>
					<c03 level="file">
						<did>
							<unittitle>Butterfly, Roxanne</unittitle>
							<unitdate type="inclusive" normal="2002/2010">2002-2010</unitdate>
							<unitid type="local_mss">3155216</unitid>
							<container type="box">9</container>
							<container type="folder">7</container>
						</did>
					</c03>
					<c03 level="file">
						<did>
							<unittitle>Callaway Williams, Karen</unittitle>
							<unitid type="local_mss">3155217</unitid>
							<container type="box">9</container>
							<container type="folder">8</container>
						</did>
					</c03>
					<c03 level="file">
						<did>
							<unittitle>Casel, Ayodele</unittitle>
							<unitdate type="inclusive" normal="1998/1999">1998-1999</unitdate>
							<unitid type="local_mss">3155218</unitid>
							<container type="box">9</container>
							<container type="folder">9</container>
						</did>
					</c03>
					<c03 level="file">
						<did>
							<unittitle>Castle, Nick</unittitle>
							<unitdate type="inclusive" normal="1954/1964">1954-1964</unitdate>
							<unitid type="local_mss">3155219</unitid>
							<container type="box">9</container>
							<container type="folder">10</container>
						</did>
					</c03>
					<c03 level="file">
						<did>
							<unittitle>Ciroli, Kathleen</unittitle>
							<unitdate type="inclusive" normal="1999">1999</unitdate>
							<unitid type="local_mss">3155220</unitid>
							<container type="box">9</container>
							<container type="folder">11</container>
						</did>
					</c03>
					<c03 level="file">
						<did>
							<unittitle>Coles, Charles "Honi"</unittitle>
							<unitdate type="inclusive" normal="1979/1996">1979-1996</unitdate>
							<unitid type="local_mss">3155221</unitid>
							<container type="box">9</container>
							<container type="folder">12</container>
						</did>
					</c03>
					<c03 level="file">
						<did>
							<unittitle>Coles, Marion</unittitle>
							<unitdate type="inclusive" normal="1994">1994</unitdate>
							<unitid type="local_mss">3155222</unitid>
							<container type="box">9</container>
							<container type="folder">13</container>
						</did>
					</c03>
					<c03 level="file">
						<did>
							<unittitle>Collins, Leon</unittitle>
							<unitdate type="inclusive" normal="1981/1988">1981-1988</unitdate>
							<unitid type="local_mss">3155223</unitid>
							<container type="box">9</container>
							<container type="folder">14</container>
						</did>
					</c03>
					<c03 level="file">
						<did>
							<unittitle>Condos, Steve</unittitle>
							<unitdate type="inclusive" normal="1983">1983</unitdate>
							<unitid type="local_mss">3155224</unitid>
							<container type="box">9</container>
							<container type="folder">15</container>
						</did>
					</c03>
					<c03 level="file">
						<did>
							<unittitle>Conrad, Gail</unittitle>
							<unitdate type="inclusive" normal="1983/1992">1983-1992</unitdate>
							<unitid type="local_mss">3155225</unitid>
							<container type="box">9</container>
							<container type="folder">16</container>
						</did>
					</c03>
					<c03 level="file">
						<did>
							<unittitle>Cook, Charles "Cookie"</unittitle>
							<unitdate type="inclusive" normal="1977/1992">1977-1992</unitdate>
							<unitid type="local_mss">3155226</unitid>
							<container type="box">9</container>
							<container type="folder">17</container>
						</did>
					</c03>
					<c03 level="file">
						<did>
							<unittitle>Copasetics</unittitle>
							<unitdate type="inclusive" normal="1974/1990">1974-1990</unitdate>
							<unitid type="local_mss">3155227</unitid>
							<container type="box">9</container>
							<container type="folder">18</container>
						</did>
					</c03>
					<c03 level="file">
						<did>
							<unittitle>Cromer, Harold "Stumpy"</unittitle>
							<unitdate type="inclusive" normal="1976/1980">1976-1980</unitdate>
							<unitid type="local_mss">3155228</unitid>
							<container type="box">9</container>
							<container type="folder">19</container>
						</did>
					</c03>
					<c03 level="file">
						<did>
							<unittitle>Dancing Dave</unittitle>
							<unitdate type="inclusive" normal="1993/2008">1993-2008</unitdate>
							<unitid type="local_mss">3155229</unitid>
							<container type="box">9</container>
							<container type="folder">20</container>
						</did>
					</c03>
					<c03 level="file">
						<did>
							<unittitle>Daniels, Danny</unittitle>
							<unitdate type="inclusive" normal="1980">1980</unitdate>
							<unitid type="local_mss">3155230</unitid>
							<container type="box">9</container>
							<container type="folder">21</container>
						</did>
					</c03>
					<c03 level="file">
						<did>
							<unittitle>Draper, Paul</unittitle>
							<unitdate type="inclusive" normal="1961/1962">1961-1962</unitdate>
							<unitid type="local_mss">3155231</unitid>
							<container type="box">10</container>
							<container type="folder">1</container>
						</did>
					</c03>
					<c03 level="file">
						<did>
							<unittitle>Edwards, Omar</unittitle>
							<unitid type="local_mss">3155232</unitid>
							<container type="box">10</container>
							<container type="folder">2</container>
						</did>
					</c03>
					<c03 level="file">
						<did>
							<unittitle>Ginger Rogers and Fred Astaire</unittitle>
							<unitid type="local_mss">3155233</unitid>
							<container type="box">10</container>
							<container type="folder">3</container>
						</did>
					</c03>
					<c03 level="file">
						<did>
							<unittitle>Gaines, Leslie "Bubba"</unittitle>
							<unitid type="local_mss">3155234</unitid>
							<container type="box">10</container>
							<container type="folder">4</container>
						</did>
					</c03>
					<c03 level="file">
						<did>
							<unittitle>Gibson, Albert "Gip"</unittitle>
							<unitdate type="inclusive" normal="1975/1983">1975-1983</unitdate>
							<unitid type="local_mss">3155235</unitid>
							<container type="box">10</container>
							<container type="folder">5</container>
						</did>
					</c03>
					<c03 level="file">
						<did>
							<unittitle>Green, Chuck</unittitle>
							<unitdate type="inclusive" normal="1969/1996">1969-1996</unitdate>
							<unitid type="local_mss">3155236</unitid>
							<container type="box">10</container>
							<container type="folder">6</container>
						</did>
					</c03>
					<c03 level="file">
						<did>
							<unittitle>Grimes, Jared</unittitle>
							<unitdate type="inclusive" normal="1997">1997</unitdate>
							<unitid type="local_mss">3155237</unitid>
							<container type="box">10</container>
							<container type="folder">7</container>
						</did>
					</c03>
					<c03 level="file">
						<did>
							<unittitle>Huber, Melba</unittitle>
							<unitdate type="inclusive" normal="1994">1994</unitdate>
							<unitid type="local_mss">3155251</unitid>
							<container type="box">10</container>
							<container type="folder">8</container>
						</did>
					</c03>
					<c03 level="file">
						<did>
							<unittitle>Kramer, Katherine</unittitle>
							<unitdate type="inclusive" normal="1990/2005">1990-2005</unitdate>
							<unitid type="local_mss">3155290</unitid>
							<container type="box">10</container>
							<container type="folder">9</container>
						</did>
					</c03>
					<c03 level="file">
						<did>
							<unittitle>Lee, Mable</unittitle>
							<unitdate type="inclusive" normal="2004">2004</unitdate>
							<unitid type="local_mss">3155291</unitid>
							<container type="box">10</container>
							<container type="folder">10</container>
						</did>
					</c03>
					<c03 level="file">
						<did>
							<unittitle>Levy, Ted</unittitle>
							<unitdate type="inclusive" normal="1991">1991</unitdate>
							<unitid type="local_mss">3155292</unitid>
							<container type="box">10</container>
							<container type="folder">11</container>
						</did>
					</c03>
					<c03 level="file">
						<did>
							<unittitle>Lyons, Carnell</unittitle>
							<unitdate type="inclusive" normal="1984/1992">1984-1992</unitdate>
							<unitid type="local_mss">3155293</unitid>
							<container type="box">10</container>
							<container type="folder">12</container>
						</did>
					</c03>
					<c03 level="file">
						<did>
							<unittitle>Nealy, Frances</unittitle>
							<unitdate type="inclusive" normal="1984/1996">1984-1996</unitdate>
							<unitid type="local_mss">3155295</unitid>
							<container type="box">10</container>
							<container type="folder">13</container>
						</did>
					</c03>
					<c03 level="file">
						<did>
							<unittitle>Nicholas Brothers</unittitle>
							<unitdate type="inclusive" normal="1988/1999">1988-1999</unitdate>
							<unitid type="local_mss">3155297</unitid>
							<container type="box">10</container>
							<container type="folder">14</container>
						</did>
					</c03>
					<c03 level="file">
						<did>
							<unittitle>Payne, Jimmy</unittitle>
							<unitdate type="inclusive" normal="1984">1984</unitdate>
							<unitid type="local_mss">3155298</unitid>
							<container type="box">10</container>
							<container type="folder">15</container>
						</did>
					</c03>
					<c03 level="file">
						<did>
							<unittitle>Peckett, Donna</unittitle>
							<unitdate type="inclusive" normal="1977/1985">1977-1985</unitdate>
							<unitid type="local_mss">3155300</unitid>
							<container type="box">10</container>
							<container type="folder">16</container>
						</did>
					</c03>
					<c03 level="file">
						<did>
							<unittitle>Clayton "Peg Leg" Bates</unittitle>
							<unitdate type="inclusive" normal="1997">1997</unitdate>
							<unitid type="local_mss">3155301</unitid>
							<container type="box">10</container>
							<container type="folder">17</container>
						</did>
					</c03>
					<c03 level="file">
						<did>
							<unittitle>Phillips, Thaddeus</unittitle>
							<unitdate type="inclusive" normal="2001">2001</unitdate>
							<unitid type="local_mss">3155302</unitid>
							<container type="box">10</container>
							<container type="folder">18</container>
						</did>
					</c03>
					<c03 level="file">
						<did>
							<unittitle>Raven, Jackie</unittitle>
							<unitdate type="inclusive" normal="1997/2003">1997-2003</unitdate>
							<unitid type="local_mss">3155304</unitid>
							<container type="box">10</container>
							<container type="folder">19</container>
						</did>
					</c03>
					<c03 level="file">
						<did>
							<unittitle>Reggio the Hoofer</unittitle>
							<unitid type="local_mss">3155305</unitid>
							<container type="box">10</container>
							<container type="folder">20</container>
						</did>
					</c03>
					<c03 level="file">
						<did>
							<unittitle>Rogers, Ginger</unittitle>
							<unitdate type="inclusive" normal="1943">1943</unitdate>
							<unitid type="local_mss">3155307</unitid>
							<container type="box">10</container>
							<container type="folder">21</container>
						</did>
					</c03>
					<c03 level="file">
						<did>
							<unittitle>Safford, Sarah</unittitle>
							<unitdate type="inclusive" normal="1987/1996">1987-1996</unitdate>
							<unitid type="local_mss">3155308</unitid>
							<container type="box">10</container>
							<container type="folder">22</container>
						</did>
					</c03>
					<c03 level="file">
						<did>
							<unittitle>Smith, Jason Samuels "Sam J"</unittitle>
							<unitdate type="inclusive" normal="2009">2009</unitdate>
							<unitid type="local_mss">3155309</unitid>
							<container type="box">10</container>
							<container type="folder">23</container>
						</did>
					</c03>
					<c03 level="file">
						<did>
							<unittitle>Sims, Howard "Sandman"</unittitle>
							<unitdate type="inclusive" normal="1977/1992">1977-1992</unitdate>
							<unitid type="local_mss">3155310</unitid>
							<container type="box">10</container>
							<container type="folder">24</container>
						</did>
					</c03>
					<c03 level="file">
						<did>
							<unittitle>Slyde, Jimmy</unittitle>
							<unitdate type="inclusive" normal="1982/2005">1982-2005</unitdate>
							<unitid type="local_mss">3155311</unitid>
							<container type="box">10</container>
							<container type="folder">25</container>
						</did>
					</c03>
					<c03 level="file">
						<did>
							<unittitle>Spina, Peggy</unittitle>
							<unitdate type="inclusive" normal="1993">1993</unitdate>
							<unitid type="local_mss">3155312</unitid>
							<container type="box">10</container>
							<container type="folder">26</container>
						</did>
					</c03>
					<c03 level="file">
						<did>
							<unittitle>Stanley, Jack</unittitle>
							<unitid type="local_mss">3155313</unitid>
							<container type="box">10</container>
							<container type="folder">27</container>
						</did>
					</c03>
					<c03 level="file">
						<did>
							<unittitle>Sunshine, L.J</unittitle>
							<unitdate type="inclusive" normal="2011">2011</unitdate>
							<unitid type="local_mss">3155314</unitid>
							<container type="box">10</container>
							<container type="folder">28</container>
						</did>
					</c03>
					<c03 level="file">
						<did>
							<unittitle>Tamango (Herbin Van Cayseele)</unittitle>
							<unitdate type="inclusive" normal="1994/2001">1994-2001</unitdate>
							<unitid type="local_mss">3155315</unitid>
							<container type="box">10</container>
							<container type="folder">29</container>
						</did>
					</c03>
					<c03 level="file">
						<did>
							<unittitle>Tune, Tommy</unittitle>
							<unitid type="local_mss">3155316</unitid>
							<container type="box">10</container>
							<container type="folder">30</container>
						</did>
					</c03>
					<c03 level="file">
						<did>
							<unittitle>Walker, Dianne</unittitle>
							<unitdate type="inclusive" normal="1999">1999</unitdate>
							<unitid type="local_mss">3155317</unitid>
							<container type="box">10</container>
							<container type="folder">31</container>
						</did>
					</c03>
					<c03 level="file">
						<did>
							<unittitle>Wasserman, Dorothy</unittitle>
							<unitdate type="inclusive" normal="1989/1991">1989-1991</unitdate>
							<unitid type="local_mss">3155318</unitid>
							<container type="box">10</container>
							<container type="folder">32</container>
						</did>
					</c03>
					<c03 level="file">
						<did>
							<unittitle>Young Tappers</unittitle>
							<unitdate type="inclusive" normal="2006/2014">2006-2014</unitdate>
							<unitid type="local_mss">3155319</unitid>
							<container type="box">11</container>
						</did>
					</c03>
					<c03 level="file">
						<did>
							<unittitle>American Tap Orchestra</unittitle>
							<unitdate type="inclusive" normal="1986/1996">1986-1996</unitdate>
							<unitid type="local_mss">3155320</unitid>
							<container type="box">11</container>
							<container type="folder">2</container>
						</did>
					</c03>
					<c03 level="file">
						<did>
							<unittitle>Jazz Tap Ensemble</unittitle>
							<unitdate type="inclusive" normal="1979/1991">1979-1991</unitdate>
							<unitid type="local_mss">3155322</unitid>
							<container type="box">11</container>
							<container type="folder">3</container>
						</did>
					</c03>
					<c03 level="file">
						<did>
							<unittitle>Various Jazz Musicians</unittitle>
							<unitdate type="inclusive" normal="1974/1999">1974-1999</unitdate>
							<unitid type="local_mss">3155324</unitid>
							<container type="box">11</container>
							<container type="folder">4</container>
						</did>
					</c03>
					<c03 level="file">
						<did>
							<unittitle>Jerry Ames Tap Dance Company</unittitle>
							<unitdate type="inclusive" normal="1976/1977">1976-1977</unitdate>
							<unitid type="local_mss">3155325</unitid>
							<container type="box">11</container>
							<container type="folder">5</container>
						</did>
					</c03>
					<c03 level="file">
						<did>
							<unittitle>Manhattan Tap</unittitle>
							<unitdate type="inclusive" normal="1986/1992">1986-1992</unitdate>
							<unitid type="local_mss">3155327</unitid>
							<container type="box">11</container>
							<container type="folder">6</container>
						</did>
					</c03>
					<c03 level="file">
						<did>
							<unittitle>New Jersey Tap Ensemble</unittitle>
							<unitdate type="inclusive" normal="2002">2002</unitdate>
							<unitid type="local_mss">3155328</unitid>
							<container type="box">11</container>
							<container type="folder">7</container>
						</did>
					</c03>
					<c03 level="file">
						<did>
							<unittitle>New York City Tapworks</unittitle>
							<unitdate type="inclusive" normal="1981/1987">1981-1987</unitdate>
							<unitid type="local_mss">3155329</unitid>
							<container type="box">11</container>
							<container type="folder">8</container>
						</did>
					</c03>
					<c03 level="file">
						<did>
							<unittitle>Philadelphia Tap Dancers</unittitle>
							<unitdate type="inclusive" normal="1985">1985</unitdate>
							<unitid type="local_mss">3155330</unitid>
							<container type="box">11</container>
							<container type="folder">9</container>
						</did>
					</c03>
					<c03 level="file">
						<did>
							<unittitle>Tappers with Attitude</unittitle>
							<unitdate type="inclusive" normal="2001/2003">2001-2003</unitdate>
							<unitid type="local_mss">3155331</unitid>
							<container type="box">11</container>
							<container type="folder">10</container>
						</did>
					</c03>
					<c03 level="file">
						<did>
							<unittitle>Young Hoofers</unittitle>
							<unitdate type="inclusive" normal="1998/1999">1998-1999</unitdate>
							<unitid type="local_mss">3155332</unitid>
							<container type="box">11</container>
							<container type="folder">11</container>
						</did>
					</c03>
					<c03 level="file">
						<did>
							<unittitle>Austin on Tap</unittitle>
							<unitdate type="inclusive" normal="1983/1984">1983-1984</unitdate>
							<unitid type="local_mss">3155333</unitid>
							<container type="box">11</container>
							<container type="folder">12</container>
						</did>
					</c03>
					<c03 level="file">
						<did>
							<unittitle>Tap-Tronics</unittitle>
							<unitdate type="inclusive" normal="1984">1984</unitdate>
							<unitid type="local_mss">3155334</unitid>
							<container type="box">11</container>
							<container type="folder">13</container>
						</did>
					</c03>
				</c02>
				<c02 level="subseries">
					<did>
						<unittitle>Programs</unittitle>
						<unitdate type="inclusive" normal="1970/2017">1970s-2017</unitdate>
						<unitid type="local_mss">3156957</unitid>
					</did>
					<c03 level="file">
						<did>
							<unittitle><title>By Word of Foot</title></unittitle>
							<unitdate type="inclusive" normal="1980/2013">1980-2013</unitdate>
							<unitid type="local_mss">3155377</unitid>
							<container type="box">11</container>
							<container type="folder">14</container>
						</did>
					</c03>
					<c03 level="file">
						<did>
							<unittitle>Changing Times Tap Dance Company</unittitle>
							<unitdate type="inclusive" normal="1979/2008">1979-2008</unitdate>
							<unitid type="local_mss">3155336</unitid>
							<container type="box">11</container>
							<container type="folder">15</container>
						</did>
					</c03>
					<c03 level="file">
						<did>
							<unittitle>Flo-Bert Awards</unittitle>
							<unitdate type="inclusive" normal="1991/2015">1991-2015</unitdate>
							<unitid type="local_mss">3155337</unitid>
							<container type="box">11</container>
							<container type="folder">16</container>
						</did>
					</c03>
					<c03 level="file">
						<did>
							<unittitle>Jacob's Pillow Dance Festival</unittitle>
							<unitdate type="inclusive" normal="1978">1978</unitdate>
							<unitid type="local_mss">3155339</unitid>
							<container type="box">12</container>
							<container type="folder">1</container>
						</did>
					</c03>
					<c03 level="file">
						<did>
							<unittitle><title>Old, New, Borrowed and Bluesy</title></unittitle>
							<unitdate type="inclusive" normal="1982/1983">1982-1983</unitdate>
							<unitid type="local_mss">3155340</unitid>
							<container type="box">12</container>
							<container type="folder">2</container>
						</did>
					</c03>
					<c03 level="file">
						<did>
							<unittitle><title>Rhythm and Schmooze</title></unittitle>
							<unitdate type="inclusive" normal="1990/2017">1990-2017</unitdate>
							<unitid type="local_mss">3155341</unitid>
							<container type="box">12</container>
							<container type="folder">3</container>
						</did>
					</c03>
					<c03 level="file">
						<did>
							<unittitle>Festivals and Revues</unittitle>
							<unitdate type="inclusive" normal="1973/2016">1973-2016</unitdate>
							<unitid type="local_mss">3155342</unitid>
							<container type="box">12</container>
							<container type="folder">4-5</container>
						</did>
					</c03>
					<c03 level="file">
						<did>
							<unittitle>Programs (general)</unittitle>
							<unitdate type="inclusive" normal="1970/1999">1970s-1990s</unitdate>
							<unitid type="local_mss">3155343</unitid>
							<container type="box">12</container>
							<container type="folder">6-9</container>
						</did>
					</c03>
				</c02>
				<c02 level="subseries">
					<did>
						<unittitle>Subject Files</unittitle>
						<unitdate type="inclusive" normal="1948/2017">1948-2017</unitdate>
						<unitid type="local_mss">3156958</unitid>
					</did>
					<c03 level="file">
						<did>
							<unittitle>Awards</unittitle>
							<unitdate type="inclusive" normal="1982/2003">1982-2003</unitdate>
							<unitid type="local_mss">3155344</unitid>
							<container type="box">12</container>
							<container type="folder">10</container>
						</did>
					</c03>
					<c03 level="file">
						<did>
							<unittitle><title>By Word of Foot</title></unittitle>
							<unitdate type="inclusive" normal="1979/2003">1979-2003</unitdate>
							<unitid type="local_mss">3156664</unitid>
						</did>
						<c04 level="file">
							<did>
								<unittitle>Questionnaires</unittitle>
								<unitdate type="inclusive" normal="1983">1983</unitdate>
								<unitid type="local_mss">3155647</unitid>
								<container type="box">13</container>
								<container type="folder">5</container>
							</did>
						</c04>
						<c04 level="file">
							<did>
								<unittitle>Background Information</unittitle>
								<unitdate type="inclusive" normal="1984">1984</unitdate>
								<unitid type="local_mss">3155492</unitid>
								<container type="box">12</container>
								<container type="folder">11</container>
							</did>
						</c04>
						<c04 level="file">
							<did>
								<unittitle>Promotional Materials</unittitle>
								<unitdate type="inclusive" normal="1982/2000">1982-2000</unitdate>
								<unitid type="local_mss">3155493</unitid>
								<container type="box">12</container>
								<container type="folder">12</container>
							</did>
						</c04>
						<c04 level="file">
							<did>
								<unittitle>Support Letters to National Endowment for the Arts</unittitle>
								<unitdate type="inclusive" normal="1979">1979</unitdate>
								<unitid type="local_mss">3155494</unitid>
								<container type="box">12</container>
								<container type="folder">13</container>
							</did>
						</c04>
						<c04 level="file">
							<did>
								<unittitle>Letters of Agreement</unittitle>
								<unitdate type="inclusive" normal="1980/1985">1980-1985</unitdate>
								<unitid type="local_mss">3155495</unitid>
							</did>
						</c04>
						<c04 level="file">
							<did>
								<unittitle>Financial Documents</unittitle>
								<unitdate type="inclusive" normal="1983">1983</unitdate>
								<unitid type="local_mss">3155496</unitid>
								<container type="box">13</container>
								<container type="folder">1</container>
							</did>
						</c04>
						<c04 level="file">
							<did>
								<unittitle>Press</unittitle>
								<unitdate type="inclusive" normal="2003">2003</unitdate>
								<unitid type="local_mss">3155497</unitid>
								<container type="box">13</container>
								<container type="folder">2</container>
							</did>
						</c04>
						<c04 level="file">
							<did>
								<unittitle>Videotape Documents</unittitle>
								<unitdate type="inclusive" normal="1982">1982</unitdate>
								<unitid type="local_mss">3155498</unitid>
								<container type="box">13</container>
								<container type="folder">3</container>
							</did>
						</c04>
						<c04 level="file">
							<did>
								<unittitle>Letters</unittitle>
								<unitdate type="inclusive" normal="1982">1982</unitdate>
								<unitid type="local_mss">3155499</unitid>
								<container type="box">13</container>
								<container type="folder">4</container>
							</did>
						</c04>
					</c03>
					<c03 level="file">
						<did>
							<unittitle>Changing Times Tap Dancing Company Administrative Records</unittitle>
							<unitdate type="inclusive" normal="1979/2017">1979-2017</unitdate>
							<unitid type="local_mss">3155649</unitid>
						</did>
						<c04 level="file">
							<did>
								<unittitle>Background Information</unittitle>
								<unitdate type="inclusive" normal="1979">1979</unitdate>
								<unitid type="local_mss">3155500</unitid>
								<container type="box">13</container>
								<container type="folder">6</container>
							</did>
						</c04>
						<c04 level="file">
							<did>
								<unittitle>Budgets</unittitle>
								<unitdate type="inclusive" normal="1982/1985">1982-1985</unitdate>
								<unitid type="local_mss">3155502</unitid>
								<container type="box">13</container>
								<container type="folder">7</container>
							</did>
						</c04>
						<c04 level="file">
							<did>
								<unittitle>Donors and Board of Directors</unittitle>
								<unitdate type="inclusive" normal="1983/1987">1983-1987</unitdate>
								<unitid type="local_mss">3155503</unitid>
								<container type="box">13</container>
								<container type="folder">8</container>
							</did>
						</c04>
						<c04 level="file">
							<did>
								<unittitle>Income Statements</unittitle>
								<unitdate type="inclusive" normal="1985/1987">1985-1987</unitdate>
								<unitid type="local_mss">3155504</unitid>
								<container type="box">13</container>
								<container type="folder">9</container>
							</did>
						</c04>
						<c04 level="file">
							<did>
								<unittitle>Grant Proposals</unittitle>
								<unitdate type="inclusive" normal="1982/1983">1982-1983</unitdate>
								<unitid type="local_mss">3155505</unitid>
								<container type="box">13</container>
								<container type="folder">10</container>
							</did>
						</c04>
						<c04 level="file">
							<did>
								<unittitle>Footprint: News on Tap Newsletter</unittitle>
								<unitdate type="inclusive" normal="1983">1983</unitdate>
								<unitid type="local_mss">3155506</unitid>
								<container type="box">13</container>
								<container type="folder">11</container>
							</did>
						</c04>
						<c04 level="file">
							<did>
								<unittitle>Production Budgets</unittitle>
								<unitid type="local_mss">3155507</unitid>
								<container type="box">13</container>
								<container type="folder">12</container>
							</did>
						</c04>
						<c04 level="file">
							<did>
								<unittitle>Tap Museum</unittitle>
								<unitdate type="inclusive" normal="2017">2017</unitdate>
								<unitid type="local_mss">3155508</unitid>
								<container type="box">13</container>
								<container type="folder">13</container>
							</did>
						</c04>
						<c04 level="file">
							<did>
								<unittitle><title>By Word of Foot</title></unittitle>
								<unitid type="local_mss">3155509</unitid>
								<container type="box">13</container>
								<container type="folder">14</container>
							</did>
						</c04>
						<c04 level="file">
							<did>
								<unittitle>Agreements and Contracts</unittitle>
								<unitdate type="inclusive" normal="1979/2008">1979-2008</unitdate>
								<unitid type="local_mss">3155510</unitid>
								<container type="box">13</container>
								<container type="folder">15</container>
							</did>
						</c04>
						<c04 level="file">
							<did>
								<unittitle>Contract Templates</unittitle>
								<unitdate type="inclusive" normal="1979">1979</unitdate>
								<unitid type="local_mss">3155511</unitid>
								<container type="box">13</container>
								<container type="folder">16</container>
							</did>
						</c04>
					</c03>
					<c03 level="file">
						<did>
							<unittitle>Colorado Dance Festival, Tap Summit Evaluations</unittitle>
							<unitdate type="inclusive" normal="1986/1987">1986-1987</unitdate>
							<unitid type="local_mss">3155462</unitid>
							<container type="box">13</container>
							<container type="folder">17</container>
						</did>
					</c03>
					<c03 level="file">
						<did>
							<unittitle>Correspondence</unittitle>
							<unitdate type="inclusive" normal="1972/2017">1972-2017</unitdate>
							<unitid type="local_mss">3155652</unitid>
						</did>
						<c04 level="file">
							<did>
								<unittitle>Letters of Praise</unittitle>
								<unitdate type="inclusive" normal="1972/2012">1972-2012</unitdate>
								<unitid type="local_mss">3155513</unitid>
								<container type="box">13</container>
								<container type="folder">18-22</container>
							</did>
						</c04>
						<c04 level="file">
							<did>
								<unittitle>Letters Requesting Advisory</unittitle>
								<unitdate type="inclusive" normal="1980/1988">1980-1988</unitdate>
								<unitid type="local_mss">3155514</unitid>
								<container type="box">13</container>
								<container type="folder">23</container>
							</did>
						</c04>
						<c04 level="file">
							<did>
								<unittitle>Hoofer Letters</unittitle>
								<unitdate type="inclusive" normal="1980/1995">1980-1995</unitdate>
								<unitid type="local_mss">3155515</unitid>
								<container type="box">13</container>
								<container type="folder">24</container>
							</did>
						</c04>
						<c04 level="file">
							<did>
								<unittitle>Guralnick, Peter</unittitle>
								<unitdate type="inclusive" normal="1993/2007">1993-2007</unitdate>
								<unitid type="local_mss">3155520</unitid>
								<container type="box">13</container>
								<container type="folder">25</container>
							</did>
						</c04>
						<c04 level="file">
							<did>
								<unittitle>Hinckley, David</unittitle>
								<unitdate type="inclusive" normal="1991/2004">1991-2004</unitdate>
								<unitid type="local_mss">3155521</unitid>
								<container type="box">13</container>
								<container type="folder">26</container>
							</did>
						</c04>
						<c04 level="file">
							<did>
								<unittitle>Johnson, Joyce</unittitle>
								<unitid type="local_mss">3155522</unitid>
								<container type="box">14</container>
								<container type="folder">1</container>
							</did>
						</c04>
						<c04 level="file">
							<did>
								<unittitle>McQuade, Molly</unittitle>
								<unitdate type="inclusive" normal="1987/1995">1987-1995</unitdate>
								<unitid type="local_mss">3155519</unitid>
								<container type="box">14</container>
								<container type="folder">2</container>
							</did>
						</c04>
						<c04 level="file">
							<did>
								<unittitle>"Slice of Life"</unittitle>
								<unitdate type="inclusive" normal="1983/2005">1983-2005</unitdate>
								<unitid type="local_mss">3155523</unitid>
								<container type="box">14</container>
								<container type="folder">3</container>
							</did>
						</c04>
						<c04 level="file">
							<did>
								<unittitle>Letters of Recommendation</unittitle>
								<unitdate type="inclusive" normal="1977/2006">1977-2006</unitdate>
								<unitid type="local_mss">3155650</unitid>
								<container type="box">14</container>
								<container type="folder">4</container>
							</did>
						</c04>
						<c04 level="file">
							<did>
								<unittitle>Celebrity Letters</unittitle>
								<unitdate type="inclusive" normal="1975/2017">1975-2017</unitdate>
								<unitid type="local_mss">3155525</unitid>
								<container type="box">14</container>
								<container type="folder">5</container>
							</did>
						</c04>
					</c03>
					<c03 level="file">
						<did>
							<unittitle>Interview Transcripts</unittitle>
							<unitdate type="inclusive" normal="1979/1996">1979-1996</unitdate>
							<unitid type="local_mss">3155544</unitid>
							<container type="box">14</container>
							<container type="folder">6-9</container>
						</did>
					</c03>
					<c03 level="file">
						<did>
							<unittitle>Jacob's Pillow Dance Festival</unittitle>
							<unitdate type="inclusive" normal="1964">1964</unitdate>
							<unitid type="local_mss">3155531</unitid>
							<container type="box">14</container>
							<container type="folder">10</container>
						</did>
					</c03>
					<c03 level="file">
						<did>
							<unittitle>Jane Goldberg's Story</unittitle>
							<unitdate type="inclusive" normal="1948/2017">1948-2017</unitdate>
							<unitid type="local_mss">3155653</unitid>
						</did>
						<c04 level="file">
							<did>
								<unittitle>Annotations</unittitle>
								<unitdate type="inclusive" normal="1984/2005">1984-2005</unitdate>
								<unitid type="local_mss">3155534</unitid>
								<container type="box">14</container>
								<container type="folder">11</container>
							</did>
						</c04>
						<c04 level="file">
							<did>
								<unittitle>Articles and Clippings</unittitle>
								<unitdate type="inclusive" normal="1963/2015">1963-2015</unitdate>
								<unitid type="local_mss">3155535</unitid>
								<container type="box">14</container>
								<container type="folder">12</container>
							</did>
						</c04>
						<c04 level="file">
							<did>
								<unittitle>Branding and Design</unittitle>
								<unitdate type="inclusive" normal="1979">1979</unitdate>
								<unitid type="local_mss">3155536</unitid>
								<container type="box">14</container>
								<container type="folder">13</container>
							</did>
						</c04>
						<c04 level="file">
							<did>
								<unittitle>Correspondence</unittitle>
								<unitdate type="inclusive" normal="1978/2017">1978-2017</unitdate>
								<unitid type="local_mss">3155676</unitid>
								<container type="box">14</container>
								<container type="folder">14</container>
							</did>
						</c04>
						<c04 level="file">
							<did>
								<unittitle>Ephemera</unittitle>
								<unitdate type="inclusive" normal="1948/1997">1948-1997</unitdate>
								<unitid type="local_mss">3155538</unitid>
								<container type="box">14</container>
								<container type="folder">15</container>
							</did>
						</c04>
						<c04 level="file">
							<did>
								<unittitle>Photographs</unittitle>
								<unitdate type="inclusive" normal="1970/1998" certainty="approximate">circa 1970s-1998</unitdate>
								<unitid type="local_mss">3155539</unitid>
								<container type="box">14</container>
								<container type="folder">16</container>
							</did>
						</c04>
						<c04 level="file">
							<did>
								<unittitle>Programs</unittitle>
								<unitdate type="inclusive" normal="1962/2005">1962-2005</unitdate>
								<unitid type="local_mss">3155540</unitid>
								<container type="box">15</container>
								<container type="folder">1</container>
							</did>
						</c04>
						<c04 level="file">
							<did>
								<unittitle>Writing and Interviews</unittitle>
								<unitdate type="inclusive" normal="1966/1998">1966-1998</unitdate>
								<unitid type="local_mss">3155541</unitid>
								<container type="box">15</container>
								<container type="folder">2</container>
							</did>
						</c04>
					</c03>
					<c03 level="file">
						<did>
							<unittitle>Memorials and Obituaries</unittitle>
							<unitdate type="inclusive" normal="1980/2014">1980-2014</unitdate>
							<unitid type="local_mss">3155545</unitid>
							<container type="box">15</container>
							<container type="folder">3-5</container>
						</did>
					</c03>
					<c03 level="file">
						<did>
							<unittitle>Music Charts</unittitle>
							<unitid type="local_mss">3155546</unitid>
							<container type="box">15</container>
							<container type="folder">6</container>
						</did>
					</c03>
					<c03 level="file">
						<did>
							<unittitle>Press Releases</unittitle>
							<unitdate type="inclusive" normal="1978/2001">1978-2001</unitdate>
							<unitid type="local_mss">3155547</unitid>
							<container type="box">15</container>
							<container type="folder">7</container>
						</did>
					</c03>
					<c03 level="file">
						<did>
							<unittitle>Promotional Materials</unittitle>
							<unitdate type="inclusive" normal="1978/2012">1978-2012</unitdate>
							<unitid type="local_mss">3155548</unitid>
							<container type="box">15</container>
							<container type="folder">8-10</container>
						</did>
					</c03>
					<c03 level="file">
						<did>
							<unittitle>Scripts</unittitle>
							<unitdate type="inclusive" normal="1979/1990">1979-1990</unitdate>
							<unitid type="local_mss">3155550</unitid>
							<container type="box">15</container>
							<container type="folder">11</container>
							<container type="box">16</container>
							<container type="folder">1</container>
						</did>
					</c03>
					<c03 level="file">
						<did>
							<unittitle><title>Shoot Me While I'm Happy</title> book</unittitle>
							<unitdate type="inclusive" normal="2008/2009">2008-2009</unitdate>
							<unitid type="local_mss">3155551</unitid>
							<container type="box">16</container>
							<container type="folder">2</container>
						</did>
					</c03>
					<c03 level="file">
						<did>
							<unittitle><title>Sole Sisters</title></unittitle>
							<unitdate type="inclusive" normal="1986/1990">1986-1990</unitdate>
							<unitid type="local_mss">3155552</unitid>
							<container type="box">16</container>
							<container type="folder">3</container>
						</did>
					</c03>
					<c03 level="file">
						<did>
							<unittitle>Tap-A-Grams</unittitle>
							<unitdate type="inclusive" normal="1983">1983</unitdate>
							<unitid type="local_mss">3155553</unitid>
							<container type="box">16</container>
							<container type="folder">4</container>
						</did>
					</c03>
					<c03 level="file">
						<did>
							<unittitle><title>Tap</title> the movie</unittitle>
							<unitdate type="inclusive" normal="1988">1988</unitdate>
							<unitid type="local_mss">3155569</unitid>
							<container type="box">16</container>
							<container type="folder">6</container>
						</did>
					</c03>
					<c03 level="file">
						<did>
							<unittitle>Women in Tap Conference</unittitle>
							<unitdate type="inclusive" normal="2008">2008</unitdate>
							<unitid type="local_mss">3155555</unitid>
							<container type="box">16</container>
							<container type="folder">7</container>
						</did>
					</c03>
				</c02>
				<c02 level="subseries">
					<did>
						<unittitle>Photographs</unittitle>
						<unitdate type="inclusive" normal="1950/2004">1950-2004</unitdate>
						<unitid type="local_mss">3156959</unitid>
					</did>
					<c03 level="file">
						<did>
							<unittitle>Jane Goldberg Solo Performances</unittitle>
							<unitdate type="inclusive" normal="1973/1986">1973-1986</unitdate>
							<unitid type="local_mss">3155557</unitid>
							<container type="box">16</container>
							<container type="folder">8</container>
						</did>
					</c03>
					<c03 level="file">
						<did>
							<unittitle>Jane Goldberg's Favorites</unittitle>
							<unitdate type="inclusive" normal="1979/1989">1979-1989</unitdate>
							<unitid type="local_mss">3155558</unitid>
							<container type="box">16</container>
							<container type="folder">9</container>
						</did>
					</c03>
					<c03 level="file">
						<did>
							<unittitle>Jane with Hoofers</unittitle>
							<unitdate type="inclusive" normal="1979/1995">1979-1995</unitdate>
							<unitid type="local_mss">3155559</unitid>
							<container type="box">16</container>
							<container type="folder">10</container>
						</did>
					</c03>
					<c03 level="file">
						<did>
							<unittitle>Jane and Charles "Cookie" Cook</unittitle>
							<unitdate type="inclusive" normal="1975/1989">1975-1989</unitdate>
							<unitid type="local_mss">3155560</unitid>
							<container type="box">16</container>
							<container type="folder">11</container>
						</did>
					</c03>
					<c03 level="file">
						<did>
							<unittitle>Cook, Charles "Cookie"</unittitle>
							<unitdate type="inclusive" normal="1983/1985">1983-1985</unitdate>
							<unitid type="local_mss">3155561</unitid>
							<container type="box">17</container>
							<container type="folder">1</container>
						</did>
					</c03>
					<c03 level="file">
						<did>
							<unittitle>City Hall Visit with John Bubbles</unittitle>
							<unitdate type="inclusive" normal="1980-10-21">1980 October 21</unitdate>
							<unitid type="local_mss">3155562</unitid>
							<container type="box">17</container>
							<container type="folder">2</container>
						</did>
					</c03>
					<c03 level="file">
						<did>
							<unittitle>Other Hoofers, A-W</unittitle>
							<unitdate type="inclusive" normal="1950/1985">1950-1985</unitdate>
							<unitid type="local_mss">3155563</unitid>
							<container type="box">17</container>
							<container type="folder">3</container>
						</did>
					</c03>
					<c03 level="file">
						<did>
							<unittitle>Other Hoofers, Duos</unittitle>
							<unitdate type="inclusive" normal="1977/1985">1977-1985</unitdate>
							<unitid type="local_mss">3155564</unitid>
							<container type="box">17</container>
							<container type="folder">4</container>
						</did>
					</c03>
					<c03 level="file">
						<did>
							<unittitle>Other Hoofers, Groups</unittitle>
							<unitdate type="inclusive" normal="1970/1999" certainty="approximate">circa 1970s-1990s</unitdate>
							<unitid type="local_mss">3155656</unitid>
							<container type="box">17</container>
							<container type="folder">5</container>
						</did>
					</c03>
					<c03 level="file">
						<did>
							<unittitle><title>By Word of Foot</title></unittitle>
							<unitdate type="inclusive" normal="1980/1982">1980-1982</unitdate>
							<unitid type="local_mss">3155566</unitid>
							<container type="box">17</container>
							<container type="folder">6</container>
						</did>
					</c03>
					<c03 level="file">
						<did>
							<unittitle>Tap Shows</unittitle>
							<unitdate type="inclusive" normal="1977/1985">1977-1985</unitdate>
							<unitid type="local_mss">3155567</unitid>
							<container type="box">17</container>
							<container type="folder">7</container>
						</did>
					</c03>
					<c03 level="file">
						<did>
							<unittitle><title>Tap</title> the movie</unittitle>
							<unitdate type="inclusive" normal="1988">1988</unitdate>
							<unitid type="local_mss">3155568</unitid>
							<container type="box">17</container>
							<container type="folder">8</container>
						</did>
					</c03>
					<c03 level="file">
						<did>
							<unittitle>India</unittitle>
							<unitdate type="inclusive" normal="1994/1998">1994-1998</unitdate>
							<unitid type="local_mss">3155570</unitid>
							<container type="box">17</container>
							<container type="folder">9-10</container>
						</did>
					</c03>
					<c03 level="file">
						<did>
							<unittitle>Pictorial History of Jane's Peers and Confidantes</unittitle>
							<unitdate type="inclusive" normal="1977/1995">1977-1995</unitdate>
							<unitid type="local_mss">3155572</unitid>
							<container type="box">18</container>
							<container type="folder">1</container>
						</did>
					</c03>
					<c03 level="file">
						<did>
							<unittitle>Pictorial History of Jane's Shows</unittitle>
							<unitdate type="inclusive" normal="1976/1998">1976-1998</unitdate>
							<unitid type="local_mss">3155601</unitid>
							<container type="box">18</container>
							<container type="folder">2-3</container>
						</did>
					</c03>
					<c03 level="file">
						<did>
							<unittitle>Pictorial History of Jane's Dance Community</unittitle>
							<unitdate type="inclusive" normal="1974/1996">1974-1996</unitdate>
							<unitid type="local_mss">3155655</unitid>
							<container type="box">18</container>
							<container type="folder">4</container>
						</did>
					</c03>
					<c03 level="file">
						<did>
							<unittitle>Jane Goldberg Personal</unittitle>
							<unitdate type="inclusive" normal="1980/2004" certainty="approximate">circa 1980s-2004</unitdate>
							<unitid type="local_mss">3155607</unitid>
							<container type="box">18</container>
							<container type="folder">5-6</container>
							<container type="box">19</container>
							<container type="folder">1-2</container>
						</did>
					</c03>
				</c02>
				<c02 level="file">
					<did>
						<unittitle>Oversized Posters</unittitle>
						<unitdate type="inclusive" normal="1980/2013">1980-2013</unitdate>
						<unitid type="local_mss">3155677</unitid>
						<container type="oversize_folder">1</container>
					</did>
					<scopecontent>
						<p>Included are promotional posters for various Changing Times performances including <title>Talking Tap: Rhythm
								and Schmooze</title>, <title>It's About Time: An Evening of Jazz Tap Dancing</title>, and <title>Sole
								Sisters</title>. Other posters include one from the 1985 Chicago Jazz Festival and one from Goldberg's residency
							at the Heliker-LaHotan Foundation in Maine.</p>
					</scopecontent>
				</c02>
			</c01>
			<c01 level="series">
				<did>
					<unittitle>Series II: Audio, Video, and Film Recordings</unittitle>
					<unitdate type="inclusive" normal="1958/2011" certainty="approximate">circa 1958-2011</unitdate>
					<unitid type="local_mss">3157011</unitid>
					<physdesc><extent unit="containers">9 boxes</extent><extent unit="linear_feet">8 linear feet</extent></physdesc>
				</did>
				<scopecontent>
					<p>Series II consists of audio and moving image recordings that demonstrate both the prolific performing activity
						of Goldberg, and her commitment to the documentation of hoofers' legacies. Dating from the early 1960s to 2011 are
						over 350 original media items. Goldberg's archives include recorded performances, interviews, memorials, teaching
						sessions, and lectures.</p>
					<p>This Series is arranged into eight sections including Early Tap Recitals; Performances; Excerpts; Individual and
						Group Performances; India; Interviews and Conversations; Teaching Sessions and Lectures; Festivals and
						Conferences; Rehearsals; Promotional Materials; Changing Times Tap Company Archives; Commercial Recordings; and
						Memorials.</p>
					<p>Performances and shows from the Changing Times Tap Company oeuvre are well-represented in both moving image and
						audio formats. These shows include <title>Rhythm and Schmooze</title>, <title>Shoot Me While I'm Happy</title>,
							<title>Sole Sisters</title>, <title>The Tappin' Talk Show</title>, <title>The Tap Goddess Speaks</title> and
						Goldberg's first show <title>It's About Time</title> from February 1978. Other shows from the company include
							<title>Depression's Back And So Is Tap</title>, excerpts from <title>By Word of Foot 2</title>, <title>Topical
							Tap</title>, <title>Rapping and Tapping</title>, and untitled performances with other hoofers such as Leon
						Collins, Harold Cromer, Marion Coles, and Buster Brown among many others.</p>
					<p>In addition to the Company's performances, Jane also recorded many individual (and often informal) performances
						by tap dance greats such as Cholly Atkins, Charles Cookie Cook, Brenda Bufalino, Bubba Gaines, Honi Coles, and
						Sandman Sims. Some of these performances also include candid conversations among the subjects.</p>
					<p>The interviews in the series include those of Goldberg being interviewed on radio, TV, during festivals and
						conferences, and by students. Many of the interviews and conversations of other dancers were recorded by Jane
						herself and include transcriptions that are present in Series I of this collection.</p>
				</scopecontent>
				<accessrestrict>
					<p>Audio, video, and film recordings are unavailable pending digitization. Electronic records are unavailable.</p>
				</accessrestrict>
			</c01>
		</dsc>
	</archdesc>
</ead>
