<?xml version="1.0" encoding="UTF-8"?>
<ead xmlns="urn:isbn:1-931666-22-9" xmlns:xsi="http://www.w3.org/2001/XMLSchema-instance" xmlns:xlink="http://www.w3.org/1999/xlink" xsi:schemaLocation="urn:isbn:1-931666-22-9 http://www.loc.gov/ead/ead.xsd">
  <eadheader countryencoding="iso3166-1" dateencoding="iso8601" langencoding="iso639-2b" repositoryencoding="iso15511" relatedencoding="marc" scriptencoding="iso8601"><eadid countrycode="US" mainagencycode="US-NN" url="http://archives.nypl.org/brg/24833.xml">brg24833.xml</eadid><filedesc><titlestmt><titleproper>Guide to the Remarks occassioned [sic] by poetry : typescript with corrections / E. Estlin Cummings, <date>1916 May 29</date></titleproper></titlestmt><publicationstmt><publisher>The New York Public Library. Henry W. and Albert A. Berg Collection of English and American Literature.</publisher><address><addressline>Stephen A. Schwarzman Building</addressline><addressline>Fifth Avenue at 42nd Street, New York, NY 10018-2788</addressline></address></publicationstmt></filedesc><profiledesc><creation>EAD generated by archives.nypl.org on <date normal="2019-12-10">December 10, 2019</date></creation><langusage><language langcode="eng">English</language></langusage></profiledesc></eadheader>
  
  <archdesc level="collection"><did><unittitle>Remarks occassioned [sic] by poetry : typescript with corrections / E. Estlin Cummings</unittitle><unitdate type="inclusive" normal="1916-05-29">1916 May 29</unitdate><unitid type="local_mss">24833</unitid><unitid type="local_call">Berg Coll 24833</unitid><origination><persname role="creator" source="naf" authfilenumber="http://id.loc.gov/authorities/names/n79038464">Cummings, E. E. (Edward Estlin), 1894-1962</persname></origination><repository><corpname>The New York Public Library. Henry W. and Albert A. Berg Collection of English and American Literature.</corpname><address><addressline>Stephen A. Schwarzman Building</addressline><addressline>Fifth Avenue at 42nd Street, New York, NY 10018-2788</addressline></address></repository><physdesc><extent>1 item ([1], 13 leaves)</extent><dimensions>27 x 21 cm</dimensions></physdesc><abstract>Edward Estlin Cummings was an American poet, novelist, playwright and essayist. He was a graduate of Harvard University (B.A. 1915, M.A. 1916). Le Baron Russell Briggs (1855-1934) was a professor, dean, and college president at Harvard University. E.E. Cummings submitted this unpublished academic essay, "Remarks Occassioned [sic] by Poetry" for a course he took at Harvard with Le Baron Russell Briggs, History and Principles of English Versification ("English 16"). Cummings places his literary analysis in the context of an entertaining conversation with a spirit, the discussion ranging from Beowulf to the modernists of his own time. Aside from the notation of a spelling error in the title, emendations appear to be made by Cummings. The designation "1G" after Cummings's name identifies him as a first-year student in the Graduate School of Arts and Sciences</abstract></did><prefercite><p>Remarks occassioned [sic] by poetry : typescript with corrections / E. Estlin Cummings, Henry W. and Albert A. Berg Collection of English and American Literature, The New York Public Library</p></prefercite><acqinfo><p>Purchased from Glenn Horowitz Bookseller, 2018</p></acqinfo><controlaccess><persname role="annotator" source="naf" authfilenumber="http://id.loc.gov/authorities/names/no91011862">Briggs, Le Baron Russell, 1855-1934</persname><persname source="naf" authfilenumber="http://id.loc.gov/authorities/names/n79038464">Cummings, E. E. (Edward Estlin), 1894-1962</persname><corpname source="naf" authfilenumber="http://id.loc.gov/authorities/names/n78096930">Harvard University -- Students.</corpname><subject source="lcsh">Poetry -- Study and teaching</subject><subject source="lcsh">Poets, American -- 20th century</subject><genreform source="aat" authfilenumber="http://id.loc.gov/authorities/names/300026291">Essays</genreform><genreform source="aat" authfilenumber="http://id.loc.gov/authorities/names/300028577">Typescripts</genreform><occupation source="itoamc">Educators</occupation><occupation source="itoamc">Poets</occupation></controlaccess></archdesc>
</ead>
