<?xml version="1.0" encoding="UTF-8"?>
<ead xmlns="urn:isbn:1-931666-22-9" xmlns:xsi="http://www.w3.org/2001/XMLSchema-instance" xmlns:xlink="http://www.w3.org/1999/xlink" xsi:schemaLocation="urn:isbn:1-931666-22-9 http://www.loc.gov/ead/ead.xsd">
  <eadheader countryencoding="iso3166-1" dateencoding="iso8601" langencoding="iso639-2b" repositoryencoding="iso15511" relatedencoding="marc" scriptencoding="iso8601"><eadid countrycode="US" mainagencycode="US-NN" url="http://archives.nypl.org/brg/24834.xml">brg24834.xml</eadid><filedesc><titlestmt><titleproper>Guide to the Áu revoir a l'art -- Period 394 : autograph manuscript, <date>1944 November 16</date></titleproper></titlestmt><publicationstmt><publisher>The New York Public Library. Henry W. and Albert A. Berg Collection of English and American Literature.</publisher><address><addressline>Stephen A. Schwarzman Building</addressline><addressline>Fifth Avenue at 42nd Street, New York, NY 10018-2788</addressline></address></publicationstmt></filedesc><profiledesc><creation>EAD generated by archives.nypl.org on <date normal="2019-12-10">December 10, 2019</date></creation><langusage><language langcode="eng">English</language></langusage></profiledesc></eadheader>
  
  <archdesc level="collection"><did><unittitle>Áu revoir a l'art -- Period 394 : autograph manuscript</unittitle><unitdate type="inclusive" normal="1944-11-16">1944 November 16</unitdate><unitid type="local_mss">24834</unitid><unitid type="local_call">Berg Coll 24834</unitid><origination><persname role="creator" source="naf" authfilenumber="http://id.loc.gov/authorities/names/n80036674">Kerouac, Jack, 1922-1969</persname></origination><repository><corpname>The New York Public Library. Henry W. and Albert A. Berg Collection of English and American Literature.</corpname><address><addressline>Stephen A. Schwarzman Building</addressline><addressline>Fifth Avenue at 42nd Street, New York, NY 10018-2788</addressline></address></repository><physdesc><extent>1 item (1 leaf)</extent><dimensions>27 x 21 cm</dimensions></physdesc><abstract>Jack Kerouac (1922-1969) was an American Beat novelist, essayist, and poet. The collection consists of an autograph manuscript (1 leaf) containing Jack Kerouac's notes or journal entry entitled "Áu Revoir a l'Art .... Period 394," dated Nov. 16, 1944. The entry begins "I wrote close to half a million words since 1939, when I first began to write." It goes on to describe his recent literary output, and his thoughts on art and the quest for "self-ultimacy." On the other side of the lined sheet, printed as graph paper, Kerouac has charted a numerical grid for "Periods of My Life," Mar. 12, 1922 - Dec. 31, 1946, noting "Death" as period 432, and "Now" as period 394</abstract></did><prefercite><p>Áu revoir a l'art -- Period 394 : autograph manuscript, Henry W. and Albert A. Berg Collection of English and American Literature, The New York Public Library</p></prefercite><acqinfo><p>Purchased from Glenn Horowitz Bookseller, 2018</p></acqinfo><altformavail><p>A photocopy of this document is found in the Jack Kerouac Papers (Berg Coll MSS Kerouac archive) New York Public Library</p></altformavail><controlaccess><persname source="naf" authfilenumber="http://id.loc.gov/authorities/names/n80036674">Kerouac, Jack, 1922-1969</persname><subject source="lcsh">Authors, American -- 20th century</subject><genreform source="aat" authfilenumber="http://id.loc.gov/authorities/names/300028569">Manuscripts (documents)</genreform><occupation source="itoamc">Authors</occupation></controlaccess></archdesc>
</ead>
