<?xml version="1.0" encoding="UTF-8"?>
<ead xmlns="urn:isbn:1-931666-22-9" xmlns:xsi="http://www.w3.org/2001/XMLSchema-instance"
	xmlns:xlink="http://www.w3.org/1999/xlink" xsi:schemaLocation="urn:isbn:1-931666-22-9 http://www.loc.gov/ead/ead.xsd">
	<eadheader countryencoding="iso3166-1" dateencoding="iso8601" langencoding="iso639-2b" repositoryencoding="iso15511"
		relatedencoding="marc" scriptencoding="iso8601">
		<eadid countrycode="US" mainagencycode="US-NN" url="http://archives.nypl.org/mss/24831.xml">mss24831.xml</eadid>
		<filedesc>
			<titlestmt>
				<titleproper>Guide to the Truman Capote papers regarding "Houston Diary", <date>1973-1974</date></titleproper>
			</titlestmt>
			<publicationstmt>
				<publisher>The New York Public Library. Manuscripts and Archives Division.</publisher>
				<address>
					<addressline>Stephen A. Schwarzman Building</addressline>
					<addressline>Fifth Avenue at 42nd Street, New York, NY 10018-2788</addressline>
				</address>
			</publicationstmt>
		</filedesc>
		<profiledesc>
			<creation>EAD generated by archives.nypl.org on <date normal="2019-12-10">December 10, 2019</date></creation>
			<langusage><language langcode="eng">English</language></langusage>
		</profiledesc>
	</eadheader>

	<archdesc level="collection">
		<did>
			<unittitle>Truman Capote papers regarding "Houston Diary"</unittitle>
			<unitdate type="inclusive" normal="1973/1974">1973-1974</unitdate>
			<unitid type="local_mss">24831</unitid>
			<unitid type="local_b">b21756371</unitid>
			<unitid type="local_call">MssCol 24831</unitid>
			<origination><persname role="cre" source="naf" authfilenumber="http://viaf.org/viaf/51686739">Capote, Truman,
					1924-1984</persname></origination>
			<repository><corpname>The New York Public Library. Manuscripts and Archives Division.</corpname><address>
					<addressline>Stephen A. Schwarzman Building</addressline>
					<addressline>Fifth Avenue at 42nd Street, New York, NY 10018-2788</addressline>
				</address></repository>
			<physdesc><extent unit="containers">2 boxes</extent><extent unit="linear_feet">.46 linear feet</extent></physdesc>
			<abstract>Truman Capote (1924-1984) was a celebrated American author whose major works include <title>Other Voices,
					Other Rooms</title>; <title>Breakfast at Tiffany's</title>; and <title>In Cold Blood</title>. John O'Shea (John
				Matthew O'Shea, 1929-2014) was a married Long Island banker who became Truman Capote's lover and business manager in
				the early summer of 1973. The Truman Capote papers regarding "Houston Diary," 1973-1974, consist of materials
				pertaining to Capote's writing interest in the mass murders committed in Houston, Texas by Dean Corll, discovered in
				August 1973, and his intended coverage of the 1974 trial of Elmer Wayne Henley, one of Corll's accomplices. Capote's
				trial coverage was to be syndicated by the Washington Post under the title "Houston Diary," but the project did not
				come to fruition. The collection, created in part and apparently maintained by John O'Shea, contains letters
				received by Truman Capote from members of the press; two holograph manuscripts by Truman Capote relating to the
					<title>Washington Post</title> project; O'Shea's business papers concerning publishing negotiations, chiefly with
				the Post; a scrapbook of newspaper and magazine clippings; loose clippings; and photographs. Correspondents include
					<title>Washington Post</title> editor Ben Bradlee and <title>Village Voice</title> journalist Arthur
				Bell.</abstract>
			<langmaterial>English</langmaterial>
		</did>
		<bioghist>
			<p>Truman Capote (1924-1984) was a celebrated American author whose major works include <title>Other Voices, Other
					Rooms</title>; <title>Breakfast at Tiffany's</title>; and <title>In Cold Blood</title>. John O'Shea (John Matthew
				O'Shea, 1929-2014) was a married Long Island banker who became Truman Capote's lover and business manager in the
				early summer of 1973. For a time he held the position of Executive Vice President of Capote's corporation Bayouboys,
				Ltd.</p>
			<p>John O'Shea dealt with publishers seeking Capote's coverage of what became known as the Houston Mass Murders,
				discovered in August 1973. The Texas murders were committed by serial killer Dean Corll over a period of several
				years, some with the assistance of two teenage accomplices, Elmer Wayne Henley and David Owen Brooks. Henley killed
				Corll in self-defense on August 8, 1973, and contacted the police that day. He and Brooks then led police to the
				burial locations of the young male victims, and the story immediately broke in the national press. By the end of
				August 1973 there were 27 known deaths.</p>
			<p>O'Shea negotiated a lucrative contract with the <title>Washington Post</title> to cover Henley's trial in Houston,
				Texas, scheduled for January 1974. The syndicated articles would be called "Houston Diary." Capote and O'Shea
				traveled to Houston to attend pre-trial hearings on January 14. As recounted in Gerald Clarke's <title>Capote: A
					Biography</title> (1988, page 449), when Henley was first brought into the courtroom, the author of <title>In Cold
					Blood</title> remarked "I've seen this before," and immediately left. Capote was hospitalized shortly thereafter,
				the illness serving to break the contract. Henley's first trial took place in San Antonio in July 1974, and Brooks
				was tried in 1975.</p>
		</bioghist>
		<custodhist>
			<p>The papers were found by the seller upon her inheritance of a house in Santa Fe, New Mexico, which had been rented
				by Truman Capote and John O'Shea in 1976. The scrapbook and a file labelled "Houston Diary" were left behind in a
				closet.</p>
		</custodhist>
		<scopecontent>
			<p>The Truman Capote papers regarding "Houston Diary," 1973-1974, consist of materials pertaining to Capote's writing
				interest in the mass murders committed in Houston, Texas by Dean Corll, discovered in August 1973, and his intended
				coverage of the 1974 trial of Elmer Wayne Henley, one of Corll's accomplices. Capote's trial coverage was to be
				syndicated by the Washington Post under the title "Houston Diary," but the project did not come to fruition. The
				collection, created in part and apparently maintained by John O'Shea, contains letters received by Truman Capote
				from members of the press; two holograph manuscripts by Truman Capote relating to the <title>Washington Post</title>
				project; O'Shea's business papers concerning publishing negotiations, chiefly with the <title>Post</title>; a
				scrapbook of newspaper and magazine clippings; loose clippings; and photographs. Correspondents include
					<title>Washington Post</title> editor Ben Bradlee and <title>Village Voice</title> journalist Arthur Bell.</p>
			<p>There are three original letters received by Capote from journalist Arthur Bell, editor Rob Cole of the
					<title>Advocate</title>, and Houston attorney Charles Owen Melder, 1973, as well as copies of articles written by
				Bell, mailed to Capote in January 1974. Capote's holograph manuscripts consist of a promotional piece written in the
				third person, "Truman Capote's Houston Diary," (4 pages, in ink), 1973, and an introductory writing entitled
				"Houston Diary / 2020 Lamar Street" (6 pages, in pencil), 1973 or 1974, both with his emendations. The promotional
				piece includes his reasons for covering the trial, and his intended writing approach. The document bears John
				O'Shea's filing comments, and is accompanied by a typed copy on <title>Washington Post</title> letterhead, 1973
				December 16, with minor changes from the holograph text. O'Shea's business papers, 1973, include his notes and his
				annotated copies of letters and documents, among these a letter from Ben Bradlee of the <title>Washington
					Post</title> to Capote, 1973 September 12. Photographs, 1973 or 1974, are 5 x 7 inch black-and-white copies of
				photographs of Dean Curll and his family, unidentified and undated.</p>
		</scopecontent>
		<prefercite>
			<p>Truman Capote papers regarding "Houston Diary", Manuscripts and Archives Division, The New York Public Library</p>
		</prefercite>
		<acqinfo>
			<p>Purchased from Bonnie Miskolczy, 2018.</p>
		</acqinfo>
		<processinfo>
			<p>Processed by <name>Susan P. Waide</name>, <date>2019</date></p>
		</processinfo>
		<controlaccess>
			<persname role="crp" source="naf" authfilenumber="http://id.loc.gov/authorities/names/no91028830">Bell, Arthur
				(Arthur Irving)</persname>
			<persname role="crp" source="naf" authfilenumber="http://id.loc.gov/authorities/names/n88607217">Bradlee, Benjamin
				C.</persname>
			<persname role="subject" source="naf" authfilenumber="http://id.loc.gov/authorities/names/n79104227">Capote, Truman,
				1924-1984</persname>
			<persname role="cre" source="local">O'Shea, John, 1929-2014</persname>
			<corpname role="subject" source="naf" authfilenumber="http://id.loc.gov/authorities/names/n84195638">Washington Post
				Company</corpname>
			<subject source="lcsh">Authors, American -- 20th century</subject>
			<subject source="lcsh">Murder literature</subject>
			<subject source="lcsh">Serial murders -- Texas -- Houston</subject>
			<genreform source="aat" authfilenumber="http://id.loc.gov/authorities/names/300028579">Manuscripts for
				publication</genreform>
			<genreform source="aat" authfilenumber="http://id.loc.gov/authorities/names/300046300">Photographs</genreform>
			<genreform source="aat" authfilenumber="http://id.loc.gov/authorities/names/300027341">Scrapbooks</genreform>
			<occupation source="itoamc">Authors.</occupation>
			<occupation source="itoamc">Editors.</occupation>
			<occupation source="itoamc">Journalists.</occupation>
		</controlaccess>
		<dsc>
			<c01 level="file">
				<did>
					<unittitle>Truman Capote letters received</unittitle>
					<unitdate type="inclusive" normal="1973/1974">1973-1974</unitdate>
					<unitid type="local_mss">3154827</unitid>
					<container type="box">1</container>
					<container type="folder">1</container>
				</did>
			</c01>
			<c01 level="file">
				<did>
					<unittitle>Truman Capote writings</unittitle>
					<unitid type="local_mss">3154828</unitid>
				</did>
				<c02 level="file">
					<did>
						<unittitle>"Truman Capote's Houston Diary"</unittitle>
						<unitdate type="inclusive" normal="1973">1973</unitdate>
						<unitid type="local_mss">3154829</unitid>
						<container type="box">1</container>
						<container type="folder">2</container>
					</did>
				</c02>
				<c02 level="file">
					<did>
						<unittitle>"Houston Diary / 2020 Lamar Street"</unittitle>
						<unitdate type="inclusive">1973 or 1974</unitdate>
						<unitid type="local_mss">3154830</unitid>
						<container type="box">1</container>
						<container type="folder">3</container>
					</did>
				</c02>
			</c01>
			<c01 level="file">
				<did>
					<unittitle>John O'Shea business papers</unittitle>
					<unitdate type="inclusive" normal="1973">1973</unitdate>
					<unitid type="local_mss">3154858</unitid>
					<container type="box">1</container>
					<container type="folder">4</container>
				</did>
			</c01>
			<c01 level="file">
				<did>
					<unittitle>Photographs</unittitle>
					<unitdate type="inclusive">1973 or 1974</unitdate>
					<unitid type="local_mss">3154838</unitid>
					<container type="box">1</container>
					<container type="folder">5</container>
				</did>
			</c01>
			<c01 level="file">
				<did>
					<unittitle>Loose clippings</unittitle>
					<unitdate type="inclusive" normal="1973/1974">1973-1974</unitdate>
					<unitid type="local_mss">3154837</unitid>
					<container type="box">1</container>
					<container type="folder">6</container>
				</did>
			</c01>
			<c01 level="file">
				<did>
					<unittitle>Scrapbook</unittitle>
					<unitdate type="inclusive" normal="1973-08">1973 August</unitdate>
					<unitid type="local_mss">3154856</unitid>
					<container type="box">2</container>
				</did>
			</c01>
		</dsc>
	</archdesc>
</ead>
