<?xml version="1.0" encoding="UTF-8"?>
<ead xmlns="urn:isbn:1-931666-22-9" xmlns:xsi="http://www.w3.org/2001/XMLSchema-instance" xmlns:xlink="http://www.w3.org/1999/xlink" xsi:schemaLocation="urn:isbn:1-931666-22-9 http://www.loc.gov/ead/ead.xsd">
  <eadheader countryencoding="iso3166-1" dateencoding="iso8601" langencoding="iso639-2b" repositoryencoding="iso15511" relatedencoding="marc" scriptencoding="iso8601"><eadid countrycode="US" mainagencycode="US-NN" url="http://archives.nypl.org/dan/24845.xml">dan24845.xml</eadid><filedesc><titlestmt><titleproper>Guide to the Frederick Melton photographs, <date>1949-1954</date></titleproper></titlestmt><publicationstmt><publisher>The New York Public Library. Jerome Robbins Dance Division.</publisher><address><addressline>New York Public Library for the Performing Arts, Dorothy and Lewis B. Cullman Center</addressline><addressline>40 Lincoln Center Plaza, New York, NY 10023-7498</addressline></address></publicationstmt></filedesc><profiledesc><creation>EAD generated by archives.nypl.org on <date normal="2019-12-10">December 10, 2019</date></creation><langusage><language langcode="eng">English</language></langusage></profiledesc></eadheader>
  
  <archdesc level="collection"><did><unittitle>Frederick Melton photographs</unittitle><unitdate type="inclusive" normal="1949/1954">1949-1954</unitdate><unitid type="local_mss">24845</unitid><unitid type="local_call">*MGZEB 19-562</unitid><unitid type="local_b">b21834367</unitid><repository><corpname>The New York Public Library. Jerome Robbins Dance Division.</corpname><address><addressline>New York Public Library for the Performing Arts, Dorothy and Lewis B. Cullman Center</addressline><addressline>40 Lincoln Center Plaza, New York, NY 10023-7498</addressline></address></repository><physdesc><extent unit="containers">2 boxes</extent><extent unit="linear_feet">0.84 linear feet</extent></physdesc><abstract>Atlanta-born photographer Frederick Melton (1918-1992) came to Manhattan in 1939, where he worked in a variety of creative media. He was eventually introduced to George Balanchine and Jerome Robbins of the New York City Ballet, where he photographed nearly every facet of the company from the late 1940s through the 1950s. The Frederick Melton photographs collection of negatives and contact prints capture some of the company's most well-known productions, including intimate backstage moments, and set and costume designs. Many notable principal dancers are represented, including Tanaquil Le Clercq and Maria Tallchief, as well as co-founders Jerome Robbins and George Balanchine. Melton also focused on the School of American Ballet, the associate school founded by George Balanchine, where he photographed classrooms, students, and faculty.</abstract><langmaterial>English</langmaterial></did><bioghist><p>Born in Atlanta in 1918, Frederick Melton came to Manhattan in 1939 where he worked in a variety of creative media, the most successful being silk-screen printing. In the late 1940s, Melton became acquainted with New York City Ballet co-founders Lincoln Kirstein and George Balanchine through personal connections at informal salons he hosted with his then partner Wilbur "Billy" Pippin. This led Kirstein and Balanchine to invite him to photograph early productions including <title>The Cage</title>, <title>Swan Lake</title>, and <title>The Nutcracker</title>, among many more. Melton continued to photograph New York City Ballet until the mid-1950s. In the early 1960s, Melton permanently departed from the New York City art world; he then spent time living in Puerto Rico and Florida until his death in 1992.</p></bioghist><scopecontent><p>The Frederick Melton photographs date from 1949 to 1954 and are comprised of negatives and contact prints. The series are arranged into sections, the first by Productions; Individuals; and Designs. The second series is arranged by Classroom and Action Shots; and Faculty. The files are arranged alphabetically. Melton photographed nearly every facet of the New York City Ballet` including its most well-known productions, intimate backstage moments, and artists who designed costumes and sets for several ballets. He also focused on the School of American Ballet, the associate school of New York City Ballet, where he photographed classrooms, students, faculty. The collection is arranged into two series, New York City Ballet and School of American Ballet.</p></scopecontent><prefercite><p>Frederick Melton photographs, *MGZEB 19-562. Jerome Robbins Dance Division, The New York Public Library for the Performing Arts</p></prefercite><acqinfo><p>Gift of Frederick Melton, 1961.</p></acqinfo><processinfo><p>Processed by <name>Tara D. Strongosky</name>, <date>2019</date>.</p></processinfo><controlaccess><persname role="subject" source="naf" authfilenumber="http://id.loc.gov/authorities/names/n50017594">Balanchine, George</persname><persname role="subject" source="naf" authfilenumber="http://id.loc.gov/authorities/names/nr98015170">Le Clercq, Tanaquil</persname><persname role="pht" source="naf" authfilenumber="http://id.loc.gov/authorities/names/n97873153">Melton, Frederick</persname><persname role="subject" source="naf" authfilenumber="http://id.loc.gov/authorities/names/n85173002">Robbins, Jerome</persname><persname role="subject" source="naf" authfilenumber="http://id.loc.gov/authorities/names/n50016845">Tallchief, Maria</persname><corpname role="subject" source="naf" authfilenumber="http://id.loc.gov/authorities/names/n50003343">New York City Ballet</corpname><corpname role="subject" source="naf" authfilenumber="http://id.loc.gov/authorities/names/n85012731">School of American Ballet</corpname><subject source="lcsh">Ballet companies -- Photographs</subject><subject source="lcsh">Ballet dancers -- Photographs</subject><genreform source="aat" authfilenumber="http://id.loc.gov/authorities/names/300127173">Negatives (photographs)</genreform><genreform source="aat" authfilenumber="http://id.loc.gov/authorities/names/300046300">Photographs</genreform><occupation source="itoamc">Photographers.</occupation></controlaccess><dsc><c01 level="series"><did><unittitle>Series I: New York City Ballet</unittitle><unitdate type="inclusive" normal="1949/1954">1949-1954</unitdate><unitid type="local_mss">3179627</unitid><physdesc><extent unit="folders">46 folders</extent></physdesc></did><scopecontent><p>The New York City Ballet series is comprised of photographs of ballet productions, individual dancers, and set and costume designs. There are several files dedicated to George Balanchine's <title>The Nutcracker</title>. These files include numerous studio portraits of principal dancers in costume, including Robert Barnett as Candy Cane, Diane Adams as the Sugar Plum Fairy, and Pat Wilde as the titular Nutcracker. Melton also set up the nutcracker object and prop in the studio for its own portrait session.</p> <p>Of the many individuals photographed, there is an emphasis on New York City Ballet co-founders George Balanchine and Jerome Robbins. Balanchine and Robbins were photographed in studio portraiture, backstage meetings, and rehearsals. Melton also captured star principal dancers of New York City Ballet, including Todd Bolender, André Eglevsky, Melissa Hayden, Tanaquil LeClercq, and Maria Tallchief.</p> <p>Several notable surrealist artists contributed designs to the New York City Ballet. The collection includes photographs of Dorothea Tanning's costumes for <title>Bayou</title>, and multiple set designs by painter Esteban Francés, including <title>Tyl Ulenspiegel</title>. Additionally, there are photographs of Cecil Beaton's costume designs for both <title>Swan Lake</title> and <title>Picnic at Tintagel</title>.</p></scopecontent><c02 level="file"><did><unittitle>Productions</unittitle><unitdate type="inclusive" normal="1952/1954">1952-1954</unitdate><unitid type="local_mss">3179629</unitid></did><c03 level="file"><did><unittitle><title>Afternoon of a Faun</title></unittitle><unitdate type="inclusive" normal="1953-05-14">1953 May 14</unitdate><unitid type="local_mss">3179927</unitid><container type="box">1</container><container type="folder">1</container></did><scopecontent><p>Includes dancers Francisco Moncion and Tanaquil Le Clercq.</p></scopecontent></c03><c03 level="file"><did><unittitle><title>Á La Française</title></unittitle><unitdate type="inclusive" normal="1950/1959" certainty="approximate">circa 1950s</unitdate><unitid type="local_mss">3179928</unitid><container type="box">1</container><container type="folder">2</container></did><scopecontent><p>Creation of the ballet with George Balanchine, Janet Reed, Maria Tallchief, and André Eglevsky.</p></scopecontent></c03><c03 level="file"><did><unittitle><title>Bayou</title></unittitle><unitdate type="inclusive" normal="1950/1959" certainty="approximate">circa 1950s</unitdate><unitid type="local_mss">3179929</unitid><container type="box">1</container><container type="folder">3</container></did><scopecontent><p>Includes dancers Melissa Hayden and Hugh Laing.</p></scopecontent></c03><c03 level="file"><did><unittitle>Bond Sign Marquee</unittitle><unitdate type="inclusive" normal="1954">1954</unitdate><unitid type="local_mss">3179930</unitid><container type="box">1</container><container type="folder">4</container></did><scopecontent><p>Negatives of a Bond sign marquee displaying New York City Ballet at the City Center with dancers' names.</p></scopecontent></c03><c03 level="file"><did><unittitle><title>The Cage</title></unittitle><unitdate type="inclusive" normal="1950/1959" certainty="approximate">circa 1950s</unitdate><unitid type="local_mss">3179931</unitid><container type="box">1</container><container type="folder">5</container></did></c03><c03 level="file"><did><unittitle>Candids</unittitle><unitdate type="inclusive" normal="1952">1952</unitdate><unitid type="local_mss">3179932</unitid><container type="box">1</container><container type="folder">6</container></did><scopecontent><p>Candids of New York City Ballet company at Idlewilde airport on their way to Covent Garden in London. Includes Lincoln Kirstein, Tanaquil Le Clercq, Nora Kaye, and Melissa Hayden.</p></scopecontent></c03><c03 level="file"><did><unittitle><title>Caracole</title></unittitle><unitdate type="inclusive" normal="1950/1959" certainty="approximate">circa 1950s</unitdate><unitid type="local_mss">3179933</unitid><container type="box">1</container><container type="folder">7</container></did><scopecontent><p>Includes Nicholas Magallanes in costume for <title>Caracole</title> as well as Pat Wilde, Diana Adams, Maria Tallchief, Tanaquil Le Clercq, and Melissa Hayden.</p></scopecontent></c03><c03 level="file"><did><unittitle><title>Con Amore</title></unittitle><unitdate type="inclusive" normal="1950/1959" certainty="approximate">circa 1950s</unitdate><unitid type="local_mss">3179934</unitid><container type="box">1</container><container type="folder">8</container></did><scopecontent><p>Includes dancers Jacques d'Amboise and Pat Wilde.</p></scopecontent></c03><c03 level="file"><did><unittitle><title>Filling Station</title></unittitle><unitdate type="inclusive" normal="1950/1959" certainty="approximate">circa 1950s</unitdate><unitid type="local_mss">3179935</unitid><container type="box">1</container><container type="folder">9</container></did><scopecontent><p>Includes dancers Janet Reed, Jacques d'Amboise, and Michael Maule.</p></scopecontent></c03><c03 level="file"><did><unittitle><title>La Gloire</title></unittitle><unitdate type="inclusive" normal="1950/1959" certainty="approximate">circa 1950s</unitdate><unitid type="local_mss">3179936</unitid><container type="box">1</container><container type="folder">10</container></did><scopecontent><p>Includes dancers Hugh Laing and Nora Kaye in Antony Tudor's ballet <title>La Gloire</title>.</p></scopecontent></c03><c03 level="file"><did><unittitle><title>Jardin aux Lilas</title></unittitle><unitdate type="inclusive" normal="1950/1959" certainty="approximate">circa 1950s</unitdate><unitid type="local_mss">3179937</unitid><container type="box">1</container><container type="folder">11</container></did><scopecontent><p>Includes dancers Hugh Laing, Nora Kaye, Tanaquil Le Clercq, and Brooks Jackson on stage.</p></scopecontent></c03><c03 level="file"><did><unittitle><title>Jeu de Cartes</title></unittitle><unitdate type="inclusive" normal="1950/1959" certainty="approximate">circa 1950s</unitdate><unitid type="local_mss">3179938</unitid><container type="box">1</container><container type="folder">12</container></did><scopecontent><p>Includes dancers Roy Tobias, Herbert Bliss, and Una Kai in costume.</p></scopecontent></c03><c03 level="file"><did><unittitle><title>Miraculous Mandarin</title></unittitle><unitdate type="inclusive" normal="1950/1959" certainty="approximate">circa 1950s</unitdate><unitid type="local_mss">3179939</unitid><container type="box">1</container><container type="folder">13</container></did><scopecontent><p>Includes dancers Melissa Hayden, Hugh Laing and other in stage shots. Also includes Todd Bolender and the first New York City Ballet cast during the choreographing and formation of the ballet.</p></scopecontent></c03><c03 level="file"><did><unittitle><title>The Nutcracker</title></unittitle><unitdate type="inclusive" normal="1954">1954</unitdate><unitid type="local_mss">3179940</unitid><container type="box">1</container><container type="folder">14-22</container></did><scopecontent><p><title>The Nutcracker</title> files have a variety of images including portraits of various characters such as Herbert Bliss as Chocolate, Robert Barnett as Candy Cane, Roy Tobias as Soldier, Diane Adams as Dewdrop, and Pat Wilde as Marzipan. There are also portraits of the Nutcracker prop and rehearsals.</p></scopecontent></c03><c03 level="file"><did><unittitle><title>Picnic at Tintagel</title></unittitle><unitdate type="inclusive" normal="1950/1959" certainty="approximate">circa 1950s</unitdate><unitid type="local_mss">3179941</unitid><container type="box">1</container><container type="folder">23</container></did><scopecontent><p>Includes dancers Jacques d'Amboise, Diana Adams, and Francisco Moncion.</p></scopecontent></c03><c03 level="file"><did><unittitle><title>Roma</title></unittitle><unitdate type="inclusive" normal="1950/1959" certainty="approximate">circa 1950s</unitdate><unitid type="local_mss">3179942</unitid><container type="box">2</container><container type="folder">1</container></did><scopecontent><p>Images of the stage setting for <title>Roma</title>.</p></scopecontent></c03><c03 level="file"><did><unittitle><title>Swan Lake</title></unittitle><unitdate type="inclusive" normal="1950/1959" certainty="approximate">circa 1950s</unitdate><unitid type="local_mss">3179943</unitid><container type="box">2</container><container type="folder">2</container></did><scopecontent><p>Includes Marie Tallchief in Balanchine's version of <title>Swan Lake</title> Act II.</p></scopecontent></c03><c03 level="file"><did><unittitle><title>Tyl Ulenspiegel</title></unittitle><unitdate type="inclusive" normal="1950/1959" certainty="approximate">circa 1950s</unitdate><unitid type="local_mss">3179944</unitid><container type="box">2</container><container type="folder">3</container></did><scopecontent><p>Includes Brooks Jackson in costume studies and Jerome Robbins during a performance.</p></scopecontent></c03></c02><c02 level="file"><did><unittitle>Individuals</unittitle><unitdate type="inclusive" normal="1949/1952">1949-1952</unitdate><unitid type="local_mss">3179630</unitid></did><c03 level="file"><did><unittitle>Ashton, Frederick</unittitle><unitdate type="inclusive" normal="1950/1959" certainty="approximate">circa 1950s</unitdate><unitid type="local_mss">3181004</unitid><container type="box">2</container><container type="folder">4</container></did><scopecontent><p>Frederick Ashton with Cecil Beaton, Maria Tallchief, Helen Huntington Hull, and an unidentified woman backstage at the City Center.</p></scopecontent></c03><c03 level="file"><did><unittitle>Balanchine, George</unittitle><unitdate type="inclusive" normal="1949/1951">1949-1951</unitdate><unitid type="local_mss">3181005</unitid><container type="box">2</container><container type="folder">5</container></did><scopecontent><p>Includes negatives of Balanchine with his cat; his birthday celebration in 1951; with Lincoln Kirstein and members of New York City Ballet arriving from England in 1950; studio portraits; and backstage shots with Maria Tallchief, André Eglevsky and Newbold Morris.</p></scopecontent></c03><c03 level="file"><did><unittitle>Barnett, Robert</unittitle><unitdate type="inclusive" normal="1950/1959" certainty="approximate">circa 1950s</unitdate><unitid type="local_mss">3181006</unitid><container type="box">2</container><container type="folder">6</container></did><scopecontent><p>Negatives of the dancer in costume for <title>Ballade</title>.</p></scopecontent></c03><c03 level="file"><did><unittitle>Bolender, Todd</unittitle><unitdate type="inclusive" normal="1950/1959" certainty="approximate">circa 1950s</unitdate><unitid type="local_mss">3181007</unitid><container type="box">2</container><container type="folder">7</container></did><scopecontent><p>Todd Bolender in costume for <title>The Pied Piper</title>.</p></scopecontent></c03><c03 level="file"><did><unittitle>Boris, Ruthanna</unittitle><unitdate type="inclusive" normal="1950/1959" certainty="approximate">circa 1950s</unitdate><unitid type="local_mss">3181008</unitid><container type="box">2</container><container type="folder">8</container></did><scopecontent><p>Ruthanna Boris during a rehearsal of <title>Cakewalk</title> with Janet Reed and Frank Hobi.</p></scopecontent></c03><c03 level="file"><did><unittitle>Eglevsky, André</unittitle><unitdate type="inclusive" normal="1950/1959" certainty="approximate">circa 1950s</unitdate><unitid type="local_mss">3181009</unitid><container type="box">2</container><container type="folder">9</container></did><scopecontent><p>André Eglevsky rehearsing at School of American Ballet with George Balanchine and Maria Tallchief.</p></scopecontent></c03><c03 level="file"><did><unittitle>Hayden, Melissa</unittitle><unitdate type="inclusive" normal="1950/1959" certainty="approximate">circa 1950s</unitdate><unitid type="local_mss">3181010</unitid><container type="box">2</container><container type="folder">10</container></did></c03><c03 level="file"><did><unittitle>Kaye, Nora</unittitle><unitdate type="inclusive" normal="1950/1959" certainty="approximate">circa 1950s</unitdate><unitid type="local_mss">3181011</unitid><container type="box">2</container><container type="folder">11</container></did><scopecontent><p>Nora Kaye after the premiere of Jerome Robbins' <title>Ballade</title>.</p></scopecontent></c03><c03 level="file"><did><unittitle>Le Clercq, Tanaquil</unittitle><unitdate type="inclusive" normal="1952">1952</unitdate><unitid type="local_mss">3181012</unitid><container type="box">2</container><container type="folder">12</container></did><scopecontent><p>Tanaquil Le Clercq in costume for Jerome Robbins' <title>Ballade</title>.</p></scopecontent></c03><c03 level="file"><did><unittitle>Mounsey, Yvonne</unittitle><unitdate type="inclusive" normal="1950/1959" certainty="approximate">circa 1950s</unitdate><unitid type="local_mss">3181013</unitid><container type="box">2</container><container type="folder">13</container></did></c03><c03 level="file"><did><unittitle>Robbins, Jerome</unittitle><unitdate type="inclusive" normal="1951">1951</unitdate><unitid type="local_mss">3181014</unitid><container type="box">2</container><container type="folder">14</container></did><scopecontent><p>Includes portrait studies of Robbins; and with Jean Babilée after a performance of Balanchine's <title>Tyl Ulenspiegel</title> at the City Center.</p></scopecontent></c03><c03 level="file"><did><unittitle>St. Denis, Ruth</unittitle><unitdate type="inclusive" normal="1951">1951</unitdate><unitid type="local_mss">3181015</unitid><container type="box">2</container><container type="folder">15</container></did><scopecontent><p>St. Denis backstage at the City Center with Maria Tallchief.</p></scopecontent></c03><c03 level="file"><did><unittitle>Tallchief, Maria</unittitle><unitdate type="inclusive" normal="1950/1959" certainty="approximate">circa 1950s</unitdate><unitid type="local_mss">3181016</unitid><container type="box">2</container><container type="folder">16</container></did><scopecontent><p>Tallchief in backstage shots at the City Center.</p></scopecontent></c03><c03 level="file"><did><unittitle>Tompkins, Beatrice</unittitle><unitdate type="inclusive" normal="1950/1959" certainty="approximate">circa 1950s</unitdate><unitid type="local_mss">3181017</unitid><container type="box">2</container><container type="folder">17</container></did><scopecontent><p>Beatrice Tompkins in costume for <title>Tyl Ulenspiegel</title>.</p></scopecontent></c03><c03 level="file"><did><unittitle>Wilde, Patricia</unittitle><unitdate type="inclusive" normal="1950/1959" certainty="approximate">circa 1950s</unitdate><unitid type="local_mss">3181018</unitid><container type="box">2</container><container type="folder">18</container></did></c03></c02><c02 level="file"><did><unittitle>Designs</unittitle><unitdate type="inclusive" normal="1952">1952</unitdate><unitid type="local_mss">3179631</unitid></did><c03 level="file"><did><unittitle><title>Bayou</title> costume designs</unittitle><unitdate type="inclusive" normal="1952">1952</unitdate><unitid type="local_mss">3181019</unitid><container type="box">2</container><container type="folder">19</container></did><scopecontent><p>Dorothea Tanning's costume designs for <title>Bayou</title>.</p></scopecontent></c03><c03 level="file"><did><unittitle><title>Picnic for Tintagel</title> costume designs</unittitle><unitdate type="inclusive" normal="1950/1959" certainty="approximate">circa 1950s</unitdate><unitid type="local_mss">3181020</unitid><container type="box">2</container><container type="folder">20</container></did><scopecontent><p>Cecil Beaton's costume designs for <title>Picnic at Tintagel</title>.</p></scopecontent></c03><c03 level="file"><did><unittitle><title>Swan Lake</title> costume designs</unittitle><unitdate type="inclusive" normal="1950/1959" certainty="approximate">circa 1950s</unitdate><unitid type="local_mss">3181021</unitid><container type="box">2</container><container type="folder">21</container></did><scopecontent><p>Cecil Beaton's costume designs for Act II of <title>Swan Lake</title>.</p></scopecontent></c03><c03 level="file"><did><unittitle><title>Tyl Ulenspiegel</title> set designs</unittitle><unitdate type="inclusive" normal="1950/1959" certainty="approximate">circa 1950s</unitdate><unitid type="local_mss">3181022</unitid><container type="box">2</container><container type="folder">22</container></did><scopecontent><p>Esteban Francés designing sets for <title>Tyl Ulenspiegel</title>.</p></scopecontent></c03><c03 level="file"><did><unittitle>Unidentified set designs by Esteban Francés</unittitle><unitdate type="inclusive" normal="1950/1959" certainty="approximate">circa 1950s</unitdate><unitid type="local_mss">3181023</unitid><container type="box">2</container><container type="folder">23</container></did></c03></c02></c01><c01 level="series"><did><unittitle>Series II: School of American Ballet</unittitle><unitdate type="inclusive" normal="1953">1953</unitdate><unitid type="local_mss">3179628</unitid><physdesc><extent unit="folders">2 folders</extent></physdesc></did><scopecontent><p>The School of American Ballet series is comprised of photographs of classroom shots and faculty portraits including the instructors Felia Doubrovska, Pierre Vladimiroff, and Muriel Stuart.</p></scopecontent><c02 level="file"><did><unittitle>Classroom and Action Shots</unittitle><unitdate type="inclusive" normal="1953">1953</unitdate><unitid type="local_mss">3179633</unitid><container type="box">2</container><container type="folder">24</container></did></c02><c02 level="file"><did><unittitle>Faculty</unittitle><unitdate type="inclusive" normal="1953">1953</unitdate><unitid type="local_mss">3179632</unitid><container type="box">2</container><container type="folder">25</container></did></c02></c01></dsc></archdesc>
</ead>
