<?xml version="1.0" encoding="UTF-8"?>
<ead xmlns="urn:isbn:1-931666-22-9" xmlns:xsi="http://www.w3.org/2001/XMLSchema-instance" xmlns:xlink="http://www.w3.org/1999/xlink" xsi:schemaLocation="urn:isbn:1-931666-22-9 http://www.loc.gov/ead/ead.xsd">
  <eadheader countryencoding="iso3166-1" dateencoding="iso8601" langencoding="iso639-2b" repositoryencoding="iso15511" relatedencoding="marc" scriptencoding="iso8601"><eadid countrycode="US" mainagencycode="US-NN" url="http://archives.nypl.org/mss/24862.xml">mss24862.xml</eadid><filedesc><titlestmt><titleproper>Guide to the William Wilson family papers, <date>1792-1884</date></titleproper></titlestmt><publicationstmt><publisher>The New York Public Library. Manuscripts and Archives Division.</publisher><address><addressline>Stephen A. Schwarzman Building</addressline><addressline>Fifth Avenue at 42nd Street, New York, NY 10018-2788</addressline></address></publicationstmt></filedesc><profiledesc><creation>EAD generated by archives.nypl.org on <date normal="2019-12-10">December 10, 2019</date></creation><langusage><language langcode="eng">English</language></langusage></profiledesc></eadheader>
  
  <archdesc level="collection"><did><unittitle>William Wilson family papers</unittitle><unitdate type="inclusive" normal="1792/1884">1792-1884</unitdate><unitid type="local_mss">24862</unitid><unitid type="local_call">MssCol 24862</unitid><origination><persname role="cre" source="naf" authfilenumber="http://id.loc.gov/authorities/names/nr96003992">Wilson, William, 1756-1828</persname></origination><repository><corpname>The New York Public Library. Manuscripts and Archives Division.</corpname><address><addressline>Stephen A. Schwarzman Building</addressline><addressline>Fifth Avenue at 42nd Street, New York, NY 10018-2788</addressline></address></repository><physdesc><extent unit="containers">3 boxes</extent><extent unit="linear_feet">1.26 linear feet</extent></physdesc><abstract>William Wilson (1756-1828) of Clermont, Columbia County, New York, was a physician, postmaster, and judge, and an estate manager for the Livingston family at Clermont. The William Wilson family papers, 1792-1884, comprise professional and personal correspondence of William Wilson and his sons Robert L. Wilson and William H. Wilson; correspondence among family members, including letters from Stephen B. Wilson during his U.S. Navy service; documents recording real property transactions, mostly in Columbia County; notebooks and maps of land surveys conducted in Columbia and Dutchess Counties, signed by John Wigram, Alexander Thompson and others; financial and legal documents; and printed ephemera. The papers chiefly pertain to Wilson's management of business affairs for the Livingston family, as well as for himself, and his own engagement in political and civic affairs in Columbia County; roles carried on to some extent by his son William H. Wilson. Also included are professional certificates and printed matter. William Wilson's notable correspondents include Robert R. Livingston (1746-1813), Edward P. Livingston (1779-1843), Nicholas Romayne (1756-1817), and Richard Varick (1753-1831).</abstract><langmaterial>English</langmaterial></did><bioghist><p>William Wilson (1756-1828) of Clermont, Columbia County, New York, William Wilson (1756-1828) of Clermont, Columbia County, New York, was a physician, postmaster, and judge, and an estate manager for the Livingston family at Clermont. He was the first postmaster of the Town of Clermont, serving variously as a justice of the peace, town supervisor and school supervisor, and a Columbia County judge for the New York State Court of Common Pleas. Wilson was also a founder of professional societies in the fields of medicine and agriculture for Columbia and Dutchess Counties.</p> <p>Born in Wooler, Northumberland, England, William Wilson was the son of Reverend Alexander Wilson, minister of the community's Scots (Presbyterian) Church. He graduated from the University of Glasgow in 1775, and succeeded his father as minister in 1778, but soon left the church to study medicine. Upon completion of his studies, he emigrated to New York in 1784, leaving his wife Mary Howey Wilson (1753-1801) and son Alexander (1783-1805) to follow him later. Upon arrival he went directly to Clermont in Columbia County and began the practice of medicine there, implying a connection with the Livingston family. Not long after, he became the estate manager for statesman Robert R. Livingston (1746-1813), known as "the Chancellor," who held Clermont, the "Lower Manor" of the Livingston family. Wilson became a trusted friend and an executor of his legal estate. Wilson knew other members of the Livingston family and acted on their behalf as well, including Edward P. Livingston, who became the proprietor of Clermont upon the death of Robert R. Livingston, his father-in-law, and General Henry Livingston, son of Robert Livingston Jr. (1708-1790).</p> <p>William and Mary Wilson's American-born children were sons William H. (William Henry) Wilson (1791-1884), Robert L. (Robert Livingston) Wilson (1794-1830), and U.S. naval captain Stephen B. (Stephen Bayard) Wilson (1795-1863). Their daughters were Frances ("Fanny") Wilson (1787-1879), who married Fyler Dibblee; Elizabeth ("Eliza") Wilson (1797-1879) who married Fyler's brother Richard Dibblee; Mary Ann Wilson (1792-1887), who married George A. Shufeldt; and Alicia Ann ("Nancy" or Ann) Wilson (1799-1888), who married David Van Deusen. After Mary Howey Wilson's death in 1801, William Wilson married Hannah Shufeldt (1784-1876).</p> <p>Alexander and Robert both attended Union College and became lawyers, but died at relatively young ages. Robert's law practice in New York City included acting on his father's behalf in local professional and personal legal matters. William H. Wilson studied medicine and served as a surgeon's mate during the War of 1812, but returned to Clermont to help his father in his business and civic affairs. He succeeded his father as postmaster of Clermont in the 1820s, and also sat as a judge for Columbia County in the Court of Common Pleas. Among other civic activities he was a founding trustee of the Claremont Academy, incorporated in 1834. He married Anne Hulme of Philadelphia in 1829 and had two surviving children, Elizabeth Hulme Wilson (1829-1904) and Harold Wilson (1836-1919).</p> <p>Robert Livingston Jr. (1708-1790) was the "Third Lord" or proprietor of Livingston Manor in Columbia County, also known as the Upper Manor. The Upper Manor was bordered on the north by the towns of Claverack and Hillsdale, on the west by the Hudson River, north of Clermont and Germantown, and on the east by the border with Massachusetts. Since his son Peter R. Livingston was deeply in debt, he bequeathed the bulk of his land to sons Walter (1733-1797), Robert C. (1742-1794), Henry (1752/3-1823), and John (1750-1822), each receiving one of four "Great Lots," numbered 1-4, respectively. The lots ran east-west through the central and eastern portions of the Upper Manor, with No. 1 bordering Claverack and Hillsdale to the north, and No. 4 bordering Dutchess County to the south. In 1788 the Upper Manor became the Town of Livingston, with the Lower Manor becoming the Town of Claremont.</p> <p>The deaths of Robert Livingston Jr. and his sons Walter and Robert in the 1790s had repercussions on Livingston tenant lease-holders and others, especially throughout the great lots. Measures to secure the settlement of the Livingstons' personal estates and their title to land under the 1686 Dongan charter included the surveying of the great lots for farms, collection of back rents from tenants long in arrears and ejections for non-payment of rent, the removal of squatters who cleared farm lands from wood lots, and related legal actions. As a Livingston agent, Wilson was involved in such measures, and assisted in the management of Great Lot No. 2 with Peter Van Schaack. For most of the 1790s he served as a justice of the peace for Clermont.</p> <p>Tenants used legal and illegal means to contest the feudal system of landholding. An increasing show of violence came to a head in the mid-1790s, as judicial and legislative interests upheld the Livingstons' titles with strict enforcement of the law. In 1803, Democratic-Republicans in state government succeeded in breaking the Town of Livingston into three townships. Livingston now anchored the area on the Hudson, while the great lots were incorporated into the townships of Granger and Gallatin, later recovering their traditional names of Taghanick and Ancram in 1814 before further subdivision. Robert R. Livingston, aligned with the Democratic-Republican party during the 1790s, switched his allegiance to the Federalists in 1806, not long after his tenure as U.S. Minister to France.</p> <p>Although there was further tenant anti-rent unrest, notably in 1811 and the 1840s, the manorial system was already in decline by the time of Wilson's death on December 20, 1828. The transition in landholding patterns was marked by the gradual sale of land by Livingston descendants, and the building of a local civic structure within the context of state and national events.</p> <p>Sources:</p> <p>Brooke, John L. <title>Columbia Rising: Civil Life on the Upper Hudson from the Revolution to the Age of Jackson</title>. Chapel Hill: University of North Carolina Press, 2010.</p> <p>King, Roger. Finding aid for the Wilson Family Papers, 1704-1884, University of Michigan, William L. Clements Library, Manuscripts Division.</p> <p>Livingston, James D. and Sherry H. Penney, "The Breakup of Livingston Manor." In <title>The Livingston Legacy: Three Centuries of American History</title>, edited by Richard C. Wiles and Andrea K. Zimmermann, 406-426. Annandale-on-Hudson, N.Y.: Bard College Office of Publications, 1987.</p> <p>Wigram, John. <title>A map of the towns of Livingston, Germantown, and Clermont in the County of Columbia: compiled from actual surveys in January 1798</title>. Albany: Secretary of State, 1850. Lionel Pincus and Princess Firyal Map Division, The New York Public Library. http://digitalcollections.nypl.org/items/53c21dc0-cdb9-0133-feb8-00505686a51c</p></bioghist><scopecontent><p>The William Wilson family papers, 1792-1884, comprise professional and personal correspondence of William Wilson and his sons Robert L. Wilson and William H. Wilson; correspondence among family members, including letters from Stephen B. Wilson during his U.S. Navy service; documents recording real property transactions, mostly in Columbia County; notebooks and maps of land surveys conducted in Columbia and Dutchess Counties, some signed by John Wigram; financial and legal documents; and printed ephemera. The papers chiefly pertain to Wilson's management of business affairs for the Livingston family, as well as for himself, and his own engagement in political and civic affairs in Columbia County; roles carried on to some extent by his son William H. Wilson. Also included are professional certificates and printed matter. William Wilson's notable correspondents include Robert R. Livingston (1746-1813), Edward P. Livingston (1779-1843), Nicholas Romayne (1756-1817), and Richard Varick (1753-1831).</p> <p>Correspondence forms the bulk of the collection and is arranged by a generational listing of immediate family members, in alphabetical order by sender within: William Wilson; his wife Mary Howey Wilson; and their children in alphabetical order by surname, then first name. These are followed by letters and postcards sent or received by William H. Wilson's family members, 1837-1870, along with a small amount of third-party correspondence. There are no letters to or from William Wilson's daughters Mary Ann Wilson Shufeldt or Elizabeth Wilson Diblee.</p> <p>William Wilson's incoming correspondence, 1792-1826, concerns business transactions conducted on behalf of the Livingstons, or in his own interest, with some sharing of political and local news; there are also letters from family members. His outgoing correspondence is found in a few drafts and copies of letters sent, 1801-1824, and in the incoming correspondence of his son Robert. The tendency of correspondents to address letters to William Wilson as Judge or Postmaster, titles also held by William H. Wilson during his father's lifetime, can lead to some confusion.</p> <p>There are a number of friendly and informative letters written by Edward P. Livingston, 1802-1824. The earliest is written from Paris, while his father-in-law Robert R. Livingston was serving as U.S. Minister to France, with most of the remaining letters written from Albany, sharing political news. There are also two written by Henry Livingston in 1797, and one by Robert R. Livingston, 1801 January 29, discussing estate business and politics. Other correspondents include Wilson's friend, New York City physician Nicholas Romayne, and lawyer Richard Varick, Mayor of New York City. Varick's letters, 1800-1804, are mainly concerned with settling the estate of Philip L. Hoffman, with mention of enslaved persons. Prominent Columbia County correspondents include Abraham Spencer, Jacob Van Ness, William W. Van Ness, Peter Van Schaack, and Jacob Rutsen Van Rensselaer. Few letters date from the 1790s, and there is generally only passing reference to tenants, showing rather day-to-day business, property and farming transactions.</p> <p>Letters received by Robert L. Wilson, 1820-1830, concern business and family matters. They are mostly from his brother William H. Wilson, writing of their father's illness and death, and family affairs; there is also a letter from his father. Also present are certificates pertaining to Robert's profession as a lawyer, 1815-1821.</p> <p>Letters received by William H. Wilson, 1822-1861, are from business, personal and family correspondents. Business matters concern his administration of local properties for others, and the settlement of Brodhead family personal estates. An 1843 invoice with remarks from A. J. Downing &amp; Co. lists extensive plantings purchased by Wilson.</p> <p>Of interest among the correspondence of the immediate family are letters to William Wilson from his son Alexander and daughter Frances discussing their school arrangements, as well as Alexander's legal training in Albany, and Stephen B. Wilson's letters to his father and his brother William H., pertaining to his service as a U.S. Navy officer prior to the Civil War and personal affairs. There are also letters from relatives in Great Britain, including William Wilson's brother Alexander and sister Isabella Minster, and his wife's Howey and Torrence relatives, some written to his sons after learning of William Wilson's death.</p> <p>Financial and legal documents, 1799-1870, include invoices, receipts, notes, insurance policies, a sheriff's bond, and other items, largely concerning the Wilson family's personal and professional affairs. A tuition bill from Union College, 1807, for an unnamed son is included.</p> <p>Land documents, 1793-1823, 1872, consist of indentures, mortgages, deeds, and agreements concerning the leasing or conveyance of Livingston lands, as well as personal transactions of William Wilson and William H. Wilson. Most of the property is located in Columbia County.</p> <p>Land surveys, 1790s-1842, notably illustrate the breakup of Livingston lands in the 1790s, especially the surveying of Great Lot No. 2 in the Town of Livingston. A set of maps signed by surveyor John Wigram show the laying out of farms for named individuals, and a large key map with an incomplete set of component maps, unsigned, shows the location of farms and other features in the township, dating from approximately 1800. Notebooks of surveys in Dutchess County taken by surveyor Alexander Thompson, 1794-1800, are also present.</p> <p>Printed ephemera concern a legal case over Livingston land, dating after 1794, the opening and operation of the Claremont Academy, 1834-1844, and electoral politics in Columbia and Dutchess Counties, [1823]-1833.</p> <p>Printed matter consists of the October 1794 issue of the <title>New-York Magazine, or Literary Repository</title>, and a clipped newspaper obituary for William H. Wilson [1884].</p></scopecontent><prefercite><p>William Wilson family papers, Manuscripts and Archives Division, The New York Public Library</p></prefercite><acqinfo><p>Purchased from Swann Galleries, Inc., 2019.</p></acqinfo><processinfo><p>Processed by <name>Susan P. Waide</name>, <date>2019</date></p></processinfo><relatedmaterial><p>Wilson Family Papers, 1704-1884; University of Michigan, William L. Clements Library, Manuscripts Division; Ann Arbor, MI.</p> <p>William H. Wilson Papers, 1754-1878; New York State Libary; Albany, NY.</p> <p> Additional papers of William Wilson and his family are held at the New-York Historical Society, New York, NY.</p></relatedmaterial><controlaccess><persname role="crp" source="naf" authfilenumber="http://id.loc.gov/authorities/names/n86071910">Livingston, Edward P. (Edward Philip), 1779-1843</persname><persname role="crp" source="naf" authfilenumber="http://id.loc.gov/authorities/names/nr2003038309">Livingston, Henry, 1752-1823</persname><persname role="crp" source="naf" authfilenumber="http://id.loc.gov/authorities/names/n85367562">Livingston, Robert R., 1746-1813</persname><persname source="naf" authfilenumber="http://id.loc.gov/authorities/names/n2010040948">Thompson, Alexander (Surveyor)</persname><persname role="crp" source="naf" authfilenumber="http://id.loc.gov/authorities/names/n89622997">Varick, Richard, 1753-1831</persname><persname role="srv" source="naf" authfilenumber="http://id.loc.gov/authorities/names/n2014021350">Wigram, John</persname><persname role="crp" source="local">Wilson, Robert L., 1794-1830</persname><persname role="crp" source="naf" authfilenumber="http://id.loc.gov/authorities/names/n2015011847">Wilson, Stephen Bayard, 1795-1863</persname><persname role="crp" source="local">Wilson, William H., 1791-1884</persname><persname role="subject" source="naf" authfilenumber="http://id.loc.gov/authorities/names/nr96003992">Wilson, William, 1756-1828</persname><famname role="subject" source="lcsh" authfilenumber="http://id.loc.gov/authorities/names/sh85077820">Livingston family</famname><famname role="subject" source="naf" authfilenumber="http://id.loc.gov/authorities/names/sh85146828">Wilson family -- Correspondence</famname><corpname role="subject" source="naf" authfilenumber="http://id.loc.gov/authorities/names/n79059051">United States. Navy -- Officers</corpname><subject source="lcsh">Agriculture -- New York (State) -- Columbia County</subject><subject source="lcsh">Real property -- New York (State) -- Columbia County</subject><subject source="lcsh">Real property -- New York (State) -- Dutchess County</subject><genreform source="aat" authfilenumber="http://id.loc.gov/authorities/names/300028102">Cadastral maps</genreform><genreform source="aat" authfilenumber="http://id.loc.gov/authorities/names/300026841">Certificates</genreform><genreform source="aat" authfilenumber="http://id.loc.gov/authorities/names/300027244">Conveyances</genreform><genreform source="aat" authfilenumber="http://id.loc.gov/authorities/names/300027257">Land surveys</genreform><genreform source="aat" authfilenumber="http://id.loc.gov/authorities/names/300028461">Manuscript maps</genreform><geogname source="lcsh">Clermont (N.Y. : Town) -- History</geogname><geogname source="lcsh">Livingston Manor (N.Y. : Estate)</geogname><geogname source="lcsh">Livingston Manor (N.Y. : Estate) -- Maps</geogname><geogname source="lcsh">New York (State) -- Politics and government -- 1775-1865</geogname><occupation source="itoamc">Jurists.</occupation><occupation source="itoamc">Land agents.</occupation><occupation source="itoamc">Landowners.</occupation><occupation source="itoamc">Naval officers.</occupation><occupation source="itoamc">Physicians.</occupation><occupation source="itoamc">Politicians.</occupation><occupation source="itoamc">Postmasters.</occupation><occupation source="itoamc">Surveyors.</occupation></controlaccess><dsc><c01 level="file"><did><unittitle>William Wilson</unittitle><unitid type="local_mss">3181120</unitid></did><c02 level="file"><did><unittitle>Letters sent</unittitle><unitdate type="inclusive" normal="1801/1824">1801-1824</unitdate><unitid type="local_mss">3181121</unitid><container type="box">1</container><container type="folder">1</container></did><scopecontent><p>Letter to Victor Taylor of Red Hook, 1824 March 22, and copies of letters sent, including the fragment of a letter to his wife Mary's relative Ann Torrence, 1802 October 28.</p></scopecontent></c02><c02 level="file"><did><unittitle>Letters received</unittitle><unitid type="local_mss">3181122</unitid></did><c03 level="file"><did><unittitle>Allen, Benjamin</unittitle><unitdate type="inclusive" normal="1824-07-01">1824 July 1</unitdate><unitid type="local_mss">3181124</unitid><container type="box">1</container><container type="folder">2</container></did></c03><c03 level="file"><did><unittitle>Balcke, Frederick</unittitle><unitdate type="inclusive" normal="1804/1805">1804-1805</unitdate><unitid type="local_mss">3181125</unitid><container type="box">1</container><container type="folder">2</container></did><scopecontent><p>Letter dated 1804 September 18 written on departure from New York for Europe; letter written 1805 February 1 from Lingen, Germany, concerns the voyage, his financial affairs and intent to return to America, and land holdings in Tecklenburg and Hanover.</p></scopecontent></c03><c03 level="file"><did><unittitle>Bayard, N., Lieutenant</unittitle><unitdate type="inclusive" normal="1800">1800</unitdate><unitdate type="inclusive" normal="1811">1811</unitdate><unitid type="local_mss">3181126</unitid><container type="box">1</container><container type="folder">2</container></did></c03><c03 level="file"><did><unittitle>Beekman, John</unittitle><unitdate type="inclusive" normal="1798/1802">1798-1802</unitdate><unitid type="local_mss">3181127</unitid><container type="box">1</container><container type="folder">2</container></did></c03><c03 level="file"><did><unittitle>Bloom, George</unittitle><unitdate type="inclusive" normal="1820-04-13">1820 April 13</unitdate><unitid type="local_mss">3181128</unitid><container type="box">1</container><container type="folder">2</container></did></c03><c03 level="file"><did><unittitle>Bogardus, James</unittitle><unitdate type="inclusive" normal="1798/1801">1798-1801</unitdate><unitid type="local_mss">3181129</unitid><container type="box">1</container><container type="folder">2</container></did></c03><c03 level="file"><did><unittitle>Brooks, D</unittitle><unitdate type="inclusive" normal="1819-07-07">1819 July 7</unitdate><unitid type="local_mss">3181130</unitid><container type="box">1</container><container type="folder">2</container></did></c03><c03 level="file"><did><unittitle>Bryan, Samuel</unittitle><unitdate type="inclusive" normal="1817-06-13">1817 June 13</unitdate><unitid type="local_mss">3181131</unitid><container type="box">1</container><container type="folder">2</container></did></c03><c03 level="file"><did><unittitle>Buel, Jesse</unittitle><unitdate type="inclusive" normal="1813/1824">1813-1824</unitdate><unitid type="local_mss">3181132</unitid><container type="box">1</container><container type="folder">2</container></did></c03><c03 level="file"><did><unittitle>Buttler, B. F</unittitle><unitdate type="inclusive" normal="1817-03-13">1817 March 13</unitdate><unitid type="local_mss">3181133</unitid><container type="box">1</container><container type="folder">2</container></did></c03><c03 level="file"><did><unittitle>Clark, Samuel W</unittitle><unitdate type="inclusive" normal="1808">1808</unitdate><unitdate type="inclusive" normal="1817">1817</unitdate><unitid type="local_mss">3181135</unitid><container type="box">1</container><container type="folder">3</container></did></c03><c03 level="file"><did><unittitle>Coffin, Alexander</unittitle><unitdate type="inclusive" normal="1824-06-28">1824 June 28</unitdate><unitid type="local_mss">3181136</unitid><container type="box">1</container><container type="folder">3</container></did></c03><c03 level="file"><did><unittitle>Coles, John B</unittitle><unitdate type="inclusive" normal="1798-06-16">1798 June 16</unitdate><unitid type="local_mss">3181137</unitid><container type="box">1</container><container type="folder">3</container></did></c03><c03 level="file"><did><unittitle>Collins, P. B</unittitle><unitdate type="inclusive" normal="1804-07-09">1804 July 9</unitdate><unitid type="local_mss">3181138</unitid><container type="box">1</container><container type="folder">3</container></did></c03><c03 level="file"><did><unittitle>Craufurd, James</unittitle><unitdate type="inclusive" normal="1801-04-04">1801 April 4</unitdate><unitid type="local_mss">3181139</unitid><container type="box">1</container><container type="folder">3</container></did><bioghist><p>James Craufurd, British soldier and Governor of Bermuda, 1794-1796, was listed in an 1800 New York City directory at 30 Cortlandt Street, New York.</p></bioghist><scopecontent><p>Craufurd accepts Wilson's offer to sell him a coach. The letter is endorsed "Governor Crawfurd."</p></scopecontent></c03><c03 level="file"><did><unittitle>Crookshank, Grace</unittitle><unitdate type="inclusive" normal="1802-09-08" certainty="questionable">[1802?] September 8</unitdate><unitid type="local_mss">3181140</unitid><container type="box">1</container><container type="folder">3</container></did></c03><c03 level="file"><did><unittitle>Cutting, W</unittitle><unitdate type="inclusive" normal="1803/1804">1803-1804</unitdate><unitid type="local_mss">3181141</unitid><container type="box">1</container><container type="folder">3</container></did></c03><c03 level="file"><did><unittitle>Dibblee, Fyler</unittitle><unitdate type="inclusive" normal="1825">1825</unitdate><unitid type="local_mss">3181281</unitid><container type="box">1</container><container type="folder">3</container></did></c03><c03 level="file"><did><unittitle>Dibblee, Henry</unittitle><unitdate type="inclusive" normal="1822-01-31">1822 January 31</unitdate><unitid type="local_mss">3181282</unitid><container type="box">1</container><container type="folder">3</container></did></c03><c03 level="file"><did><unittitle>Douw, John D. P</unittitle><unitdate type="inclusive" normal="1798-11-27">1798 November 27</unitdate><unitid type="local_mss">3181283</unitid><container type="box">1</container><container type="folder">3</container></did></c03><c03 level="file"><did><unittitle>Downing, Silas</unittitle><unitdate type="inclusive" normal="1820-05-25">1820 May 25</unitdate><unitid type="local_mss">3181284</unitid><container type="box">1</container><container type="folder">3</container></did></c03><c03 level="file"><did><unittitle>Drake, Peter</unittitle><unitdate type="inclusive" normal="1824-03-01">1824 March 1</unitdate><unitid type="local_mss">3181285</unitid><container type="box">1</container><container type="folder">3</container></did></c03><c03 level="file"><did><unittitle>Edmonds, John W</unittitle><unitdate type="inclusive" normal="1820-06-14">1820 June 14</unitdate><unitid type="local_mss">3181286</unitid><container type="box">1</container><container type="folder">4</container></did></c03><c03 level="file"><did><unittitle>Edmonds, S</unittitle><unitdate type="inclusive" normal="1800-03-06">1800 March 6</unitdate><unitid type="local_mss">3181287</unitid><container type="box">1</container><container type="folder">4</container></did></c03><c03 level="file"><did><unittitle>Emott, James</unittitle><unitdate type="inclusive" normal="1825-03-24">1825 March 24</unitdate><unitid type="local_mss">3181288</unitid><container type="box">1</container><container type="folder">4</container></did></c03><c03 level="file"><did><unittitle>Fleming, James</unittitle><unitdate type="inclusive" normal="1817-11-06">1817 November 6</unitdate><unitid type="local_mss">3181289</unitid><container type="box">1</container><container type="folder">4</container></did></c03><c03 level="file"><did><unittitle>Gelston, Cotton</unittitle><unitdate type="inclusive" normal="1802-12-22">1802 December 22</unitdate><unitid type="local_mss">3181290</unitid><container type="box">1</container><container type="folder">4</container></did></c03><c03 level="file"><did><unittitle>Gilbert, Ezekiel</unittitle><unitdate type="inclusive" normal="1793/1796">1793-1796</unitdate><unitid type="local_mss">3181291</unitid><container type="box">1</container><container type="folder">4</container></did></c03><c03 level="file"><did><unittitle>Grim, David</unittitle><unitdate type="inclusive" normal="1798-04-10">1798 April 10</unitdate><unitid type="local_mss">3181292</unitid><container type="box">1</container><container type="folder">4</container></did></c03><c03 level="file"><did><unittitle>Habersham, Joseph</unittitle><unitdate type="inclusive" normal="1799-11-13">1799 November 13</unitdate><unitid type="local_mss">3181295</unitid><container type="box">1</container><container type="folder">5</container></did></c03><c03 level="file"><did><unittitle>Hale, George</unittitle><unitdate type="inclusive" normal="1798-01-02">1798 January 2</unitdate><unitid type="local_mss">3181294</unitid><container type="box">1</container><container type="folder">5</container></did></c03><c03 level="file"><did><unittitle>Harrison, William</unittitle><unitdate type="inclusive" normal="1821-01-09">1821 January 9</unitdate><unitid type="local_mss">3181296</unitid><container type="box">1</container><container type="folder">5</container></did></c03><c03 level="file"><did><unittitle>Hathaway, John</unittitle><unitdate type="inclusive" normal="1805-04-17">1805 April 17</unitdate><unitid type="local_mss">3181297</unitid><container type="box">1</container><container type="folder">5</container></did></c03><c03 level="file"><did><unittitle>Hattrick, Mary</unittitle><unitdate type="inclusive" normal="1804-08-21">1804 August 21</unitdate><unitid type="local_mss">3181298</unitid><container type="box">1</container><container type="folder">5</container></did></c03><c03 level="file"><did><unittitle>Hazard, B</unittitle><unitdate type="inclusive" normal="1824-08-07">1824 August 7</unitdate><unitid type="local_mss">3181299</unitid><container type="box">1</container><container type="folder">5</container></did></c03><c03 level="file"><did><unittitle>Hedenberg, J. C</unittitle><unitdate type="inclusive" normal="1817">1817</unitdate><unitid type="local_mss">3181300</unitid><container type="box">1</container><container type="folder">5</container></did></c03><c03 level="file"><did><unittitle>Hill, H., Jr</unittitle><unitdate type="inclusive" normal="1824-09-10">1824 September 10</unitdate><unitid type="local_mss">3181301</unitid><container type="box">1</container><container type="folder">5</container></did></c03><c03 level="file"><did><unittitle>Hoffman &amp; Van Beuren</unittitle><unitdate type="inclusive" normal="1821-04-07">1821 April 7</unitdate><unitid type="local_mss">3181354</unitid><container type="box">1</container><container type="folder">5</container></did></c03><c03 level="file"><did><unittitle>Holt, Charles</unittitle><unitdate type="inclusive" normal="1802-08-27">1802 August 27</unitdate><unitid type="local_mss">3181302</unitid><container type="box">1</container><container type="folder">5</container></did></c03><c03 level="file"><did><unittitle>Howland, Joseph</unittitle><unitdate type="inclusive" normal="1819/1824">1819-1824</unitdate><unitid type="local_mss">3181303</unitid><container type="box">1</container><container type="folder">5</container></did></c03><c03 level="file"><did><unittitle>Hulbert, Edward</unittitle><unitdate type="inclusive" normal="1813-12-02">1813 December 2</unitdate><unitid type="local_mss">3181304</unitid><container type="box">1</container><container type="folder">5</container></did></c03><c03 level="file"><did><unittitle>Hyatt, James</unittitle><unitdate type="inclusive" normal="1801-03-07">1801 March 7</unitdate><unitdate type="inclusive" normal="1801-04-16">April 16 1801</unitdate><unitid type="local_mss">3181305</unitid><container type="box">1</container><container type="folder">5</container></did></c03><c03 level="file"><did><unittitle>Hyatt &amp; Van Hoezen</unittitle><unitdate type="inclusive" normal="1801-08-15">1801 August 15</unitdate><unitid type="local_mss">3181306</unitid><container type="box">1</container><container type="folder">5</container></did></c03><c03 level="file"><did><unittitle>Jenkins, Robert</unittitle><unitdate type="inclusive" normal="1816-09-03">1816 September 3</unitdate><unitid type="local_mss">3181307</unitid><container type="box">1</container><container type="folder">6</container></did></c03><c03 level="file"><did><unittitle>Killey, Samuel W</unittitle><unitdate type="inclusive" normal="1804-06-05">1804 June 5</unitdate><unitid type="local_mss">3181308</unitid><container type="box">1</container><container type="folder">6</container></did></c03><c03 level="file"><did><unittitle>Kinney, Thomas T</unittitle><unitdate type="inclusive" normal="1817-05-12">1817 May 12</unitdate><unitid type="local_mss">3181309</unitid><container type="box">1</container><container type="folder">6</container></did></c03><c03 level="file"><did><unittitle>Kissam, Adrian</unittitle><unitdate type="inclusive" normal="1801-03-31">1801 March 31</unitdate><unitid type="local_mss">3181310</unitid><container type="box">1</container><container type="folder">6</container></did></c03><c03 level="file"><did><unittitle>Kortz, John</unittitle><unitdate type="inclusive" normal="1800/1801">1800-1801</unitdate><unitid type="local_mss">3181311</unitid><container type="box">1</container><container type="folder">6</container></did></c03><c03 level="file"><did><unittitle>Lawrence, David, William Jenkins and Robert Jenkins</unittitle><unitdate type="inclusive" normal="1798-03-27">1798 March 27</unitdate><unitid type="local_mss">3181312</unitid><container type="box">1</container><container type="folder">6</container></did></c03><c03 level="file"><did><unittitle>Lawrie, David</unittitle><unitdate type="inclusive" normal="1793-05-20">1793 May 20</unitdate><unitid type="local_mss">3181313</unitid><container type="box">1</container><container type="folder">6</container></did></c03><c03 level="file"><did><unittitle>Lee, James</unittitle><unitdate type="inclusive" normal="1816-12-07">1816 December 7</unitdate><unitid type="local_mss">3181314</unitid><container type="box">1</container><container type="folder">6</container></did></c03><c03 level="file"><did><unittitle>Lewis, Morgan</unittitle><unitdate type="inclusive" normal="1812-06-14">1812 June 14</unitdate><unitid type="local_mss">3181315</unitid><container type="box">1</container><container type="folder">6</container></did></c03><c03 level="file"><did><unittitle>Little, Lewis</unittitle><unitdate type="inclusive" normal="1817-06-04">1817 June 4</unitdate><unitid type="local_mss">3181316</unitid><container type="box">1</container><container type="folder">6</container></did></c03><c03 level="file"><did><unittitle>Livingston, Edward P</unittitle><unitdate type="inclusive" normal="1802/1824">1802-1824</unitdate><unitid type="local_mss">3181317</unitid><container type="box">1</container><container type="folder">7</container></did><scopecontent><p>Includes two loose covers, 1796 and undated.</p></scopecontent></c03><c03 level="file"><did><unittitle>Livingston, Henry</unittitle><unitdate type="inclusive" normal="1797-02-16">1797 February 16</unitdate><unitdate type="inclusive" normal="1797-08-28">August 28 1797</unitdate><unitid type="local_mss">3181318</unitid><container type="box">1</container><container type="folder">8</container></did></c03><c03 level="file"><did><unittitle>Livingston, Robert R</unittitle><unitdate type="inclusive" normal="1801-01-29">1801 January 29</unitdate><unitid type="local_mss">3181319</unitid><container type="box">1</container><container type="folder">9</container></did></c03><c03 level="file"><did><unittitle>Ludlow, Giulian</unittitle><unitdate type="inclusive" normal="1819-08-04">1819 August 4</unitdate><unitid type="local_mss">3181320</unitid><container type="box">1</container><container type="folder">10</container></did></c03><c03 level="file"><did><unittitle>Ludlow, William B</unittitle><unitdate type="inclusive" normal="1820/1824">1820-1824</unitdate><unitid type="local_mss">3181321</unitid><container type="box">1</container><container type="folder">10</container></did><scopecontent><p>Letter of 1823 October 14 also signed by David Auchinvole.</p></scopecontent></c03><c03 level="file"><did><unittitle>Mancius, G. W</unittitle><unitdate type="inclusive" normal="1798-01-06">1798 January 6</unitdate><unitid type="local_mss">24862</unitid><container type="box">1</container><container type="folder">11</container></did><dao xlink:type="simple" xlink:href="http://archives.nypl.org/mss/24862#d1146674" xlink:actuate="onRequest"/></c03><c03 level="file"><did><unittitle>Marshall, Nathaniel</unittitle><unitdate type="inclusive" normal="1820">1820</unitdate><unitdate type="inclusive" normal="1827">1827</unitdate><unitid type="local_mss">3181322</unitid><container type="box">1</container><container type="folder">11</container></did></c03><c03 level="file"><did><unittitle>Mastin, James B</unittitle><unitdate type="inclusive" normal="1820-02-29">1820 February 29</unitdate><unitid type="local_mss">3181323</unitid><container type="box">1</container><container type="folder">11</container></did></c03><c03 level="file"><did><unittitle>Minster, Isabella</unittitle><unitdate type="inclusive" normal="1817-09-24">1817 September 24</unitdate><unitid type="local_mss">3181324</unitid><container type="box">1</container><container type="folder">11</container></did><bioghist><p>Sister of William Wilson, writing from 18 Philpot Lane, London.</p></bioghist></c03><c03 level="file"><did><unittitle>Newcomb, Zan ... [illegible]</unittitle><unitdate type="inclusive" normal="1822-05-01">1822 May 1</unitdate><unitid type="local_mss">3181325</unitid><container type="box">1</container><container type="folder">11</container></did></c03><c03 level="file"><did><unittitle>Norman, W. E</unittitle><unitdate type="inclusive" normal="1817/1826">1817-1826</unitdate><unitid type="local_mss">3181326</unitid><container type="box">1</container><container type="folder">11</container></did></c03><c03 level="file"><did><unittitle>Paddock, Judah</unittitle><unitdate type="inclusive" normal="1817-03">1817 March</unitdate><unitid type="local_mss">3181329</unitid><container type="box">1</container><container type="folder">12</container></did></c03><c03 level="file"><did><unittitle>Parkman, Henry D</unittitle><unitdate type="inclusive" normal="1818-10-17">1818 October 17</unitdate><unitid type="local_mss">3181330</unitid><container type="box">1</container><container type="folder">12</container></did></c03><c03 level="file"><did><unittitle>Phillips, John R</unittitle><unitdate type="inclusive" normal="1814-11-23">1814 November 23</unitdate><unitid type="local_mss">3181331</unitid><container type="box">1</container><container type="folder">12</container></did></c03><c03 level="file"><did><unittitle>Power, Thomas</unittitle><unitdate type="inclusive" normal="1809-06-11">1809 June 11</unitdate><unitid type="local_mss">3181332</unitid><container type="box">1</container><container type="folder">12</container></did></c03><c03 level="file"><did><unittitle>Read, George, Jr</unittitle><unitdate type="inclusive" normal="1817">1817</unitdate><unitdate type="inclusive" normal="1820">1820</unitdate><unitid type="local_mss">3181333</unitid><container type="box">1</container><container type="folder">13</container></did></c03><c03 level="file"><did><unittitle>Rhodes, William</unittitle><unitdate type="inclusive" normal="1799-04-27">1799 April 27</unitdate><unitid type="local_mss">3181334</unitid><container type="box">1</container><container type="folder">13</container></did></c03><c03 level="file"><did><unittitle>Richmond, James</unittitle><unitdate type="inclusive" normal="1819-01-25">1819 January 25</unitdate><unitid type="local_mss">3181335</unitid><container type="box">1</container><container type="folder">13</container></did></c03><c03 level="file"><did><unittitle>Riggs, Caleb S</unittitle><unitdate type="inclusive" normal="1816-08-13">1816 August 13</unitdate><unitid type="local_mss">3181336</unitid><container type="box">1</container><container type="folder">13</container></did></c03><c03 level="file"><did><unittitle>Robertson, J. S</unittitle><unitdate type="inclusive" normal="1799-05-28">1799 May 28</unitdate><unitdate type="inclusive" normal="1799-12-09">December 9 1799</unitdate><unitid type="local_mss">3181337</unitid><container type="box">1</container><container type="folder">13</container></did></c03><c03 level="file"><did><unittitle>Romaine, Samuel B</unittitle><unitdate type="inclusive" normal="1821-02-14">1821 February 14</unitdate><unitid type="local_mss">3181338</unitid><container type="box">1</container><container type="folder">13</container></did></c03><c03 level="file"><did><unittitle>Romayne, Nicholas</unittitle><unitdate type="inclusive" normal="1799/1804">1799-1804</unitdate><unitid type="local_mss">3181339</unitid><container type="box">1</container><container type="folder">13</container></did></c03><c03 level="file"><did><unittitle>Ruggles, Charles H</unittitle><unitdate type="inclusive" normal="1814-06-25">1814 June 25</unitdate><unitdate type="inclusive" normal="1814-07-26">July 26 1814</unitdate><unitid type="local_mss">3181340</unitid><container type="box">1</container><container type="folder">13</container></did></c03><c03 level="file"><did><unittitle>Rutherfurd, John</unittitle><unitdate type="inclusive" normal="1804-10-19">1804 October 19</unitdate><unitid type="local_mss">3181341</unitid><container type="box">1</container><container type="folder">13</container></did></c03><c03 level="file"><did><unittitle>Sampson, Charles</unittitle><unitdate type="inclusive" normal="1813-03">1813 March</unitdate><unitid type="local_mss">3181344</unitid><container type="box">1</container><container type="folder">14</container></did></c03><c03 level="file"><did><unittitle>Savage, John</unittitle><unitdate type="inclusive" normal="1824-10-05">1824 October 5</unitdate><unitid type="local_mss">3181345</unitid><container type="box">1</container><container type="folder">14</container></did></c03><c03 level="file"><did><unittitle>Scriba, George</unittitle><unitdate type="inclusive" normal="1802">1802</unitdate><unitid type="local_mss">3181346</unitid><container type="box">1</container><container type="folder">14</container></did></c03><c03 level="file"><did><unittitle>Southwick, S</unittitle><unitdate type="inclusive" normal="1821-02-04">1821 February 4</unitdate><unitid type="local_mss">3181347</unitid><container type="box">1</container><container type="folder">14</container></did></c03><c03 level="file"><did><unittitle>Spencer, Ambrose</unittitle><unitdate type="inclusive" normal="1799/1801">1799-1801</unitdate><unitid type="local_mss">3181348</unitid><container type="box">1</container><container type="folder">14</container></did></c03><c03 level="file"><did><unittitle>Stockton, Richard</unittitle><unitdate type="inclusive" normal="1816/1821">1816-1821</unitdate><unitid type="local_mss">3181349</unitid><container type="box">1</container><container type="folder">14</container></did></c03><c03 level="file"><did><unittitle>Swart, R., Mrs</unittitle><unitdate type="inclusive" normal="1817-04-21">1817 April 21</unitdate><unitid type="local_mss">3181350</unitid><container type="box">1</container><container type="folder">14</container></did></c03><c03 level="file"><did><unittitle>Tillotson, T</unittitle><unitdate type="inclusive" normal="1805-12-24">1805 December 24</unitdate><unitid type="local_mss">3181351</unitid><container type="box">1</container><container type="folder">15</container></did></c03><c03 level="file"><did><unittitle>Torrence, Ann</unittitle><unitdate type="inclusive" normal="1802-06-25">1802 June 25</unitdate><unitid type="local_mss">3181352</unitid><container type="box">1</container><container type="folder">15</container></did><bioghist><p>Ann Torrence was the sister of William Wilson's wife Mary.</p></bioghist></c03><c03 level="file"><did><unittitle>Van Benthuysen, John</unittitle><unitdate type="inclusive" normal="1799-01-16">1799 January 16</unitdate><unitid type="local_mss">3181353</unitid><container type="box">1</container><container type="folder">16</container></did></c03><c03 level="file"><did><unittitle>Van Ness, David</unittitle><unitdate type="inclusive" normal="1817-02-28">1817 February 28</unitdate><unitid type="local_mss">3181543</unitid><container type="box">1</container><container type="folder">16</container></did></c03><c03 level="file"><did><unittitle>Van Ness, Jacob</unittitle><unitdate type="inclusive" normal="1816/1824">1816-1824</unitdate><unitid type="local_mss">3181544</unitid><container type="box">1</container><container type="folder">16</container></did></c03><c03 level="file"><did><unittitle>Van Ness, William W</unittitle><unitdate type="inclusive" normal="1802-12-10">1802 December 10</unitdate><unitid type="local_mss">3181545</unitid><container type="box">1</container><container type="folder">16</container></did></c03><c03 level="file"><did><unittitle>Van Rensselaer, Jacob Rutsen</unittitle><unitdate type="inclusive" normal="1802/1824">1802-1824</unitdate><unitid type="local_mss">3181546</unitid><container type="box">1</container><container type="folder">16</container></did></c03><c03 level="file"><did><unittitle>Van Schaack, Peter</unittitle><unitdate type="inclusive" normal="1799">1799</unitdate><unitdate type="inclusive" normal="1826">1826</unitdate><unitid type="local_mss">3181547</unitid><container type="box">1</container><container type="folder">16</container></did></c03><c03 level="file"><did><unittitle>Varick, Richard</unittitle><unitdate type="inclusive" normal="1800/1804">1800-1804</unitdate><unitid type="local_mss">3181548</unitid><container type="box">1</container><container type="folder">17</container></did></c03><c03 level="file"><did><unittitle>Walworth, R. A</unittitle><unitdate type="inclusive" normal="1818">1818</unitdate><unitdate type="inclusive" normal="1821">1821</unitdate><unitid type="local_mss">3181549</unitid><container type="box">1</container><container type="folder">18</container></did></c03><c03 level="file"><did><unittitle>Ward, Owen</unittitle><unitdate type="inclusive" normal="1819">1819</unitdate><unitdate type="inclusive" normal="1822">1822</unitdate><unitid type="local_mss">3181550</unitid><container type="box">1</container><container type="folder">18</container></did></c03><c03 level="file"><did><unittitle>Watson, Ebenezer</unittitle><unitdate type="inclusive" normal="1821-01-01">1821 January 1</unitdate><unitid type="local_mss">3181551</unitid><container type="box">1</container><container type="folder">18</container></did></c03><c03 level="file"><did><unittitle>Wilbur, Solomon, Jr</unittitle><unitdate type="inclusive" normal="1822-02-01">1822 February 1</unitdate><unitid type="local_mss">3181552</unitid><container type="box">1</container><container type="folder">18</container></did></c03><c03 level="file"><did><unittitle>Williams, Elisha</unittitle><unitdate type="inclusive" normal="1818-12-12">1818 December 12</unitdate><unitid type="local_mss">3181553</unitid><container type="box">1</container><container type="folder">18</container></did></c03><c03 level="file"><did><unittitle>Wilson, Alexander</unittitle><unitdate type="inclusive" normal="1792-08-08">1792 August 8</unitdate><unitid type="local_mss">3182962</unitid><container type="box">2</container><container type="folder">1</container></did><bioghist><p>Brother of William Wilson, signed Alex Willson.</p></bioghist></c03><c03 level="file"><did><unittitle>Wilson, Alexander</unittitle><unitdate type="inclusive" normal="1799/1805">1799-1805</unitdate><unitid type="local_mss">3182963</unitid><container type="box">2</container><container type="folder">2</container></did><bioghist><p>Son of William Wilson.</p></bioghist></c03><c03 level="file"><did><unittitle>Wilson, Frances</unittitle><unitdate type="inclusive" normal="1802/1806">1802-1806</unitdate><unitid type="local_mss">3182964</unitid><note><p>See also Dibblee, Frances Wilson.</p></note><container type="box">2</container><container type="folder">3</container></did><bioghist><p>Daughter of William Wilson; she married Fyler Dibblee.</p></bioghist></c03><c03 level="file"><did><unittitle>Wilson, Robert L</unittitle><unitdate type="inclusive" normal="1816/1827">1816-1827</unitdate><unitid type="local_mss">3182965</unitid><container type="box">2</container><container type="folder">4</container></did><bioghist><p>Son of William Wilson.</p></bioghist></c03><c03 level="file"><did><unittitle>Wilson, Stephen B</unittitle><unitdate type="inclusive" normal="1822/1826">1822-1826</unitdate><unitid type="local_mss">3182966</unitid><container type="box">2</container><container type="folder">5</container></did><bioghist><p>Son of William Wilson. Written during his U.S. Navy service on U.S. Schooners Shark, Grampus and Fox.</p></bioghist></c03><c03 level="file"><did><unittitle>Wilson, William H</unittitle><unitdate type="inclusive" normal="1814-03-01">1814 March 1</unitdate><unitid type="local_mss">3182967</unitid><container type="box">2</container><container type="folder">6</container></did><bioghist><p>Son of William Wilson.</p></bioghist></c03><c03 level="file"><did><unittitle>Wiswall, Oliver</unittitle><unitdate type="inclusive" normal="1824-07-19">1824 July 19</unitdate><unitid type="local_mss">3182968</unitid><container type="box">2</container><container type="folder">7</container></did></c03><c03 level="file"><did><unittitle>Wiswall, Samuel</unittitle><unitdate type="inclusive" normal="1814">1814</unitdate><unitdate type="inclusive" normal="1822">1822</unitdate><unitid type="local_mss">3182969</unitid><container type="box">2</container><container type="folder">7</container></did></c03></c02></c01><c01 level="file"><did><unittitle>Wilson, Mary Howey. Letters received</unittitle><unitdate type="inclusive" normal="1792/1800">1792-1800</unitdate><unitid type="local_mss">3182970</unitid><container type="box">2</container><container type="folder">8</container></did><bioghist><p>Wife of William Wilson.</p></bioghist><scopecontent><p>Letter from her brother Henry Howey, 1792 April 19, and from her son Alexander Wilson, 1800 March 23.</p></scopecontent></c01><c01 level="file"><did><unittitle>Dibblee, Frances Wilson. Letter received from Ann Wilson Van Deusen</unittitle><unitdate type="inclusive" normal="1828-12-12" certainty="inferred">[1828] December 12</unitdate><unitid type="local_mss">3182971</unitid><container type="box">2</container><container type="folder">9</container></did><bioghist><p>Frances' sister baptized Alicia Ann, known as Ann and Nancy.</p></bioghist></c01><c01 level="file"><did><unittitle>Wilson, Alexander. Letter received from Frances Wilson</unittitle><unitdate type="inclusive" normal="1802-05-19">1802 May 19</unitdate><unitid type="local_mss">3184717</unitid><container type="box">2</container><container type="folder">10</container></did></c01><c01 level="file"><did><unittitle>Wilson, Robert L</unittitle><unitid type="local_mss">3183162</unitid></did><c02 level="file"><did><unittitle>Letters received</unittitle><unitid type="local_mss">3190058</unitid></did><c03 level="file"><did><unittitle>H-V</unittitle><unitdate type="inclusive" normal="1820/1829">1820-1829</unitdate><unitid type="local_mss">3183283</unitid><container type="box">2</container><container type="folder">11</container></did></c03><c03 level="file"><did><unittitle>Wilson, William</unittitle><unitdate type="inclusive" normal="1828-08-04">1828 August 4</unitdate><unitid type="local_mss">3183487</unitid><container type="box">2</container><container type="folder">12</container></did></c03><c03 level="file"><did><unittitle>Wilson, William H</unittitle><unitid type="local_mss">3183612</unitid></did><c04 level="file"><did><unitdate type="inclusive" normal="1828/1830">1828-1830</unitdate><unitid type="local_mss">3183846</unitid><container type="box">2</container><container type="folder">13-17</container></did></c04><c04 level="file"><did><unittitle>Incomplete letters</unittitle><unitdate type="inclusive">No year</unitdate><unitid type="local_mss">3183989</unitid><container type="box">2</container><container type="folder">18</container></did></c04></c03><c03 level="file"><did><unittitle>Unidentified correspondent</unittitle><unitdate type="inclusive" normal="1822-05-26">1822 May 26</unitdate><unitid type="local_mss">3184248</unitid><container type="box">2</container><container type="folder">19</container></did></c03></c02><c02 level="file"><did><unittitle>Legal certificates</unittitle><unitdate type="inclusive" normal="1815/1821">1815-1821</unitdate><unitid type="local_mss">3186545</unitid><container type="box">3</container><container type="folder">20</container></did></c02></c01><c01 level="file"><did><unittitle>Wilson, William H. Letters received</unittitle><unitid type="local_mss">3184860</unitid></did><c02 level="file"><did><unittitle>A-B</unittitle><unitdate type="inclusive" normal="1843">1843</unitdate><unitid type="local_mss">3184965</unitid><container type="box">2</container><container type="folder">21</container></did></c02><c02 level="file"><did><unittitle>De Koven, Henry</unittitle><unitdate type="inclusive" normal="1858/1861">1858-1861</unitdate><unitid type="local_mss">3186512</unitid><container type="box">2</container><container type="folder">22</container></did></c02><c02 level="file"><did><unittitle>Dibblee</unittitle><unitdate type="inclusive" normal="1825/1859">1825-1859</unitdate><unitid type="local_mss">3186513</unitid><container type="box">2</container><container type="folder">23</container></did><scopecontent><p>Letters from Fyler, Thomas B., and W. W. Dibblee.</p></scopecontent></c02><c02 level="file"><did><unittitle>G-T</unittitle><unitdate type="inclusive" normal="1824/1861">1824-1861</unitdate><unitid type="local_mss">3186514</unitid><container type="box">2</container><container type="folder">24-26</container></did></c02><c02 level="file"><did><unittitle>V</unittitle><unitdate type="inclusive" normal="1826/1844">1826-1844</unitdate><unitid type="local_mss">3186516</unitid><container type="box">3</container><container type="folder">1</container></did><scopecontent><p>Letters from Jacob Van Ness are accompanied by a letter from Wilson to Van Ness, 1829 December 16</p></scopecontent></c02><c02 level="file"><did><unittitle>Wilson, Alexander W</unittitle><unitdate type="inclusive" normal="1836-03-05">1836 March 5</unitdate><unitid type="local_mss">3186517</unitid><container type="box">3</container><container type="folder">2</container></did><bioghist><p>Alexander W. Wilson was William H. Wilson's nephew, born posthumously to his brother Alexander and wife Mary Livingston Wilson.</p></bioghist></c02><c02 level="file"><did><unittitle>Wilson, Robert L., 1822 November 22</unittitle><unitid type="local_mss">3190081</unitid><container type="box">3</container><container type="folder">3</container></did></c02><c02 level="file"><did><unittitle>Wilson, Stephen B</unittitle><unitdate type="inclusive" normal="1824/1842">1824-1842</unitdate><unitdate type="inclusive" normal="1861">1861</unitdate><unitid type="local_mss">3190082</unitid><container type="box">3</container><container type="folder">4</container></did><scopecontent><p>Letters 1824-1842 are written from U.S. schooner Grampus, and ships Macedonian and Columbus; letter dated 1861 June [9] from Poughkeepsie, N.Y. concerns his interest in purchasing a residential property in Columbia County, and brief mention of his disabilities.</p></scopecontent></c02></c01><c01 level="file"><did><unittitle>William H. Wilson family correspondence</unittitle><unitdate type="inclusive" normal="1837/1870">1837-1870</unitdate><unitid type="local_mss">3186521</unitid><container type="box">3</container><container type="folder">5</container></did><scopecontent><p>Miscellaneous letters and cards addressed to William H. Wilson's daughter Elizabeth, his son Harold and Harold's wife, and Harold's mother-in-law, Mrs. John Sanders. Included is a letter of introduction to General John A. Dix for Harold from H.A. Tilden, 1861 September 19, with two passes to the front for William H. Wilson.</p></scopecontent></c01><c01 level="file"><did><unittitle>Third-party correspondence and empty envelopes</unittitle><unitdate type="inclusive" normal="1830/1884">1830-1884</unitdate><unitid type="local_mss">3186522</unitid><container type="box">3</container><container type="folder">6</container></did></c01><c01 level="file"><did><unittitle>Financial and legal documents</unittitle><unitdate type="inclusive" normal="1799/1870">1799-1870</unitdate><unitid type="local_mss">3186528</unitid><container type="box">3</container><container type="folder">7</container></did></c01><c01 level="file"><did><unittitle>Land documents</unittitle><unitid type="local_mss">3186531</unitid><physdesc>Oversize documents remain folded.</physdesc></did><c02 level="file"><did><unitdate type="inclusive" normal="1793/1799">1793-1799</unitdate><unitid type="local_mss">3186532</unitid><container type="box">3</container><container type="folder">8</container></did></c02><c02 level="file"><did><unittitle>1801-1823, 1872</unittitle><unitid type="local_mss">3186537</unitid><container type="box">3</container><container type="folder">9</container></did></c02></c01><c01 level="file"><did><unittitle>Land surveys</unittitle><unitid type="local_mss">3186538</unitid><physdesc>Oversize documents remain folded.</physdesc></did><c02 level="file"><did><unittitle>D. Brooks survey map of Samuel Hener's farm and meadow lot</unittitle><unitdate type="inclusive" normal="1800" certainty="approximate">approximately 1800</unitdate><unitid type="local_mss">3186539</unitid><container type="box">3</container><container type="folder">10</container></did></c02><c02 level="file"><did><unittitle>Frederick Hauser survey of four farms for Robert C. Livingston</unittitle><unitdate type="inclusive" normal="1794" certainty="approximate">approximately 1794</unitdate><unitid type="local_mss">3186540</unitid><physdesc>Unbound manuscript notebook, 7 pages.</physdesc><container type="box">3</container><container type="folder">11</container></did><scopecontent><p>Survey conducted July 10, 1794 in Lot No. 2, Town of Livingston.</p></scopecontent></c02><c02 level="file"><did><unittitle>Alexander Thompson surveys in Dutchess County</unittitle><unitdate type="inclusive" normal="1794/1800">1794-1800</unitdate><unitid type="local_mss">3186541</unitid><container type="box">3</container><container type="folder">12</container></did><scopecontent><p>Papers consist of manuscript instructions of James S. Smith to Alexander Thompson for land belonging to J.S. Robertson in Little Nine Partners, dated 1794 July 25, and three manuscript field books. These are a field book for Lot Nos. 24 and 44 in the town of North East, with remarks noting events since 1794; and two field books stitched together, for lands belonging to Walter Rutherford [sic, Rutherfurd]. The first, a 1799 copy made by Thompson at Wilson's request, is for Lot Nos. 2 and 19, surveyed in October 1794 under Smith's instructions; the second is for part of Lot No. 35, surveyed April 1800 by direction of William Wilson.</p></scopecontent></c02><c02 level="file"><did><unittitle>John Wigram survey maps, Lot No. 2, Town of Livingston</unittitle><unitdate type="inclusive" normal="1790/1799">1790s</unitdate><unitid type="local_mss">3186542</unitid><container type="box">3</container><container type="folder">13</container></did><scopecontent><p>Manuscript survey maps of farms laid out for identified individuals in Lot No. 2, in the central and eastern part of Columbia County, drawn and signed by John Wigram. The surveys were conducted in 1790 and 1793. The map for Adam Dings Jr. contains an addition made by Alexander Thompson for John P. Hauver's adjacent farm, surveyed in 1799. Eleven items, in dark ink, some with red wash.</p></scopecontent></c02><c02 level="file"><did><unittitle>Maps of surveys in the Town of Livingston</unittitle><unitdate type="inclusive" normal="1800" certainty="approximate">approximately 1800</unitdate><unitid type="local_mss">3186543</unitid><container type="box">3</container><container type="folder">14</container></did><scopecontent><p>Maps by an unidentified surveyor comprising a key map and related maps numbered 2, 3, and 4; 6 and 7 on one sheet; and 7, 8, and 9. The numbered maps show the central and eastern portion of the township, north of Ancram, running west to east in the Taghanic-Copake area. Also included is an undated map of seven wood lots adjoining the farm of Conrad Kline.</p></scopecontent></c02><c02 level="file"><did><unittitle>Survey map of Sanders and Van Deusen wood lots in Clermont</unittitle><unitdate type="inclusive" normal="1842" certainty="approximate">approximately 1842</unitdate><unitid type="local_mss">3186544</unitid><container type="box">3</container><container type="folder">15</container></did></c02></c01><c01 level="file"><did><unittitle>Printed ephemera</unittitle><unitid type="local_mss">3186547</unitid><physdesc>Oversize documents remain folded.</physdesc></did><c02 level="file"><did><unittitle>Claremont Academy</unittitle><unitdate type="inclusive" normal="1834/1844">1834-1844</unitdate><unitid type="local_mss">3186548</unitid><container type="box">3</container><container type="folder">16</container></did><scopecontent><p>Items comprise the school's Act of Incorporation, 1834 (3 copies); an information announcement of the school's opening, 1835 January 23; and printed instructions from the Regents of the State of New York regarding annual reports, 1844.</p></scopecontent></c02><c02 level="file"><did><unittitle>Canvass of the stump candidates, the enemies of the right of suffrage</unittitle><unitdate type="inclusive" normal="1823" certainty="inferred">[1823]</unitdate><unitid type="local_mss">3186549</unitid><physdesc>29.5 x 24 cm.</physdesc><container type="box">3</container><container type="folder">17</container></did><scopecontent><p>A diatribe attacking the character and integrity of James Tallmadge, Gilbert Thorne, Alfred S. Pell, and John Klapp, addressed to the Republicans of Dutchess by A Republican of the Old School. The candidates were all elected in November, 1823, to represent Dutchess County in the New York State Assembly.</p></scopecontent></c02><c02 level="file"><did><unittitle>Columbia County election results</unittitle><unitdate type="inclusive" normal="1828/1833">1828-1833</unitdate><unitid type="local_mss">3186550</unitid><physdesc>8 items, various sizes.</physdesc><container type="box">3</container><container type="folder">18</container></did><scopecontent><p>The "official canvass" or "statement of votes" for federal and/or state and local candidates in annual elections, tabulated by office and town. There are two copies of the 1832 election results.</p></scopecontent></c02><c02 level="file"><did><unittitle>In the Court of the Trial of Impeachments and Correction of Errors. James Jackson ex dem. Henry Livingston, ads. Jeremiah Schutt</unittitle><unitdate type="inclusive">after 1794</unitdate><unitid type="local_mss">3186551</unitid><physdesc>41 x 33.5 cm.</physdesc><container type="box">3</container><container type="folder">19</container></did><scopecontent><p>Pleading of counsel for the Defendent in Error, requesting affirmation of the Supreme Court's ruling for the plaintiff. The case, commenced "sometime in the year 1794," concerned Livingston's claim to land occupied by Schutt.</p></scopecontent></c02><c02 level="file"><did><unittitle>Tallmadge's Lament</unittitle><unitdate type="inclusive" normal="1824" certainty="approximate">approximately 1824</unitdate><unitid type="local_mss">3186552</unitid><physdesc>23 x 15.5 cm.</physdesc><container type="box">3</container><container type="folder">20</container></did><scopecontent><p>Seven stanzas, sung to the tune of "Oh cruel was the press gang," portraying Tallmadge as a political turncoat in the race for Lieutenant Governor of New York State.</p></scopecontent></c02></c01><c01 level="file"><did><unittitle>Printed matter</unittitle><unitdate type="inclusive" normal="1794">1794</unitdate><unitdate type="inclusive" normal="1884" certainty="inferred">[1884]</unitdate><unitid type="local_mss">3186553</unitid></did></c01></dsc></archdesc>
</ead>
