<?xml version="1.0" encoding="UTF-8"?>
<ead xmlns="urn:isbn:1-931666-22-9" xmlns:xsi="http://www.w3.org/2001/XMLSchema-instance" xmlns:xlink="http://www.w3.org/1999/xlink" xsi:schemaLocation="urn:isbn:1-931666-22-9 http://www.loc.gov/ead/ead.xsd">
  <eadheader countryencoding="iso3166-1" dateencoding="iso8601" langencoding="iso639-2b" repositoryencoding="iso15511" relatedencoding="marc" scriptencoding="iso8601"><eadid countrycode="US" mainagencycode="US-NN" url="http://archives.nypl.org/dan/24868.xml">dan24868.xml</eadid><filedesc><titlestmt><titleproper>Guide to the W. H. Stephan photographs, <date>1949-1959</date></titleproper></titlestmt><publicationstmt><publisher>The New York Public Library. Jerome Robbins Dance Division.</publisher><address><addressline>New York Public Library for the Performing Arts, Dorothy and Lewis B. Cullman Center</addressline><addressline>40 Lincoln Center Plaza, New York, NY 10023-7498</addressline></address></publicationstmt></filedesc><profiledesc><creation>EAD generated by archives.nypl.org on <date normal="2019-12-10">December 10, 2019</date></creation><langusage><language langcode="eng">English</language></langusage></profiledesc></eadheader>
  
  <archdesc level="collection"><did><unittitle>W. H. Stephan photographs</unittitle><unitdate type="inclusive" normal="1949/1959">1949-1959</unitdate><unitid type="local_mss">24868</unitid><unitid type="local_call">*MGZEB 19-271</unitid><unitid type="local_b">b21822985</unitid><repository><corpname>The New York Public Library. Jerome Robbins Dance Division.</corpname><address><addressline>New York Public Library for the Performing Arts, Dorothy and Lewis B. Cullman Center</addressline><addressline>40 Lincoln Center Plaza, New York, NY 10023-7498</addressline></address></repository><physdesc><extent unit="containers">9 boxes</extent><extent unit="linear_feet">3.58 linear feet</extent></physdesc><abstract>W. H. (Wilbur Hulin) Stephan (1921-1959) was a Ohio born photographer who specialized in dance. The W. H. Stephan photographs date from 1949 to 1959 and are comprised of black and white negatives and photographic prints of numerous ballet and modern dance companies throughout New York City and the greater tri-state region. The majority of the collection documents the productions and dancers of well-known companies, chiefly American Ballet Theatre, Ballet Russe de Monte Carlo, New York City Ballet, and Slavenska-Franklin Ballet. The photographs captured the New York modern dance scene and its well-known figures including Merce Cunningham, Myra Kinch, Pearl Lang, Sophie Maslow, and Paul Taylor.</abstract><langmaterial>English</langmaterial></did><bioghist><p>W. H. (Wilbur Hulin) Stephan (1921-1959) was a photographer who specialized in dance. Stephan was born in Upper Sandusky, Ohio and began exploring photography as a teenager. While still in high school, he opened up a studio for photographic finishing and general photographic work. After serving in World War II as a Public Relations Photographer, he returned to fine arts and studied painting under Hans Hofmann while maintaining a photography practice. Throughout the early 1950s Stephan won several photograph competitions while attending the Illinois Institute of Technology where he earned a bachelor's degree in photography. Following graduation in 1951, he moved to New York City. By 1954, he was regularly exhibiting and publishing dance photographs in books and magazines including <title>Dance Magazine</title>, <title>Dance News</title>, <title>Dance Observer</title>, <title>The New York Times</title>, and <title>The London Dancing Times</title>. He was also a monthly contributor to the <title>Dancing Star Magazine</title>. An enthusiast of motor scooters, Stephan toured Europe by motor scooter in the summer of 1957 where he photographed international ballet companies. From 1953 until his death in 1959, Stephan was employed as a photographer for Pagano, Inc., a company that provided photographs to advertising agencies.</p></bioghist><scopecontent><p>The W. H. Stephan photographs date from 1949 to 1959 and are comprised of black and white negatives and photographic prints of numerous ballet and modern dance companies throughout New York City and the greater tri-state region.</p> <p>The collection is arranged into two series, Negatives and Photographic Prints. The series are arranged into sections by Companies, Individuals, Productions, Publications, Promotional, and Non-dance photographs. The files are arranged alphabetically.</p> <p>The majority of the collection documents the productions and dancers of well-known companies, chiefly American Ballet Theatre, Ballet Russe de Monte Carlo, New York City Ballet, and Slavenska-Franklin Ballet. Productions include American Ballet Theatre's <title>Giselle</title> and <title>Pillar of Fire</title>; Joffrey Ballet's <title>Pas de Deesses</title>; José Limón Dance Company's <title>King's Heart</title>; and Royal Danish Ballet's <title>Napoli</title>. Stephan also paid special attention to dancers Alexandra Danilova and Sonia Arova, both of whom are well-represented within the collection.</p> <p>Stephan also spent a great deal of time photographing modern dance's most prominent figures. Included in the collection are studio portraits of Merce Cunningham and Paul Taylor; Myra Kinch in a production of <title>Giselle's Revenge</title>; Pearl Lang; Sophie Maslow; and a production of Doris Humphrey's <title>The Shakers</title>, inspired by the 18th century American Christian sect.</p> <p>Additionally, Stephan drew attention to dance forms outside of ballet and modern dance. He photographed figures such as Indian folk dancer Bhaskar Roy Chowdhury; mime and dancer Angna Enters; traditional Indian dancer Nala Najan; and Ryliss Barnes Simpson, better known as Javanese dancer Hasoutra.</p> <p>Of special note is a mock-up flyer Stephan designed to promote his 1954 exhibit of Alexandra Danilova photographs at the Kamin Dance Bookshop and Gallery (Box 9, Folder 7). The mock-up consists of a mounted black and white print of Danilova with Stephan's hand drawn type on tracing paper announcing the show and its details.</p> <p>Finally, there is a small amount of non-dance, personal photographs. These include beach outings, locations around New York City, Chicago, Tarrytown, and many shots of cats.</p></scopecontent><prefercite><p>W. H. Stephan photographs, *MGZEB 19-271. Jerome Robbins Dance Division, The New York Public Library for the Performing Arts</p></prefercite><acqinfo><p>Gift of Mrs. Sally Limbach (sister of W. H. Stephan), 1959.</p></acqinfo><processinfo><p>Processed by <name>Tara D. Strongosky</name>, <date>2019</date>.</p></processinfo><controlaccess><persname role="subject" source="naf" authfilenumber="http://id.loc.gov/authorities/names/n83047112">Cunningham, Merce</persname><persname role="subject" source="naf" authfilenumber="http://id.loc.gov/authorities/names/n97872863">Kinch, Myra</persname><persname role="subject" source="naf" authfilenumber="http://id.loc.gov/authorities/names/n88226079">Lang, Pearl, 1921-2009</persname><persname role="subject" source="naf" authfilenumber="http://id.loc.gov/authorities/names/no2001018865">Maslow, Sophie</persname><persname role="cre" source="naf" authfilenumber="http://id.loc.gov/authorities/names/n97873659">Stephan, W. H.</persname><persname role="subject" source="naf" authfilenumber="http://id.loc.gov/authorities/names/n85156548">Taylor, Paul, 1930-2018</persname><corpname role="subject" source="naf" authfilenumber="http://id.loc.gov/authorities/names/n50064030">American Ballet Theatre</corpname><corpname role="subject" source="naf" authfilenumber="http://id.loc.gov/authorities/names/n82036392">Ballet Russe de Monte Carlo</corpname><corpname role="subject" source="naf" authfilenumber="http://id.loc.gov/authorities/names/nr98001446">Chicago Opera Ballet</corpname><corpname role="subject" source="naf" authfilenumber="http://id.loc.gov/authorities/names/no2009190625">Juilliard Dance Ensemble</corpname><corpname role="subject" source="naf" authfilenumber="http://id.loc.gov/authorities/names/n50003343">New York City Ballet</corpname><corpname role="subject" source="naf" authfilenumber="http://id.loc.gov/authorities/names/n2010074505">Slavenska-Franklin Ballet</corpname><subject source="lcsh">Ballet -- 20th century</subject><subject source="lcsh">Ballet companies -- Photographs</subject><subject source="lcsh">Dance companies -- Photographs</subject><subject source="lcsh">Modern dance -- United States</subject><genreform source="aat" authfilenumber="http://id.loc.gov/authorities/names/300127173">Negatives (photographs)</genreform><genreform source="aat" authfilenumber="http://id.loc.gov/authorities/names/300127104">Photographic prints</genreform><occupation source="itoamc">Dancers.</occupation><occupation source="itoamc">Photographers.</occupation></controlaccess><dsc><c01 level="series"><did><unittitle>Series I: Negatives</unittitle><unitdate type="inclusive" normal="1949/1958">1949-1958</unitdate><unitid type="local_mss">3179097</unitid><physdesc><extent unit="containers">6 boxes</extent><extent unit="linear_feet">2.5 linear feet</extent></physdesc></did><c02 level="subseries"><did><unittitle>Companies</unittitle><unitdate type="inclusive" normal="1951/1957">1951-1957</unitdate><unitid type="local_mss">3179500</unitid></did><c03 level="file"><did><unittitle>Alvin Ailey American Dance Theater</unittitle><unitdate type="inclusive" normal="1954">1954</unitdate><unitid type="local_mss">3179093</unitid><container type="box">1</container><container type="folder">1</container></did><scopecontent><p>Includes dancers Claude Thompson and Maggie.</p></scopecontent></c03><c03 level="file"><did><unittitle>American Ballet Theatre</unittitle><unitdate type="inclusive" normal="1954/1957">1954-1957</unitdate><unitid type="local_mss">3179094</unitid></did><c04 level="file"><did><unittitle><title>Billy the Kid</title></unittitle><unitdate type="inclusive" normal="1950/1959" certainty="approximate">circa 1950s</unitdate><unitid type="local_mss">3179118</unitid><container type="box">1</container><container type="folder">2</container></did></c04><c04 level="file"><did><unittitle>Bruhn, Erik</unittitle><unitdate type="inclusive" normal="1950/1959" certainty="approximate">circa 1950s</unitdate><unitid type="local_mss">3179119</unitid><container type="box">1</container><container type="folder">3</container></did></c04><c04 level="file"><did><unittitle>Eglevsky, André</unittitle><unitdate type="inclusive" normal="1957-01-26">1957 January 26</unitdate><unitid type="local_mss">3179120</unitid><container type="box">1</container><container type="folder">4</container></did></c04><c04 level="file"><did><unittitle>Essen, Viola</unittitle><unitdate type="inclusive">1954 Feburary 27</unitdate><unitid type="local_mss">3179121</unitid><container type="box">1</container><container type="folder">5</container></did></c04><c04 level="file"><did><unittitle><title>Giselle</title></unittitle><unitdate type="inclusive" normal="1955">1955</unitdate><unitid type="local_mss">3179122</unitid><container type="box">1</container><container type="folder">6</container></did><scopecontent><p>Includes dancers Erik Bruhn and Alicia Alonso.</p></scopecontent></c04><c04 level="file"><did><unittitle>Laing, Hugh</unittitle><unitdate type="inclusive" normal="1950/1959" certainty="approximate">circa 1950s</unitdate><unitid type="local_mss">3179123</unitid><container type="box">1</container><container type="folder">7</container></did></c04><c04 level="file"><did><unittitle>Nelson, Peter</unittitle><unitdate type="inclusive" normal="1957-01-22">1957 January 22</unitdate><unitid type="local_mss">3179124</unitid><container type="box">1</container><container type="folder">8</container></did></c04><c04 level="file"><did><unittitle>Nelson, Peter and Anne Wilson</unittitle><unitdate type="inclusive" normal="1957-01-27">1957 January 27</unitdate><unitid type="local_mss">3179125</unitid><container type="box">1</container><container type="folder">9</container></did></c04><c04 level="file"><did><unittitle>Papish, Arlene and Jack Kauflin</unittitle><unitdate type="inclusive" normal="1956">1956</unitdate><unitid type="local_mss">3179128</unitid><container type="box">1</container><container type="folder">10</container></did></c04><c04 level="file"><did><unittitle><title>Pillar of Fire</title></unittitle><unitdate type="inclusive" normal="1950/1959" certainty="approximate">circa 1950s</unitdate><unitid type="local_mss">3179129</unitid><container type="box">1</container><container type="folder">11</container></did></c04><c04 level="file"><did><unittitle>Ruffner, Jerry</unittitle><unitdate type="inclusive" normal="1956-12-03">1956 December 3</unitdate><unitid type="local_mss">3179130</unitid><container type="box">1</container><container type="folder">12</container></did></c04><c04 level="file"><did><unittitle><title>The Spell</title></unittitle><unitdate type="inclusive" normal="1950/1959" certainty="approximate">circa 1950s</unitdate><unitid type="local_mss">3179131</unitid><container type="box">1</container><container type="folder">13</container></did></c04><c04 level="file"><did><unittitle><title>Swan Lake</title></unittitle><unitdate type="inclusive" normal="1950/1959" certainty="approximate">circa 1950s</unitdate><unitid type="local_mss">3179132</unitid><container type="box">1</container><container type="folder">14</container></did></c04><c04 level="file"><did><unittitle><title>Les Sylphides</title></unittitle><unitdate type="inclusive" normal="1950/1959" certainty="approximate">circa 1950s</unitdate><unitid type="local_mss">3179133</unitid><container type="box">1</container><container type="folder">15</container></did></c04><c04 level="file"><did><unittitle>American Ballet Theatre at Brooklyn Academy of Music</unittitle><unitdate type="inclusive" normal="1956-01-10">1956 January 10</unitdate><unitid type="local_mss">3179134</unitid><container type="box">1</container><container type="folder">16</container></did></c04></c03><c03 level="file"><did><unittitle>Ballet Russe de Monte Carlo</unittitle><unitdate type="inclusive" normal="1953/1955">1953-1955</unitdate><unitid type="local_mss">3179095</unitid></did><c04 level="file"><did><unittitle>Class with Michel Fokine</unittitle><unitdate type="inclusive" normal="1953-06-01">1953 June 1</unitdate><unitid type="local_mss">3179136</unitid><container type="box">1</container><container type="folder">17</container></did></c04><c04 level="file"><did><unittitle>Danilova, Alexandra</unittitle><unitdate type="inclusive" normal="1950/1959" certainty="approximate">circa 1950s</unitdate><unitid type="local_mss">3179137</unitid><container type="box">1</container><container type="folder">18</container></did></c04><c04 level="file"><did><unittitle>Danilova, Alexandra exhibit at Kamin Gallery</unittitle><unitdate type="inclusive" normal="1954">1954</unitdate><unitid type="local_mss">3179138</unitid><container type="box">1</container><container type="folder">19</container></did></c04><c04 level="file"><did><unittitle>Raher, David</unittitle><unitdate type="inclusive" normal="1955-12">1955 December</unitdate><unitid type="local_mss">3179139</unitid><container type="box">1</container><container type="folder">20</container></did></c04><c04 level="file"><did><unittitle>Zoritch, George</unittitle><unitdate type="inclusive" normal="1955-02-06">1955 February 6</unitdate><unitid type="local_mss">3179140</unitid><container type="box">1</container><container type="folder">21</container></did></c04></c03><c03 level="file"><did><unittitle>Berlin State Ballet</unittitle><unitdate type="inclusive" normal="1955">1955</unitdate><unitid type="local_mss">3179141</unitid><container type="box">1</container><container type="folder">22</container></did></c03><c03 level="file"><did><unittitle>Bill Hooks Dance Company</unittitle><unitdate type="inclusive" normal="1950/1959" certainty="approximate">circa 1950s</unitdate><unitid type="local_mss">3179096</unitid><container type="box">1</container><container type="folder">23</container></did></c03><c03 level="file"><did><unittitle>Connecticut College Department of Dance</unittitle><unitdate type="inclusive" normal="1954/1955">1954-1955</unitdate><unitid type="local_mss">3179142</unitid><container type="box">1</container><container type="folder">24</container></did></c03><c03 level="file"><did><unittitle>Dance Notation Bureau</unittitle><unitdate type="inclusive" normal="1954">1954</unitdate><unitid type="local_mss">3179100</unitid><container type="box">1</container><container type="folder">25</container></did></c03><c03 level="file"><did><unittitle>Doris Humphrey choreography</unittitle><unitdate type="inclusive" normal="1955/1956">1955-1956</unitdate><unitid type="local_mss">3179159</unitid></did><c04 level="file"><did><unittitle>At the Juilliard School Festival</unittitle><unitdate type="inclusive" normal="1956-04-27">1956 April 27</unitdate><unitid type="local_mss">3179160</unitid><container type="box">2</container><container type="folder">1</container></did></c04><c04 level="file"><did><unittitle><title>The Shakers</title></unittitle><unitdate type="inclusive" normal="1955-08-21">1955 August 21</unitdate><unitid type="local_mss">3179161</unitid><container type="box">2</container><container type="folder">2</container></did></c04></c03><c03 level="file"><did><unittitle>Jacob's Pillow Dance Festival</unittitle><unitdate type="inclusive" normal="1954">1954</unitdate><unitid type="local_mss">3179162</unitid><container type="box">2</container><container type="folder">3</container></did><scopecontent><p>Includes a production of <title>Celtic Ballet</title>.</p></scopecontent></c03><c03 level="file"><did><unittitle>James Waring and Company</unittitle><unitdate type="inclusive" normal="1954/1956">1954-1956</unitdate><unitid type="local_mss">3179102</unitid></did><c04 level="file"><did><unittitle><title>Freaks</title></unittitle><unitdate type="inclusive" normal="1954-03-30">1954 March 30</unitdate><unitid type="local_mss">3179175</unitid><container type="box">2</container><container type="folder">4</container></did></c04><c04 level="file"><did><unittitle>Unidentified productions</unittitle><unitdate type="inclusive" normal="1954-02-28/1956-12-05">1954 February 28-1956 December 5</unitdate><unitid type="local_mss">3179176</unitid><container type="box">2</container><container type="folder">5-7</container></did></c04></c03><c03 level="file"><did><unittitle>Joffrey Ballet</unittitle><unitdate type="inclusive" normal="1955">1955</unitdate><unitid type="local_mss">3179177</unitid></did><c04 level="file"><did><unittitle>Joffrey, Robert at the Young Men's Hebrew Association (YMHA) Festival</unittitle><unitdate type="inclusive" normal="1955-03-24">1955 March 24</unitdate><unitid type="local_mss">3179178</unitid><container type="box">2</container><container type="folder">8</container></did></c04><c04 level="file"><did><unittitle><title>Pas des Déesses</title></unittitle><unitdate type="inclusive" normal="1955-03-24">1955 March 24</unitdate><unitid type="local_mss">3179180</unitid><container type="box">2</container><container type="folder">9</container></did></c04></c03><c03 level="file"><did><unittitle>John Butler Company</unittitle><unitdate type="inclusive" normal="1955">1955</unitdate><unitid type="local_mss">3179181</unitid><container type="box">2</container><container type="folder">10</container></did><scopecontent><p>At Brooklyn Academy of Music.</p></scopecontent></c03><c03 level="file"><did><unittitle>José Limón Dance Company</unittitle><unitdate type="inclusive" normal="1954/1956">1954-1956</unitdate><unitid type="local_mss">3179211</unitid></did><c04 level="file"><did><unittitle>At Connecticut College Festival</unittitle><unitdate type="inclusive" normal="1955-08">1955 August</unitdate><unitid type="local_mss">3179222</unitid><container type="box">2</container><container type="folder">11</container></did></c04><c04 level="file"><did><unittitle><title>King's Heart</title></unittitle><unitdate type="inclusive" normal="1956-04-20">1956 April 20</unitdate><unitid type="local_mss">3179225</unitid><container type="box">2</container><container type="folder">12</container></did></c04><c04 level="file"><did><unittitle>Limón, José</unittitle><unitdate type="inclusive" normal="1954/1955">1954-1955</unitdate><unitid type="local_mss">3179228</unitid><container type="box">2</container><container type="folder">13</container></did></c04></c03><c03 level="file"><did><unittitle>Juilliard Dance Ensemble</unittitle><unitdate type="inclusive" normal="1955/1957">1955-1957</unitdate><unitid type="local_mss">3179109</unitid></did><c04 level="file"><did><unittitle><title>Primavera</title></unittitle><unitdate type="inclusive" normal="1955">1955</unitdate><unitid type="local_mss">3179232</unitid><container type="box">2</container><container type="folder">14</container></did><scopecontent><p>Choreographed by Anna Sokolow.</p></scopecontent></c04><c04 level="file"><did><unittitle><title>Three Lyric Dances</title></unittitle><unitdate type="inclusive" normal="1956-05-13">1956 May 13</unitdate><unitid type="local_mss">3179234</unitid><container type="box">2</container><container type="folder">15</container></did><scopecontent><p>Choregraphed by Ben Harkarvy.</p></scopecontent></c04><c04 level="file"><did><unittitle>Unidentified production</unittitle><unitdate type="inclusive" normal="1957-01-08">1957 January 8</unitdate><unitid type="local_mss">3179235</unitid><container type="box">2</container><container type="folder">16</container></did></c04></c03><c03 level="file"><did><unittitle>London Festival Ballet</unittitle><unitdate type="inclusive" normal="1955">1955</unitdate><unitid type="local_mss">3179237</unitid></did><c04 level="file"><did><unittitle>Briansky, Oleg</unittitle><unitdate type="inclusive" normal="1955-03/1955-05">1955 March-May</unitdate><unitid type="local_mss">3179243</unitid><container type="box">2</container><container type="folder">17</container></did></c04><c04 level="file"><did><unittitle>Unidentified production</unittitle><unitdate type="inclusive" normal="1955-02-19">1955 February 19</unitdate><unitid type="local_mss">3179248</unitid><container type="box">2</container><container type="folder">18</container></did></c04></c03><c03 level="file"><did><unittitle>Martha Graham Dance Company</unittitle><unitdate type="inclusive" normal="1955">1955</unitdate><unitid type="local_mss">3179103</unitid></did><c04 level="file"><did><unittitle>Cohan, Robert</unittitle><unitdate type="inclusive" normal="1955-05-12/1955-05-16">1955 May 12-16</unitdate><unitid type="local_mss">3179250</unitid><container type="box">2</container><container type="folder">19</container></did></c04><c04 level="file"><did><unittitle>Hickson, Mary</unittitle><unitdate type="inclusive" normal="1955-05-18">1955 May 18</unitdate><unitid type="local_mss">3179253</unitid><container type="box">2</container><container type="folder">20</container></did></c04></c03><c03 level="file"><did><unittitle>Merce Cunningham Dance Company</unittitle><unitdate type="inclusive" normal="1956/1957">1956-1957</unitdate><unitid type="local_mss">3179104</unitid></did><c04 level="file"><did><unittitle>King, Bruce</unittitle><unitdate type="inclusive" normal="1956-08-14">1956 August 14</unitdate><unitid type="local_mss">3179256</unitid><container type="box">2</container><container type="folder">21</container></did></c04><c04 level="file"><did><unittitle><title>Septet</title></unittitle><unitdate type="inclusive" normal="1957-01">1957 January</unitdate><unitid type="local_mss">3179258</unitid><container type="box">2</container><container type="folder">22</container></did></c04></c03><c03 level="file"><did><unittitle>National Ballet of Canada</unittitle><unitdate type="inclusive" normal="1955">1955</unitdate><unitid type="local_mss">3179259</unitid></did><c04 level="file"><did><unittitle>Hunter, Fergus</unittitle><unitdate type="inclusive" normal="1955-10-14">1955 October 14</unitdate><unitid type="local_mss">3179261</unitid><container type="box">2</container><container type="folder">23</container></did></c04><c04 level="file"><did><unittitle>Unidentified productions</unittitle><unitdate type="inclusive" normal="1955-03-25">1955 March 25</unitdate><unitid type="local_mss">3179263</unitid><container type="box">2</container><container type="folder">24</container></did><scopecontent><p>At Brooklyn Academy of Music.</p></scopecontent></c04></c03><c03 level="file"><did><unittitle>New York City Ballet</unittitle><unitdate type="inclusive" normal="1954">1954</unitdate><unitid type="local_mss">3179105</unitid></did><c04 level="file"><did><unittitle>Classes</unittitle><unitdate type="inclusive" normal="1950/1959" certainty="approximate">circa 1950s</unitdate><unitid type="local_mss">3179291</unitid><container type="box">3</container><container type="folder">1</container></did></c04><c04 level="file"><did><unittitle>Harper, Herbie</unittitle><unitdate type="inclusive" normal="1950/1959" certainty="approximate">circa 1950s</unitdate><unitid type="local_mss">3179292</unitid><container type="box">3</container><container type="folder">2</container></did></c04><c04 level="file"><did><unittitle>Johnson, Louis</unittitle><unitdate type="inclusive" normal="1954">1954</unitdate><unitid type="local_mss">3179293</unitid><container type="box">3</container><container type="folder">3</container></did></c04><c04 level="file"><did><unittitle>Tompkins, Beatrice</unittitle><unitdate type="inclusive" normal="1954-02-28">1954 February 28</unitdate><unitid type="local_mss">3179294</unitid><container type="box">3</container><container type="folder">4</container></did></c04><c04 level="file"><did><unittitle>Tompkins, Beatrice and Roland Vazquez</unittitle><unitdate type="inclusive" normal="1954-04-30">1954 April 30</unitdate><unitid type="local_mss">3179295</unitid><container type="box">3</container><container type="folder">5</container></did></c04><c04 level="file"><did><unittitle>Vazquez, Roland</unittitle><unitdate type="inclusive" normal="1954">1954</unitdate><unitid type="local_mss">3179296</unitid><container type="box">3</container><container type="folder">6</container></did></c04></c03><c03 level="file"><did><unittitle>North Carolina Dance Theater</unittitle><unitdate type="inclusive" normal="1956">1956</unitdate><unitid type="local_mss">3179297</unitid><container type="box">3</container><container type="folder">7</container></did><scopecontent><p>Unidentified performances.</p></scopecontent></c03><c03 level="file"><did><unittitle>Paris Opera Ballet</unittitle><unitdate type="inclusive" normal="1956">1956</unitdate><unitid type="local_mss">3179298</unitid><container type="box">3</container><container type="folder">8</container></did><scopecontent><p>Includes dancer Lycette Darsonval.</p></scopecontent></c03><c03 level="file"><did><unittitle>Paul Taylor Dance Company</unittitle><unitdate type="inclusive" normal="1956">1956</unitdate><unitid type="local_mss">3179300</unitid><container type="box">3</container><container type="folder">9</container></did><scopecontent><p>Includes a production of <title>Little Circus</title>.</p></scopecontent></c03><c03 level="file"><did><unittitle>Radio City Music Hall Corps de Ballet</unittitle><unitdate type="inclusive" normal="1956">1956</unitdate><unitid type="local_mss">3179302</unitid><container type="box">3</container><container type="folder">10</container></did><scopecontent><p>Includes dancer Anthony Mordente.</p></scopecontent></c03><c03 level="file"><did><unittitle>Romola James' <title>Unmatched Gloves</title></unittitle><unitdate type="inclusive" normal="1951">1951</unitdate><unitid type="local_mss">3179304</unitid><container type="box">3</container><container type="folder">11</container></did></c03><c03 level="file"><did><unittitle>Royal Danish Ballet</unittitle><unitdate type="inclusive" normal="1956">1956</unitdate><unitid type="local_mss">3179305</unitid><container type="box">3</container><container type="folder">12</container></did><scopecontent><p>At Brooklyn Academy of Music.</p></scopecontent></c03><c03 level="file"><did><unittitle>Ruth Page's Chicago Opera Ballet</unittitle><unitdate type="inclusive" normal="1953/1956">1953-1956</unitdate><unitid type="local_mss">3179106</unitid></did><c04 level="file"><did><unittitle>Performance at Brooklyn Academy of Music</unittitle><unitdate type="inclusive" normal="1956-12-15">1956 December 15</unitdate><unitid type="local_mss">3179306</unitid><container type="box">3</container><container type="folder">13</container></did><scopecontent><p>Includes dancers Istvan Rabovsky, Job Sanders, Sonia Arova, and Nora Kovach.</p></scopecontent></c04><c04 level="file"><did><unittitle>Arova, Sonia</unittitle><unitdate type="inclusive" normal="1955">1955</unitdate><unitid type="local_mss">3179307</unitid><container type="box">3</container><container type="folder">14</container></did></c04><c04 level="file"><did><unittitle>Arova, Sonia and Job Sanders</unittitle><unitdate type="inclusive" normal="1956-05-28">1956 May 28</unitdate><unitid type="local_mss">3179308</unitid><container type="box">3</container><container type="folder">15</container></did></c04><c04 level="file"><did><unittitle>Sanders, Job</unittitle><unitdate type="inclusive" normal="1953/1955">1953-1955</unitdate><unitid type="local_mss">3179309</unitid><container type="box">3</container><container type="folder">16</container></did></c04></c03><c03 level="file"><did><unittitle>San Francisco Ballet</unittitle><unitdate type="inclusive" normal="1954/1955">1954-1955</unitdate><unitid type="local_mss">3179310</unitid><container type="box">3</container><container type="folder">17</container></did><scopecontent><p>Includes dancer Dick Andros.</p></scopecontent></c03><c03 level="file"><did><unittitle>Shirley Broughton Dance Company</unittitle><unitdate type="inclusive" normal="1954">1954</unitdate><unitid type="local_mss">3179107</unitid><container type="box">3</container><container type="folder">18</container></did><scopecontent><p>Includes a production of <title>Canzone</title>.</p></scopecontent></c03><c03 level="file"><did><unittitle>Slavenska-Franklin Ballet</unittitle><unitdate type="inclusive" normal="1953">1953</unitdate><unitid type="local_mss">3179101</unitid></did><c04 level="file"><did><unittitle>Frederic Franklin Teaching</unittitle><unitdate type="inclusive" normal="1953-07-16">1953 July 16</unitdate><unitid type="local_mss">3179312</unitid><container type="box">3</container><container type="folder">19</container></did></c04><c04 level="file"><did><unittitle><title>Mademoiselle Fifi</title> Rehearsal</unittitle><unitdate type="inclusive" normal="1953-07-24">1953 July 24</unitdate><unitid type="local_mss">3179313</unitid><container type="box">3</container><container type="folder">20</container></did><scopecontent><p>Includes dancer Alexandra Danilova.</p></scopecontent></c04><c04 level="file"><did><unittitle><title>A Streetcar Named Desire</title></unittitle><unitdate type="inclusive" normal="1953-07-25">1953 July 25</unitdate><unitid type="local_mss">3179314</unitid><container type="box">3</container><container type="folder">21</container></did></c04><c04 level="file"><did><unittitle><title>Waltz of the Flowers</title></unittitle><unitdate type="inclusive" normal="1953-07-23">1953 July 23</unitdate><unitid type="local_mss">3179315</unitid><container type="box">3</container><container type="folder">22</container></did></c04></c03><c03 level="file"><did><unittitle>William Dollar and Company</unittitle><unitdate type="inclusive" normal="1955">1955</unitdate><unitid type="local_mss">3179108</unitid><container type="box">3</container><container type="folder">23</container><container type="box">4</container><container type="folder">1</container></did><scopecontent><p>Includes unidentified performances at a Young Men's Hebrew Association (YMHA) festival.</p></scopecontent></c03></c02><c02 level="subseries"><did><unittitle>Individuals</unittitle><unitdate type="inclusive" normal="1950/1958">1950-1958</unitdate><unitid type="local_mss">3179111</unitid></did><c03 level="file"><did><unittitle>Becker, Lee</unittitle><unitdate type="inclusive" normal="1956-02-18">1956 February 18</unitdate><unitid type="local_mss">3179332</unitid><container type="box">4</container><container type="folder">2</container></did><scopecontent><p>At Henry Street Playhouse.</p></scopecontent></c03><c03 level="file"><did><unittitle>Belafonte, Harry</unittitle><unitdate type="inclusive" normal="1956-04-21">1956 April 21</unitdate><unitid type="local_mss">3179333</unitid><container type="box">4</container><container type="folder">3</container></did><scopecontent><p>Belafonte performing in <title>Sing, Man, Sing</title>.</p></scopecontent></c03><c03 level="file"><did><unittitle>Bell, Ben</unittitle><unitdate type="inclusive" normal="1950/1959" certainty="approximate">circa 1950s</unitdate><unitid type="local_mss">3179334</unitid><container type="box">4</container><container type="folder">4</container></did></c03><c03 level="file"><did><unittitle>Bettis, Valerie</unittitle><unitdate type="inclusive" normal="1956-04-21">1956 April 21</unitdate><unitid type="local_mss">3179335</unitid><container type="box">4</container><container type="folder">5</container></did><scopecontent><p>At Young Men's Hebrew Association (YMHA) festival.</p></scopecontent></c03><c03 level="file"><did><unittitle>Chowdury, Bhaskar Roy</unittitle><unitdate type="inclusive" normal="1956-10-17">1956 October 17</unitdate><unitid type="local_mss">3179337</unitid><container type="box">4</container><container type="folder">6</container></did></c03><c03 level="file"><did><unittitle>Cole, Harold</unittitle><unitdate type="inclusive" normal="1957-03-03">1957 March 3</unitdate><unitid type="local_mss">3179338</unitid><container type="box">4</container><container type="folder">7</container></did></c03><c03 level="file"><did><unittitle>Curtis, Paul</unittitle><unitdate type="inclusive" normal="1950/1959" certainty="approximate">circa 1950s</unitdate><unitid type="local_mss">3179339</unitid><container type="box">4</container><container type="folder">8</container></did></c03><c03 level="file"><did><unittitle>DaSilva, Hal</unittitle><unitdate type="inclusive" normal="1952-12-02">1952 December 2</unitdate><unitid type="local_mss">3179341</unitid><container type="box">4</container><container type="folder">9</container></did></c03><c03 level="file"><did><unittitle>DiNunzio, Gildo</unittitle><unitdate type="inclusive" normal="1956-05-19">1956 May 19</unitdate><unitid type="local_mss">3179343</unitid><container type="box">4</container><container type="folder">10</container></did><scopecontent><p>DiNunzio was the Metropolitan Opera's assistant conductor.</p></scopecontent></c03><c03 level="file"><did><unittitle>Durante, Vito</unittitle><unitdate type="inclusive" normal="1954-02-28">1954 February 28</unitdate><unitid type="local_mss">3179344</unitid><container type="box">4</container><container type="folder">11</container></did></c03><c03 level="file"><did><unittitle>Enters, Angna</unittitle><unitdate type="inclusive" normal="1956-11-09">1956 November 9</unitdate><unitid type="local_mss">3179345</unitid><container type="box">4</container><container type="folder">12</container></did><scopecontent><p>At Brooklyn Academy of Music.</p></scopecontent></c03><c03 level="file"><did><unittitle>Fitzmaurice, Joan</unittitle><unitdate type="inclusive" normal="1953-06-03">1953 June 3</unitdate><unitid type="local_mss">3179346</unitid><container type="box">4</container><container type="folder">13</container></did><scopecontent><p>Includes a performance of <title>Denmark Drum</title> at Young Men's Hebrew Association (YMHA) festival.</p></scopecontent></c03><c03 level="file"><did><unittitle>Golub, Audrey</unittitle><unitdate type="inclusive" normal="1950-05-05/1954-07-05">1950 May 5-1954 July 5</unitdate><unitid type="local_mss">3179348</unitid><container type="box">4</container><container type="folder">14</container></did><scopecontent><p>At Young Men's Hebrew Association (YMHA) festival.</p></scopecontent></c03><c03 level="file"><did><unittitle>Goya, Carola and Matteo</unittitle><unitdate type="inclusive" normal="1956-07-07">1956 July 7</unitdate><unitid type="local_mss">3179349</unitid><container type="box">4</container><container type="folder">15</container></did><scopecontent><p>At Jacob's Pillow Dance Festival.</p></scopecontent></c03><c03 level="file"><did><unittitle>Greco, Jose</unittitle><unitdate type="inclusive" normal="1956-01-14">1956 January 14</unitdate><unitid type="local_mss">3179350</unitid><container type="box">4</container><container type="folder">16</container></did><scopecontent><p>At Brooklyn Academy of Music.</p></scopecontent></c03><c03 level="file"><did><unittitle>Happ, Bill</unittitle><unitdate type="inclusive" normal="1950/1959" certainty="approximate">circa 1950s</unitdate><unitid type="local_mss">3179351</unitid><container type="box">4</container><container type="folder">17</container></did></c03><c03 level="file"><did><unittitle>Harkarvy, Benjamin</unittitle><unitdate type="inclusive" normal="1955-06-23">1955 June 23</unitdate><unitid type="local_mss">3179352</unitid><container type="box">4</container><container type="folder">18</container></did><scopecontent><p>At the Silvermine Arts Center in New Canaan, Connecticut.</p></scopecontent></c03><c03 level="file"><did><unittitle>Harold, Stephen</unittitle><unitdate type="inclusive" normal="1955-03-19">1955 March 19</unitdate><unitid type="local_mss">3179353</unitid><container type="box">4</container><container type="folder">19</container></did></c03><c03 level="file"><did><unittitle>Hilton, Bob</unittitle><unitdate type="inclusive" normal="1950/1959" certainty="approximate">circa 1950s</unitdate><unitid type="local_mss">3179354</unitid><container type="box">4</container><container type="folder">20</container></did></c03><c03 level="file"><did><unittitle>Johnson, Frances</unittitle><unitdate type="inclusive" normal="1950/1959" certainty="approximate">circa 1950s</unitdate><unitid type="local_mss">3179355</unitid><container type="box">4</container><container type="folder">21</container></did></c03><c03 level="file"><did><unittitle>Kinch, Myra</unittitle><unitdate type="inclusive" normal="1955-04-23/1955-12-10">1955 April 23-December 10</unitdate><unitid type="local_mss">3179356</unitid><container type="box">4</container><container type="folder">22-23</container></did><scopecontent><p>Includes performances from the Young Men's Hebrew Association (YMHA) festival and Brooklyn Academy of Music.</p></scopecontent></c03><c03 level="file"><did><unittitle>Kinch, Myra and Ruth Page</unittitle><unitdate type="inclusive" normal="1956-07">1956 July</unitdate><unitid type="local_mss">3179357</unitid><container type="box">4</container><container type="folder">24</container></did><scopecontent><p>At Jacob's Pillow Dance Festival.</p></scopecontent></c03><c03 level="file"><did><unittitle>Lang, Pearl</unittitle><unitdate type="inclusive" normal="1955-08">1955 August</unitdate><unitid type="local_mss">3179358</unitid><container type="box">4</container><container type="folder">25</container></did></c03><c03 level="file"><did><unittitle>Lee, Ernie</unittitle><unitdate type="inclusive" normal="1957-11-02">1957 November 2</unitdate><unitid type="local_mss">3179359</unitid><container type="box">4</container><container type="folder">26</container></did></c03><c03 level="file"><did><unittitle>Litz, Katherine and Ray Harrison</unittitle><unitdate type="inclusive" normal="1958-01-25">1958 January 25</unitdate><unitid type="local_mss">3179361</unitid><container type="box">4</container><container type="folder">27</container></did></c03><c03 level="file"><did><unittitle>Maslow, Sophie</unittitle><unitdate type="inclusive" normal="1956-04-28">1956 April 28</unitdate><unitid type="local_mss">3179362</unitid><container type="box">5</container><container type="folder">1</container></did><scopecontent><p>At Young Men's Hebrew Association (YMHA) festival.</p></scopecontent></c03><c03 level="file"><did><unittitle>Mayfair, Sheilah</unittitle><unitdate type="inclusive" normal="1950/1959" certainty="approximate">circa 1950s</unitdate><unitid type="local_mss">3179363</unitid><container type="box">5</container><container type="folder">2</container></did></c03><c03 level="file"><did><unittitle>McKayle, Donald</unittitle><unitdate type="inclusive" normal="1956-11-26">1956 November 26</unitdate><unitid type="local_mss">3179364</unitid><container type="box">5</container><container type="folder">3</container></did><scopecontent><p>At Hunter College.</p></scopecontent></c03><c03 level="file"><did><unittitle>Mr. New York State weightlifting</unittitle><unitdate type="inclusive" normal="1952">1952</unitdate><unitid type="local_mss">3179365</unitid><container type="box">5</container><container type="folder">4</container></did></c03><c03 level="file"><did><unittitle>Moore, Lillian</unittitle><unitdate type="inclusive" normal="1954-07-05">1954 July 5</unitdate><unitid type="local_mss">3179367</unitid><container type="box">5</container><container type="folder">5</container></did><scopecontent><p>At Young Men's Hebrew Association (YMHA) festival.</p></scopecontent></c03><c03 level="file"><did><unittitle>Oliver, Susan</unittitle><unitdate type="inclusive" normal="1955">1955</unitdate><unitid type="local_mss">3179368</unitid><container type="box">5</container><container type="folder">6</container></did><scopecontent><p>At Circle in the Square Theatre in front of <title>La Ronde</title> poster.</p></scopecontent></c03><c03 level="file"><did><unittitle>Preston, Neil</unittitle><unitdate type="inclusive" normal="1954-12-11">1954 December 11</unitdate><unitid type="local_mss">3179369</unitid><container type="box">5</container><container type="folder">7</container></did></c03><c03 level="file"><did><unittitle>St. Just, Emy</unittitle><unitdate type="inclusive" normal="1956-01-04">1956 January 4</unitdate><unitid type="local_mss">3179370</unitid><container type="box">5</container><container type="folder">8</container></did><scopecontent><p>At Hunter College.</p></scopecontent></c03><c03 level="file"><did><unittitle>Seeley, Howard</unittitle><unitdate type="inclusive" normal="1954-09-09">1954 September 9</unitdate><unitid type="local_mss">3179371</unitid><container type="box">5</container><container type="folder">9</container></did><scopecontent><p>From Seeley's wedding day.</p></scopecontent></c03><c03 level="file"><did><unittitle>Simpson, Ryliss Barnes "Hasoutra"</unittitle><unitdate type="inclusive" normal="1950/1959" certainty="approximate">circa 1950s</unitdate><unitid type="local_mss">3179372</unitid><container type="box">5</container><container type="folder">10</container></did></c03><c03 level="file"><did><unittitle>Stevie</unittitle><unitdate type="inclusive" normal="1953-09">1953 September</unitdate><unitid type="local_mss">3179373</unitid><container type="box">5</container><container type="folder">11</container></did></c03><c03 level="file"><did><unittitle>Taylor, Paul</unittitle><unitdate type="inclusive" normal="1955-04/1956-04">1955 April-1956 April</unitdate><unitid type="local_mss">3179374</unitid><container type="box">5</container><container type="folder">12</container></did></c03><c03 level="file"><did><unittitle>Ted</unittitle><unitdate type="inclusive" normal="1955-08-01">1955 August 1</unitdate><unitid type="local_mss">3179375</unitid><container type="box">5</container><container type="folder">13</container></did></c03><c03 level="file"><did><unittitle>Van Loon, Marion</unittitle><unitdate type="inclusive" normal="1954-04-30">1954 April 30</unitdate><unitid type="local_mss">3179376</unitid><container type="box">5</container><container type="folder">14</container></did></c03><c03 level="file"><did><unittitle>Wynn, David</unittitle><unitdate type="inclusive" normal="1954-02-16">1954 February 16</unitdate><unitid type="local_mss">3179377</unitid><container type="box">5</container><container type="folder">15</container></did></c03></c02><c02 level="subseries"><did><unittitle>Productions</unittitle><unitdate type="inclusive" normal="1953">1953</unitdate><unitid type="local_mss">3179378</unitid></did><c03 level="file"><did><unittitle><title>Love Possesses Not</title></unittitle><unitdate type="inclusive" normal="1953-06-01">1953 June 1</unitdate><unitid type="local_mss">3179379</unitid><container type="box">5</container><container type="folder">16</container></did><scopecontent><p>At Amato Opera House.</p></scopecontent></c03><c03 level="file"><did><unittitle><title>Banjo</title></unittitle><unitdate type="inclusive" normal="1950/1959" certainty="approximate">circa 1950s</unitdate><unitid type="local_mss">3179381</unitid><container type="box">5</container><container type="folder">17</container></did></c03></c02><c02 level="subseries"><did><unittitle>Publications</unittitle><unitdate type="inclusive" normal="1954/1955">1954-1955</unitdate><unitid type="local_mss">3179382</unitid></did><c03 level="file"><did><unittitle>Laurence Hope poetry and dance photographs</unittitle><unitdate type="inclusive" normal="1950/1959" certainty="approximate">circa 1950s</unitdate><unitid type="local_mss">3179383</unitid><container type="box">5</container><container type="folder">18-20</container></did><scopecontent><p>This file includes photographs of traditional Indian dancer Nala Najan. While there is no context provided with these files, it appears that Stephan was combining the poetry of Laurence Hope with images of Nala Najan that he cut out, pasted, and manipulated. Included are several poems of Laurence Hope handwritten by Stephan.</p></scopecontent></c03><c03 level="file"><did><unittitle>Dancing Star Magazine</unittitle><unitdate type="inclusive" normal="1955-11">1955 November</unitdate><unitid type="local_mss">3179384</unitid><container type="box">5</container><container type="folder">21</container></did></c03></c02><c02 level="subseries"><did><unittitle>Non-dance photographs</unittitle><unitdate type="inclusive" normal="1949/1953">1949-1953</unitdate><unitid type="local_mss">3179385</unitid></did><c03 level="file"><did><unittitle>Beach outings</unittitle><unitdate type="inclusive" normal="1950/1959" certainty="approximate">circa 1950s</unitdate><unitid type="local_mss">3179386</unitid><container type="box">5</container><container type="folder">22</container></did></c03><c03 level="file"><did><unittitle>Cats</unittitle><unitdate type="inclusive" normal="1950/1959" certainty="approximate">circa 1950s</unitdate><unitid type="local_mss">3179387</unitid><container type="box">5</container><container type="folder">23</container></did></c03><c03 level="file"><did><unittitle>Central Park</unittitle><unitdate type="inclusive" normal="1953">1953</unitdate><unitid type="local_mss">3179388</unitid><container type="box">5</container><container type="folder">24</container></did></c03><c03 level="file"><did><unittitle>Chicago</unittitle><unitdate type="inclusive" normal="1949">1949</unitdate><unitid type="local_mss">3179389</unitid><container type="box">5</container><container type="folder">25</container></did></c03><c03 level="file"><did><unittitle>42nd Street, Early Morning</unittitle><unitdate type="inclusive" normal="1950/1959" certainty="approximate">circa 1950s</unitdate><unitid type="local_mss">3179390</unitid><container type="box">5</container><container type="folder">26</container></did></c03><c03 level="file"><did><unittitle>Tarrytown, New York</unittitle><unitdate type="inclusive" normal="1953">1953</unitdate><unitid type="local_mss">3179391</unitid><container type="box">5</container><container type="folder">27</container></did></c03></c02><c02 level="file"><did><unittitle>Unidentified negatives</unittitle><unitdate type="inclusive" normal="1950/1959" certainty="approximate">circa 1950s</unitdate><unitid type="local_mss">3179392</unitid><container type="box">6</container><container type="folder">1-7</container></did></c02></c01><c01 level="series"><did><unittitle>Series II: Photographic Prints</unittitle><unitdate type="inclusive" normal="1949/1959">1949-1959</unitdate><unitid type="local_mss">3179099</unitid><physdesc><extent unit="containers">3 boxes</extent><extent unit="linear_feet">1.08 linear feet</extent></physdesc></did><c02 level="subseries"><did><unittitle>Companies</unittitle><unitdate type="inclusive" normal="1953/1958">1953-1958</unitdate><unitid type="local_mss">3179501</unitid></did><c03 level="file"><did><unittitle>American Ballet Theatre</unittitle><unitdate type="inclusive" normal="1958">1958</unitdate><unitid type="local_mss">3179394</unitid></did><c04 level="file"><did><unittitle>Alonso, Alicia and Erik Bruhn</unittitle><unitdate type="inclusive" normal="1950/1959" certainty="approximate">circa 1950s</unitdate><unitid type="local_mss">3179468</unitid><container type="box">9</container><container type="folder">1</container></did></c04><c04 level="file"><did><unittitle>Bruhn, Erik</unittitle><unitdate type="inclusive" normal="1950/1959" certainty="approximate">circa 1950s</unitdate><unitid type="local_mss">3179395</unitid><container type="box">7</container><container type="folder">1</container><container type="box">9</container><container type="folder">2</container></did></c04><c04 level="file"><did><unittitle>Classes</unittitle><unitdate type="inclusive" normal="1950/1959" certainty="approximate">circa 1950s</unitdate><unitid type="local_mss">3179470</unitid><container type="box">9</container><container type="folder">3</container></did></c04><c04 level="file"><did><unittitle><title>Don Quixote Pas de Deux</title></unittitle><unitdate type="inclusive" normal="1950/1959" certainty="approximate">circa 1950s</unitdate><unitid type="local_mss">3179471</unitid><container type="box">9</container><container type="folder">4</container></did></c04><c04 level="file"><did><unittitle>Eglevsky, André</unittitle><unitdate type="inclusive" normal="1950/1959" certainty="approximate">circa 1950s</unitdate><unitid type="local_mss">3179396</unitid><container type="box">7</container><container type="folder">2</container></did></c04><c04 level="file"><did><unittitle>Laing, Hugh</unittitle><unitdate type="inclusive" normal="1950/1959" certainty="approximate">circa 1950s</unitdate><unitid type="local_mss">3179397</unitid><container type="box">7</container><container type="folder">3</container></did></c04><c04 level="file"><did><unittitle><title>The Mirror</title></unittitle><unitdate type="inclusive" normal="1958">1958</unitdate><unitid type="local_mss">3179398</unitid><container type="box">7</container><container type="folder">4</container></did></c04><c04 level="file"><did><unittitle><title>Swan Lake</title></unittitle><unitdate type="inclusive" normal="1950/1959" certainty="approximate">circa 1950s</unitdate><unitid type="local_mss">3179399</unitid><container type="box">7</container><container type="folder">5</container></did></c04><c04 level="file"><did><unittitle><title>Les Sylphides</title></unittitle><unitdate type="inclusive" normal="1950/1959" certainty="approximate">circa 1950s</unitdate><unitid type="local_mss">3179400</unitid><container type="box">7</container><container type="folder">6</container></did></c04><c04 level="file"><did><unittitle>Tallchief, Maria</unittitle><unitdate type="inclusive" normal="1950/1959" certainty="approximate">circa 1950s</unitdate><unitid type="local_mss">3179472</unitid><container type="box">9</container><container type="folder">5</container></did></c04><c04 level="file"><did><unittitle>Youskevitch, Igor</unittitle><unitdate type="inclusive" normal="1950/1959" certainty="approximate">circa 1950s</unitdate><unitid type="local_mss">3179401</unitid><container type="box">7</container><container type="folder">7</container></did></c04></c03><c03 level="file"><did><unittitle>Ballet Russe de Monte Carlo</unittitle><unitdate type="inclusive" normal="1955">1955</unitdate><unitid type="local_mss">3179402</unitid></did><c04 level="file"><did><unittitle>Arova, Sonia</unittitle><unitdate type="inclusive" normal="1950/1959" certainty="approximate">circa 1950s</unitdate><unitid type="local_mss">3179473</unitid><container type="box">9</container><container type="folder">6</container></did></c04><c04 level="file"><did><unittitle>Danilova, Alexandra</unittitle><unitdate type="inclusive" normal="1950/1959" certainty="approximate">circa 1950s</unitdate><unitid type="local_mss">3179403</unitid><container type="box">7</container><container type="folder">8</container></did></c04><c04 level="file"><did><unittitle><title>The Dying Swan</title></unittitle><unitdate type="inclusive" normal="1950/1959" certainty="approximate">circa 1950s</unitdate><unitid type="local_mss">3179404</unitid><container type="box">7</container><container type="folder">9</container></did></c04><c04 level="file"><did><unittitle>Zoritch, Geoge</unittitle><unitdate type="inclusive" normal="1955-02-06">1955 February 6</unitdate><unitid type="local_mss">3179405</unitid><container type="box">7</container><container type="folder">10</container></did></c04></c03><c03 level="file"><did><unittitle>Connecticut College</unittitle><unitdate type="inclusive" normal="1954/1955">1954-1955</unitdate><unitid type="local_mss">3179406</unitid><container type="box">7</container><container type="folder">11</container><container type="box">9</container><container type="folder">8</container></did></c03><c03 level="file"><did><unittitle>Doris Humphrey choregraphy</unittitle><unitdate type="inclusive" normal="1955/1956">1955-1956</unitdate><unitid type="local_mss">3179407</unitid></did><c04 level="file"><did><unittitle><title>The Shakers</title></unittitle><unitdate type="inclusive" normal="1955">1955</unitdate><unitid type="local_mss">3179408</unitid><container type="box">7</container><container type="folder">12</container></did></c04><c04 level="file"><did><unittitle>At Juilliard Festival</unittitle><unitdate type="inclusive" normal="1956-04-27">1956 April 27</unitdate><unitid type="local_mss">3179410</unitid><container type="box">7</container><container type="folder">13</container><container type="box">9</container><container type="folder">9</container></did></c04></c03><c03 level="file"><did><unittitle>James Waring and Company</unittitle><unitdate type="inclusive" normal="1954/1955">1954-1955</unitdate><unitid type="local_mss">3179411</unitid><container type="box">7</container><container type="folder">14</container></did><c04 level="file"><did><unittitle><title>Freaks</title></unittitle><unitdate type="inclusive" normal="1954">1954</unitdate><unitid type="local_mss">3179475</unitid><container type="box">9</container><container type="folder">10</container></did></c04><c04 level="file"><did><unittitle>At Henry Street Playhouse</unittitle><unitdate type="inclusive" normal="1955-01-09">1955 January 9</unitdate><unitid type="local_mss">3179476</unitid><container type="box">9</container><container type="folder">11</container></did></c04></c03><c03 level="file"><did><unittitle>Joffrey Ballet</unittitle><unitdate type="inclusive" normal="1955">1955</unitdate><unitid type="local_mss">3179412</unitid></did><c04 level="file"><did><unittitle><title>Pas des Deesses</title></unittitle><unitdate type="inclusive" normal="1955-06-23">1955 June 23</unitdate><unitid type="local_mss">3179413</unitid><container type="box">7</container><container type="folder">15</container></did></c04><c04 level="file"><did><unittitle>Unidentified performance</unittitle><unitdate type="inclusive" normal="1955">1955</unitdate><unitid type="local_mss">3179414</unitid><container type="box">7</container><container type="folder">16</container></did></c04></c03><c03 level="file"><did><unittitle>Juilliard Dance Ensemble</unittitle><unitdate type="inclusive" normal="1957">1957</unitdate><unitid type="local_mss">3179415</unitid><container type="box">7</container><container type="folder">17</container></did></c03><c03 level="file"><did><unittitle>José Limón Dance Company</unittitle><unitdate type="inclusive" normal="1956">1956</unitdate><unitid type="local_mss">3179416</unitid></did><c04 level="file"><did><unittitle><title>King's Heart</title></unittitle><unitdate type="inclusive" normal="1956-04-20">1956 April 20</unitdate><unitid type="local_mss">3179417</unitid><container type="box">7</container><container type="folder">18</container></did></c04><c04 level="file"><did><unittitle>Dancers</unittitle><unitdate type="inclusive" normal="1950/1959" certainty="approximate">circa 1950s</unitdate><unitid type="local_mss">3179418</unitid><container type="box">7</container><container type="folder">19</container></did></c04></c03><c03 level="file"><did><unittitle>London Festival Ballet</unittitle><unitdate type="inclusive" normal="1955">1955</unitdate><unitid type="local_mss">3179419</unitid></did><c04 level="file"><did><unittitle>Briansky, Oleg</unittitle><unitdate type="inclusive" normal="1955-03/1955-05">1955 March-May</unitdate><unitid type="local_mss">3179420</unitid><container type="box">7</container><container type="folder">20</container></did></c04><c04 level="file"><did><unittitle><title>Don Quixote Pas de Deux</title></unittitle><unitdate type="inclusive" normal="1950/1959" certainty="approximate">circa 1950s</unitdate><unitid type="local_mss">3179421</unitid><container type="box">7</container><container type="folder">21</container><container type="box">9</container><container type="folder">12</container></did></c04><c04 level="file"><did><unittitle><title>Esmeralda</title></unittitle><unitdate type="inclusive" normal="1950/1959" certainty="approximate">circa 1950s</unitdate><unitid type="local_mss">3179477</unitid><container type="box">9</container><container type="folder">13</container></did></c04></c03><c03 level="file"><did><unittitle>Martha Graham Dance Company</unittitle><unitdate type="inclusive" normal="1955">1955</unitdate><unitid type="local_mss">3179423</unitid><container type="box">7</container><container type="folder">22</container></did><scopecontent><p>Includes dancer Robert Cohan.</p></scopecontent><c04 level="file"><did><unittitle>Cohan, Robert</unittitle><unitdate type="inclusive" normal="1955">1955</unitdate><unitid type="local_mss">3179478</unitid><container type="box">9</container><container type="folder">14</container></did></c04></c03><c03 level="file"><did><unittitle>National Ballet of Canada</unittitle><unitdate type="inclusive" normal="1955">1955</unitdate><unitid type="local_mss">3179424</unitid></did><c04 level="file"><did><unittitle>Hunter, Fergus</unittitle><unitdate type="inclusive" normal="1955-10-14">1955 October 14</unitdate><unitid type="local_mss">3179425</unitid><container type="box">7</container><container type="folder">23</container><container type="box">9</container><container type="folder">15</container></did></c04><c04 level="file"><did><unittitle>At Brooklyn Academy of Music</unittitle><unitdate type="inclusive" normal="1955-03-25">1955 March 25</unitdate><unitid type="local_mss">3179426</unitid><container type="box">7</container><container type="folder">24</container></did></c04></c03><c03 level="file"><did><unittitle>New York City Ballet</unittitle><unitdate type="inclusive" normal="1950/1959" certainty="approximate">circa 1950s</unitdate><unitid type="local_mss">3179479</unitid></did><c04 level="file"><did><unittitle>Harper, Herbie</unittitle><unitdate type="inclusive" normal="1950/1959" certainty="approximate">circa 1950s</unitdate><unitid type="local_mss">3179480</unitid><container type="box">9</container><container type="folder">16</container></did></c04></c03><c03 level="file"><did><unittitle>Royal Danish Ballet</unittitle><unitdate type="inclusive" normal="1950/1959" certainty="approximate">circa 1950s</unitdate><unitid type="local_mss">3179481</unitid></did><c04 level="file"><did><unittitle><title>Napoli</title></unittitle><unitdate type="inclusive" normal="1950/1959" certainty="approximate">circa 1950s</unitdate><unitid type="local_mss">3179482</unitid><container type="box">9</container><container type="folder">17</container></did></c04></c03><c03 level="file"><did><unittitle>Ruth Page's Chicago Opera Ballet</unittitle><unitdate type="inclusive" normal="1956-12">1956 December</unitdate><unitid type="local_mss">3179428</unitid></did><c04 level="file"><did><unittitle>Arova, Sonia</unittitle><unitdate type="inclusive" normal="1950/1959" certainty="approximate">circa 1950s</unitdate><unitid type="local_mss">3179429</unitid><container type="box">7</container><container type="folder">25</container></did></c04><c04 level="file"><did><unittitle>At Brooklyn Academy of Music</unittitle><unitdate type="inclusive" normal="1956-12">1956 December</unitdate><unitid type="local_mss">3179430</unitid><container type="box">7</container><container type="folder">26</container></did></c04></c03><c03 level="file"><did><unittitle>Slavenska-Franklin Company</unittitle><unitdate type="inclusive" normal="1953">1953</unitdate><unitid type="local_mss">3179431</unitid><container type="box">7</container><container type="folder">27</container></did><scopecontent><p>Includes Frederic Franklin teaching a class.</p></scopecontent></c03><c03 level="file"><did><unittitle>William Dollar and Company</unittitle><unitdate type="inclusive" normal="1955">1955</unitdate><unitid type="local_mss">3179432</unitid><container type="box">7</container><container type="folder">28</container><container type="box">9</container><container type="folder">18</container></did></c03></c02><c02 level="subseries"><did><unittitle>Individuals</unittitle><unitdate type="inclusive" normal="1950/1959">1950-1959</unitdate><unitid type="local_mss">3179434</unitid></did><c03 level="file"><did><unittitle>Bell, Ben</unittitle><unitdate type="inclusive" normal="1950/1959" certainty="approximate">circa 1950s</unitdate><unitid type="local_mss">3179435</unitid><container type="box">8</container><container type="folder">1</container><container type="box">9</container><container type="folder">19</container></did></c03><c03 level="file"><did><unittitle>Crater, Allene</unittitle><unitdate type="inclusive" normal="1950/1959" certainty="approximate">circa 1950s</unitdate><unitid type="local_mss">3179436</unitid><container type="box">8</container><container type="folder">2</container></did></c03><c03 level="file"><did><unittitle>Cunningham, Merce</unittitle><unitdate type="inclusive" normal="1950/1959" certainty="approximate">circa 1950s</unitdate><unitid type="local_mss">3179437</unitid><container type="box">8</container><container type="folder">3</container></did></c03><c03 level="file"><did><unittitle>Curtis, Paul</unittitle><unitdate type="inclusive" normal="1950/1959" certainty="approximate">circa 1950s</unitdate><unitid type="local_mss">3179438</unitid><container type="box">8</container><container type="folder">4</container></did></c03><c03 level="file"><did><unittitle>Del Ora</unittitle><unitdate type="inclusive" normal="1950/1959" certainty="approximate">circa 1950s</unitdate><unitid type="local_mss">3179483</unitid><container type="box">9</container><container type="folder">20</container></did></c03><c03 level="file"><did><unittitle>DiNunzio, Gildo</unittitle><unitdate type="inclusive" normal="1950/1959" certainty="approximate">circa 1950s</unitdate><unitid type="local_mss">3179439</unitid><container type="box">8</container><container type="folder">5</container></did><scopecontent><p>DiNunzio was the Metropolitan Opera's assistant conductor.</p></scopecontent></c03><c03 level="file"><did><unittitle>Golub, Audrey</unittitle><unitdate type="inclusive" normal="1950/1959" certainty="approximate">circa 1950s</unitdate><unitid type="local_mss">3179440</unitid><container type="box">8</container><container type="folder">6</container></did></c03><c03 level="file"><did><unittitle>Kinch, Myra</unittitle><unitdate type="inclusive" normal="1955-12-10">1955 December 10</unitdate><unitid type="local_mss">3179441</unitid><container type="box">8</container><container type="folder">7</container></did><scopecontent><p>At Brooklyn Academy of Music.</p></scopecontent></c03><c03 level="file"><did><unittitle>Kinch, Myra and Ruth Page</unittitle><unitdate type="inclusive" normal="1956-07">1956 July</unitdate><unitid type="local_mss">3179442</unitid><container type="box">7</container><container type="folder">8</container></did><scopecontent><p>At Jacob's Pillow Dance Festival.</p></scopecontent></c03><c03 level="file"><did><unittitle>Lang, Pearl</unittitle><unitdate type="inclusive" normal="1955-08">1955 August</unitdate><unitid type="local_mss">3179443</unitid><container type="box">8</container><container type="folder">9</container></did></c03><c03 level="file"><did><unittitle>Moore, Lillian</unittitle><unitdate type="inclusive" normal="1954">1954</unitdate><unitid type="local_mss">3179444</unitid><container type="box">8</container><container type="folder">10</container></did></c03><c03 level="file"><did><unittitle>Preston, Neil</unittitle><unitdate type="inclusive" normal="1954-12-11">1954 December 11</unitdate><unitid type="local_mss">3179445</unitid><container type="box">8</container><container type="folder">11</container></did></c03><c03 level="file"><did><unittitle>St. Just, Emy</unittitle><unitdate type="inclusive" normal="1956">1956</unitdate><unitid type="local_mss">3179446</unitid><container type="box">8</container><container type="folder">12</container></did></c03></c02><c02 level="subseries"><did><unittitle>Promotional</unittitle><unitdate type="inclusive" normal="1954">1954</unitdate><unitid type="local_mss">3179474</unitid></did><scopecontent><p>Includes a mock-up flyer Stephan designed to promote his 1954 exhibit of Alexandra Danilova photographs at the Kamin Dance Bookshop and Gallery (Box 9, Folder 7). The mock-up consists of a mounted black and white print of Danilova with Stephan's hand drawn type on tracing paper announcing the show and its details.</p></scopecontent><c03 level="file"><did><unittitle>Flyer for exhibition at the Library of Performing Arts at New York Public Library</unittitle><unitdate type="inclusive" normal="1954">1954</unitdate><unitid type="local_mss">3179606</unitid><container type="box">8</container><container type="folder">13</container></did></c03><c03 level="file"><did><unittitle>Mock-up flyer design for Kamin Dance Bookshop exhibition</unittitle><unitdate type="inclusive" normal="1954">1954</unitdate><unitid type="local_mss">3179605</unitid><container type="box">9</container><container type="folder">7</container></did></c03></c02><c02 level="file"><did><unittitle>Unidentified prints</unittitle><unitdate type="inclusive" normal="1950/1959" certainty="approximate">circa 1950s</unitdate><unitid type="local_mss">3179447</unitid><container type="box">7</container><container type="folder">29-30</container><container type="box">8</container><container type="folder">12</container><container type="box">9</container><container type="folder">21-22</container></did></c02></c01></dsc></archdesc>
</ead>
