<?xml version="1.0" encoding="UTF-8"?>
<ead xmlns="urn:isbn:1-931666-22-9" xmlns:xsi="http://www.w3.org/2001/XMLSchema-instance" xmlns:xlink="http://www.w3.org/1999/xlink" xsi:schemaLocation="urn:isbn:1-931666-22-9 http://www.loc.gov/ead/ead.xsd">
  <eadheader countryencoding="iso3166-1" dateencoding="iso8601" langencoding="iso639-2b" repositoryencoding="iso15511" relatedencoding="marc" scriptencoding="iso8601"><eadid countrycode="US" mainagencycode="US-NN" url="http://archives.nypl.org/brg/24876.xml">brg24876.xml</eadid><filedesc><titlestmt><titleproper>Guide to the Michael J. Dolan papers regarding the Abbey Theatre, <date>1923-1940</date></titleproper></titlestmt><publicationstmt><publisher>The New York Public Library. Henry W. and Albert A. Berg Collection of English and American Literature.</publisher><address><addressline>Stephen A. Schwarzman Building</addressline><addressline>Fifth Avenue at 42nd Street, New York, NY 10018-2788</addressline></address></publicationstmt></filedesc><profiledesc><creation>EAD generated by archives.nypl.org on <date normal="2019-12-10">December 10, 2019</date></creation><langusage><language langcode="eng">English</language></langusage></profiledesc></eadheader>
  
  <archdesc level="collection"><did><unittitle>Michael J. Dolan papers regarding the Abbey Theatre</unittitle><unitdate type="inclusive" normal="1923/1940">1923-1940</unitdate><unitid type="local_mss">24876</unitid><unitid type="local_call">Berg Coll 24876</unitid><origination><persname role="creator">Dolan, Michael J., 1884-1954</persname></origination><repository><corpname>The New York Public Library. Henry W. and Albert A. Berg Collection of English and American Literature.</corpname><address><addressline>Stephen A. Schwarzman Building</addressline><addressline>Fifth Avenue at 42nd Street, New York, NY 10018-2788</addressline></address></repository><physdesc><extent>.13 linear feet (1 custom document box)</extent></physdesc><abstract>Michael J. Dolan (1884-1954) was an Irish actor and theatrical stage manager, manager, and producer. He was associated with the Abbey Theatre of Dublin, Ireland, for most of his career. The collection (14 items) consists of letters written to Michael J. Dolan and by him as manager of the Abbey Theatre, 1923-1925 and undated; and six receipts, 1930-1934 [sic, 1935], for royalty and other payments made by the Theatre or its parent company the Irish National Theatre Society, Ltd. Also included are a black-and-white photograph of actors F.J. McCormick and Eileen Crowe as characters in "The Rugged Path," 1940; and a blank sheet of stationary for The Irish Academy of Letters at the Abbey Theatre. Correspondence comprises Dolan's typed letter, signed, to Frank J. Hugh O'Donnell about the hiring of a theater, 1925 March 4; three autograph letters signed by Lady Augusta Gregory to Dolan regarding the scheduling of play productions, 1925 February 11, August 17 and November 11 (no years); an autograph letter signed by Irish architect and theater historian Joseph Holloway, congratulating Dolan on his appointment as manager, 1923 [November] 29; and a typed letter, signed, from dramatist George Shiels to Dolan requesting a minor change to his play "Peter Duat," 1924 April 14. Receipts in chronological order are signed by actors, dramatists, and others; all receipts except one are initialled by Lady Gregory</abstract></did><prefercite><p>Michael J. Dolan papers regarding the Abbey Theatre, Henry W. and Albert A. Berg Collection of English and American Literature, The New York Public Library</p></prefercite><acqinfo><p>Purchased from, Glenn Horowitz Bookseller, 2018</p></acqinfo><controlaccess><persname>Dolan, Michael J., 1884-1954 -- Correspondence.</persname><persname role="correspondent" source="naf" authfilenumber="http://id.loc.gov/authorities/names/n80056886">Gregory, Lady, 1852-1932</persname><persname role="correspondent" source="naf" authfilenumber="http://id.loc.gov/authorities/names/no2003125617">Holloway, Joseph</persname><persname role="correspondent" source="naf" authfilenumber="http://id.loc.gov/authorities/names/n86035204">O'Donnell, Frank J. Hugh</persname><persname role="correspondent" source="naf" authfilenumber="http://id.loc.gov/authorities/names/n88226428">Shiels, George, 1886-1949</persname><corpname role="creator" source="naf" authfilenumber="http://id.loc.gov/authorities/names/n80020304">Abbey Theatre</corpname><corpname source="naf" authfilenumber="http://id.loc.gov/authorities/names/n80020304">Abbey Theatre</corpname><corpname source="naf" authfilenumber="http://id.loc.gov/authorities/names/n80020304">Abbey Theatre -- Photographs.</corpname><genreform source="aat" authfilenumber="http://id.loc.gov/authorities/names/300026877">Correspondence</genreform><genreform source="aat" authfilenumber="http://id.loc.gov/authorities/names/300046300">Photographs</genreform><genreform source="aat" authfilenumber="http://id.loc.gov/authorities/names/300027573">Receipts (financial records)</genreform><occupation source="itoamc">Actors</occupation><occupation source="itoamc">Actresses</occupation><occupation source="itoamc">Authors</occupation><occupation source="itoamc">Dramatists</occupation><occupation source="itoamc">Theatrical managers</occupation></controlaccess></archdesc>
</ead>
