<?xml version="1.0" encoding="UTF-8"?>
<ead xmlns="urn:isbn:1-931666-22-9" xmlns:xsi="http://www.w3.org/2001/XMLSchema-instance" xmlns:xlink="http://www.w3.org/1999/xlink" xsi:schemaLocation="urn:isbn:1-931666-22-9 http://www.loc.gov/ead/ead.xsd">
  <eadheader countryencoding="iso3166-1" dateencoding="iso8601" langencoding="iso639-2b" repositoryencoding="iso15511" relatedencoding="marc" scriptencoding="iso8601"><eadid countrycode="US" mainagencycode="US-NN" url="http://archives.nypl.org/brg/24874.xml">brg24874.xml</eadid><filedesc><titlestmt><titleproper>Guide to the Joseph Conrad letter and Elbridge L. Adams typescript, <date>1923</date></titleproper></titlestmt><publicationstmt><publisher>The New York Public Library. Henry W. and Albert A. Berg Collection of English and American Literature.</publisher><address><addressline>Stephen A. Schwarzman Building</addressline><addressline>Fifth Avenue at 42nd Street, New York, NY 10018-2788</addressline></address></publicationstmt></filedesc><profiledesc><creation>EAD generated by archives.nypl.org on <date normal="2019-12-10">December 10, 2019</date></creation><langusage><language langcode="eng">English</language></langusage></profiledesc></eadheader>
  
  <archdesc level="collection"><did><unittitle>Joseph Conrad letter and Elbridge L. Adams typescript</unittitle><unitdate type="inclusive" normal="1923">1923</unitdate><unitid type="local_mss">24874</unitid><unitid type="local_call">Berg Coll 24874</unitid><origination><persname role="creator" source="naf" authfilenumber="http://id.loc.gov/authorities/names/n79054067">Conrad, Joseph, 1857-1924</persname></origination><repository><corpname>The New York Public Library. Henry W. and Albert A. Berg Collection of English and American Literature.</corpname><address><addressline>Stephen A. Schwarzman Building</addressline><addressline>Fifth Avenue at 42nd Street, New York, NY 10018-2788</addressline></address></repository><physdesc><extent>.1 linear feet (1 folder)</extent></physdesc><abstract>Joseph Conrad was a British novelist, essayist, short-story writer, playwright, and translator. Elbridge L. Adams (1866-1934), an American lawyer and publisher, was a friend of Conrad and one of his early biographers. The collection comprises Joseph Conrad's typescript letter signed to Elbridge L. Adams, 1923 January 22 (with concluding paragraph, postscript, and corrections written in ink, 2 pages), and a fragment of Elbridge L. Adams's typescript draft of his magazine article "Joseph Conrad - The Man" (pages 1-10 only, each page glued to a sheet of paper). The draft contains Conrad's revisions and marginal comments in pencil. The letter, written at Oswalds to "My dear Adams," discusses his appreciation of the article, the reasoning behind his suggested alterations, his work and health, and other matters. The article was published in The Outlook, April 18, 1923, 708-712; the fragment covers approximately the first half, with Conrad's revisions incorporated into the text</abstract></did><prefercite><p>Joseph Conrad letter and Elbridge L. Adams typescript, Henry W. and Albert A. Berg Collection of English and American Literature, The New York Public Library</p></prefercite><acqinfo><p>Purchased from Glenn Horowitz Bookseller, 2018</p></acqinfo><controlaccess><persname role="creator" source="naf" authfilenumber="http://id.loc.gov/authorities/names/n50036845">Adams, Elbridge L., 1866-</persname><persname source="naf" authfilenumber="http://id.loc.gov/authorities/names/n79054067">Conrad, Joseph, 1857-1924</persname><persname source="naf" authfilenumber="http://id.loc.gov/authorities/names/n79054067">Conrad, Joseph, 1857-1924 -- Friends and associates.</persname><persname>Conrad, Joseph, 1857-1924. Correspondence. Correspondence.</persname><subject source="lcsh">Novelists, English -- 20th century -- Biography</subject><genreform source="aat" authfilenumber="http://id.loc.gov/authorities/names/300028579">Manuscripts for publication</genreform><genreform source="aat" authfilenumber="http://id.loc.gov/authorities/names/300028577">Typescripts</genreform><occupation source="itoamc">Authors</occupation></controlaccess></archdesc>
</ead>
