<?xml version="1.0" encoding="UTF-8"?>
<ead xmlns="urn:isbn:1-931666-22-9" xmlns:xsi="http://www.w3.org/2001/XMLSchema-instance" xmlns:xlink="http://www.w3.org/1999/xlink" xsi:schemaLocation="urn:isbn:1-931666-22-9 http://www.loc.gov/ead/ead.xsd">
	<eadheader countryencoding="iso3166-1" dateencoding="iso8601" langencoding="iso639-2b" repositoryencoding="iso15511" relatedencoding="marc" scriptencoding="iso8601"><eadid countrycode="US" mainagencycode="US-NN" url="http://archives.nypl.org/the/24877.xml">the24877.xml</eadid><filedesc><titlestmt><titleproper>Guide to the Johnson-Liff Casting Associates Ltd. records, <date>1978-2006</date></titleproper></titlestmt><publicationstmt><publisher>The New York Public Library. Billy Rose Theatre Division.</publisher><address><addressline>New York Public Library for the Performing Arts, Dorothy and Lewis B. Cullman Center</addressline><addressline>40 Lincoln Center Plaza, New York, NY 10023-7498</addressline></address></publicationstmt></filedesc><profiledesc><creation>EAD generated by archives.nypl.org on <date normal="2019-12-10">December 10, 2019</date></creation><langusage><language langcode="eng">English</language></langusage></profiledesc></eadheader>
  
  <archdesc level="collection"><did><unittitle>Johnson-Liff Casting Associates Ltd. records</unittitle><unitdate type="inclusive" normal="1978/2006">1978-2006</unitdate><unitid type="local_mss">24877</unitid><unitid type="local_call">*T-Mss 2019-005</unitid><unitid type="local_b">b22023510</unitid><origination><persname source="local">Zerman, Andrew</persname></origination><repository><corpname>The New York Public Library. Billy Rose Theatre Division.</corpname><address><addressline>New York Public Library for the Performing Arts, Dorothy and Lewis B. Cullman Center</addressline><addressline>40 Lincoln Center Plaza, New York, NY 10023-7498</addressline></address></repository><physdesc><extent unit="containers">45 boxes</extent><extent unit="linear_feet">18.75 linear feet</extent></physdesc><abstract>Andrew "Andy" Zerman (1956-2019) was a casting director at Johnson-Liff and Zerman and a long-time volunteer at the Library of Performing Arts. The Johnson-Liff Casting Associates Ltd. records, dating 1978 through 2006, (bulk dates 1980s-1990s), reflects about thirty years of Broadway and Off-Broadway productions worked on by Andy Zerman. The collection includes critical reviews of productions, photographs, playbills resumes and video recordings.</abstract><langmaterial>English</langmaterial></did><bioghist><p>Andrew "Andy" Zerman (1956-2019) was a casting director at Johnson-Liff and Zerman and a long-time volunteer at the New York Public Library for the Performing Arts. Early in his career, Zerman was a casting director for the Manhattan Theatre Club. Other casting positions would follow with many Broadway and Off-Broadway productions, most notably the original Broadway hits <title>Cats</title>, <title>Les Misérables</title> and <title>The Phantom of the Opera.</title> Outside of New York theater, Zerman would develop a working relationship with the Yale Repertory Theatre, casting many of their productions. He also travelled extensively around the United States to evaluate senior performing arts classes at universities. Zerman occasionally worked as a casting director for television and cinematic productions, notably <title>Little Gloria...Happy at Last</title>, and <title>Sister Act</title>.</p> <p>Zerman died in New York City in 2019.</p> <p>Johnson-Liff Associates was a casting agency established in 1975 by casting director and former stage manager Geoffrey Johnson and Vincent Liff. From its inception, Johnson-Liff was employed by high profile Broadway productions, such as hit musicals like <title>The Wiz</title> (1975), <title>Ain't Misbehavin'</title> (1978) and <title>Dreamgirls</title> (1981) as well as prestigious plays, including Tom Stoppard's <title>Night and Day</title> (1979) and Peter Schaffer's <title>Amadeus</title> (1980).</p></bioghist><scopecontent><p>The Johnson-Liff Casting Associates Ltd. records, dating from 1978 through 2006 (bulk dates 1980s-1990s), reflect about thirty years of Broadway and Off-Broadway productions worked on by casting director Andy Zerman.</p> <p>These files were generated by Zerman during pre-productions, the stage productions, and the revival productions. The records reflect his key role as casting director from his contemporaneous commentaries about the actors' auditions and memorandums with talent agencies. Other files include character-breakdown information, submissions by talent agencies, self-promotion by actors, and correspondence between principles responsible for the productions. Zerman's work as a casting director for touring companies, touring productions, and television and film productions is illustrated through critical reviews of productions, photographs, playbills, and resumes.</p> <p>Some productions of note are <title>Aspects of Love</title>, <title>The Boys in the Band</title>, <title>Cats</title> (extensively represented), <title>City of Angels</title>, <title>Kiss of the Spider Woman</title>, <title>The Phantom of the Opera</title>, <title>Sister Act</title>, and <title>Three Penny Opera</title>.</p> <p>The collection also holds the Manhattan Theatre Club files, contact lists of talent agents, and files of Zerman's evaluations of the senior class of performing arts students at Fordham University Theatre Company, North Carolina School of the Arts, University of California, Irvine and others.</p> <p>There are also video auditions for <title>Sister Act</title>.</p></scopecontent><prefercite><p>Johnson-Liff Casting Associates Ltd. records, *T-Mss 2019-005. Billy Rose Theatre Division, The New York Public Library for the Performing Arts</p></prefercite><arrangement><p>The collection is grouped into the following categories: Theatrical Productions, Television Broadcasts and Film, Related Materials, and Sound and Moving Image Recordings.</p></arrangement><acqinfo><p>The collection was donated by Lenore Zerman, sister of Andy Zerman, March 2019.</p></acqinfo><processinfo><p>Processed by <name>Valerie Wingfield</name> in <date>2019</date>.</p></processinfo><accessrestrict><p>Some collections held by the Dance, Music, Recorded Sound, and Theatre Divisions at the New York Public Library for the Performing Arts are held off-site and must be requested in advance. Please check the collection records in <extref xlink:href="http://catalog.nypl.org/record=LPA_BNUMBER" xlink:type="simple" xlink:actuate="onRequest">the NYPL's online catalog</extref> for detailed location information. For general guidance about requesting offsite materials, please consult: <extref xlink:href="https://www.nypl.org/about/locations/lpa/requesting-archival-materials" xlink:type="simple" xlink:actuate="onRequest">https://www.nypl.org/about/locations/lpa/requesting-archival-materials</extref></p><p>Inquiries regarding audio and moving image materials in the collection may be directed to the Billy Rose Theatre Division (theatre@nypl.org). Audio and moving image materials may be subject to preservation evaluation and migration prior to access.</p></accessrestrict><controlaccess><persname source="local">Zerman, Andrew</persname><corpname source="naf" authfilenumber="http://id.loc.gov/authorities/names/no2007120746">Johnson-Liff Associates</corpname><subject source="lcsh" authfilenumber="http://id.loc.gov/authorities/names/sh85000692">Acting Auditions</subject><subject source="lcsh">Photographs</subject><subject source="lcsh" authfilenumber="http://id.loc.gov/authorities/names/sh85113286">Rásumás (Employment)</subject><subject source="lcsh" authfilenumber="http://id.loc.gov/authorities/names/sh86003879">Theater Casting</subject><genreform source="aat" authfilenumber="http://id.loc.gov/authorities/names/300028682">Video recordings (physical artifacts)</genreform><occupation source="lcsh">Casting directors</occupation></controlaccess><dsc><c01 level="file"><did><unittitle>Theatrical Productions, Television Broadcasts, and Film</unittitle><unitdate type="inclusive" normal="1978/2006">1978-2006</unitdate><unitid type="local_mss">3161697</unitid><note><p>The productions are arranged alphabetically.</p></note><note><p>The Manhattan Theatre Club files have a separate alphabetical arrangement.</p></note></did><c02 level="file"><did><unittitle><title>Aspects of Love</title></unittitle><unitdate type="inclusive" normal="1989/1990">1989-1990</unitdate><unitid type="local_mss">3161698</unitid><container type="box">1</container><container type="folder">1-7</container></did></c02><c02 level="file"><did><unittitle><title>Baby</title></unittitle><unitdate type="inclusive" normal="1982/1984">1982-1984</unitdate><unitid type="local_mss">3161699</unitid><container type="box">1</container><container type="folder">8-9</container><container type="box">2</container><container type="folder">1-5</container></did></c02><c02 level="file"><did><unittitle><title>The Baker's Wife</title></unittitle><unitdate type="inclusive" normal="1983">1983</unitdate><unitid type="local_mss">3161700</unitid><container type="box">2</container><container type="folder">6</container></did></c02><c02 level="file"><did><unittitle><title>Becoming Memories</title></unittitle><unitdate type="inclusive" normal="1982">1982</unitdate><unitid type="local_mss">3161701</unitid><container type="box">2</container><container type="folder">7-9</container></did></c02><c02 level="file"><did><unittitle><title>Betrayal</title></unittitle><unitdate type="inclusive" normal="1999">1999</unitdate><unitid type="local_mss">3161702</unitid><container type="box">3</container><container type="folder">1</container></did></c02><c02 level="file"><did><unittitle><title>Big</title></unittitle><unitdate type="inclusive" normal="1995/1996">1995-1996</unitdate><unitid type="local_mss">3161703</unitid><container type="box">3</container><container type="folder">2-11</container></did></c02><c02 level="file"><did><unittitle><title>Big Night</title></unittitle><unitdate type="inclusive" normal="2001">2001</unitdate><unitid type="local_mss">3161756</unitid><container type="box">4</container><container type="folder">1-3</container></did></c02><c02 level="file"><did><unittitle><title>The Black Monk</title></unittitle><unitdate type="inclusive" normal="2002/2003">2002-2003</unitdate><unitid type="local_mss">3161757</unitid><container type="box">4</container><container type="folder">4-7</container></did></c02><c02 level="file"><did><unittitle><title>Blood On The Dining Room Floor</title></unittitle><unitdate type="inclusive" normal="2000">2000</unitdate><unitid type="local_mss">3161758</unitid><container type="box">4</container><container type="folder">8-11</container></did></c02><c02 level="file"><did><unittitle><title>The Boys In The Band</title></unittitle><unitdate type="inclusive" normal="1996">1996</unitdate><unitid type="local_mss">3161759</unitid><container type="box">5</container><container type="folder">1-5</container></did></c02><c02 level="file"><did><unittitle><title>Breath, Boom</title></unittitle><unitdate type="inclusive" normal="2002">2002</unitdate><unitid type="local_mss">3162048</unitid><container type="box">5</container><container type="folder">6-8</container></did></c02><c02 level="file"><did><unittitle><title>Bunny, Bunny</title></unittitle><unitdate type="inclusive" normal="1996">1996</unitdate><unitid type="local_mss">3161761</unitid><container type="box">5</container><container type="folder">9-12</container></did></c02><c02 level="file"><did><unittitle><title>Cats</title></unittitle><unitdate type="inclusive" normal="1981/1994">1981-1994</unitdate><unitid type="local_mss">3161762</unitid></did><c03 level="file"><did><unittitle>Audition Notices, Cast, and Memorandums</unittitle><unitid type="local_mss">3161763</unitid><container type="box">6</container><container type="folder">1-7</container></did></c03><c03 level="file"><did><unittitle>New York and National Auditions</unittitle><unitdate type="inclusive" normal="1982/1986">1982-1986</unitdate><unitid type="local_mss">3161764</unitid><container type="box">7</container><container type="folder">1-8</container></did></c03><c03 level="file"><did><unittitle>Los Angeles Auditions</unittitle><unitdate type="inclusive" normal="1982/1986">1982-1986</unitdate><unitid type="local_mss">3161765</unitid><container type="box">8</container><container type="folder">1-6</container></did></c03><c03 level="file"><did><unittitle>Nationwide Auditions</unittitle><unitdate type="inclusive" normal="1987/1994">1987-1994</unitdate><unitid type="local_mss">3161766</unitid><container type="box">8</container><container type="folder">7-9</container><container type="box">9</container><container type="folder">1-3</container></did></c03><c03 level="file"><did><unittitle>Broadway Company Resumes</unittitle><unitdate type="inclusive" normal="1982/1988">1982-1988</unitdate><unitid type="local_mss">3161768</unitid><container type="box">9</container><container type="folder">4-7</container></did></c03><c03 level="file"><did><unittitle>Los Angeles Company Resumes</unittitle><unitdate type="inclusive" normal="1982/1987">1982-1987</unitdate><unitid type="local_mss">3161769</unitid><note><p>The first national company.</p></note><container type="box">10</container><container type="folder">1-4</container></did></c03><c03 level="file"><did><unittitle>Bus and Truck Company Resumes</unittitle><unitdate type="inclusive" normal="1985/1995">1985-1995</unitdate><unitid type="local_mss">3161770</unitid><note><p>Bus and Truck Company is a theatrical term applied to small traveling companies.</p></note><container type="box">10</container><container type="folder">5-7</container><container type="box">11</container><container type="folder">1-2</container></did></c03></c02><c02 level="file"><did><unittitle><title>Century City</title></unittitle><unitdate type="inclusive" normal="1997">1997</unitdate><unitid type="local_mss">3161771</unitid><container type="box">11</container><container type="folder">3</container></did></c02><c02 level="file"><did><unittitle><title>Cet Amour-là</title></unittitle><unitdate type="inclusive" normal="2001">2001</unitdate><unitid type="local_mss">3161772</unitid><note><p>Film is also known as This is Love.</p></note><container type="box">11</container><container type="folder">4-5</container></did></c02><c02 level="file"><did><unittitle><title>Chess</title></unittitle><unitdate type="inclusive" normal="1986/1988">1986-1988</unitdate><unitid type="local_mss">3161786</unitid><container type="box">11</container><container type="folder">6-9</container><container type="box">12</container><container type="folder">1-3</container></did></c02><c02 level="file"><did><unittitle><title>City Of Angels</title></unittitle><unitdate type="inclusive" normal="1989/1992">1989-1992</unitdate><unitid type="local_mss">3161811</unitid><container type="box">12</container><container type="folder">4-10</container><container type="box">13</container><container type="folder">1-6</container></did></c02><c02 level="file"><did><unittitle><title>Cocoanuts</title></unittitle><unitdate type="inclusive" normal="1993">1993</unitdate><unitid type="local_mss">3161812</unitid><container type="box">13</container><container type="folder">7-9</container></did></c02><c02 level="file"><did><unittitle><title>The Complete Works of William Shakespeare</title></unittitle><unitdate type="inclusive" normal="1995">1995</unitdate><unitid type="local_mss">3161815</unitid><container type="box">13</container><container type="folder">10-11</container></did><scopecontent><p><title>The Compleat Works Of Willm Shkspr</title></p></scopecontent></c02><c02 level="file"><did><unittitle><title>Crimes Of The Heart</title></unittitle><unitdate type="inclusive" normal="2000/2001">2000-2001</unitdate><unitid type="local_mss">3161816</unitid><container type="box">14</container><container type="folder">1-4</container></did></c02><c02 level="file"><did><unittitle><title>A Cup Of Coffee</title></unittitle><unitdate type="inclusive" normal="1999/2000">1999-2000</unitdate><unitid type="local_mss">3161817</unitid><container type="box">14</container><container type="folder">5</container></did></c02><c02 level="file"><did><unittitle><title>The Curse Of An Aching Heart</title></unittitle><unitdate type="inclusive" normal="1979/1982">1979-1982</unitdate><unitid type="local_mss">3161818</unitid><container type="box">14</container><container type="folder">6-10</container></did></c02><c02 level="file"><did><unittitle><title>Curse Of The Starving Class</title></unittitle><unitdate type="inclusive" normal="1999">1999</unitdate><unitid type="local_mss">3161819</unitid><container type="box">14</container><container type="folder">11</container></did></c02><c02 level="file"><did><unittitle><title>Dark Rapture</title></unittitle><unitdate type="inclusive" normal="1996">1996</unitdate><unitid type="local_mss">3161820</unitid><container type="box">15</container><container type="folder">1-3</container></did></c02><c02 level="file"><did><unittitle><title>A Doll's House</title></unittitle><unitdate type="inclusive" normal="1986">1986</unitdate><unitid type="local_mss">3161821</unitid><container type="box">15</container><container type="folder">4</container></did></c02><c02 level="file"><did><unittitle><title>Execution Of Justice</title></unittitle><unitdate type="inclusive" normal="1985/1986">1985-1986</unitdate><unitid type="local_mss">3161822</unitid><container type="box">15</container><container type="folder">5-11</container></did></c02><c02 level="file"><did><unittitle><title>Fanny Hackabout Jones</title></unittitle><unitdate type="inclusive" normal="1991">1991</unitdate><unitid type="local_mss">3161823</unitid><container type="box">15</container><container type="folder">12</container></did></c02><c02 level="file"><did><unittitle><title>Fighting Words</title></unittitle><unitdate type="inclusive" normal="2002">2002</unitdate><unitid type="local_mss">3161824</unitid><container type="box">16</container><container type="folder">1</container></did></c02><c02 level="file"><did><unittitle><title>The Floating Light Bulb</title></unittitle><unitdate type="inclusive" normal="1980/1981">1980-1981</unitdate><unitid type="local_mss">3161825</unitid><container type="box">16</container><container type="folder">2-5</container></did></c02><c02 level="file"><did><unittitle><title>Flotsam And Days</title></unittitle><unitdate type="inclusive" normal="1995">1995</unitdate><unitid type="local_mss">3161826</unitid><container type="box">16</container><container type="folder">6-7</container></did></c02><c02 level="file"><did><unittitle><title>Gemini</title></unittitle><unitdate type="inclusive" normal="1998/1999">1998-1999</unitdate><unitid type="local_mss">3161827</unitid><container type="box">16</container><container type="folder">8-11</container><container type="box">17</container><container type="folder">1-2</container></did></c02><c02 level="file"><did><unittitle><title>The Glass Menagerie</title></unittitle><unitdate type="inclusive" normal="1990">1990</unitdate><unitid type="local_mss">3161828</unitid><container type="box">17</container><container type="folder">3-5</container></did></c02><c02 level="file"><did><unittitle><title>Grease II</title></unittitle><unitdate type="inclusive" normal="1981">1981</unitdate><unitid type="local_mss">3161829</unitid><container type="box">17</container><container type="folder">6-9</container></did></c02><c02 level="file"><did><unittitle><title>Hundreds Of Hats</title></unittitle><unitdate type="inclusive" normal="1995">1995</unitdate><unitid type="local_mss">3161830</unitid><container type="box">17</container><container type="folder">10</container></did></c02><c02 level="file"><did><unittitle><title>The Imaginary Invalid</title></unittitle><unitdate type="inclusive" normal="1999">1999</unitdate><unitid type="local_mss">3161831</unitid><container type="box">17</container><container type="folder">11</container></did></c02><c02 level="file"><did><unittitle><title>Iphigeneia At Aulis</title></unittitle><unitdate type="inclusive" normal="2002">2002</unitdate><unitid type="local_mss">3161832</unitid><container type="box">18</container><container type="folder">1-3</container></did></c02><c02 level="file"><did><unittitle><title>It Pays To Advertise</title></unittitle><unitdate type="inclusive" normal="2001">2001</unitdate><unitid type="local_mss">3161833</unitid><container type="box">18</container><container type="folder">4-5</container></did></c02><c02 level="file"><did><unittitle><title>Jar The Floor</title></unittitle><unitdate type="inclusive" normal="1998/1999">1998-1999</unitdate><unitid type="local_mss">3161834</unitid><container type="box">18</container><container type="folder">6-9</container></did></c02><c02 level="file"><did><unittitle><title>Jeffrey</title></unittitle><unitdate type="inclusive" normal="1992/1995">1992-1995</unitdate><unitid type="local_mss">3161835</unitid><container type="box">18</container><container type="folder">10-12</container></did></c02><c02 level="file"><did><unittitle><title>Jolson And Company</title></unittitle><unitdate type="inclusive" normal="2000/2002">2000-2002</unitdate><unitid type="local_mss">3161873</unitid><container type="box">19</container><container type="folder">1-3</container></did></c02><c02 level="file"><did><unittitle><title>King Hedley II</title></unittitle><unitdate type="inclusive" normal="1999">1999</unitdate><unitid type="local_mss">3161874</unitid><container type="box">19</container><container type="folder">4</container></did></c02><c02 level="file"><did><unittitle><title>King Lear</title></unittitle><unitdate type="inclusive" normal="2003/2004">2003-2004</unitdate><unitid type="local_mss">3161875</unitid><container type="box">19</container><container type="folder">5-10</container></did></c02><c02 level="file"><did><unittitle><title>The King Stag</title></unittitle><unitdate type="inclusive" normal="2004">2004</unitdate><unitid type="local_mss">3161877</unitid><container type="box">19</container><container type="folder">11-13</container></did></c02><c02 level="file"><did><unittitle><title>Kingdom Of The Earth</title></unittitle><unitdate type="inclusive" normal="2001">2001</unitdate><unitid type="local_mss">3161876</unitid><container type="box">20</container><container type="folder">1</container></did></c02><c02 level="file"><did><unittitle><title>Kiss Of The Spider Woman</title></unittitle><unitdate type="inclusive" normal="1989/1990">1989-1990</unitdate><unitid type="local_mss">3161878</unitid><container type="box">20</container><container type="folder">2-6</container></did><scopecontent><p>The files refers to the development of the production at the Performing Arts Center, State University of New York at Purchase in 1990.</p></scopecontent></c02><c02 level="file"><did><unittitle><title>Legends!</title></unittitle><unitdate type="inclusive" normal="1985/1986">1985-1986</unitdate><unitid type="local_mss">3161879</unitid><container type="box">20</container><container type="folder">7-11</container></did></c02><c02 level="file"><did><unittitle><title>Lend Me A Tenor</title></unittitle><unitdate type="inclusive" normal="1988/1990">1988-1990</unitdate><unitid type="local_mss">3161880</unitid><container type="box">21</container><container type="folder">1-6</container></did></c02><c02 level="file"><did><unittitle><title>Les Misérables</title></unittitle><unitdate type="inclusive" normal="1986/1989">1986-1989</unitdate><unitid type="local_mss">3161883</unitid></did><c03 level="file"><did><unittitle>Auditions</unittitle><unitdate type="inclusive" normal="1986/1989">1986-1989</unitdate><unitid type="local_mss">3161884</unitid><container type="box">21</container><container type="folder">6-10</container><container type="box">22</container><container type="folder">1-4</container></did><scopecontent><p>The auditions were held in New York and Los Angeles.</p></scopecontent></c03><c03 level="file"><did><unittitle>Open Casting Multiple Cities, Related Materials</unittitle><unitdate type="inclusive" normal="1986/1996">1986-1996</unitdate><unitid type="local_mss">3161885</unitid><container type="box">22</container><container type="folder">5-9</container></did></c03><c03 level="file"><did><unittitle>San Francisco Company, First National Company; Bus and Truck Company</unittitle><unitdate type="inclusive" normal="1987/1989">1987-1989</unitdate><unitid type="local_mss">3161886</unitid><container type="box">23</container><container type="folder">1-6</container></did></c03><c03 level="file"><did><unittitle>Resumes Los Angeles</unittitle><unitdate type="inclusive" normal="1980/1989">1980s</unitdate><unitid type="local_mss">3161911</unitid><container type="box">23</container><container type="folder">7</container></did></c03></c02><c02 level="file"><did><unittitle><title>Lettice And Lovage</title></unittitle><unitdate type="inclusive" normal="1988/1990">1988-1990</unitdate><unitid type="local_mss">3161912</unitid><container type="box">24</container><container type="folder">1-3</container></did></c02><c02 level="file"><did><unittitle><title>Little Gloria...Happy At Last</title></unittitle><unitdate type="inclusive" normal="1982">1982</unitdate><unitid type="local_mss">3161920</unitid><container type="box">24</container><container type="folder">4-9</container></did></c02><c02 level="file"><did><unittitle><title>Liza</title></unittitle><unitdate type="inclusive" normal="1991">1991</unitdate><unitid type="local_mss">3161932</unitid><container type="box">25</container><container type="folder">1</container></did></c02><c02 level="file"><did><unittitle><title>Loot</title></unittitle><unitdate type="inclusive" normal="1982">1982</unitdate><unitid type="local_mss">3161933</unitid><container type="box">25</container><container type="folder">2</container></did></c02><c02 level="file"><did><unittitle><title>Macbeth</title></unittitle><unitdate type="inclusive" normal="1980">1980</unitdate><unitid type="local_mss">3161934</unitid><container type="box">25</container><container type="folder">3-7</container></did></c02><c02 level="file"><did><unittitle><title>A Madhouse In Goa</title></unittitle><unitdate type="inclusive" normal="1997">1997</unitdate><unitid type="local_mss">3161935</unitid><container type="box">25</container><container type="folder">8-12</container></did></c02><c02 level="file"><did><unittitle><title>Marty</title></unittitle><unitdate type="inclusive" normal="2002">2002</unitdate><unitid type="local_mss">3161936</unitid><container type="box">26</container><container type="folder">1-2</container></did></c02><c02 level="file"><did><unittitle><title>Mass Appeal</title></unittitle><unitdate type="inclusive" normal="1981/1982">1981-1982</unitdate><unitid type="local_mss">3161937</unitid><container type="box">26</container><container type="folder">3-6</container></did></c02><c02 level="file"><did><unittitle><title>Me And My Girl</title></unittitle><unitdate type="inclusive" normal="1987/1989">1987-1989</unitdate><unitid type="local_mss">3161938</unitid><container type="box">26</container><container type="folder">7-9</container></did></c02><c02 level="file"><did><unittitle><title>Medea, Macbeth And Cinderella</title></unittitle><unitdate type="inclusive" normal="2002">2002</unitdate><unitid type="local_mss">3161939</unitid><container type="box">27</container><container type="folder">1-4</container></did></c02><c02 level="file"><did><unittitle><title>The Moony Shapiro Songbook</title></unittitle><unitdate type="inclusive" normal="1980/1981">1980-1981</unitdate><unitid type="local_mss">3161940</unitid><container type="box">27</container><container type="folder">5-9</container></did></c02><c02 level="file"><did><unittitle><title>Moon Over Buffalo</title></unittitle><unitdate type="inclusive" normal="1995">1995</unitdate><unitid type="local_mss">3161941</unitid><container type="box">27</container><container type="folder">10-11</container><container type="box">28</container><container type="folder">1-2</container></did></c02><c02 level="file"><did><unittitle><title>Moose Murders</title></unittitle><unitdate type="inclusive" normal="1982">1982</unitdate><unitid type="local_mss">3161943</unitid><container type="box">28</container><container type="folder">3-4</container></did></c02><c02 level="file"><did><unittitle><title>Music From Down The Hill</title></unittitle><unitdate type="inclusive" normal="1994">1994</unitdate><unitid type="local_mss">3161944</unitid><container type="box">28</container><container type="folder">5</container></did></c02><c02 level="file"><did><unittitle><title>The Naked Truth</title></unittitle><unitdate type="inclusive" normal="1994">1994</unitdate><unitid type="local_mss">3161945</unitid><container type="box">28</container><container type="folder">6</container></did></c02><c02 level="file"><did><unittitle><title>New York Rock</title></unittitle><unitdate type="inclusive" normal="1994">1994</unitdate><unitid type="local_mss">3161946</unitid><container type="box">28</container><container type="folder">7-9</container></did></c02><c02 level="file"><did><unittitle><title>Night Mother</title></unittitle><unitdate type="inclusive" normal="1994">1994</unitdate><unitid type="local_mss">3161947</unitid><container type="box">29</container><container type="folder">1</container></did></c02><c02 level="file"><did><unittitle><title>The Octette Bridge Club</title></unittitle><unitdate type="inclusive" normal="1985">1985</unitdate><unitid type="local_mss">3161948</unitid><container type="box">29</container><container type="folder">2-7</container></did></c02><c02 level="file"><did><unittitle><title>Oliver!</title></unittitle><unitdate type="inclusive" normal="1984">1984</unitdate><unitid type="local_mss">3161949</unitid><container type="box">29</container><container type="folder">8-13</container><container type="box">30</container><container type="folder">1-2</container></did></c02><c02 level="file"><did><unittitle><title>Phantom of the Opera</title></unittitle><unitdate type="inclusive" normal="1987/1994">1987-1994</unitdate><unitid type="local_mss">3161955</unitid><container type="box">30</container><container type="folder">3-9</container><container type="box">31</container></did></c02><c02 level="file"><did><unittitle><title>The Philadelphia Story</title></unittitle><unitdate type="inclusive" normal="1980">1980</unitdate><unitid type="local_mss">3161956</unitid><container type="box">31</container><container type="folder">6-10</container></did></c02><c02 level="file"><did><unittitle><title>Poppy</title></unittitle><unitdate type="inclusive" normal="1985">1985</unitdate><unitid type="local_mss">3161957</unitid><container type="box">32</container><container type="folder">1-4</container></did></c02><c02 level="file"><did><unittitle><title>The Potsdam Quartet</title></unittitle><unitdate type="inclusive" normal="1981/1982">1981-1982</unitdate><unitid type="local_mss">3161958</unitid><container type="box">32</container><container type="folder">5</container></did></c02><c02 level="file"><did><unittitle><title>The Psychic Life Of Savages</title></unittitle><unitdate type="inclusive" normal="2002">2002</unitdate><unitid type="local_mss">3161959</unitid><container type="box">32</container><container type="folder">6-8</container></did></c02><c02 level="file"><did><unittitle><title>Queen Amarantha</title></unittitle><unitdate type="inclusive" normal="1996/1997">1996-1997</unitdate><unitid type="local_mss">3161978</unitid><container type="box">32</container><container type="folder">9-11</container></did></c02><c02 level="file"><did><unittitle><title>Rage Of Angels...The Story Continues</title></unittitle><unitdate type="inclusive" normal="1986">1986</unitdate><unitid type="local_mss">3161979</unitid><container type="box">33</container><container type="folder">1-10</container></did></c02><c02 level="file"><did><unittitle><title>The Rat Pack</title></unittitle><unitdate type="inclusive" normal="2004/2005">2004-2005</unitdate><unitid type="local_mss">3161980</unitid><container type="box">34</container><container type="folder">1-2</container></did></c02><c02 level="file"><did><unittitle><title>Red, Hot And Cole</title></unittitle><unitdate type="inclusive" normal="1979/1982">1979-1982</unitdate><unitid type="local_mss">3161981</unitid><container type="box">34</container><container type="folder">3-6</container></did></c02><c02 level="file"><did><unittitle><title>Rice Boy</title></unittitle><unitdate type="inclusive" normal="2000">2000</unitdate><unitid type="local_mss">3161982</unitid><container type="box">34</container><container type="folder">8-10</container></did></c02><c02 level="file"><did><unittitle><title>The Rink</title></unittitle><unitdate type="inclusive" normal="1983/1984">1983-1984</unitdate><unitid type="local_mss">3161983</unitid><container type="box">35</container><container type="folder">1-7</container></did></c02><c02 level="file"><did><unittitle><title>Shangri-La Plaza</title></unittitle><unitdate type="inclusive" normal="1990">1990</unitdate><unitid type="local_mss">3161984</unitid><container type="box">35</container><container type="folder">8-10</container></did></c02><c02 level="file"><did><unittitle><title>Sister Act</title></unittitle><unitdate type="inclusive" normal="1991">1991</unitdate><unitid type="local_mss">3161985</unitid><container type="box">36</container><container type="folder">1-5</container></did></c02><c02 level="file"><did><unittitle><title>Smell Of The Kill</title></unittitle><unitdate type="inclusive" normal="2002/2003">2002-2003</unitdate><unitid type="local_mss">3161986</unitid><container type="box">36</container><container type="folder">6-10</container></did></c02><c02 level="file"><did><unittitle><title>Snowing At Delphi</title></unittitle><unitdate type="inclusive" normal="1993">1993</unitdate><unitid type="local_mss">3161987</unitid><container type="box">37</container><container type="folder">1</container></did></c02><c02 level="file"><did><unittitle><title>Solomon's Child</title></unittitle><unitdate type="inclusive" normal="1981/1982">1981-1982</unitdate><unitid type="local_mss">3161988</unitid><container type="box">37</container><container type="folder">2-5</container></did></c02><c02 level="file"><did><unittitle><title>Song And Dance</title></unittitle><unitdate type="inclusive" normal="1983/1986">1983-1986</unitdate><unitid type="local_mss">3161989</unitid><container type="box">37</container><container type="folder">6-9</container></did></c02><c02 level="file"><did><unittitle><title>Songs For A New World</title></unittitle><unitdate type="inclusive" normal="1995">1995</unitdate><unitid type="local_mss">3161991</unitid><container type="box">37</container><container type="folder">10</container></did></c02><c02 level="file"><did><unittitle><title>Spread Eagle</title></unittitle><unitdate type="inclusive" normal="1998/1999">1998-1999</unitdate><unitid type="local_mss">3161992</unitid><container type="box">38</container><container type="folder">1-2</container></did></c02><c02 level="file"><did><unittitle><title>Sympathetic Magic</title></unittitle><unitdate type="inclusive" normal="1996/1997">1996-1997</unitdate><unitid type="local_mss">3161993</unitid><container type="box">38</container><container type="folder">3-5</container></did></c02><c02 level="file"><did><unittitle><title>Take Flight</title></unittitle><unitdate type="inclusive" normal="2001">2001</unitdate><unitdate type="inclusive" normal="2004">2004</unitdate><unitid type="local_mss">3161994</unitid><container type="box">38</container><container type="folder">6-8</container></did></c02><c02 level="file"><did><unittitle><title>The Taming Of The Shrew</title></unittitle><unitdate type="inclusive" normal="2002/2003">2002-2003</unitdate><unitid type="local_mss">3161995</unitid><container type="box">38</container><container type="folder">9-11</container></did></c02><c02 level="file"><did><unittitle><title>13 Days To Broadway</title></unittitle><unitdate type="inclusive" normal="1984/1985">1984-1985</unitdate><unitid type="local_mss">3162000</unitid><container type="box">39</container><container type="folder">1-3</container></did><scopecontent><p>The production's former titles: <title>10 Days To Broadway</title> and <title>Sets and Costumes.</title></p></scopecontent></c02><c02 level="file"><did><unittitle><title>This Is Our Youth</title></unittitle><unitdate type="inclusive" normal="1998/1999">1998-1999</unitdate><unitid type="local_mss">3162001</unitid><container type="box">39</container><container type="folder">4-6</container></did></c02><c02 level="file"><did><unittitle><title>Three Penny Opera</title></unittitle><unitdate type="inclusive" normal="1989">1989</unitdate><unitid type="local_mss">3162002</unitid><container type="box">39</container><container type="folder">7-12</container></did></c02><c02 level="file"><did><unittitle><title>Til The Rapture Comes</title></unittitle><unitdate type="inclusive" normal="1998">1998</unitdate><unitid type="local_mss">3162003</unitid><container type="box">40</container><container type="folder">1-3</container></did></c02><c02 level="file"><did><unittitle><title>Total Eclipse</title></unittitle><unitdate type="inclusive" normal="1984">1984</unitdate><unitid type="local_mss">3162004</unitid><container type="box">40</container><container type="folder">4-6</container></did></c02><c02 level="file"><did><unittitle><title>Traveler In The Dark</title></unittitle><unitdate type="inclusive" normal="1983">1983</unitdate><unitid type="local_mss">3162005</unitid><container type="box">40</container><container type="folder">7-9</container></did></c02><c02 level="file"><did><unittitle><title>Voices In The Dark</title></unittitle><unitdate type="inclusive" normal="1996/1997">1996-1997</unitdate><unitid type="local_mss">3162006</unitid><container type="box">40</container><container type="folder">10</container></did></c02><c02 level="file"><did><unittitle><title>Waiting In The Wings</title></unittitle><unitdate type="inclusive" normal="1999/2000">1999-2000</unitdate><unitid type="local_mss">3162007</unitid><container type="box">40</container><container type="folder">11-13</container><container type="box">41</container><container type="folder">1-7</container></did></c02><c02 level="file"><did><unittitle><title>The Way Of The World</title></unittitle><unitdate type="inclusive" normal="2000/2001">2000-2001</unitdate><unitid type="local_mss">3162008</unitid><container type="box">41</container><container type="folder">8-10</container></did></c02><c02 level="file"><did><unittitle><title>When I Was A Girl I Used To Scream And Shout</title></unittitle><unitdate type="inclusive" normal="1986/1988">1986-1988</unitdate><unitid type="local_mss">3162009</unitid><container type="box">42</container><container type="folder">1-2</container></did></c02><c02 level="file"><did><unittitle><title>When Something Wonderful Ends</title></unittitle><unitdate type="inclusive" normal="2006">2006</unitdate><unitid type="local_mss">3162010</unitid><container type="box">42</container><container type="folder">3</container></did></c02><c02 level="file"><did><unittitle><title>Whodunnit</title></unittitle><unitdate type="inclusive" normal="1981/1983">1981-1983</unitdate><unitid type="local_mss">3162011</unitid><container type="box">42</container><container type="folder">4-8</container></did></c02><c02 level="file"><did><unittitle><title>The Wind In The Willows</title></unittitle><unitdate type="inclusive" normal="1985">1985</unitdate><unitid type="local_mss">3162012</unitid><container type="box">42</container><container type="folder">9-12</container></did></c02><c02 level="file"><did><unittitle><title>Wonderful Time</title></unittitle><unitdate type="inclusive" normal="1985">1985</unitdate><unitid type="local_mss">3162013</unitid><container type="box">43</container><container type="folder">1</container></did></c02><c02 level="file"><did><unittitle><title>You Never Can Tell</title></unittitle><unitdate type="inclusive" normal="2001">2001</unitdate><unitid type="local_mss">3162014</unitid><container type="box">43</container><container type="folder">2</container></did></c02><c02 level="file"><did><unittitle>Manhattan Theatre Club</unittitle><unitdate type="inclusive" normal="1978/1980">1978-1980</unitdate><unitid type="local_mss">3162015</unitid></did><scopecontent><p>Theatrical and other performances at the Manhattan Theatre Club.</p></scopecontent><c03 level="file"><did><unittitle><title>Artichoke</title></unittitle><unitdate type="inclusive" normal="1978">1978</unitdate><unitid type="local_mss">3162017</unitid><container type="box">44</container><container type="folder">1</container></did></c03><c03 level="file"><did><unittitle><title>Dusa, Fish, Stas And VI</title></unittitle><unitdate type="inclusive" normal="1979/1980">1979-1980</unitdate><unitid type="local_mss">3162018</unitid><container type="box">44</container><container type="folder">2</container></did></c03><c03 level="file"><did><unittitle><title>Grand Magic</title></unittitle><unitdate type="inclusive" normal="1978/1979">1978-1979</unitdate><unitid type="local_mss">3162020</unitid><container type="box">44</container><container type="folder">3</container></did></c03><c03 level="file"><did><unittitle><title>The Jail Diary Of Albie Sachs</title></unittitle><unitdate type="inclusive" normal="1979">1979</unitdate><unitid type="local_mss">3162019</unitid><container type="box">44</container><container type="folder">4</container></did></c03><c03 level="file"><did><unittitle><title>Just A Little Bit Less Than Normal</title></unittitle><unitdate type="inclusive" normal="1979">1979</unitdate><unitid type="local_mss">3162021</unitid><container type="box">44</container><container type="folder">5</container></did></c03><c03 level="file"><did><unittitle><title>A Lady Needs A Change</title></unittitle><unitdate type="inclusive" normal="1979">1979</unitdate><unitid type="local_mss">3162022</unitid><container type="box">44</container><container type="folder">6</container></did></c03><c03 level="file"><did><unittitle><title>Losing Time</title></unittitle><unitdate type="inclusive" normal="1979">1979</unitdate><unitid type="local_mss">3162023</unitid><container type="box">44</container><container type="folder">7</container></did></c03><c03 level="file"><did><unittitle><title>Mass Appeal</title></unittitle><unitdate type="inclusive" normal="1979">1979</unitdate><unitid type="local_mss">3162024</unitid><container type="box">44</container><container type="folder">8</container></did></c03><c03 level="file"><did><unittitle>Musical Theatre Lab And Cabaret</unittitle><unitdate type="inclusive" normal="1979/1980">1979-1980</unitdate><unitid type="local_mss">3162025</unitid><container type="box">44</container><container type="folder">9</container></did><scopecontent><p>Discussions between Zerman and others about workshops and works-in-progress.</p></scopecontent></c03><c03 level="file"><did><unittitle><title>Nongogo</title></unittitle><unitdate type="inclusive" normal="1978">1978</unitdate><unitid type="local_mss">3162026</unitid><container type="box">44</container><container type="folder">10</container></did></c03><c03 level="file"><did><unittitle><title>One Wedding, Two Rooms And Three Friends</title></unittitle><unitdate type="inclusive" normal="1979/1980">1979-1980</unitdate><unitid type="local_mss">3162027</unitid><container type="box">44</container><container type="folder">11</container></did></c03><c03 level="file"><did><unittitle><title>Sidewalkin</title></unittitle><unitdate type="inclusive" normal="1980">1980</unitdate><unitid type="local_mss">3162028</unitid><container type="box">44</container><container type="folder">12</container></did></c03><c03 level="file"><did><unittitle><title>Songs From The City Streets</title></unittitle><unitdate type="inclusive" normal="1979">1979</unitdate><unitid type="local_mss">3162029</unitid><container type="box">44</container><container type="folder">13</container></did></c03><c03 level="file"><did><unittitle><title>Styne After Styne</title></unittitle><unitdate type="inclusive" normal="1980">1980</unitdate><unitid type="local_mss">3162030</unitid><container type="box">44</container><container type="folder">14</container></did></c03><c03 level="file"><did><unittitle>General Correspondence</unittitle><unitdate type="inclusive" normal="1978/1980">1978-1980</unitdate><unitid type="local_mss">3162032</unitid><container type="box">44</container><container type="folder">15-18</container></did></c03></c02></c01><c01 level="file"><did><unittitle>Related Materials</unittitle><unitdate type="inclusive" normal="1980/2005">1980-2005</unitdate><unitid type="local_mss">3162016</unitid></did><c02 level="file"><did><unittitle>Senior Class Evaluations</unittitle><unitdate type="inclusive" normal="1997/2005">1997-2005</unitdate><unitid type="local_mss">3162033</unitid><container type="box">43</container><container type="folder">3-10</container></did></c02><c02 level="file"><did><unittitle>Andy's Agent Lists</unittitle><unitdate type="inclusive" normal="2002">2002</unitdate><unitid type="local_mss">3162034</unitid><container type="box">45</container><container type="folder">1</container></did></c02><c02 level="file"><did><unittitle>List Of Casting Agents, Yale's Long Wharf, The Royal Family</unittitle><unitdate type="inclusive" normal="2002">2002</unitdate><unitid type="local_mss">3162035</unitid><container type="box">45</container><container type="folder">2</container></did></c02><c02 level="file"><did><unittitle>Production Ideas</unittitle><unitdate type="inclusive" normal="1980/1999">1980s-1990s</unitdate><unitid type="local_mss">3162036</unitid><container type="box">45</container><container type="folder">3-6</container></did></c02><c02 level="file"><did><unittitle>Various Plays And Entertainment</unittitle><unitdate type="inclusive" normal="2000/2009">2000s</unitdate><unitid type="local_mss">3162037</unitid><container type="box">45</container><container type="folder">7-9</container></did></c02></c01><c01 level="file"><did><unittitle>Sound and Moving Image Recordings</unittitle><unitdate type="inclusive" normal="1991">1991</unitdate><unitid type="local_mss">3162122</unitid></did><userestrict><p>Inquiries regarding audio and moving image materials in the collection may be directed to the Billy Rose Theatre Division (theatre@nypl.org). Audio and moving image materials may be subject to preservation evaluation and migration prior to access.</p></userestrict></c01></dsc></archdesc>
</ead>
