<?xml version="1.0" encoding="UTF-8"?>
<ead xmlns="urn:isbn:1-931666-22-9" xmlns:xsi="http://www.w3.org/2001/XMLSchema-instance" xmlns:xlink="http://www.w3.org/1999/xlink" xsi:schemaLocation="urn:isbn:1-931666-22-9 http://www.loc.gov/ead/ead.xsd">
  <eadheader countryencoding="iso3166-1" dateencoding="iso8601" langencoding="iso639-2b" repositoryencoding="iso15511" relatedencoding="marc" scriptencoding="iso8601"><eadid countrycode="US" mainagencycode="US-NN" url="http://archives.nypl.org/brg/24888.xml">brg24888.xml</eadid><filedesc><titlestmt><titleproper>Guide to the Jack B. Yeats letter to John Quinn with mock patent of nobility, <date>1903 August 24</date></titleproper></titlestmt><publicationstmt><publisher>The New York Public Library. Henry W. and Albert A. Berg Collection of English and American Literature.</publisher><address><addressline>Stephen A. Schwarzman Building</addressline><addressline>Fifth Avenue at 42nd Street, New York, NY 10018-2788</addressline></address></publicationstmt></filedesc><profiledesc><creation>EAD generated by archives.nypl.org on <date normal="2019-12-10">December 10, 2019</date></creation><langusage><language langcode="eng">English</language></langusage></profiledesc></eadheader>
  
  <archdesc level="collection"><did><unittitle>Jack B. Yeats letter to John Quinn with mock patent of nobility</unittitle><unitdate type="inclusive" normal="1903-08-24">1903 August 24</unitdate><unitid type="local_mss">24888</unitid><unitid type="local_call">Berg Coll 24888</unitid><origination><persname role="creator" source="naf" authfilenumber="http://id.loc.gov/authorities/names/n50020999">Yeats, Jack B. (Jack Butler), 1871-1957</persname></origination><repository><corpname>The New York Public Library. Henry W. and Albert A. Berg Collection of English and American Literature.</corpname><address><addressline>Stephen A. Schwarzman Building</addressline><addressline>Fifth Avenue at 42nd Street, New York, NY 10018-2788</addressline></address></repository><physdesc><extent>.1 linear feet (1 folder)</extent></physdesc><abstract>Jack Butler Yeats (1871-1957) was an Irish painter and illustrator. He was the younger brother of the poet William Butler Yeats. John Quinn (1870-1924) was a corporation lawyer in New York City, and a noted private collector and patron of the arts. The collection comprises a letter (1 page) from [Jack B. Yeats] to "My Well Beloved John Quinn," written in the person of King Edward VII at Windsor, 1903 August 24, with an enclosed mock patent of nobility (1 page, folio). Both items are executed entirely in black ink, with the signatures "Edward" written upside down. Drawn at the top of the letter is a mock coat of arms, showing a unicorn and a lion with a straight razor shaving a pint, and the motto "Shave qui peut." The writer advises Quinn where "the artist fellah with whom you passed through my Western Empires" (Yeats himself) can obtain a patent similar to the one enclosed. The mock patent, made from a legal indenture form printed in Dublin by Hely's, Limited, is partially covered with pasted paper bearing Yeats's humorous bestowal of a knighthood on John Quinn of Broadway. A red wax seal attached to a green ribbon is affixed to the document</abstract></did><custodhist><p>Ownership by descent from Julia Quinn Anderson, sister and heir of John Quinn.</p></custodhist><prefercite><p>Jack B. Yeats letter to John Quinn with mock patent of nobility, Henry W. and Albert A. Berg Collection of English and American Literature, The New York Public Library</p></prefercite><acqinfo><p>Purchased from James Cummins Bookseller, 2019</p></acqinfo><controlaccess><persname role="former owner">Anderson, Julia Quinn</persname><persname role="correspondent" source="naf" authfilenumber="http://id.loc.gov/authorities/names/n50050562">Quinn, John, 1870-1924</persname><persname source="naf" authfilenumber="http://id.loc.gov/authorities/names/n50020999">Yeats, Jack B. (Jack Butler), 1871-1957 -- Friends and associates.</persname><persname source="naf" authfilenumber="http://id.loc.gov/authorities/names/n50020999">Yeats, Jack B. (Jack Butler), 1871-1957 -- Correspondence.</persname><subject source="lcsh">Artists -- Ireland -- Correspondence</subject><genreform source="aat" authfilenumber="http://id.loc.gov/authorities/names/300123430">Cartoons (humorous images)</genreform><genreform source="aat" authfilenumber="http://id.loc.gov/authorities/names/300026877">Correspondence</genreform><genreform source="aat" authfilenumber="http://id.loc.gov/authorities/names/300027820">Letters patent</genreform><occupation source="itoamc">Artists</occupation><occupation source="itoamc">Collectors</occupation><occupation source="itoamc">Lawyers</occupation></controlaccess></archdesc>
</ead>
