<?xml version="1.0" encoding="UTF-8"?>
<ead xmlns="urn:isbn:1-931666-22-9" xmlns:xsi="http://www.w3.org/2001/XMLSchema-instance"
	xmlns:xlink="http://www.w3.org/1999/xlink" xsi:schemaLocation="urn:isbn:1-931666-22-9 http://www.loc.gov/ead/ead.xsd">
	<eadheader countryencoding="iso3166-1" dateencoding="iso8601" langencoding="iso639-2b" repositoryencoding="iso15511"
		relatedencoding="marc" scriptencoding="iso8601">
		<eadid countrycode="US" mainagencycode="US-NN" url="http://archives.nypl.org/dan/24885.xml">dan24885.xml</eadid>
		<filedesc>
			<titlestmt>
				<titleproper>Guide to the Barbara Newman dance interviews, <date>1975-2010</date></titleproper>
			</titlestmt>
			<publicationstmt>
				<publisher>The New York Public Library. Jerome Robbins Dance Division.</publisher>
				<address>
					<addressline>New York Public Library for the Performing Arts, Dorothy and Lewis B. Cullman Center</addressline>
					<addressline>40 Lincoln Center Plaza, New York, NY 10023-7498</addressline>
				</address>
			</publicationstmt>
		</filedesc>
		<profiledesc>
			<creation>EAD generated by archives.nypl.org on <date normal="2019-12-10">December 10, 2019</date></creation>
			<langusage><language langcode="eng">English</language></langusage>
		</profiledesc>
	</eadheader>

	<archdesc level="collection">
		<did>
			<unittitle>Barbara Newman dance interviews</unittitle>
			<unitdate type="inclusive" normal="1975/2010">1975-2010</unitdate>
			<unitid type="local_mss">24885</unitid>
			<unitid type="local_call">(S) *MGZMD 501</unitid>
			<unitid type="local_b">b21957576</unitid>
			<origination><persname source="naf" authfilenumber="http://id.loc.gov/authorities/names/nr2004028804">Newman,
					Barbara, 1944-</persname></origination>
			<repository><corpname>The New York Public Library. Jerome Robbins Dance Division.</corpname><address>
					<addressline>New York Public Library for the Performing Arts, Dorothy and Lewis B. Cullman Center</addressline>
					<addressline>40 Lincoln Center Plaza, New York, NY 10023-7498</addressline>
				</address></repository>
			<physdesc><extent unit="containers">7 boxes</extent><extent unit="linear_feet">2.92 linear feet</extent></physdesc>
			<abstract>The Barbara Newman dance interviews, dating from 1975 to 2010, were conducted by Barbara Newman in
				preparation for her ballet publications: <title>Striking a Balance: Dancers Talk About Dancing</title>(1982, revised
				edition 1992), <title>Never Far From Dancing</title> (Part II of Striking a Balance, 2014), <title>Grace Under
					Pressure: Passing Dance Through Time</title>(2003), and <title>Antoinette Sibley: Reflections of a
					Ballerina</title> (1986). The collection holds paper transcripts and audio tapes.</abstract>
			<langmaterial>English</langmaterial>
		</did>
		<bioghist>
			<p>Barbara Newman (born 1944) is a dance critic for <title>Country Life</title>, a music critic for <title>Dancing
					Times</title> and the U.K. editor of www.dancemag.uk. Newman has published several books on ballet notably
					<title>Striking a Balance : Dancers Talk About Dancing</title> (1982, revised edition 1992), <title>Never Far From
					Dancing</title> (Part II of Striking a Balance, 2014), <title>Grace Under Pressure: Passing Dance Through
					Time</title> (2003), and <title>Antoinette Sibley: Reflections of a Ballerina</title> (1986).</p>
		</bioghist>
		<scopecontent>
			<p>The Barbara Newman dance interviews, dating from 1975 to 2010, were conducted for her ballet publications. Newman
				interviewed international ballet dancers, choreographers, ballet company directors, and ballet masters among
				others.</p>
			<p>The collection includes unpublished interviews, which offer more biographical details than the published excerpts.
				The files hold audio tapes and the paper transcripts (original and edited version for some publications) generated
				from the tapes. Prominent artists include Alicia Alonso, Merrill Ashley, Arthur Mitchell, and Antoinette Sibley.</p>
			<p>Excerpts from the interviews were published in several books, <title>Striking a Balance : Dancers Talk About
					Dancing</title> (1982, revised edition 1992), <title>Never Far From Dancing</title> (Part II of Striking a Balance,
				2014), <title>Grace Under Pressure</title> (2003), and <title>Antoinette Sibley: Reflections of a Ballerina</title>
				(1986).</p>
			<p>Other interviews, not part of the book publications, were featured in <title>Dancing Times,</title> a U.K. monthly
				magazine.</p>
			<p>The collection was arranged by title of publication. The interviewees are listed alphabetically under each
				publication.</p>
		</scopecontent>
		<prefercite>
			<p>Barbara Newman dance interviews, (S) *MGZMD 501. Jerome Robbins Dance Division, The New York Public Library for
				the Performing Arts</p>
		</prefercite>
		<acqinfo>
			<p>The collection was purchased from Barbara Newman in 2018.</p>
		</acqinfo>
		<processinfo>
			<p>Processed by <name>Valerie Wingfield</name> in <date>2019</date>.</p>
		</processinfo>
		<accessrestrict>
			<p>Some collections held by the Dance, Music, Recorded Sound, and Theatre Divisions at the New York Public Library
				for the Performing Arts are held off-site and must be requested in advance. Please check the collection records in
						<extref xlink:href="http://catalog.nypl.org/record=LPA_BNUMBER" xlink:type="simple" xlink:actuate="onRequest"
						>the NYPL's online catalog</extref> for detailed location information. For general guidance about requesting
				offsite materials, please consult: <extref
					xlink:href="https://www.nypl.org/about/locations/lpa/requesting-archival-materials" xlink:type="simple"
					xlink:actuate="onRequest">https://www.nypl.org/about/locations/lpa/requesting-archival-materials</extref></p>
			<p>Inquiries regarding audio and moving image materials in the collection may be directed to the Jerome Robbins Dance
				Division (dance@nypl.org). Audio and moving image materials will be subject to preservation assessment and migration
				prior to access.</p>
		</accessrestrict>
		<controlaccess>
			<persname source="naf" authfilenumber="http://id.loc.gov/authorities/names/nr2004028804">Newman, Barbara,
				1944-</persname>
			<persname role="subject" source="lcsh" authfilenumber="http://id.loc.gov/authorities/names/n82087040">Sibley,
				Antoinette</persname>
			<subject source="lcsh">Ballet dancers</subject>
			<subject source="lcsh">Choreographers</subject>
			<subject source="lcsh">Dancers -- 20th century</subject>
			<genreform source="aat" authfilenumber="http://id.loc.gov/authorities/names/300026392">Interviews</genreform>
			<genreform source="aat" authfilenumber="http://id.loc.gov/authorities/names/300028633">Sound recordings</genreform>
			<genreform source="aat" authfilenumber="http://id.loc.gov/authorities/names/300027388">Transcripts</genreform>
		</controlaccess>
		<dsc>
			<c01 level="file">
				<did>
					<unittitle><title> Antoinette Sibley: Reflections of a Ballerina</title></unittitle>
					<unitdate type="inclusive" normal="1984/1985">1984-1985</unitdate>
					<unitid type="local_mss">3179017</unitid>
					<note>
						<p>The book was published, circa 1986.</p>
					</note>
				</did>
				<scopecontent>
					<p>Newman states that several transcripts do not have taped interviews. The transcripts indicate where the
						interviews took place.</p>
				</scopecontent>
				<c02 level="file">
					<did>
						<unittitle>Sibley, Antoinette</unittitle>
						<unitdate type="inclusive" normal="1984/1985">1984-1985</unitdate>
						<unitid type="local_mss">3179146</unitid>
						<container type="box">1</container>
						<container type="folder">1-12</container>
					</did>
				</c02>
				<c02 level="file">
					<did>
						<unittitle>Ashton, Frederick</unittitle>
						<unitdate type="inclusive" normal="1985">1985</unitdate>
						<unitid type="local_mss">3179147</unitid>
						<container type="box">1</container>
						<container type="folder">13</container>
					</did>
				</c02>
				<c02 level="file">
					<did>
						<unittitle>Beckley, Christine</unittitle>
						<unitdate type="inclusive" normal="1985">1985</unitdate>
						<unitid type="local_mss">3179148</unitid>
						<container type="box">1</container>
						<container type="folder">14</container>
					</did>
					<scopecontent>
						<p>No taping by author. Typescript typed from Beckley's interviews.</p>
					</scopecontent>
				</c02>
				<c02 level="file">
					<did>
						<unittitle>Beriosova, Svetlana</unittitle>
						<unitdate type="inclusive" normal="1985">1985</unitdate>
						<unitid type="local_mss">3179149</unitid>
						<container type="box">1</container>
						<container type="folder">15</container>
					</did>
				</c02>
				<c02 level="file">
					<did>
						<unittitle>Bloom, Sheila</unittitle>
						<unitdate type="inclusive" normal="1985">1985</unitdate>
						<unitid type="local_mss">3179150</unitid>
						<container type="box">1</container>
						<container type="folder">16</container>
					</did>
				</c02>
				<c02 level="file">
					<did>
						<unittitle>Clarke, Mary</unittitle>
						<unitdate type="inclusive" normal="1985">1985</unitdate>
						<unitid type="local_mss">3179151</unitid>
						<container type="box">1</container>
						<container type="folder">17</container>
					</did>
					<scopecontent>
						<p>No taping by author.</p>
					</scopecontent>
				</c02>
				<c02 level="file">
					<did>
						<unittitle>de Valois, Ninette</unittitle>
						<unitdate type="inclusive" normal="1984">1984</unitdate>
						<unitid type="local_mss">3179152</unitid>
						<container type="box">1</container>
						<container type="folder">18</container>
					</did>
				</c02>
				<c02 level="file">
					<did>
						<unittitle>Dowell, Anthony</unittitle>
						<unitdate type="inclusive" normal="1985">1985</unitdate>
						<unitid type="local_mss">3179153</unitid>
						<note>
							<p>No taping by author.</p>
						</note>
						<container type="box">1</container>
						<container type="folder">19</container>
					</did>
				</c02>
				<c02 level="file">
					<did>
						<unittitle>Edwards, Leslie</unittitle>
						<unitdate type="inclusive" normal="1985">1985</unitdate>
						<unitid type="local_mss">3179154</unitid>
						<note>
							<p>No taping by author.</p>
						</note>
						<container type="box">1</container>
						<container type="folder">20</container>
					</did>
				</c02>
				<c02 level="file">
					<did>
						<unittitle>MacMillian, Kenneth</unittitle>
						<unitdate type="inclusive" normal="1985">1985</unitdate>
						<unitid type="local_mss">3179155</unitid>
						<container type="box">1</container>
						<container type="folder">21</container>
					</did>
				</c02>
				<c02 level="file">
					<did>
						<unittitle>Phillips, Ailne</unittitle>
						<unitdate type="inclusive" normal="1985">1985</unitdate>
						<unitid type="local_mss">3179156</unitid>
						<container type="box">1</container>
						<container type="folder">22</container>
					</did>
					<scopecontent>
						<p>Newman states that the tape is missing. The file contains a handwritten transcript of her comments and edited
							transcript.</p>
					</scopecontent>
				</c02>
				<c02 level="file">
					<did>
						<unittitle>Sibley, Winifred</unittitle>
						<unitdate type="inclusive" normal="1984">1984</unitdate>
						<unitid type="local_mss">3179157</unitid>
						<container type="box">1</container>
						<container type="folder">23</container>
					</did>
				</c02>
				<c02 level="file">
					<did>
						<unittitle>Somes, Michael</unittitle>
						<unitdate type="inclusive" normal="1984">1984</unitdate>
						<unitid type="local_mss">3179635</unitid>
						<note>
							<p>No taping by author.</p>
						</note>
						<container type="box">1</container>
						<container type="folder">24</container>
					</did>
				</c02>
				<c02 level="file">
					<did>
						<unittitle>Wright, Peter</unittitle>
						<unitdate type="inclusive" normal="1985">1985</unitdate>
						<unitid type="local_mss">3179158</unitid>
						<container type="box">1</container>
						<container type="folder">25</container>
					</did>
					<scopecontent>
						<p>No taping by author.</p>
					</scopecontent>
				</c02>
			</c01>
			<c01 level="file">
				<did>
					<unittitle><title>Grace Under Pressure: Passing Dance Through Time</title></unittitle>
					<unitdate type="inclusive" normal="1995/2001">1995-2001</unitdate>
					<unitid type="local_mss">3179021</unitid>
					<note>
						<p>The book was published in 2003.</p>
					</note>
				</did>
				<scopecontent>
					<p>The transcripts indicate where the interviews took place.</p>
				</scopecontent>
				<c02 level="file">
					<did>
						<unittitle>Bintley, David</unittitle>
						<unitdate type="inclusive" normal="2001">2001</unitdate>
						<unitid type="local_mss">3179164</unitid>
						<container type="box">2</container>
						<container type="folder">1</container>
					</did>
				</c02>
				<c02 level="file">
					<did>
						<unittitle>Denvers, Robert</unittitle>
						<unitdate type="inclusive" normal="2001">2001</unitdate>
						<unitid type="local_mss">3179166</unitid>
						<container type="box">2</container>
						<container type="folder">2</container>
					</did>
				</c02>
				<c02 level="file">
					<did>
						<unittitle>du Bouays, Marc</unittitle>
						<unitdate type="inclusive" normal="2001">2001</unitdate>
						<unitid type="local_mss">3179168</unitid>
						<container type="box">2</container>
						<container type="folder">3</container>
					</did>
				</c02>
				<c02 level="file">
					<did>
						<unittitle>Englund, Sorella</unittitle>
						<unitdate type="inclusive" normal="1997">1997</unitdate>
						<unitid type="local_mss">3179171</unitid>
						<container type="box">2</container>
						<container type="folder">4</container>
					</did>
				</c02>
				<c02 level="file">
					<did>
						<unittitle>Fateyev, Yuri</unittitle>
						<unitdate type="inclusive" normal="2001">2001</unitdate>
						<unitid type="local_mss">3179179</unitid>
						<container type="box">2</container>
						<container type="folder">5</container>
					</did>
				</c02>
				<c02 level="file">
					<did>
						<unittitle>Frohlich, Jean-Pierre</unittitle>
						<unitdate type="inclusive" normal="1999">1999</unitdate>
						<unitdate type="inclusive" normal="2000">2000</unitdate>
						<unitid type="local_mss">3179182</unitid>
						<note>
							<p>For Jerome Robbins Trust.</p>
						</note>
						<container type="box">2</container>
						<container type="folder">6-7</container>
					</did>
				</c02>
				<c02 level="file">
					<did>
						<unittitle>Gielgud, Maina</unittitle>
						<unitdate type="inclusive" normal="1995">1995</unitdate>
						<unitdate type="inclusive" normal="2001">2001</unitdate>
						<unitid type="local_mss">3179183</unitid>
						<container type="box">2</container>
						<container type="folder">8-9</container>
					</did>
				</c02>
				<c02 level="file">
					<did>
						<unittitle>Kolpakova, Irina</unittitle>
						<unitdate type="inclusive" normal="1999">1999</unitdate>
						<unitid type="local_mss">3179189</unitid>
						<container type="box">2</container>
						<container type="folder">10</container>
					</did>
					<scopecontent>
						<p>The interview was conducted through the translator Julia Kocich.</p>
					</scopecontent>
				</c02>
				<c02 level="file">
					<did>
						<unittitle>Mercier, Margaret</unittitle>
						<unitdate type="inclusive" normal="1996">1996</unitdate>
						<unitid type="local_mss">3179194</unitid>
						<container type="box">2</container>
						<container type="folder">11</container>
					</did>
				</c02>
				<c02 level="file">
					<did>
						<unittitle>Morris, Mark</unittitle>
						<unitdate type="inclusive" normal="1996">1996</unitdate>
						<unitid type="local_mss">3179202</unitid>
						<container type="box">2</container>
						<container type="folder">12</container>
					</did>
				</c02>
				<c02 level="file">
					<did>
						<unittitle>Russell, Francis</unittitle>
						<unitdate type="inclusive" normal="1998">1998</unitdate>
						<unitid type="local_mss">3179316</unitid>
						<container type="box">2</container>
						<container type="folder">13</container>
					</did>
				</c02>
				<c02 level="file">
					<did>
						<unittitle>Schorer, Suki</unittitle>
						<unitdate type="inclusive" normal="1995">1995</unitdate>
						<unitdate type="inclusive" normal="1999">1999</unitdate>
						<unitid type="local_mss">3179317</unitid>
						<container type="box">2</container>
						<container type="folder">14-16</container>
					</did>
				</c02>
				<c02 level="file">
					<did>
						<unittitle>Thomas, Richard</unittitle>
						<unitdate type="inclusive" normal="1997">1997</unitdate>
						<unitid type="local_mss">3179318</unitid>
						<container type="box">2</container>
						<container type="folder">17</container>
					</did>
				</c02>
				<c02 level="file">
					<did>
						<unittitle>Tomasson, Helgi</unittitle>
						<unitdate type="inclusive" normal="2001">2001</unitdate>
						<unitid type="local_mss">3179319</unitid>
						<container type="box">2</container>
						<container type="folder">18</container>
					</did>
				</c02>
				<c02 level="file">
					<did>
						<unittitle>Verdy, Violette</unittitle>
						<unitdate type="inclusive" normal="1995">1995</unitdate>
						<unitid type="local_mss">3179321</unitid>
						<container type="box">2</container>
						<container type="folder">19-20</container>
					</did>
				</c02>
				<c02 level="file">
					<did>
						<unittitle>Vessel, Anne Marie</unittitle>
						<unitdate type="inclusive" normal="1995">1995</unitdate>
						<unitid type="local_mss">3179323</unitid>
						<container type="box">2</container>
						<container type="folder">21</container>
					</did>
				</c02>
				<c02 level="file">
					<did>
						<unittitle>Wade, Kathryn</unittitle>
						<unitdate type="inclusive" normal="2000/2001">2000-2001</unitdate>
						<unitid type="local_mss">3179324</unitid>
						<container type="box">2</container>
						<container type="folder">22-23</container>
					</did>
				</c02>
				<c02 level="file">
					<did>
						<unittitle>Washington, Shelley</unittitle>
						<unitdate type="inclusive" normal="1999/2000">1999-2000</unitdate>
						<unitid type="local_mss">3179325</unitid>
						<container type="box">2</container>
						<container type="folder">24-25</container>
					</did>
				</c02>
			</c01>
			<c01 level="file">
				<did>
					<unittitle><title>Striking a Balance, Dancers Talk About Dancing</title> First edition</unittitle>
					<unitdate type="inclusive" normal="1979/1980">1979-1980</unitdate>
					<unitid type="local_mss">3179326</unitid>
					<note>
						<p>Publisher, Houghton, Mifflin, New York and Hamish Hamilton, London, 1982. First edition.</p>
					</note>
				</did>
				<scopecontent>
					<p>The transcripts indicate where the interviews took place.</p>
				</scopecontent>
				<c02 level="file">
					<did>
						<unittitle>Alonso, Alicia</unittitle>
						<unitdate type="inclusive" normal="1979">1979</unitdate>
						<unitid type="local_mss">3179327</unitid>
						<container type="box">3</container>
						<container type="folder">1-2</container>
					</did>
				</c02>
				<c02 level="file">
					<did>
						<unittitle>Ashley, Merrill</unittitle>
						<unitdate type="inclusive" normal="1980">1980</unitdate>
						<unitid type="local_mss">3179328</unitid>
						<container type="box">3</container>
						<container type="folder">3-4</container>
					</did>
				</c02>
				<c02 level="file">
					<did>
						<unittitle>Bergsma, Deanne</unittitle>
						<unitdate type="inclusive" normal="1979">1979</unitdate>
						<unitid type="local_mss">3179329</unitid>
						<container type="box">3</container>
						<container type="folder">5-6</container>
					</did>
					<scopecontent>
						<p>Deanne Bergsma's interview was recorded on the same tape as Beryl Grey.</p>
					</scopecontent>
				</c02>
				<c02 level="file">
					<did>
						<unittitle>Bonnefoux, Jean-Pierre</unittitle>
						<unitdate type="inclusive" normal="1979">1979</unitdate>
						<unitid type="local_mss">3179330</unitid>
						<container type="box">3</container>
						<container type="folder">7-8</container>
					</did>
				</c02>
				<c02 level="file">
					<did>
						<unittitle>Christensen, Lew</unittitle>
						<unitdate type="inclusive" normal="1979">1979</unitdate>
						<unitid type="local_mss">3179331</unitid>
						<container type="box">3</container>
						<container type="folder">9-10</container>
					</did>
				</c02>
				<c02 level="file">
					<did>
						<unittitle>Doubrovska, Felia</unittitle>
						<unitdate type="inclusive" normal="1979">1979</unitdate>
						<unitid type="local_mss">3179336</unitid>
						<note>
							<p>There is no tape.</p>
						</note>
						<container type="box">3</container>
						<container type="folder">11</container>
					</did>
					<scopecontent>
						<p>The file contains Newman's handwritten notes from their conversation.</p>
					</scopecontent>
				</c02>
				<c02 level="file">
					<did>
						<unittitle>Gable, Christopher</unittitle>
						<unitdate type="inclusive" normal="1979">1979</unitdate>
						<unitid type="local_mss">3179342</unitid>
						<container type="box">3</container>
						<container type="folder">12-13</container>
					</did>
					<scopecontent>
						<p>Part of Christoper Gable's interview was recorded on Desmond Kelly's tape.</p>
					</scopecontent>
				</c02>
				<c02 level="file">
					<did>
						<unittitle>Grant, Alexander</unittitle>
						<unitdate type="inclusive" normal="1979">1979</unitdate>
						<unitid type="local_mss">3179347</unitid>
						<container type="box">3</container>
						<container type="folder">14-15</container>
					</did>
				</c02>
				<c02 level="file">
					<did>
						<unittitle>Grey, Beryl</unittitle>
						<unitdate type="inclusive" normal="1979">1979</unitdate>
						<unitid type="local_mss">3179360</unitid>
						<container type="box">3</container>
						<container type="folder">16-17</container>
					</did>
					<scopecontent>
						<p>Deanne Bergsma's interview is also on the tape.</p>
					</scopecontent>
				</c02>
				<c02 level="file">
					<did>
						<unittitle>Kelly, Desmond</unittitle>
						<unitdate type="inclusive" normal="1979">1979</unitdate>
						<unitid type="local_mss">3179366</unitid>
						<container type="box">4</container>
						<container type="folder">1-2</container>
					</did>
					<scopecontent>
						<p>Christopher Gable's interview was recorded on the tape.</p>
					</scopecontent>
				</c02>
				<c02 level="file">
					<did>
						<unittitle>Lander, Toni</unittitle>
						<unitdate type="inclusive" normal="1979">1979</unitdate>
						<unitid type="local_mss">3179393</unitid>
						<container type="box">4</container>
						<container type="folder">3-4</container>
					</did>
				</c02>
				<c02 level="file">
					<did>
						<unittitle>LeClercq, Tanaquil</unittitle>
						<unitdate type="inclusive" normal="1979">1979</unitdate>
						<unitid type="local_mss">3179409</unitid>
						<container type="box">4</container>
						<container type="folder">5-6</container>
					</did>
				</c02>
				<c02 level="file">
					<did>
						<unittitle>Lifar, Serge</unittitle>
						<unitdate type="inclusive" normal="1979">1979</unitdate>
						<unitid type="local_mss">3179422</unitid>
						<note>
							<p>No tape.</p>
						</note>
						<container type="box">4</container>
						<container type="folder">7-8</container>
					</did>
				</c02>
				<c02 level="file">
					<did>
						<unittitle>MacLeary, Donald</unittitle>
						<unitdate type="inclusive" normal="1979">1979</unitdate>
						<unitid type="local_mss">3179427</unitid>
						<container type="box">4</container>
						<container type="folder">10-11</container>
					</did>
				</c02>
				<c02 level="file">
					<did>
						<unittitle>Marks, Bruce</unittitle>
						<unitdate type="inclusive" normal="1979">1979</unitdate>
						<unitid type="local_mss">3179484</unitid>
						<container type="box">4</container>
						<container type="folder">12-13</container>
					</did>
				</c02>
				<c02 level="file">
					<did>
						<unittitle>Martins, Peter</unittitle>
						<unitdate type="inclusive" normal="1980">1980</unitdate>
						<unitid type="local_mss">3179485</unitid>
						<container type="box">4</container>
						<container type="folder">14-15</container>
					</did>
				</c02>
				<c02 level="file">
					<did>
						<unittitle>Mason, Monica</unittitle>
						<unitdate type="inclusive" normal="1979">1979</unitdate>
						<unitid type="local_mss">3179486</unitid>
						<container type="box">4</container>
						<container type="folder">16-17</container>
					</did>
				</c02>
				<c02 level="file">
					<did>
						<unittitle>Nerina, Nadia</unittitle>
						<unitdate type="inclusive" normal="1979">1979</unitdate>
						<unitid type="local_mss">3179487</unitid>
						<container type="box">5</container>
						<container type="folder">1-2</container>
					</did>
				</c02>
				<c02 level="file">
					<did>
						<unittitle>Seymour, Lynn</unittitle>
						<unitdate type="inclusive" normal="1979">1979</unitdate>
						<unitid type="local_mss">3179488</unitid>
						<container type="box">5</container>
						<container type="folder">3-4</container>
					</did>
				</c02>
				<c02 level="file">
					<did>
						<unittitle>Shearer, Moira</unittitle>
						<unitdate type="inclusive" normal="1979">1979</unitdate>
						<unitid type="local_mss">3179489</unitid>
						<container type="box">5</container>
						<container type="folder">5-6</container>
					</did>
				</c02>
				<c02 level="file">
					<did>
						<unittitle>Sibley, Antoinette</unittitle>
						<unitdate type="inclusive" normal="1979">1979</unitdate>
						<unitid type="local_mss">3179490</unitid>
						<container type="box">5</container>
						<container type="folder">7-8</container>
					</did>
				</c02>
				<c02 level="file">
					<did>
						<unittitle>Vilzak, Anatole</unittitle>
						<unitdate type="inclusive" normal="1979">1979</unitdate>
						<unitid type="local_mss">3179491</unitid>
						<container type="box">5</container>
						<container type="folder">9-10</container>
					</did>
				</c02>
				<c02 level="file">
					<did>
						<unittitle>Wall, David</unittitle>
						<unitdate type="inclusive" normal="1979">1979</unitdate>
						<unitid type="local_mss">3179492</unitid>
						<container type="box">5</container>
						<container type="folder">11-12</container>
					</did>
				</c02>
				<c02 level="file">
					<did>
						<unittitle>Youskevitch, Igor</unittitle>
						<unitdate type="inclusive" normal="1979">1979</unitdate>
						<unitid type="local_mss">3179493</unitid>
						<container type="box">5</container>
						<container type="folder">13-14</container>
					</did>
				</c02>
				<c02 level="file">
					<did>
						<unittitle>Interviews Not Published</unittitle>
						<unitid type="local_mss">3179494</unitid>
					</did>
					<c03 level="file">
						<did>
							<unittitle>Fracci, Carla</unittitle>
							<unitdate type="inclusive" normal="1979">1979</unitdate>
							<unitid type="local_mss">3179495</unitid>
							<container type="box">6</container>
							<container type="folder">1</container>
						</did>
					</c03>
					<c03 level="file">
						<did>
							<unittitle>Haydee, Marcia</unittitle>
							<unitdate type="inclusive" normal="1979">1979</unitdate>
							<unitid type="local_mss">3179496</unitid>
							<container type="box">6</container>
							<container type="folder">2-4</container>
						</did>
					</c03>
					<c03 level="file">
						<did>
							<unittitle>Lazowsky, Yurek</unittitle>
							<unitdate type="inclusive" normal="1979">1979</unitdate>
							<unitid type="local_mss">3179497</unitid>
							<note>
								<p>Part of his interview is on the tape of Tanaquil LeClercq.</p>
							</note>
							<container type="box">6</container>
							<container type="folder">5-7</container>
						</did>
					</c03>
					<c03 level="file">
						<did>
							<unittitle>Park, Merle</unittitle>
							<unitdate type="inclusive" normal="1979">1979</unitdate>
							<unitid type="local_mss">3179521</unitid>
							<container type="box">6</container>
							<container type="folder">8</container>
						</did>
					</c03>
					<c03 level="file">
						<did>
							<unittitle>Tomasson, Helgi</unittitle>
							<unitdate type="inclusive" normal="1979">1979</unitdate>
							<unitid type="local_mss">3179522</unitid>
							<container type="box">6</container>
							<container type="folder">9-10</container>
						</did>
					</c03>
					<c03 level="file">
						<did>
							<unittitle>Wilde, Patricia</unittitle>
							<unitdate type="inclusive" normal="1979">1979</unitdate>
							<unitid type="local_mss">3179523</unitid>
							<container type="box">6</container>
							<container type="folder">11</container>
						</did>
					</c03>
				</c02>
			</c01>
			<c01 level="file">
				<did>
					<unittitle><title>Striking A Balance: Dancers Talk About Dancing</title> (revised edition)</unittitle>
					<unitdate type="inclusive" normal="1979/1991">1979-1991</unitdate>
					<unitid type="local_mss">3179524</unitid>
					<note>
						<p>Publisher: Limelight Editions, 1992.</p>
					</note>
				</did>
				<c02 level="file">
					<did>
						<unittitle>Ananiashvili, Nina</unittitle>
						<unitdate type="inclusive" normal="1991">1991</unitdate>
						<unitid type="local_mss">3179525</unitid>
						<container type="box">6</container>
						<container type="folder">12-13</container>
					</did>
				</c02>
				<c02 level="file">
					<did>
						<unittitle>Kaye, Nora</unittitle>
						<unitdate type="inclusive" normal="1979">1979</unitdate>
						<unitid type="local_mss">3179526</unitid>
						<container type="box">6</container>
						<container type="folder">14-15</container>
					</did>
				</c02>
				<c02 level="file">
					<did>
						<unittitle>Larsen, Niels Bjorn</unittitle>
						<unitdate type="inclusive" normal="1980">1980</unitdate>
						<unitid type="local_mss">3179527</unitid>
						<container type="box">6</container>
						<container type="folder">16-17</container>
					</did>
				</c02>
				<c02 level="file">
					<did>
						<unittitle>Sarry, Christine</unittitle>
						<unitdate type="inclusive" normal="1979">1979</unitdate>
						<unitid type="local_mss">3179532</unitid>
						<container type="box">6</container>
						<container type="folder">18-19</container>
					</did>
				</c02>
			</c01>
			<c01 level="file">
				<did>
					<unittitle><title>Never Far From Dancing</title></unittitle>
					<unitdate type="inclusive" normal="2008/2009">2008-2009</unitdate>
					<unitid type="local_mss">3179528</unitid>
					<note>
						<p>Published by Routledge, London, 2014.</p>
					</note>
				</did>
				<scopecontent>
					<p>The transcripts indicate where the interviews took place.</p>
				</scopecontent>
				<c02 level="file">
					<did>
						<unittitle>Alonso, Alicia</unittitle>
						<unitdate type="inclusive" normal="2008">2008</unitdate>
						<unitid type="local_mss">3179531</unitid>
						<container type="box">7</container>
						<container type="folder">1</container>
					</did>
				</c02>
				<c02 level="file">
					<did>
						<unittitle>Ananiashvili, Nina</unittitle>
						<unitdate type="inclusive" normal="2008">2008</unitdate>
						<unitid type="local_mss">3179534</unitid>
						<container type="box">7</container>
						<container type="folder">2</container>
					</did>
				</c02>
				<c02 level="file">
					<did>
						<unittitle>Ashley, Merrill</unittitle>
						<unitdate type="inclusive" normal="2008">2008</unitdate>
						<unitid type="local_mss">3179535</unitid>
						<container type="box">7</container>
						<container type="folder">3</container>
					</did>
				</c02>
				<c02 level="file">
					<did>
						<unittitle>Bonnefoux, Jean-Pierre</unittitle>
						<unitdate type="inclusive" normal="2009">2009</unitdate>
						<unitid type="local_mss">3179538</unitid>
						<container type="box">7</container>
						<container type="folder">4</container>
					</did>
				</c02>
				<c02 level="file">
					<did>
						<unittitle>Grey, Beryl</unittitle>
						<unitdate type="inclusive" normal="2009">2009</unitdate>
						<unitid type="local_mss">3179537</unitid>
						<container type="box">7</container>
						<container type="folder">5</container>
					</did>
				</c02>
				<c02 level="file">
					<did>
						<unittitle>Kelly, Desmond</unittitle>
						<unitdate type="inclusive" normal="2008">2008</unitdate>
						<unitid type="local_mss">3179576</unitid>
						<container type="box">7</container>
						<container type="folder">6</container>
					</did>
				</c02>
				<c02 level="file">
					<did>
						<unittitle>MacLeary, Donald</unittitle>
						<unitdate type="inclusive" normal="2008">2008</unitdate>
						<unitid type="local_mss">3179580</unitid>
						<container type="box">7</container>
						<container type="folder">7</container>
					</did>
				</c02>
				<c02 level="file">
					<did>
						<unittitle>Mason, Monica</unittitle>
						<unitdate type="inclusive" normal="2008">2008</unitdate>
						<unitid type="local_mss">3179581</unitid>
						<container type="box">7</container>
						<container type="folder">8</container>
					</did>
				</c02>
				<c02 level="file">
					<did>
						<unittitle>Seymour, Lynn</unittitle>
						<unitdate type="inclusive" normal="2008">2008</unitdate>
						<unitid type="local_mss">3179582</unitid>
						<container type="box">7</container>
						<container type="folder">9</container>
					</did>
				</c02>
				<c02 level="file">
					<did>
						<unittitle>Sibley, Antoinette</unittitle>
						<unitdate type="inclusive" normal="2009">2009</unitdate>
						<unitid type="local_mss">3179583</unitid>
						<container type="box">7</container>
						<container type="folder">10</container>
					</did>
				</c02>
				<c02 level="file">
					<did>
						<unittitle>Wall, David</unittitle>
						<unitdate type="inclusive" normal="2008">2008</unitdate>
						<unitid type="local_mss">3179584</unitid>
						<container type="box">7</container>
						<container type="folder">11</container>
					</did>
				</c02>
			</c01>
			<c01 level="file">
				<did>
					<unittitle><title>Speaking Of Dance</title></unittitle>
					<unitid type="local_mss">3179529</unitid>
				</did>
				<scopecontent>
					<p>The bulk of the audio-tapes do not have paper transcripts.</p>
				</scopecontent>
				<c02 level="file">
					<did>
						<unittitle>Alston, Richard</unittitle>
						<unitdate type="inclusive" normal="2008">2008</unitdate>
						<unitid type="local_mss">3179587</unitid>
						<container type="box">7</container>
						<container type="folder">12</container>
					</did>
				</c02>
				<c02 level="file">
					<did>
						<unittitle>Chaib, Eli</unittitle>
						<unitdate type="inclusive" normal="1989">1989</unitdate>
						<unitid type="local_mss">3179588</unitid>
						<container type="box">7</container>
						<container type="folder">13</container>
					</did>
				</c02>
			</c01>
			<c01 level="file">
				<did>
					<unittitle>Other Typescripts</unittitle>
					<unitdate type="inclusive" normal="1975">1975</unitdate>
					<unitid type="local_mss">3179589</unitid>
				</did>
				<c02 level="file">
					<did>
						<unittitle>Nagrin, Daniel</unittitle>
						<unitdate type="inclusive" normal="1975-05-08">1975 May 8</unitdate>
						<unitid type="local_mss">3179590</unitid>
						<container type="box">7</container>
						<container type="folder">14</container>
					</did>
					<scopecontent>
						<p>This is a transcript of a recording conducted for the Oral History Archive, Dance Collection.</p>
					</scopecontent>
				</c02>
				<c02 level="file">
					<did>
						<unittitle>Royal Danish Ballet</unittitle>
						<unitid type="local_mss">3179591</unitid>
						<container type="box">7</container>
						<container type="folder">15</container>
					</did>
					<scopecontent>
						<p>A note indicates that these interviews were from conversations held on September 1995 with Stephen Pier, Niels
							Bjorn Larsen, Vivi Flindt and Palle Jacobsen.</p>
					</scopecontent>
				</c02>
			</c01>
			<c01 level="subseries">
				<did>
					<unittitle>Audio Recordings</unittitle>
					<unitdate type="inclusive" normal="1979/2010">1979-2010</unitdate>
					<unitid type="local_mss">3188981</unitid>
					<note>
						<p>The transcripts were generated from these audio recordings.</p>
					</note>
				</did>
				<c02 level="file">
					<did>
						<unittitle>Antoinette Sibley: Reflections of a Ballerina</unittitle>
						<unitid type="local_mss">3188984</unitid>
					</did>
					<c03 level="file">
						<did>
							<unittitle>Interview with Ninette de Valois [14 of 15]</unittitle>
							<unitdate type="inclusive" normal="1984-10-10">1984 October 10</unitdate>
							<unitid type="local_mss">3188985</unitid>
							<unitid type="local_mss_av">762814</unitid>
						</did>
					</c03>
					<c03 level="file">
						<did>
							<unittitle>Interview with Anthony Dowell [15 of 15]</unittitle>
							<unitdate type="inclusive" normal="1984-06-05">1984 June 5</unitdate>
							<unitid type="local_mss">3188986</unitid>
							<unitid type="local_mss_av">762815</unitid>
						</did>
					</c03>
					<c03 level="file">
						<did>
							<unittitle>Interview 1984 June 1; 1984 August 13 [1 of 15]</unittitle>
							<unitdate type="inclusive" normal="1984">1984</unitdate>
							<unitid type="local_mss">3189110</unitid>
							<unitid type="local_mss_av">762711</unitid>
						</did>
					</c03>
					<c03 level="file">
						<did>
							<unittitle>Interview 1985 August 8 (continue); October 14 [10 of 15]</unittitle>
							<unitdate type="inclusive" normal="1985">1985</unitdate>
							<unitid type="local_mss">3189111</unitid>
							<unitid type="local_mss_av">762720</unitid>
						</did>
					</c03>
					<c03 level="file">
						<did>
							<unittitle>Interview with Frederick Ashton [11 of 15]</unittitle>
							<unitdate type="inclusive" normal="1985-10-23">1985 October 23</unitdate>
							<unitid type="local_mss">3189112</unitid>
							<unitid type="local_mss_av">762721</unitid>
						</did>
					</c03>
					<c03 level="file">
						<did>
							<unittitle>Interviews with Svetlana Beriosova (May 3, 1985); Sheila Bloom May 13, 1985) [12 of 15]</unittitle>
							<unitdate type="inclusive" normal="1985">1985</unitdate>
							<unitid type="local_mss">3189113</unitid>
							<unitid type="local_mss_av">762722</unitid>
						</did>
					</c03>
					<c03 level="file">
						<did>
							<unittitle>Interviews with Sheila Bloom (continue); Kenneth MacMillian [13 of 15]</unittitle>
							<unitdate type="inclusive" normal="1985">1985</unitdate>
							<unitid type="local_mss">3189114</unitid>
							<unitid type="local_mss_av">762723</unitid>
						</did>
					</c03>
					<c03 level="file">
						<did>
							<unittitle>Interview 1984 June 5 [2 of 15]</unittitle>
							<unitdate type="inclusive" normal="1984">1984</unitdate>
							<unitid type="local_mss">3189115</unitid>
							<unitid type="local_mss_av">762712</unitid>
						</did>
					</c03>
					<c03 level="file">
						<did>
							<unittitle>Interview 1984 August 13; 1984 December 7 [3 of 15]</unittitle>
							<unitdate type="inclusive" normal="1984">1984</unitdate>
							<unitid type="local_mss">3189116</unitid>
							<unitid type="local_mss_av">762713</unitid>
						</did>
					</c03>
					<c03 level="file">
						<did>
							<unittitle>Interview 1984 December 7; 1985 February 28 [4 of 15]</unittitle>
							<unitdate type="inclusive" normal="1984/1985">1984-1985</unitdate>
							<unitid type="local_mss">3189117</unitid>
							<unitid type="local_mss_av">762714</unitid>
						</did>
					</c03>
					<c03 level="file">
						<did>
							<unittitle>Interview 1985 February 28; March 7 [5 of 15]</unittitle>
							<unitdate type="inclusive" normal="1985">1985</unitdate>
							<unitid type="local_mss">3189118</unitid>
							<unitid type="local_mss_av">762715</unitid>
						</did>
					</c03>
					<c03 level="file">
						<did>
							<unittitle>Interview 1985 March 9; April 26 [6 of 15]</unittitle>
							<unitdate type="inclusive" normal="1985">1985</unitdate>
							<unitid type="local_mss">3189119</unitid>
							<unitid type="local_mss_av">762716</unitid>
						</did>
					</c03>
					<c03 level="file">
						<did>
							<unittitle>Interview 1985 April 26; June 28; June 8; July 19 [7 of 15]</unittitle>
							<unitdate type="inclusive" normal="1985">1985</unitdate>
							<unitid type="local_mss">3189120</unitid>
							<unitid type="local_mss_av">762717</unitid>
						</did>
					</c03>
					<c03 level="file">
						<did>
							<unittitle>Interview 1985 August 1 [8 of 15]</unittitle>
							<unitdate type="inclusive" normal="1985">1985</unitdate>
							<unitid type="local_mss">3189121</unitid>
							<unitid type="local_mss_av">762718</unitid>
						</did>
					</c03>
					<c03 level="file">
						<did>
							<unittitle>Interview 1985 August 1; August 8 [9 of 15]</unittitle>
							<unitdate type="inclusive" normal="1985">1985</unitdate>
							<unitid type="local_mss">3189122</unitid>
							<unitid type="local_mss_av">762719</unitid>
						</did>
					</c03>
				</c02>
				<c02 level="file">
					<did>
						<unittitle>Grace Under Pressure: Passing Dance Through Time</unittitle>
						<unitid type="local_mss">3188987</unitid>
					</did>
					<c03 level="file">
						<did>
							<unittitle>Interview with David Bintley</unittitle>
							<unitdate type="inclusive" normal="2001-09-22">2001 September 22</unitdate>
							<unitid type="local_mss">3188988</unitid>
							<unitid type="local_mss_av">762724</unitid>
						</did>
					</c03>
					<c03 level="file">
						<did>
							<unittitle>Interview with Marc du Bouays</unittitle>
							<unitdate type="inclusive" normal="2001-10-30">2001 October 30</unitdate>
							<unitid type="local_mss">3188989</unitid>
							<unitid type="local_mss_av">762728</unitid>
						</did>
					</c03>
					<c03 level="file">
						<did>
							<unittitle>Interview with Sorella Englund</unittitle>
							<unitdate type="inclusive" normal="1987-02-28">1987 February 28</unitdate>
							<unitid type="local_mss">3188990</unitid>
							<unitid type="local_mss_av">762729</unitid>
						</did>
					</c03>
					<c03 level="file">
						<did>
							<unittitle>Interview with Irina Kolpakova</unittitle>
							<unitdate type="inclusive" normal="1999-06-05">1999 June 5</unitdate>
							<unitid type="local_mss">3188991</unitid>
							<unitid type="local_mss_av">762737</unitid>
							<note>
								<p>Translator Julia Kocich</p>
							</note>
						</did>
					</c03>
					<c03 level="file">
						<did>
							<unittitle>Interview with Margaret Mercier</unittitle>
							<unitdate type="inclusive" normal="1996-01-18">1996 January 18</unitdate>
							<unitid type="local_mss">3188992</unitid>
							<unitid type="local_mss_av">762738</unitid>
						</did>
					</c03>
					<c03 level="file">
						<did>
							<unittitle>Interview with Mark Morris</unittitle>
							<unitdate type="inclusive" normal="1996-08-15">1996 August 15</unitdate>
							<unitid type="local_mss">3188993</unitid>
							<unitid type="local_mss_av">762739</unitid>
						</did>
					</c03>
					<c03 level="file">
						<did>
							<unittitle>Interview with Francis Russell</unittitle>
							<unitdate type="inclusive" normal="1998-08-21">1998 August 21</unitdate>
							<unitid type="local_mss">3188994</unitid>
							<unitid type="local_mss_av">762740</unitid>
						</did>
					</c03>
					<c03 level="file">
						<did>
							<unittitle>Interview with Helga Tomasson</unittitle>
							<unitdate type="inclusive" normal="2001-08-17">2001 August 17</unitdate>
							<unitid type="local_mss">3188995</unitid>
							<unitid type="local_mss_av">762745</unitid>
						</did>
					</c03>
					<c03 level="file">
						<did>
							<unittitle>Interview with Anne Marie Vessel</unittitle>
							<unitdate type="inclusive" normal="1995-09-27">1995 September 27</unitdate>
							<unitid type="local_mss">3188996</unitid>
							<unitid type="local_mss_av">762748</unitid>
						</did>
					</c03>
					<c03 level="file">
						<did>
							<unittitle>Interview with Robert Denvers [1]</unittitle>
							<unitdate type="inclusive" normal="2001-11-15">2001 November 15</unitdate>
							<unitid type="local_mss">3188997</unitid>
							<unitid type="local_mss_av">762725</unitid>
						</did>
					</c03>
					<c03 level="file">
						<did>
							<unittitle>Interview with Yuri Fateyev [1]</unittitle>
							<unitdate type="inclusive" normal="2001-07-05">2001 July 5</unitdate>
							<unitid type="local_mss">3188998</unitid>
							<unitid type="local_mss_av">762730</unitid>
						</did>
					</c03>
					<c03 level="file">
						<did>
							<unittitle>Frohlich, Jean-Pierre [1]</unittitle>
							<unitdate type="inclusive" normal="1999-06-03">1999 June 3</unitdate>
							<unitid type="local_mss">3188999</unitid>
							<unitid type="local_mss_av">762732</unitid>
						</did>
					</c03>
					<c03 level="file">
						<did>
							<unittitle>Interview with Maina Gielgud [1]</unittitle>
							<unitdate type="inclusive" normal="1995-01-14">1995 January 14</unitdate>
							<unitid type="local_mss">3189000</unitid>
							<unitid type="local_mss_av">762734</unitid>
						</did>
					</c03>
					<c03 level="file">
						<did>
							<unittitle>Interview with Suki Schorer [1]</unittitle>
							<unitdate type="inclusive" normal="1995-06-21">1995 June 21</unitdate>
							<unitid type="local_mss">3189001</unitid>
							<unitid type="local_mss_av">762741</unitid>
						</did>
					</c03>
					<c03 level="file">
						<did>
							<unittitle>Interview with Richard Thomas [1]</unittitle>
							<unitdate type="inclusive" normal="1997-03-21">1997 March 21</unitdate>
							<unitid type="local_mss">3189002</unitid>
							<unitid type="local_mss_av">762743</unitid>
						</did>
					</c03>
					<c03 level="file">
						<did>
							<unittitle>Interview with Violette Verdy [1]</unittitle>
							<unitdate type="inclusive" normal="1995-08-22/1995-08-22">1995 Aug. 22</unitdate>
							<unitdate type="inclusive">23</unitdate>
							<unitid type="local_mss">3189003</unitid>
							<unitid type="local_mss_av">762746</unitid>
						</did>
					</c03>
					<c03 level="file">
						<did>
							<unittitle>Interview with Katie Wade [1]</unittitle>
							<unitdate type="inclusive" normal="2000-12-19">2000 December 19</unitdate>
							<unitid type="local_mss">3189004</unitid>
							<unitid type="local_mss_av">762749</unitid>
						</did>
					</c03>
					<c03 level="file">
						<did>
							<unittitle>Interview with Shelley Washington [1]</unittitle>
							<unitdate type="inclusive" normal="1999-04-30">1999 April 30</unitdate>
							<unitid type="local_mss">3189005</unitid>
							<unitid type="local_mss_av">762752</unitid>
						</did>
					</c03>
					<c03 level="file">
						<did>
							<unittitle>Interview with Robert Denvers [2]</unittitle>
							<unitdate type="inclusive" normal="2001-11-15">2001 November 15</unitdate>
							<unitid type="local_mss">3189006</unitid>
							<unitid type="local_mss_av">762726</unitid>
						</did>
					</c03>
					<c03 level="file">
						<did>
							<unittitle>Interview with Yuri Fateyev [2]</unittitle>
							<unitdate type="inclusive" normal="2001-07-05">2001 July 5</unitdate>
							<unitid type="local_mss">3189007</unitid>
							<unitid type="local_mss_av">762731</unitid>
						</did>
					</c03>
					<c03 level="file">
						<did>
							<unittitle>Frohlich, Jean-Pierre [2]</unittitle>
							<unitdate type="inclusive" normal="2000-11-15">2000 November 15</unitdate>
							<unitid type="local_mss">3189008</unitid>
							<unitid type="local_mss_av">762733</unitid>
						</did>
					</c03>
					<c03 level="file">
						<did>
							<unittitle>Interview with Maina Gielgud [2]</unittitle>
							<unitdate type="inclusive" normal="2001-04-05">2001 April 5</unitdate>
							<unitid type="local_mss">3189009</unitid>
							<unitid type="local_mss_av">762735</unitid>
						</did>
					</c03>
					<c03 level="file">
						<did>
							<unittitle>Interview with Suki Schorer [2]</unittitle>
							<unitdate type="inclusive" normal="1999-06-02">1999 June 2</unitdate>
							<unitid type="local_mss">3189010</unitid>
							<unitid type="local_mss_av">762742</unitid>
						</did>
					</c03>
					<c03 level="file">
						<did>
							<unittitle>Interview with Richard Thomas [2]</unittitle>
							<unitdate type="inclusive" normal="1997-03-21">1997 March 21</unitdate>
							<unitid type="local_mss">3189011</unitid>
							<unitid type="local_mss_av">762744</unitid>
						</did>
					</c03>
					<c03 level="file">
						<did>
							<unittitle>Interview with Violette Verdy [2]</unittitle>
							<unitdate type="inclusive" normal="1995-09-01">1995 September 1</unitdate>
							<unitid type="local_mss">3189012</unitid>
							<unitid type="local_mss_av">762747</unitid>
						</did>
					</c03>
					<c03 level="file">
						<did>
							<unittitle>Interview with Katie Wade [2]</unittitle>
							<unitdate type="inclusive" normal="2001-02-06">2001 February 6</unitdate>
							<unitid type="local_mss">3189013</unitid>
							<unitid type="local_mss_av">762750</unitid>
						</did>
					</c03>
					<c03 level="file">
						<did>
							<unittitle>Interview with Shelley Washington [2]</unittitle>
							<unitdate type="inclusive" normal="1999-08-06">1999 August 6</unitdate>
							<unitid type="local_mss">3189014</unitid>
							<unitid type="local_mss_av">762753</unitid>
						</did>
					</c03>
					<c03 level="file">
						<did>
							<unittitle>Interview with Robert Denvers [3]</unittitle>
							<unitdate type="inclusive" normal="2001">2001</unitdate>
							<unitid type="local_mss">3189015</unitid>
							<unitid type="local_mss_av">762727</unitid>
						</did>
					</c03>
					<c03 level="file">
						<did>
							<unittitle>Interview with Maina Gielgud [3]</unittitle>
							<unitdate type="inclusive" normal="2001-04-05">2001 April 5</unitdate>
							<unitid type="local_mss">3189016</unitid>
							<unitid type="local_mss_av">762736</unitid>
						</did>
					</c03>
					<c03 level="file">
						<did>
							<unittitle>Interview with Katie Wade [3]</unittitle>
							<unitdate type="inclusive" normal="2001-02-06">2001 Feb. 6</unitdate>
							<unitdate type="inclusive" normal="2002-05-08">2002 May 8</unitdate>
							<unitid type="local_mss">3189017</unitid>
							<unitid type="local_mss_av">762751</unitid>
						</did>
					</c03>
				</c02>
				<c02 level="file">
					<did>
						<unittitle>Never Far From Dancing (Volume 2 of Striking a Balance)</unittitle>
						<unitid type="local_mss">3189018</unitid>
					</did>
					<c03 level="file">
						<did>
							<unittitle>Interviews with Alicia Alonso; Merrill Ashley and Donald Macleary</unittitle>
							<unitdate type="inclusive" normal="1980">1980</unitdate>
							<unitid type="local_mss">3189019</unitid>
							<unitid type="local_mss_av">762807</unitid>
						</did>
					</c03>
					<c03 level="file">
						<did>
							<unittitle>Interviews with Nina Ananiashvili, Lynn Seymour</unittitle>
							<unitdate type="inclusive" normal="2008">2008</unitdate>
							<unitid type="local_mss">3189020</unitid>
							<unitid type="local_mss_av">762808</unitid>
						</did>
					</c03>
					<c03 level="file">
						<did>
							<unittitle>Interview with Jean-Pierre Bonnefoux</unittitle>
							<unitdate type="inclusive" normal="2009-04-17">2009 April 17</unitdate>
							<unitid type="local_mss">3189021</unitid>
							<unitid type="local_mss_av">762809</unitid>
						</did>
					</c03>
					<c03 level="file">
						<did>
							<unittitle>Interview with Beryl Grey, Antoinette Sibley</unittitle>
							<unitdate type="inclusive" normal="2009">2009</unitdate>
							<unitid type="local_mss">3189022</unitid>
							<unitid type="local_mss_av">762810</unitid>
						</did>
					</c03>
					<c03 level="file">
						<did>
							<unittitle>Interview with Monica Mason</unittitle>
							<unitdate type="inclusive" normal="2008-11-03">2008 November 3</unitdate>
							<unitdate type="inclusive" normal="2008-11-07">November 7 2008</unitdate>
							<unitid type="local_mss">3189023</unitid>
							<unitid type="local_mss_av">762811</unitid>
						</did>
					</c03>
					<c03 level="file">
						<did>
							<unittitle>Interviews with Desmond Kelly, David Wall</unittitle>
							<unitdate type="inclusive" normal="2008">2008</unitdate>
							<unitid type="local_mss">3189024</unitid>
							<unitid type="local_mss_av">762812</unitid>
						</did>
					</c03>
				</c02>
				<c02 level="file">
					<did>
						<unittitle>Speaking of Dance</unittitle>
						<unitid type="local_mss">3189025</unitid>
					</did>
					<c03 level="file">
						<did>
							<unittitle>Interviews with Lea Anderson (Sept. 3, 2004), Richard Alston (Aug. 29, 2008), Loipa Araujo (Nov. 30,
								2010)</unittitle>
							<unitdate type="inclusive" normal="2004/2010">2004-2010</unitdate>
							<unitid type="local_mss">3189026</unitid>
							<unitid type="local_mss_av">762816</unitid>
						</did>
					</c03>
					<c03 level="file">
						<did>
							<unittitle>Interviews with Lea Anderson (Sept. 24, 1987), Asya Chorley (Oct. 23, 1987)</unittitle>
							<unitdate type="inclusive" normal="1987">1987</unitdate>
							<unitid type="local_mss">3189027</unitid>
							<unitid type="local_mss_av">762817</unitid>
						</did>
					</c03>
					<c03 level="file">
						<did>
							<unittitle>Interview with Gordon Anthony</unittitle>
							<unitdate type="inclusive" normal="1988-05-26">1988 May 26</unitdate>
							<unitid type="local_mss">3189028</unitid>
							<unitid type="local_mss_av">762818</unitid>
						</did>
					</c03>
					<c03 level="file">
						<did>
							<unittitle>Interview with Merrill Ashley</unittitle>
							<unitdate type="inclusive" normal="1987-04-21">1987 April 21</unitdate>
							<unitid type="local_mss">3189029</unitid>
							<unitid type="local_mss_av">762819</unitid>
						</did>
					</c03>
					<c03 level="file">
						<did>
							<unittitle>Interviews with Bob Berky (Jan. 24, 1989), John Ashford (Feb. 20, 1989)</unittitle>
							<unitdate type="inclusive" normal="1989">1989</unitdate>
							<unitid type="local_mss">3189030</unitid>
							<unitid type="local_mss_av">762820</unitid>
						</did>
					</c03>
					<c03 level="file">
						<did>
							<unittitle>Interview with Elie Chaib</unittitle>
							<unitdate type="inclusive" normal="1989-08-04">1989 August 4</unitdate>
							<unitid type="local_mss">3189031</unitid>
							<unitid type="local_mss_av">762821</unitid>
						</did>
					</c03>
					<c03 level="file">
						<did>
							<unittitle>Interview with Lt. Colonel Sir Vivian Dunn</unittitle>
							<unitdate type="inclusive" normal="1988-04-26">1988 April 26</unitdate>
							<unitid type="local_mss">3189032</unitid>
							<unitid type="local_mss_av">762822</unitid>
						</did>
					</c03>
					<c03 level="file">
						<did>
							<unittitle>Interview with Lt. Colonel Edward Armitstead (April 18, 1985), David Gayle (May 8, 1985)</unittitle>
							<unitdate type="inclusive" normal="1985">1985</unitdate>
							<unitid type="local_mss">3189033</unitid>
							<unitid type="local_mss_av">762823</unitid>
						</did>
					</c03>
					<c03 level="file">
						<did>
							<unittitle>Interviews with Tim Flavin (Nov. 28, 1985), John Bloom (Dec. 23, 1985)</unittitle>
							<unitdate type="inclusive" normal="1985">1985</unitdate>
							<unitid type="local_mss">3189034</unitid>
							<unitid type="local_mss_av">762824</unitid>
						</did>
					</c03>
					<c03 level="file">
						<did>
							<unittitle>Interviews with David Gayle (Aug. 5, 1988), Val Bourne (1988)</unittitle>
							<unitdate type="inclusive" normal="1988">1988</unitdate>
							<unitid type="local_mss">3189035</unitid>
							<unitid type="local_mss_av">762825</unitid>
						</did>
					</c03>
					<c03 level="file">
						<did>
							<unittitle>Interviews with Alexander Schouvaloff (Feb 2, 1987), Gavin Henderson (Mar 17, 1987)</unittitle>
							<unitdate type="inclusive" normal="1987">1987</unitdate>
							<unitid type="local_mss">3189036</unitid>
							<unitid type="local_mss_av">762826</unitid>
						</did>
					</c03>
					<c03 level="file">
						<did>
							<unittitle>Interviews with Allegra Kent (Mar. 8, 1988) Joe Layton (Apr. 21, 1988)</unittitle>
							<unitdate type="inclusive" normal="1988">1988</unitdate>
							<unitid type="local_mss">3189037</unitid>
							<unitid type="local_mss_av">762827</unitid>
						</did>
					</c03>
					<c03 level="file">
						<did>
							<unittitle>Interviews with Michael Kustow (Mar. 21, 1989), Larisa Skylanskaya (Apr. 28, 1989)</unittitle>
							<unitdate type="inclusive" normal="1989">1989</unitdate>
							<unitid type="local_mss">3189038</unitid>
							<unitid type="local_mss_av">762828</unitid>
						</did>
					</c03>
					<c03 level="file">
						<did>
							<unittitle>Interview with Egon Madsen</unittitle>
							<unitdate type="inclusive" normal="1989-06-17">1989 June 17</unitdate>
							<unitid type="local_mss">3189039</unitid>
							<unitid type="local_mss_av">762829</unitid>
							<note>
								<p>Not published</p>
							</note>
						</did>
					</c03>
					<c03 level="file">
						<did>
							<unittitle>Interviews with Arthur Mitchell (April 9, 1986), Siobhan Stanley (June 27, 1986), Richard Alston (Oct
								15, 1986)</unittitle>
							<unitdate type="inclusive" normal="1986">1986</unitdate>
							<unitid type="local_mss">3189040</unitid>
							<unitid type="local_mss_av">762830</unitid>
						</did>
					</c03>
					<c03 level="file">
						<did>
							<unittitle>Interview with Olga Morosova</unittitle>
							<unitdate type="inclusive" normal="1988-04">1988 April</unitdate>
							<unitid type="local_mss">3189041</unitid>
							<unitid type="local_mss_av">762831</unitid>
						</did>
					</c03>
					<c03 level="file">
						<did>
							<unittitle>Interview with Olga Morosova</unittitle>
							<unitdate type="inclusive" normal="1988-04">1988 April</unitdate>
							<unitid type="local_mss">3189042</unitid>
							<unitid type="local_mss_av">762832</unitid>
						</did>
					</c03>
					<c03 level="file">
						<did>
							<unittitle>Interview with Knud Arne Jurgensen</unittitle>
							<unitdate type="inclusive" normal="1989-10-12">1989 Oct 12</unitdate>
							<unitid type="local_mss">3189043</unitid>
							<unitid type="local_mss_av">762833</unitid>
						</did>
					</c03>
					<c03 level="file">
						<did>
							<unittitle>Interview with Steve Paxton</unittitle>
							<unitdate type="inclusive" normal="1986-09-17">1986 September 17</unitdate>
							<unitid type="local_mss">3189044</unitid>
							<unitid type="local_mss_av">762834</unitid>
						</did>
					</c03>
					<c03 level="file">
						<did>
							<unittitle>Interview with Geoff Dunlop</unittitle>
							<unitdate type="inclusive" normal="1985-03-11">1985 March 11</unitdate>
							<unitid type="local_mss">3189045</unitid>
							<unitid type="local_mss_av">762835</unitid>
							<note>
								<p>Tape also holds Aline Phillips interview (Feb. 21, 1985) for book Antoinette Sibley)</p>
							</note>
						</did>
					</c03>
					<c03 level="file">
						<did>
							<unittitle>Interviews with Philip Prowse (Oct. 17, 1984), Gennady Rozhdestvensky (Dec. 18, 1984), Dan Wagoner
								(Jan. 22, 1985)</unittitle>
							<unitdate type="inclusive" normal="1984">1984</unitdate>
							<unitdate type="inclusive" normal="1985">1985</unitdate>
							<unitid type="local_mss">3189046</unitid>
							<unitid type="local_mss_av">762836</unitid>
						</did>
					</c03>
					<c03 level="file">
						<did>
							<unittitle>Interviews with Scott Salmon (Mar. 25, 1986), Arthur Mitchell (April 9, 1986)</unittitle>
							<unitdate type="inclusive" normal="1986">1986</unitdate>
							<unitid type="local_mss">3189047</unitid>
							<unitid type="local_mss_av">762837</unitid>
						</did>
					</c03>
					<c03 level="file">
						<did>
							<unittitle>Interview with Bruce Sansom</unittitle>
							<unitdate type="inclusive" normal="2000-12-30">2000 December 30</unitdate>
							<unitid type="local_mss">3189048</unitid>
							<unitid type="local_mss_av">762838</unitid>
						</did>
					</c03>
					<c03 level="file">
						<did>
							<unittitle>Interviews with Sally Streets Nichols (June 29, 1985), Valda Setterfield (Set. 18, 1985)</unittitle>
							<unitdate type="inclusive" normal="1985">1985</unitdate>
							<unitid type="local_mss">3189049</unitid>
							<unitid type="local_mss_av">762839</unitid>
						</did>
					</c03>
					<c03 level="file">
						<did>
							<unittitle>Interview with Gailene Stock</unittitle>
							<unitid type="local_mss">3189050</unitid>
							<unitid type="local_mss_av">762840</unitid>
						</did>
					</c03>
					<c03 level="file">
						<did>
							<unittitle>Interview with Natch Taylor</unittitle>
							<unitdate type="inclusive" normal="1988-10-30">1988 October 30</unitdate>
							<unitid type="local_mss">3189051</unitid>
							<unitid type="local_mss_av">762841</unitid>
						</did>
					</c03>
					<c03 level="file">
						<did>
							<unittitle>Interviews with Yolanda Sonnabend ; Mr. Wang (Oct 28, 1986)</unittitle>
							<unitdate type="inclusive" normal="1986">1986</unitdate>
							<unitdate type="inclusive" normal="1987">1987</unitdate>
							<unitid type="local_mss">3189052</unitid>
							<unitid type="local_mss_av">762842</unitid>
						</did>
					</c03>
					<c03 level="file">
						<did>
							<unittitle>Interviews wih Peter Wright Jan. 21, 1986), David Leonard (Feb. 19, 1986)</unittitle>
							<unitdate type="inclusive" normal="1986">1986</unitdate>
							<unitid type="local_mss">3189053</unitid>
							<unitid type="local_mss_av">762843</unitid>
						</did>
					</c03>
					<c03 level="file">
						<did>
							<unittitle>Interviews with Meryl Tankard (July 4, 1986), Vicky Simon (July 16, 1986)</unittitle>
							<unitdate type="inclusive" normal="1986">1986</unitdate>
							<unitid type="local_mss">3189054</unitid>
							<unitid type="local_mss_av">762844</unitid>
						</did>
					</c03>
				</c02>
				<c02 level="file">
					<did>
						<unittitle>Striking a Balance, Dancers Talk About Dancing. 1st edition</unittitle>
						<unitid type="local_mss">3189055</unitid>
					</did>
					<c03 level="file">
						<did>
							<unittitle>Interview with Alicia Alonso</unittitle>
							<unitdate type="inclusive" normal="1979-07-19">1979 July 19</unitdate>
							<unitid type="local_mss">3189056</unitid>
							<unitid type="local_mss_av">762754</unitid>
						</did>
					</c03>
					<c03 level="file">
						<did>
							<unittitle>Interview with Merrill Ashley</unittitle>
							<unitdate type="inclusive" normal="1980-06-14">1980 June 14</unitdate>
							<unitid type="local_mss">3189057</unitid>
							<unitid type="local_mss_av">762755</unitid>
						</did>
					</c03>
					<c03 level="file">
						<did>
							<unittitle>Interview with Lew Christensen</unittitle>
							<unitdate type="inclusive" normal="1979-05-21">1979 May 21</unitdate>
							<unitid type="local_mss">3189058</unitid>
							<unitid type="local_mss_av">762758</unitid>
						</did>
					</c03>
					<c03 level="file">
						<did>
							<unittitle>Interview with Christopher Gable</unittitle>
							<unitdate type="inclusive" normal="1979-07-31">1979 July 31</unitdate>
							<unitid type="local_mss">3189059</unitid>
							<unitid type="local_mss_av">762759</unitid>
							<note>
								<p>Part of Gable's interview on Desmond Kelly tape</p>
							</note>
						</did>
					</c03>
					<c03 level="file">
						<did>
							<unittitle>Interview with Donald Macleary</unittitle>
							<unitdate type="inclusive" normal="1979-05-17">1979 May 17</unitdate>
							<unitid type="local_mss">3189060</unitid>
							<unitid type="local_mss_av">762771</unitid>
						</did>
					</c03>
					<c03 level="file">
						<did>
							<unittitle>Interview with Bruce Marks</unittitle>
							<unitdate type="inclusive" normal="1979-04-21">1979 April 21</unitdate>
							<unitid type="local_mss">3189061</unitid>
							<unitid type="local_mss_av">762772</unitid>
						</did>
					</c03>
					<c03 level="file">
						<did>
							<unittitle>Interview with Bruce Marks</unittitle>
							<unitdate type="inclusive" normal="1979-04-21">1979 Apr 21</unitdate>
							<unitdate type="inclusive" normal="1980-01-29">1980 Jan 29</unitdate>
							<unitid type="local_mss">3189062</unitid>
							<unitid type="local_mss_av">762773</unitid>
						</did>
					</c03>
					<c03 level="file">
						<did>
							<unittitle>Interview with Monica Mason</unittitle>
							<unitdate type="inclusive" normal="1979-07-01">1979 July 1</unitdate>
							<unitid type="local_mss">3189063</unitid>
							<unitid type="local_mss_av">762776</unitid>
						</did>
					</c03>
					<c03 level="file">
						<did>
							<unittitle>Interview with Nadia Nerina</unittitle>
							<unitdate type="inclusive" normal="1979-10-16">1979 October 16</unitdate>
							<unitid type="local_mss">3189064</unitid>
							<unitid type="local_mss_av">762777</unitid>
						</did>
					</c03>
					<c03 level="file">
						<did>
							<unittitle>Interview with Anatole Vitzak</unittitle>
							<unitdate type="inclusive" normal="1979-05-23">1979 May 23</unitdate>
							<unitid type="local_mss">3189065</unitid>
							<unitid type="local_mss_av">762784</unitid>
						</did>
					</c03>
					<c03 level="file">
						<did>
							<unittitle>Interview with Carla Fracci</unittitle>
							<unitdate type="inclusive" normal="1979-10-17">1979 October 17</unitdate>
							<unitid type="local_mss">3189066</unitid>
							<unitid type="local_mss_av">762789</unitid>
							<note>
								<p>Not published</p>
							</note>
						</did>
					</c03>
					<c03 level="file">
						<did>
							<unittitle>Interview with Marcia Haydee</unittitle>
							<unitdate type="inclusive" normal="1979-07-04">1979 July 4</unitdate>
							<unitid type="local_mss">3189067</unitid>
							<unitid type="local_mss_av">762790</unitid>
							<note>
								<p>Not published</p>
							</note>
						</did>
					</c03>
					<c03 level="file">
						<did>
							<unittitle>Interview with Stephen Jeffries</unittitle>
							<unitdate type="inclusive" normal="1979-06-30">1979 June 30</unitdate>
							<unitid type="local_mss">3189068</unitid>
							<unitid type="local_mss_av">762791</unitid>
							<note>
								<p>Not published</p>
							</note>
						</did>
					</c03>
					<c03 level="file">
						<did>
							<unittitle>Interview with Egon Madson</unittitle>
							<unitdate type="inclusive" normal="1979-07-03">1979 July 3</unitdate>
							<unitid type="local_mss">3189069</unitid>
							<unitid type="local_mss_av">762794</unitid>
							<note>
								<p>Not published</p>
							</note>
						</did>
					</c03>
					<c03 level="file">
						<did>
							<unittitle>Interview with Merle Park</unittitle>
							<unitdate type="inclusive" normal="1979">1979</unitdate>
							<unitid type="local_mss">3189070</unitid>
							<unitid type="local_mss_av">762795</unitid>
							<note>
								<p>Not published</p>
							</note>
						</did>
					</c03>
					<c03 level="file">
						<did>
							<unittitle>Interview with Peter Schaufuss</unittitle>
							<unitdate type="inclusive" normal="1979-06-27">1979 June 27</unitdate>
							<unitid type="local_mss">3189071</unitid>
							<unitid type="local_mss_av">762796</unitid>
							<note>
								<p>Not published</p>
							</note>
						</did>
					</c03>
					<c03 level="file">
						<did>
							<unittitle>Interview with Pat Wilde</unittitle>
							<unitdate type="inclusive" normal="1979-06-05">1979 June 5</unitdate>
							<unitid type="local_mss">3189072</unitid>
							<unitid type="local_mss_av">762799</unitid>
							<note>
								<p>Not published</p>
							</note>
						</did>
					</c03>
					<c03 level="file">
						<did>
							<unittitle>Interview with Merle Park</unittitle>
							<unitdate type="inclusive" normal="1979">1979</unitdate>
							<unitid type="local_mss">3189073</unitid>
							<unitid type="local_mss_av">762813</unitid>
							<note>
								<p>Not published see: 762795</p>
							</note>
						</did>
					</c03>
					<c03 level="file">
						<did>
							<unittitle>Interview with Jean-Pierre Bonnefous [1]</unittitle>
							<unitdate type="inclusive" normal="1979-06-05/1979-06-05">1979 June 5</unitdate>
							<unitdate type="inclusive">December 18</unitdate>
							<unitid type="local_mss">3189074</unitid>
							<unitid type="local_mss_av">762756</unitid>
						</did>
					</c03>
					<c03 level="file">
						<did>
							<unittitle>Interview with Alexander Grant [1]</unittitle>
							<unitdate type="inclusive" normal="1979-07-09">1979 July 9</unitdate>
							<unitid type="local_mss">3189075</unitid>
							<unitid type="local_mss_av">762760</unitid>
						</did>
					</c03>
					<c03 level="file">
						<did>
							<unittitle>Interview with Beryl Grey [1]</unittitle>
							<unitdate type="inclusive" normal="1979-07-24">1979 July 24</unitdate>
							<unitid type="local_mss">3189076</unitid>
							<unitid type="local_mss_av">762762</unitid>
						</did>
					</c03>
					<c03 level="file">
						<did>
							<unittitle>Interview with Desmond Kelly [1]</unittitle>
							<unitdate type="inclusive" normal="1979-07-28">1979 July 28</unitdate>
							<unitid type="local_mss">3189077</unitid>
							<unitid type="local_mss_av">762764</unitid>
						</did>
					</c03>
					<c03 level="file">
						<did>
							<unittitle>Interview with Toni Lander [1]</unittitle>
							<unitdate type="inclusive" normal="1979-06-28">1979 June 28</unitdate>
							<unitid type="local_mss">3189078</unitid>
							<unitid type="local_mss_av">762766</unitid>
						</did>
					</c03>
					<c03 level="file">
						<did>
							<unittitle>Interview with Tanaquil LeClercq [1]</unittitle>
							<unitdate type="inclusive" normal="1979-02-27">1979 February 27</unitdate>
							<unitid type="local_mss">3189079</unitid>
							<unitid type="local_mss_av">762769</unitid>
						</did>
					</c03>
					<c03 level="file">
						<did>
							<unittitle>Interview with Peter Martins [1]</unittitle>
							<unitdate type="inclusive" normal="1980-07-07">1980 July 7</unitdate>
							<unitid type="local_mss">3189080</unitid>
							<unitid type="local_mss_av">762774</unitid>
						</did>
					</c03>
					<c03 level="file">
						<did>
							<unittitle>Interview with Lynn Seymour [1]</unittitle>
							<unitdate type="inclusive" normal="1979-10-05">1979 October 5</unitdate>
							<unitid type="local_mss">3189081</unitid>
							<unitid type="local_mss_av">762778</unitid>
							<note>
								<p>continues on Antoinette Sibley tape</p>
							</note>
						</did>
					</c03>
					<c03 level="file">
						<did>
							<unittitle>Interview with Moira Shearer [1]</unittitle>
							<unitdate type="inclusive" normal="1979-10-12">1979 October 12</unitdate>
							<unitid type="local_mss">3189082</unitid>
							<unitid type="local_mss_av">762780</unitid>
						</did>
					</c03>
					<c03 level="file">
						<did>
							<unittitle>Interview with Antoinette Sibley [1]</unittitle>
							<unitdate type="inclusive" normal="1979-10-15">1979 October 15</unitdate>
							<unitid type="local_mss">3189083</unitid>
							<unitid type="local_mss_av">762782</unitid>
						</did>
					</c03>
					<c03 level="file">
						<did>
							<unittitle>Interview with Igor Youskevitch [1]</unittitle>
							<unitdate type="inclusive" normal="1979-01-03">1979 January 3</unitdate>
							<unitid type="local_mss">3189084</unitid>
							<unitid type="local_mss_av">762787</unitid>
						</did>
					</c03>
					<c03 level="file">
						<did>
							<unittitle>Interview with Stephen Jeffries [1]</unittitle>
							<unitdate type="inclusive" normal="1979-06-30">1979 June 30</unitdate>
							<unitid type="local_mss">3189085</unitid>
							<unitid type="local_mss_av">762792</unitid>
							<note>
								<p>Not published</p>
							</note>
						</did>
					</c03>
					<c03 level="file">
						<did>
							<unittitle>Interview with Helgi Tomasson [1]</unittitle>
							<unitdate type="inclusive" normal="1979-12-14">1979 December 14</unitdate>
							<unitid type="local_mss">3189086</unitid>
							<unitid type="local_mss_av">762797</unitid>
							<note>
								<p>Not published</p>
							</note>
						</did>
					</c03>
					<c03 level="file">
						<did>
							<unittitle>Interview with Jean-Pierre Bonnefous [2]</unittitle>
							<unitdate type="inclusive" normal="1979-12-18">1979 December 18</unitdate>
							<unitid type="local_mss">3189087</unitid>
							<unitid type="local_mss_av">762757</unitid>
						</did>
					</c03>
					<c03 level="file">
						<did>
							<unittitle>Interview with Alexander Grant [2]</unittitle>
							<unitdate type="inclusive" normal="1979-07-09">1979 July 9</unitdate>
							<unitid type="local_mss">3189088</unitid>
							<unitid type="local_mss_av">762761</unitid>
						</did>
					</c03>
					<c03 level="file">
						<did>
							<unittitle>Interview with Beryl Grey [2]</unittitle>
							<unitdate type="inclusive" normal="1979-07-24">1979 July 24</unitdate>
							<unitid type="local_mss">3189089</unitid>
							<unitid type="local_mss_av">762763</unitid>
							<note>
								<p>Interview with Deanne Bergsma on tape 2</p>
							</note>
						</did>
					</c03>
					<c03 level="file">
						<did>
							<unittitle>Interview with Desmond Kelly [2]</unittitle>
							<unitdate type="inclusive" normal="1979-07-28">1979 July 28</unitdate>
							<unitid type="local_mss">3189090</unitid>
							<unitid type="local_mss_av">762765</unitid>
							<note>
								<p>Interview with Christopher Gable on tape</p>
							</note>
						</did>
					</c03>
					<c03 level="file">
						<did>
							<unittitle>Interview with Toni Lander [2]</unittitle>
							<unitdate type="inclusive" normal="1979-08-18">1979 August 18</unitdate>
							<unitid type="local_mss">3189091</unitid>
							<unitid type="local_mss_av">762767</unitid>
						</did>
					</c03>
					<c03 level="file">
						<did>
							<unittitle>Interview with Tanaquil LeClercq [2]</unittitle>
							<unitdate type="inclusive" normal="1979-02-27">1979 February 27</unitdate>
							<unitid type="local_mss">3189092</unitid>
							<unitid type="local_mss_av">762770</unitid>
							<note>
								<p>Yurek Lazowsky on tape</p>
							</note>
						</did>
					</c03>
					<c03 level="file">
						<did>
							<unittitle>Interview with Peter Martins [2]</unittitle>
							<unitdate type="inclusive" normal="1980-07-07">1980 July 7</unitdate>
							<unitid type="local_mss">3189093</unitid>
							<unitid type="local_mss_av">762775</unitid>
						</did>
					</c03>
					<c03 level="file">
						<did>
							<unittitle>Interview with Lynn Seymour [2]</unittitle>
							<unitdate type="inclusive" normal="1979-10-08">1979 October 8</unitdate>
							<unitid type="local_mss">3189094</unitid>
							<unitid type="local_mss_av">762779</unitid>
						</did>
					</c03>
					<c03 level="file">
						<did>
							<unittitle>Interview with Moira Shearer [2]</unittitle>
							<unitdate type="inclusive" normal="1979-10-13">1979 October 13</unitdate>
							<unitid type="local_mss">3189095</unitid>
							<unitid type="local_mss_av">762781</unitid>
						</did>
					</c03>
					<c03 level="file">
						<did>
							<unittitle>Interview with Antoinette Sibley [2]</unittitle>
							<unitdate type="inclusive" normal="1979-10-15">1979 October 15</unitdate>
							<unitid type="local_mss">3189096</unitid>
							<unitid type="local_mss_av">762783</unitid>
							<note>
								<p>Interview with Nadia Nerina on tape</p>
							</note>
						</did>
					</c03>
					<c03 level="file">
						<did>
							<unittitle>Interview with David Wall [2]</unittitle>
							<unitdate type="inclusive" normal="1979-06-30/1979-06-30">1979 June 30</unitdate>
							<unitdate type="inclusive">Oct. 10</unitdate>
							<unitid type="local_mss">3189097</unitid>
							<unitid type="local_mss_av">762786</unitid>
						</did>
					</c03>
					<c03 level="file">
						<did>
							<unittitle>Interview with Igor Youskevitch [2]</unittitle>
							<unitdate type="inclusive" normal="1979-01-03">1979 January 3</unitdate>
							<unitid type="local_mss">3189098</unitid>
							<unitid type="local_mss_av">762788</unitid>
						</did>
					</c03>
					<c03 level="file">
						<did>
							<unittitle>Interview with Yurek Lazowsky [2]</unittitle>
							<unitdate type="inclusive" normal="1979-03-22">1979 March 22</unitdate>
							<unitid type="local_mss">3189099</unitid>
							<unitid type="local_mss_av">762793</unitid>
							<note>
								<p>Not published</p>
							</note>
						</did>
					</c03>
					<c03 level="file">
						<did>
							<unittitle>Interview with Helgi Tomasson [2]</unittitle>
							<unitdate type="inclusive" normal="1979-12-14">1979 December 14</unitdate>
							<unitid type="local_mss">3189100</unitid>
							<unitid type="local_mss_av">762798</unitid>
							<note>
								<p>Not published</p>
							</note>
						</did>
					</c03>
					<c03 level="file">
						<did>
							<unittitle>Interview with Toni Lander [3]</unittitle>
							<unitdate type="inclusive" normal="1979-08-18">1979 August 18</unitdate>
							<unitid type="local_mss">3189101</unitid>
							<unitid type="local_mss_av">762768</unitid>
						</did>
					</c03>
				</c02>
				<c02 level="file">
					<did>
						<unittitle>Striking a Balance, Dancers Talk About Dancing. Revised edition</unittitle>
						<unitid type="local_mss">3189102</unitid>
					</did>
					<c03 level="file">
						<did>
							<unittitle>Interview with Nora Kaye</unittitle>
							<unitdate type="inclusive" normal="1979-10-29">1979 October 29</unitdate>
							<unitid type="local_mss">3189103</unitid>
							<unitid type="local_mss_av">762803</unitid>
						</did>
					</c03>
					<c03 level="file">
						<did>
							<unittitle>Interview with Christine Sarry</unittitle>
							<unitdate type="inclusive" normal="1979-04-26">1979 April 26</unitdate>
							<unitid type="local_mss">3189104</unitid>
							<unitid type="local_mss_av">762806</unitid>
						</did>
					</c03>
					<c03 level="file">
						<did>
							<unittitle>Interview with Nina Ananiashvilli [1]</unittitle>
							<unitdate type="inclusive" normal="1991-11-11/1991-11-11">1991 Nov. 11</unitdate>
							<unitdate type="inclusive">14</unitdate>
							<unitid type="local_mss">3189105</unitid>
							<unitid type="local_mss_av">762800</unitid>
						</did>
					</c03>
					<c03 level="file">
						<did>
							<unittitle>Interview with Niels Bjorn Larsen [1]</unittitle>
							<unitdate type="inclusive" normal="1980-02-26">1980 February 26</unitdate>
							<unitid type="local_mss">3189106</unitid>
							<unitid type="local_mss_av">762804</unitid>
						</did>
					</c03>
					<c03 level="file">
						<did>
							<unittitle>Interview with Nina Ananiashvilli [2]</unittitle>
							<unitdate type="inclusive" normal="1991-11-14">1991 November 14</unitdate>
							<unitid type="local_mss">3189107</unitid>
							<unitid type="local_mss_av">762801</unitid>
						</did>
					</c03>
					<c03 level="file">
						<did>
							<unittitle>Interview with Niels Bjorn Larsen [2]</unittitle>
							<unitdate type="inclusive" normal="1980-02-26">1980 February 26</unitdate>
							<unitid type="local_mss">3189108</unitid>
							<unitid type="local_mss_av">762805</unitid>
						</did>
					</c03>
					<c03 level="file">
						<did>
							<unittitle>Interview with Nina Ananiashvilli [3]</unittitle>
							<unitdate type="inclusive" normal="1991-11-09">1991 November 9</unitdate>
							<unitid type="local_mss">3189109</unitid>
							<unitid type="local_mss_av">762802</unitid>
						</did>
					</c03>
				</c02>
			</c01>
		</dsc>
	</archdesc>
</ead>
