<?xml version="1.0" encoding="UTF-8"?>
<ead xmlns="urn:isbn:1-931666-22-9" xmlns:xsi="http://www.w3.org/2001/XMLSchema-instance" xmlns:xlink="http://www.w3.org/1999/xlink" xsi:schemaLocation="urn:isbn:1-931666-22-9 http://www.loc.gov/ead/ead.xsd">
  <eadheader countryencoding="iso3166-1" dateencoding="iso8601" langencoding="iso639-2b" repositoryencoding="iso15511" relatedencoding="marc" scriptencoding="iso8601"><eadid countrycode="US" mainagencycode="US-NN" url="http://archives.nypl.org/brg/24887.xml">brg24887.xml</eadid><filedesc><titlestmt><titleproper>Guide to the Kenneth Koch letters, <date>1961, 1967</date></titleproper></titlestmt><publicationstmt><publisher>The New York Public Library. Henry W. and Albert A. Berg Collection of English and American Literature.</publisher><address><addressline>Stephen A. Schwarzman Building</addressline><addressline>Fifth Avenue at 42nd Street, New York, NY 10018-2788</addressline></address></publicationstmt></filedesc><profiledesc><creation>EAD generated by archives.nypl.org on <date normal="2019-12-10">December 10, 2019</date></creation><langusage><language langcode="eng">English</language></langusage></profiledesc></eadheader>
  
  <archdesc level="collection"><did><unittitle>Kenneth Koch letters</unittitle><unitdate type="inclusive" normal="1961">1961</unitdate><unitdate type="inclusive" normal="1967">1967</unitdate><unitid type="local_mss">24887</unitid><unitid type="local_call">Berg Coll 24887</unitid><origination><persname role="creator" source="naf" authfilenumber="http://id.loc.gov/authorities/names/n50043988">Koch, Kenneth, 1925-2002</persname></origination><repository><corpname>The New York Public Library. Henry W. and Albert A. Berg Collection of English and American Literature.</corpname><address><addressline>Stephen A. Schwarzman Building</addressline><addressline>Fifth Avenue at 42nd Street, New York, NY 10018-2788</addressline></address></repository><physdesc><extent>.08 linear feet (1 custom document box)</extent></physdesc><abstract>Kenneth Koch (1925-2002) was an American poet, playwright, essayist, screenwriter, novelist, and short-story writer. Kenneth Koch letters, 1961 and 1967, comprise his typed letter signed (2 pages) to "Don," dated [1961] February 10 at 69 Perry Street, New York City, and his typed letter signed (1 page) to poet James Schuyler ("Jimmy"), dated Thursday at 278 West 4th Street, with envelope postmarked 1967 June 1. The letter to Schuyler at Southampton, Long Island, encloses their collaborative poem "Titian Welds a Sculpture" (typescript with pencilled comment, 1 page), and a "mystery item," not present. The names James Schuyler &amp; Kenneth Koch are typed below the poem's text. Koch's letter to Don discusses his work translating Haitian poetry and mentions his review of Frank O'Hara's poem "Second Avenue," appearing in the Partisan Review in 1961. Based on Koch's remarks regarding payment for his poems in The New American Poetry 1945-1960, it is likely that the recipient was Donald M. Allen, editor of the anthology</abstract></did><prefercite><p>Kenneth Koch letters, Henry W. and Albert A. Berg Collection of English and American Literature, The New York Public Library</p></prefercite><acqinfo><p>Purchased from Glenn Horowitz, 2018</p></acqinfo><controlaccess><persname role="correspondent" source="naf" authfilenumber="http://id.loc.gov/authorities/names/n79106667">Allen, Donald, 1912-2004</persname><persname source="naf" authfilenumber="http://id.loc.gov/authorities/names/n50043988">Koch, Kenneth, 1925-2002 -- Correspondence.</persname><persname role="correspondent" source="naf" authfilenumber="http://id.loc.gov/authorities/names/n79091463">Schuyler, James</persname><subject source="lcsh">American poetry -- 20th century</subject><subject source="lcsh">Editors -- United States -- 20th century</subject><subject source="lcsh">Poets, American -- 20th century</subject><genreform source="aat" authfilenumber="http://id.loc.gov/authorities/names/300026877">Correspondence</genreform><genreform source="aat" authfilenumber="http://id.loc.gov/authorities/names/300026451">Poems</genreform><occupation source="itoamc">Editors</occupation><occupation source="itoamc">Poets</occupation></controlaccess></archdesc>
</ead>
