<?xml version="1.0" encoding="UTF-8"?>
<ead xmlns="urn:isbn:1-931666-22-9" xmlns:xsi="http://www.w3.org/2001/XMLSchema-instance" xmlns:xlink="http://www.w3.org/1999/xlink" xsi:schemaLocation="urn:isbn:1-931666-22-9 http://www.loc.gov/ead/ead.xsd">
  <eadheader countryencoding="iso3166-1" dateencoding="iso8601" langencoding="iso639-2b" repositoryencoding="iso15511" relatedencoding="marc" scriptencoding="iso8601"><eadid countrycode="US" mainagencycode="US-NN" url="http://archives.nypl.org/cps/24886.xml">cps24886.xml</eadid><filedesc><titlestmt><titleproper>Guide to the Joanna Baillie manuscript material</titleproper></titlestmt><publicationstmt><publisher>The New York Public Library. Carl H. Pforzheimer Collection of Shelley and His Circle.</publisher><address><addressline>Stephen A. Schwarzman Building</addressline><addressline>Fifth Avenue at 42nd Street, New York, NY 10018-2788</addressline></address></publicationstmt></filedesc><profiledesc><creation>EAD generated by archives.nypl.org on <date normal="2019-12-10">December 10, 2019</date></creation><langusage><language langcode="eng">English</language></langusage></profiledesc></eadheader>
  
  <archdesc level="collection"><did><unittitle>Joanna Baillie manuscript material</unittitle><unitid type="local_mss">24886</unitid><unitid type="local_call">Pforz MS</unitid><origination><persname source="naf" authfilenumber="http://viaf.org/viaf/56750310">Baillie, Joanna, 1762-1851</persname></origination><repository><corpname>The New York Public Library. Carl H. Pforzheimer Collection of Shelley and His Circle.</corpname><address><addressline>Stephen A. Schwarzman Building</addressline><addressline>Fifth Avenue at 42nd Street, New York, NY 10018-2788</addressline></address></repository><physdesc><extent>16 items</extent></physdesc><abstract>Joanna Baillie, Scottish playwright and poet. · To Sophia Denman Baillie, her sister-in-law : 1 autograph letter signed : [no date] : (MISC 1915.33v) : [no place] : 1 ¹/₂ pages (single sheet) : begins, "I have committed a most stupid mistake . . . ." Mounted on leaf 33 verso of the Lawrence of Lower Dredgeman Hill autograph album. Shelved under "Lawrence" with bound manuscript volumes.</abstract></did><bioghist><p>Joanna Baillie, Scottish playwright and poet.</p></bioghist><scopecontent><p>· To Sophia Denman Baillie, her sister-in-law : 1 autograph letter signed : [no date] : (MISC 1915.33v) : [no place] : 1 ¹/₂ pages (single sheet) : begins, "I have committed a most stupid mistake . . . ." Mounted on leaf 33 verso of the Lawrence of Lower Dredgeman Hill autograph album. Shelved under "Lawrence" with bound manuscript volumes.</p><p>· To Elizabeth Ogilvy Benger, historian and novelist : 1 autograph letter signed : 17 Jul [1819] : (MISC 4023.26) : from Hampstead : 2 pages (double sheet) : begins, "We have just after all heard received an answer from our Lady, and she has perversely fixed on Monday next . . . ." Published in McLean, p. 70-71. Mounted in the Mary Ann Humble autograph album. Shelved with oversized manuscript volumes.</p><p>· To Sophia, Lady Croft, wife of Sir Thomas Elmsely Croft (later married names Lyster and Delpierre) : 1 autograph letter signed : "Tuesday morning" : (SHEE 0027b) : 1 page (single sheet) : from Hampstead : begins, "I just send this line to put you in mind of your engagement for Thursday . . . ." Mounted in the Martin Archer Shee Autograph Album. Shelved with bound manuscript volumes under "Shee.".</p><p>· To Miss Cruikshank : 1 autograph letter signed : 13 May [1818?] : (MISC 3781) : from Hampstead : 2 ¹/₃ pages (double sheet) : begins, "I return you Mrs. Inchbald's book and feel quite ashamed that I have kept it so long . . . ." Published in McLean, p. 64-65.</p><p>· To Mr. Denman : 1 autograph letter signed : 1 Apr [no year] : (MISC 4087) : 2 pages (double sheet) : with thin mourning border; begins, "I think you said some time ago that you should like to meet our friend Mr. Richardson . . . .".</p><p>· To Herbert Evans, family caretaker, sometimes called a doctor : 1 autograph note signed : [1 Mar 1850] : (MISC 3170) : [from Hampstead] : 1 page (double sheet) : reads in full, "My sister wishes to consult you this morning and the sooner you can come the better." Published in Slagle, p. 1157.</p><p>· To Margaret Hodson, née Holford, poet and translator : 1 autograph letter signed : 1 Nov 1834 : (MISC 3933) : from Hampstead : 1 page (double sheet) : begins, "We shall be happy to see you next tuesday . . . ." Published in McLean, p. 155. Mounted in the Agatha Hogsbottom autograph album. Shelved with oversized manuscript volumes.</p><p>· To Mary Howitt, poet : 1 autograph letter signed : 7 May 1839 : (MISC 4174) : from Hampstead : 2 pages (single sheet) : begins, "Many thanks my dear friend for kindly sending us the Boy's County Books . . ."; concludes, "I hope Mrs. Montgomery &amp; yourself are well and Lady Byron asks whether she be still at Richmond or else where.".</p><p>· To Mary Hunter, at North Queen Street, Belfast : 1 autograph letter signed : 30 Oct 1844 : (MISC 0876) : from Hampstead : 1 page (double sheet) + envelope : begins, "I generally decline giving an autograph, having, some hold or other, a particular dislike to do so . . . ." Published in Slagle, p. 1157.</p><p>· To Mary Millicent Montgomery, friend of Lady Byron : 1 autograph letter signed : 2 Aug 1834 : (MISC 3383) : from Hampstead : 2 ¹/₂ pages (double sheet) : begins, "You kindly promised to come to us the second week in August . . . .".</p><p>· To Miss Murray, a daughter of John Murray, Byron's publisher : 1 autograph letter signed : 22 Dec [watermark = 1843] : from Hampstead : 2 pages (double sheet) : begins, "I feel myself greatly indebted to Mrs. Murray for her kindness in bestowing her votes for the Benevolent on Mrs. Cullen Brown . . . ." Published in Slagle, p. 1157.</p><p>· To [?Napier] : 1 autograph note signed : 19 Jan [no year] : from Hampstead : 1 page (single sheet) : begins, "We inclose 3 pounds which were due to you the beginning of this month . . . ." Published in Slagle, p. 1158.</p><p>· To Frances Eliza Richards, née Dennett, wife of William Parry Richards : 1 autograph letter signed : "Friday" 6 Oct [no year] : (MISC 3169) : from Hampstead : 2 pages (single sheet) : begins, "We send you our proxies signed, which we hope will be useful to your candidate . . . ." Published in Slagle, p. 1158.</p><p>· To Martin Archer Shee, portrait painter and writer : 1 autograph letter signed : 3 Feb [no year] : (SHEE 0073a) : 1 page (single sheet) : from Hampstead : begins, "Accept my best thanks for the copy of your Address to the students of the Royal Academy . . . ." Mounted in the Martin Archer Shee Autograph Album. Shelved with bound manuscript volumes under "Shee.".</p><p>· To unknown recipients : 2 letters : -- 1 autograph letter signed to "My dear Sir" : 18 Apr [watermark = 1829] : (MISC 3171) : from Hampstead : 1 page (single sheet) : begins, "Will you dine with us next Sunday?" Published in Slagle, p. 1156. -- 1 autograph letter signed to "Dear Sir" : 6 Jul [watermark = 1814] : (MISC 4096) : from Hampstead : 1 ¹/₃ pages (single sheet) : begins, "If you have no engagement for Sunday se'nnight the 16th will you do my sister &amp; I the pleasure to eat your roast beef with us at 5 o'clock?".</p></scopecontent><prefercite><p>Joanna Baillie manuscript material, Carl H. Pforzheimer Collection of Shelley and His Circle, The New York Public Library</p></prefercite><controlaccess><persname source="naf" authfilenumber="http://id.loc.gov/authorities/names/n50020865">Baillie, Joanna, 1762-1851 -- Correspondence.</persname><persname role="addressee">Baillie, Sophia Denman, 1771-1845</persname><persname role="addressee" source="naf" authfilenumber="http://id.loc.gov/authorities/names/n85312083">Benger, E. (Elizabeth), 1778-1827</persname><persname role="addressee">Delpierre, Sophia Jane Lateward, 1806 or 1807-1890</persname><persname role="addressee" source="naf" authfilenumber="http://id.loc.gov/authorities/names/n82132741">Holford, Miss (Margaret), 1778-1852</persname><persname role="addressee" source="naf" authfilenumber="http://id.loc.gov/authorities/names/n50029222">Howitt, Mary (Mary Botham), 1799-1888</persname><persname role="addressee">Hunter, Mary, of Belfast</persname><persname role="addressee">Montgomery, Mary Millicent, 1787-1868</persname><persname role="addressee">Richards, Frances Eliza, -1851</persname><persname role="addressee" source="naf" authfilenumber="http://id.loc.gov/authorities/names/n83053657">Shee, Martin Archer, 1769-1850</persname><subject source="lcsh">Dramatists, Scottish -- 19th century -- Correspondence</subject><subject source="lcsh">Poets, Scottish -- 19th century -- Correspondence</subject></controlaccess></archdesc>
</ead>
