<?xml version="1.0" encoding="UTF-8"?>
<ead xmlns="urn:isbn:1-931666-22-9" xmlns:xsi="http://www.w3.org/2001/XMLSchema-instance" xmlns:xlink="http://www.w3.org/1999/xlink" xsi:schemaLocation="urn:isbn:1-931666-22-9 http://www.loc.gov/ead/ead.xsd">
  <eadheader countryencoding="iso3166-1" dateencoding="iso8601" langencoding="iso639-2b" repositoryencoding="iso15511" relatedencoding="marc" scriptencoding="iso8601"><eadid countrycode="US" mainagencycode="US-NN" url="http://archives.nypl.org/cps/24892.xml">cps24892.xml</eadid><filedesc><titlestmt><titleproper>Guide to the Scene of Shelley's last years. [cartographic material]</titleproper></titlestmt><publicationstmt><publisher>The New York Public Library. Carl H. Pforzheimer Collection of Shelley and His Circle.</publisher><address><addressline>Stephen A. Schwarzman Building</addressline><addressline>Fifth Avenue at 42nd Street, New York, NY 10018-2788</addressline></address></publicationstmt></filedesc><profiledesc><creation>EAD generated by archives.nypl.org on <date normal="2019-12-10">December 10, 2019</date></creation><langusage><language langcode="eng">English</language></langusage></profiledesc></eadheader>
  
  <archdesc level="collection"><did><unittitle>Scene of Shelley's last years. [cartographic material]</unittitle><unitid type="local_mss">24892</unitid><unitid type="local_call">Pforz+ (FLAT. Shelf B)</unitid><note encodinganalog="500"><p>Approximate date gleaned from paperwork in Shelley and his Circle work files</p></note><note encodinganalog="500"><p>Shows the coast of upper Tuscanny and lower Liguria, extending northward to Fornovo and Crevalcore, and southward to San Lorenzo, Monticiano</p></note><origination><persname source="naf" authfilenumber="http://id.loc.gov/authorities/names/nr97034502">Dunne, Liam</persname></origination><repository><corpname>The New York Public Library. Carl H. Pforzheimer Collection of Shelley and His Circle.</corpname><address><addressline>Stephen A. Schwarzman Building</addressline><addressline>Fifth Avenue at 42nd Street, New York, NY 10018-2788</addressline></address></repository><physdesc><extent>1 map</extent><physfacet>ink on paper</physfacet><dimensions>473 x 309 mm</dimensions></physdesc><materialspec type="scale">Scale 1:506,880</materialspec><abstract>Original illustrative map drawing commissioned for the Shelley and his Circle publication project, first published in volume VI (1973).</abstract></did><scopecontent><p>Original illustrative map drawing commissioned for the Shelley and his Circle publication project, first published in volume VI (1973).</p></scopecontent><prefercite><p>Scene of Shelley's last years. [cartographic material], Carl H. Pforzheimer Collection of Shelley and His Circle, The New York Public Library</p></prefercite><controlaccess><persname source="naf" authfilenumber="http://id.loc.gov/authorities/names/n79054060">Shelley, Percy Bysshe, 1792-1822 -- Last years.</persname><corpname role="patron" source="naf" authfilenumber="http://id.loc.gov/authorities/names/n50055951">Carl H. Pforzheimer Library</corpname><genreform source="aat" authfilenumber="http://id.loc.gov/authorities/names/300028461">Manuscript maps</genreform><geogname source="lcsh">Italy -- Maps</geogname></controlaccess></archdesc>
</ead>
