<?xml version="1.0" encoding="UTF-8"?>
<ead xmlns="urn:isbn:1-931666-22-9" xmlns:xsi="http://www.w3.org/2001/XMLSchema-instance" xmlns:xlink="http://www.w3.org/1999/xlink" xsi:schemaLocation="urn:isbn:1-931666-22-9 http://www.loc.gov/ead/ead.xsd">
  <eadheader countryencoding="iso3166-1" dateencoding="iso8601" langencoding="iso639-2b" repositoryencoding="iso15511" relatedencoding="marc" scriptencoding="iso8601"><eadid countrycode="US" mainagencycode="US-NN" url="http://archives.nypl.org/brg/24898.xml">brg24898.xml</eadid><filedesc><titlestmt><titleproper>Guide to the Jack Kerouac typescript drafts for Beat Traveler, <date>approximately 1960</date></titleproper></titlestmt><publicationstmt><publisher>The New York Public Library. Henry W. and Albert A. Berg Collection of English and American Literature.</publisher><address><addressline>Stephen A. Schwarzman Building</addressline><addressline>Fifth Avenue at 42nd Street, New York, NY 10018-2788</addressline></address></publicationstmt></filedesc><profiledesc><creation>EAD generated by archives.nypl.org on <date normal="2019-12-10">December 10, 2019</date></creation><langusage><language langcode="eng">English</language></langusage></profiledesc></eadheader>
  
  <archdesc level="collection"><did><unittitle>Jack Kerouac typescript drafts for Beat Traveler</unittitle><unitdate type="inclusive" normal="1960" certainty="approximate">approximately 1960</unitdate><unitid type="local_mss">24898</unitid><unitid type="local_call">Berg Coll 24898</unitid><note encodinganalog="500"><p>Five leaves 35 x 22 cm or smaller rolled to 22 x 4 cm</p></note><note encodinganalog="500"><p>Text beginning: "What happened is always simply what happened,...."  Two unlined sheets, the first torn across the top, 35 x 22 cm; the second, beginning "The world is sad enough....," trimmed, 29 x 22 cm</p></note><note encodinganalog="500"><p>Text beginning: "and so in october 1956 i had just enuf money to take a bus down to mexico city...." Three sheets of lined yellow loose-leaf paper, 32 x 21 cm</p></note><origination><persname role="author" source="naf" authfilenumber="http://id.loc.gov/authorities/names/n80036674">Kerouac, Jack, 1922-1969</persname></origination><repository><corpname>The New York Public Library. Henry W. and Albert A. Berg Collection of English and American Literature.</corpname><address><addressline>Stephen A. Schwarzman Building</addressline><addressline>Fifth Avenue at 42nd Street, New York, NY 10018-2788</addressline></address></repository><physdesc><extent>.17 linear feet (1 custom document box)</extent></physdesc><abstract>Jack Kerouac (1922-1969) was an American Beat novelist, essayist, and poet. Kerouac mentioned plans to write a novel called Beat Traveler as early as 1958, but it was only in January 1960 that he began working on it in earnest. His letter of February 20, 1960 to poet Allen Ginsberg noted that he had made four "false starts on Beat Traveler, about 40,000 words in all, rolled them up and put them away...." A collection of travel writings, some previously published, appeared as Lonesome Traveler later that year. The collection comprises two untitled and undated typescript drafts written by Jack Kerouac, narrating his travel experiences in Europe in 1957, and his trip from Los Angeles, California to Mexico in 1956. These were written, at least in part, for his unfinished novel Beat Traveler, although elements would later appear in Lonesome Traveler and Desolation Angels. The texts are typed single-space on five sheets of paper, rolled together in the form of a scroll. The interior piece (two leaves) recalls the end of his 1957 tour of Europe, and his return home from England as a third-class passenger on the SS Nieuw Amsterdam, departing from Southampton. Each page is a different working of an opening, with a common incident involving the disrespect shown to Kerouac by the ship's dining-room staff because of his appearance. The text is typescript on rectos only; the verso of the first leaf bears Kerouac's pencilled note "BT False Starts," with "BT Rejects" similarly noted on the recto of the second leaf, numbered 2. The outer piece recounts Kerouac’s trip from Los Angeles to Mexico City via Tucson and Nogales in October 1956, ironically noting the money and fame that his writings would bring him "in the next brief 3 years." The text is typescript on the rectos of three leaves numbered 1 to 3 by Kerouac; the verso of the second leaf carries his two-line typed reworking of text on the recto.</abstract></did><bioghist><p>Jack Kerouac (1922-1969) was an American Beat novelist, essayist, and poet. Kerouac mentioned plans to write a novel called Beat Traveler as early as 1958, but it was only in January 1960 that he began working on it in earnest. His letter of February 20, 1960 to poet Allen Ginsberg noted that he had made four "false starts on Beat Traveler, about 40,000 words in all, rolled them up and put them away...." A collection of travel writings, some previously published, appeared as Lonesome Traveler later that year.</p></bioghist><scopecontent><p>The collection comprises two untitled and undated typescript drafts written by Jack Kerouac, narrating his travel experiences in Europe in 1957, and his trip from Los Angeles, California to Mexico in 1956. These were written, at least in part, for his unfinished novel Beat Traveler, although elements would later appear in Lonesome Traveler and Desolation Angels. The texts are typed single-space on five sheets of paper, rolled together in the form of a scroll. The interior piece (two leaves) recalls the end of his 1957 tour of Europe, and his return home from England as a third-class passenger on the SS Nieuw Amsterdam, departing from Southampton. Each page is a different working of an opening, with a common incident involving the disrespect shown to Kerouac by the ship's dining-room staff because of his appearance. The text is typescript on rectos only; the verso of the first leaf bears Kerouac's pencilled note "BT False Starts," with "BT Rejects" similarly noted on the recto of the second leaf, numbered 2. The outer piece recounts Kerouac’s trip from Los Angeles to Mexico City via Tucson and Nogales in October 1956, ironically noting the money and fame that his writings would bring him "in the next brief 3 years." The text is typescript on the rectos of three leaves numbered 1 to 3 by Kerouac; the verso of the second leaf carries his two-line typed reworking of text on the recto.</p></scopecontent><prefercite><p>Jack Kerouac typescript drafts for Beat Traveler, Henry W. and Albert A. Berg Collection of English and American Literature, The New York Public Library</p></prefercite><acqinfo><p>Purchased from Glenn Horowitz Bookseller, 2019</p></acqinfo><accessrestrict><p>Restricted access.</p><p>Collection is currently unavailable pending digitization</p></accessrestrict><controlaccess><persname source="naf" authfilenumber="http://id.loc.gov/authorities/names/n80036674">Kerouac, Jack, 1922-1969 -- Travel.</persname><subject source="lcsh">Authors, American -- 20th century</subject><subject source="lcsh">Beats (Persons)</subject><genreform source="aat" authfilenumber="http://id.loc.gov/authorities/names/300028629">Scrolls (information artifacts)</genreform><genreform source="aat" authfilenumber="http://id.loc.gov/authorities/names/300028577">Typescripts</genreform><occupation source="itoamc">Authors</occupation></controlaccess></archdesc>
</ead>
