<?xml version="1.0" encoding="UTF-8"?>
<ead xmlns="urn:isbn:1-931666-22-9" xmlns:xsi="http://www.w3.org/2001/XMLSchema-instance" xmlns:xlink="http://www.w3.org/1999/xlink" xsi:schemaLocation="urn:isbn:1-931666-22-9 http://www.loc.gov/ead/ead.xsd">
  <eadheader countryencoding="iso3166-1" dateencoding="iso8601" langencoding="iso639-2b" repositoryencoding="iso15511" relatedencoding="marc" scriptencoding="iso8601"><eadid countrycode="US" mainagencycode="US-NN" url="http://archives.nypl.org/cps/24893.xml">cps24893.xml</eadid><filedesc><titlestmt><titleproper>Guide to the Helene Richter manuscript material</titleproper></titlestmt><publicationstmt><publisher>The New York Public Library. Carl H. Pforzheimer Collection of Shelley and His Circle.</publisher><address><addressline>Stephen A. Schwarzman Building</addressline><addressline>Fifth Avenue at 42nd Street, New York, NY 10018-2788</addressline></address></publicationstmt></filedesc><profiledesc><creation>EAD generated by archives.nypl.org on <date normal="2019-12-10">December 10, 2019</date></creation><langusage><language langcode="eng">English</language></langusage></profiledesc></eadheader>
  
  <archdesc level="collection"><did><unittitle>Helene Richter manuscript material</unittitle><unitid type="local_mss">24893</unitid><unitid type="local_call">Pforz MS</unitid><origination><persname source="naf" authfilenumber="http://id.loc.gov/authorities/names/n83139062">Richter, Helene, 1861-1942</persname></origination><repository><corpname>The New York Public Library. Carl H. Pforzheimer Collection of Shelley and His Circle.</corpname><address><addressline>Stephen A. Schwarzman Building</addressline><addressline>Fifth Avenue at 42nd Street, New York, NY 10018-2788</addressline></address></repository><physdesc><extent>2 items</extent></physdesc><abstract>Helene Richter, Viennese scholar of English literature. · To the Secretary of the Shelley Society [Sydney E. Preston?] : 2 letters : -- 1 autograph letter signed : 28 Nov [1888] : (S'ANA 0113f) : 1 ¹/₂ pages (double sheet) : from Wien, Fleischmarkt 17 : begins, "Knowing that it is the aim of the Shelley-Society to promote the popularity of this poet, and flattering myself that I have contributed . . . ." -- 1 autograph letter signed : 10 Feb 1889 : (S'ANA 0113g) : 2 pages (double sheet) : from Vienna, Fleischmarkt 17 : begins, "Taking a great interest in all that concerns the Shelley-Society and sharing her endeavours . . . .".</abstract></did><bioghist><p>Helene Richter, Viennese scholar of English literature.</p></bioghist><scopecontent><p>· To the Secretary of the Shelley Society [Sydney E. Preston?] : 2 letters : -- 1 autograph letter signed : 28 Nov [1888] : (S'ANA 0113f) : 1 ¹/₂ pages (double sheet) : from Wien, Fleischmarkt 17 : begins, "Knowing that it is the aim of the Shelley-Society to promote the popularity of this poet, and flattering myself that I have contributed . . . ." -- 1 autograph letter signed : 10 Feb 1889 : (S'ANA 0113g) : 2 pages (double sheet) : from Vienna, Fleischmarkt 17 : begins, "Taking a great interest in all that concerns the Shelley-Society and sharing her endeavours . . . .".</p></scopecontent><prefercite><p>Helene Richter manuscript material, Carl H. Pforzheimer Collection of Shelley and His Circle, The New York Public Library</p></prefercite><controlaccess><persname role="addressee">Preston, Sydney E</persname><persname source="naf" authfilenumber="http://id.loc.gov/authorities/names/n83139062">Richter, Helene, 1861-1942 -- Correspondence.</persname><persname>Shelley, Percy Bysshe, 1792-1822. Prometheus unbound. Prometheus unbound.</persname><corpname source="naf" authfilenumber="http://id.loc.gov/authorities/names/n80032748">Shelley Society</corpname><subject source="lcsh">Scholars -- Austria -- 19th century -- Correspondence</subject></controlaccess></archdesc>
</ead>
