<?xml version="1.0" encoding="UTF-8"?>
<ead xmlns="urn:isbn:1-931666-22-9" xmlns:xsi="http://www.w3.org/2001/XMLSchema-instance" xmlns:xlink="http://www.w3.org/1999/xlink" xsi:schemaLocation="urn:isbn:1-931666-22-9 http://www.loc.gov/ead/ead.xsd">
  <eadheader countryencoding="iso3166-1" dateencoding="iso8601" langencoding="iso639-2b" repositoryencoding="iso15511" relatedencoding="marc" scriptencoding="iso8601"><eadid countrycode="US" mainagencycode="US-NN" url="http://archives.nypl.org/cps/24891.xml">cps24891.xml</eadid><filedesc><titlestmt><titleproper>Guide to the Yachting diary of Jane, Lady Shelley</titleproper></titlestmt><publicationstmt><publisher>The New York Public Library. Carl H. Pforzheimer Collection of Shelley and His Circle.</publisher><address><addressline>Stephen A. Schwarzman Building</addressline><addressline>Fifth Avenue at 42nd Street, New York, NY 10018-2788</addressline></address></publicationstmt></filedesc><profiledesc><creation>EAD generated by archives.nypl.org on <date normal="2019-12-10">December 10, 2019</date></creation><langusage><language langcode="eng">English</language></langusage></profiledesc></eadheader>
  
  <archdesc level="collection"><did><unittitle>Yachting diary of Jane, Lady Shelley</unittitle><unitid type="local_mss">24891</unitid><unitid type="local_call">*Pforz BT (Shelley, J.) 04</unitid><origination><persname source="naf" authfilenumber="http://id.loc.gov/authorities/names/no2016000124">Shelley, Lady (Jane), 1820-1899</persname></origination><repository><corpname>The New York Public Library. Carl H. Pforzheimer Collection of Shelley and His Circle.</corpname><address><addressline>Stephen A. Schwarzman Building</addressline><addressline>Fifth Avenue at 42nd Street, New York, NY 10018-2788</addressline></address></repository><physdesc><extent>108 manuscript pages (137 total leaves) + 1 insert</extent><physfacet>illustrations (mostly colored)</physfacet><dimensions>24 cm</dimensions></physdesc><abstract>Jane, Lady Shelley, née Gibson, other married name St. John. She was the wife of Sir Percy Florence Shelley, son of the English poet Percy Bysshe Shelley, and Mary Wollstonecraft Shelley, author of Frankenstein. Though they had no children, Lady Shelley and Sir Percy raised Bessie Florence Gibson, called "Floss," as their own; she was possibly the daughter of Lady Shelley's brother. Florence Trevor [later married name Blake] was Sir Percy's cousin, the child of his father's sister Mary. Record of three yachting trips taken by Lady Shelley and Sir Percy Florence Shelley between 1852 and 1860, with 22 of Lady Shelley's original ink and watercolor sketches of landscape scenery. The first trip (24 July-14 August, 1852) is through the lochs of Scotland and includes sketches of the Mare Isles [i.e., Garvellachs] and the Isle of Scarba. While in Scotland the Shelleys are greeted by "all the St Johns," the family of Lady Shelley's late first husband; they also discover a dead body in a cottage at St. Augustus, go mushrooming near the ruins of Castle Urquhart, and spot whales. The "2nd Cruize of the Ginevra" (15 February-31 May, 1853) takes the Shelleys from England southward, past Guernsey, through the Bay of Biscay and down the Spanish and Portuguese coasts. They then sail through the Strait of Gibralter, onward through the Greek islands, and end up in Contantinople. Lady Shelley includes sketches of Gibralter, and the Spanish and African coasts opposite it; Valetta; the Sicilian coast; Girgenti, on road to the temples; Etna, from Cape Passaro; Syracuse; Scilla; Messina; Palermo; and Corfu. On "Our first Cruize in the Flirt" (3 October-6 December, 1860), the Shelleys make their way to Coruña, Spain where they spend a few days. Lady Shelley notes that a pressed flower, present in the volume, was "Gathered from Sir John Moore's tomb, given to [her] by little Floss." After enduring very bad weather, they anchor "two miles east of Vigo." At the end of the volume, reverso, are three poetical pieces in various other hands: "From the home of my childhood thus young am I driven," signed "J. T.," dated May 1, 1853; "Shadows on the Water," by Florence Trevor, 1848; and "Lines written at Boscombe," in the hand of Richard Garnett. One unidentified landscape sketch is laid in the album.</abstract></did><bioghist><p>Jane, Lady Shelley, née Gibson, other married name St. John. She was the wife of Sir Percy Florence Shelley, son of the English poet Percy Bysshe Shelley, and Mary Wollstonecraft Shelley, author of Frankenstein. Though they had no children, Lady Shelley and Sir Percy raised Bessie Florence Gibson, called "Floss," as their own; she was possibly the daughter of Lady Shelley's brother. Florence Trevor [later married name Blake] was Sir Percy's cousin, the child of his father's sister Mary.</p></bioghist><scopecontent><p>Record of three yachting trips taken by Lady Shelley and Sir Percy Florence Shelley between 1852 and 1860, with 22 of Lady Shelley's original ink and watercolor sketches of landscape scenery. The first trip (24 July-14 August, 1852) is through the lochs of Scotland and includes sketches of the Mare Isles [i.e., Garvellachs] and the Isle of Scarba. While in Scotland the Shelleys are greeted by "all the St Johns," the family of Lady Shelley's late first husband; they also discover a dead body in a cottage at St. Augustus, go mushrooming near the ruins of Castle Urquhart, and spot whales. The "2nd Cruize of the Ginevra" (15 February-31 May, 1853) takes the Shelleys from England southward, past Guernsey, through the Bay of Biscay and down the Spanish and Portuguese coasts. They then sail through the Strait of Gibralter, onward through the Greek islands, and end up in Contantinople. Lady Shelley includes sketches of Gibralter, and the Spanish and African coasts opposite it; Valetta; the Sicilian coast; Girgenti, on road to the temples; Etna, from Cape Passaro; Syracuse; Scilla; Messina; Palermo; and Corfu. On "Our first Cruize in the Flirt" (3 October-6 December, 1860), the Shelleys make their way to Coruña, Spain where they spend a few days. Lady Shelley notes that a pressed flower, present in the volume, was "Gathered from Sir John Moore's tomb, given to [her] by little Floss." After enduring very bad weather, they anchor "two miles east of Vigo." At the end of the volume, reverso, are three poetical pieces in various other hands: "From the home of my childhood thus young am I driven," signed "J. T.," dated May 1, 1853; "Shadows on the Water," by Florence Trevor, 1848; and "Lines written at Boscombe," in the hand of Richard Garnett. One unidentified landscape sketch is laid in the album.</p></scopecontent><prefercite><p>Yachting diary of Jane, Lady Shelley, Carl H. Pforzheimer Collection of Shelley and His Circle, The New York Public Library</p></prefercite><controlaccess><persname source="naf" authfilenumber="http://id.loc.gov/authorities/names/n79059978">Garnett, Richard, 1835-1906</persname><persname source="naf" authfilenumber="http://id.loc.gov/authorities/names/n79061063">Shelley, Mary Wollstonecraft, 1797-1851 -- Family.</persname><persname source="naf" authfilenumber="http://id.loc.gov/authorities/names/n79054060">Shelley, Percy Bysshe, 1792-1822 -- Family.</persname><persname source="naf" authfilenumber="http://id.loc.gov/authorities/names/no2001082974">Shelley, Percy Florence, Sir, 1819-1889</persname><subject source="lcsh">Yachting</subject><genreform source="lcgft" authfilenumber="http://vocab.getty.edu/aat/300027112">Diaries</genreform><geogname source="lcsh">Mediterranean Sea -- Description and travel</geogname><geogname source="lcsh">Scotland -- Description and travel</geogname><geogname source="lcsh">Spain -- Description and travel</geogname></controlaccess></archdesc>
</ead>
