<?xml version="1.0" encoding="UTF-8"?>
<ead xmlns="urn:isbn:1-931666-22-9" xmlns:xsi="http://www.w3.org/2001/XMLSchema-instance" xmlns:xlink="http://www.w3.org/1999/xlink" xsi:schemaLocation="urn:isbn:1-931666-22-9 http://www.loc.gov/ead/ead.xsd">
  <eadheader countryencoding="iso3166-1" dateencoding="iso8601" langencoding="iso639-2b" repositoryencoding="iso15511" relatedencoding="marc" scriptencoding="iso8601"><eadid countrycode="US" mainagencycode="US-NN" url="http://archives.nypl.org/cps/24894.xml">cps24894.xml</eadid><filedesc><titlestmt><titleproper>Guide to the Collection of drawings and various papers once belonging to Elizabeth Morgan</titleproper></titlestmt><publicationstmt><publisher>The New York Public Library. Carl H. Pforzheimer Collection of Shelley and His Circle.</publisher><address><addressline>Stephen A. Schwarzman Building</addressline><addressline>Fifth Avenue at 42nd Street, New York, NY 10018-2788</addressline></address></publicationstmt></filedesc><profiledesc><creation>EAD generated by archives.nypl.org on <date normal="2019-12-10">December 10, 2019</date></creation><langusage><language langcode="eng">English</language></langusage></profiledesc></eadheader>
  
  <archdesc level="collection"><did><unittitle>Collection of drawings and various papers once belonging to Elizabeth Morgan</unittitle><unitid type="local_mss">24894</unitid><unitid type="local_call">Pforz MS</unitid><note encodinganalog="500"><p>Pforzheimer Manuscript (MISC 4467); filed under "Elizabeth Morgan."</p></note><origination><persname source="naf" authfilenumber="http://id.loc.gov/authorities/names/no2018112471">Morgan, Elizabeth, 1800 or 1801-1866</persname></origination><repository><corpname>The New York Public Library. Carl H. Pforzheimer Collection of Shelley and His Circle.</corpname><address><addressline>Stephen A. Schwarzman Building</addressline><addressline>Fifth Avenue at 42nd Street, New York, NY 10018-2788</addressline></address></repository><physdesc><extent>9 items</extent></physdesc><abstract>Elizabeth Morgan, née Bonney. Her birth date remains uncertain, but she was born in London, and was still a minor on 24 April 1818 when she married Thomas Morgan (1786-1862), of Dixon, Morgan and Co., wine and spirits traders. A stained glass window in St. Olave's Church, Hart Street, bears an armorial decoration commemorating the union. Elizabeth was a close friend of the novelist Jane Porter; she signed her letters to Porter with the nickname "Belinda." The Morgans had at least five children: Thomas (1819-1892), who helped run the family business in London; Francis (1820-1876), who moved to Spain to handle the family business's connections there; Aaron Augustus (1822-1888), a clergyman and Shakespeare scholar; Emily Eustatia, married name Gruggen (1828-1909); and Adelaide Elizabeth, married name Beresford (1837-1902). Elizabeth Morgan died at the age of 65, and was buried in All Souls, Kensal Green on 9 July 1866. Her grandson, Fr. Francis Xavier Morgan (1857-1935) was the legal guardian of the fantasy writer J. R. R. Tolkien. Five of the nine items appear to have been torn out of the same quarto-sized sketchbook: an original ink drawing of a cavalier soldier, by Robert Ker Porter, signed by him and inscribed to Mrs. Morgan, 25 May 1841; an original watercolor of a women's charitable home inhabitant soliciting donations, signed "E. M."; a pencil drawing of "Bradley Rectory," signed "F. J. G., 1851"; a page of manuscript music, "Le dernier Soupir," signed "M. T."; and a pencil and watercolor copy of R. Westall's portrait of Lady Charlotte Harley, "Lord Byron's Ianthe." The other items include: a small unbound notebook (50 total pages, some blank) in Elizabeth Morgan's hand, circa 1849-1850, which includes biographical notes on Jane Porter, a note on Robert Ker Porter's "Battle of Agincourt" painting, notes from readings, tables of expenses, etc.; a printed invitation accomplished in manuscript, to Mr.  Mrs. Morgan, for an event at Boyle Farm on 30 June 1829, from Lord Chesterfield, Lord Alvanley, Lord Castlereagh, Mr. de Roos, and Mr. Grosvenor; a watercolor of the Rialto Bridge in Venice; and a small pencil drawing, "The House in which Lord Byron died at Missolonghi," signed "E. H., 1834.".</abstract></did><bioghist><p>Elizabeth Morgan, née Bonney. Her birth date remains uncertain, but she was born in London, and was still a minor on 24 April 1818 when she married Thomas Morgan (1786-1862), of Dixon, Morgan and Co., wine and spirits traders. A stained glass window in St. Olave's Church, Hart Street, bears an armorial decoration commemorating the union. Elizabeth was a close friend of the novelist Jane Porter; she signed her letters to Porter with the nickname "Belinda." The Morgans had at least five children: Thomas (1819-1892), who helped run the family business in London; Francis (1820-1876), who moved to Spain to handle the family business's connections there; Aaron Augustus (1822-1888), a clergyman and Shakespeare scholar; Emily Eustatia, married name Gruggen (1828-1909); and Adelaide Elizabeth, married name Beresford (1837-1902). Elizabeth Morgan died at the age of 65, and was buried in All Souls, Kensal Green on 9 July 1866. Her grandson, Fr. Francis Xavier Morgan (1857-1935) was the legal guardian of the fantasy writer J. R. R. Tolkien.</p></bioghist><scopecontent><p>Five of the nine items appear to have been torn out of the same quarto-sized sketchbook: an original ink drawing of a cavalier soldier, by Robert Ker Porter, signed by him and inscribed to Mrs. Morgan, 25 May 1841; an original watercolor of a women's charitable home inhabitant soliciting donations, signed "E. M."; a pencil drawing of "Bradley Rectory," signed "F. J. G., 1851"; a page of manuscript music, "Le dernier Soupir," signed "M. T."; and a pencil and watercolor copy of R. Westall's portrait of Lady Charlotte Harley, "Lord Byron's Ianthe." The other items include: a small unbound notebook (50 total pages, some blank) in Elizabeth Morgan's hand, circa 1849-1850, which includes biographical notes on Jane Porter, a note on Robert Ker Porter's "Battle of Agincourt" painting, notes from readings, tables of expenses, etc.; a printed invitation accomplished in manuscript, to Mr. &amp; Mrs. Morgan, for an event at Boyle Farm on 30 June 1829, from Lord Chesterfield, Lord Alvanley, Lord Castlereagh, Mr. de Roos, and Mr. Grosvenor; a watercolor of the Rialto Bridge in Venice; and a small pencil drawing, "The House in which Lord Byron died at Missolonghi," signed "E. H., 1834.".</p></scopecontent><prefercite><p>Collection of drawings and various papers once belonging to Elizabeth Morgan, Carl H. Pforzheimer Collection of Shelley and His Circle, The New York Public Library</p></prefercite><controlaccess><persname role="recipient" source="naf" authfilenumber="http://id.loc.gov/authorities/names/no2018112471">Morgan, Elizabeth, 1800 or 1801-1866</persname><persname role="recipient" source="naf" authfilenumber="http://id.loc.gov/authorities/names/no2018113118">Morgan, Thomas, 1786-1862</persname><persname source="naf" authfilenumber="http://id.loc.gov/authorities/names/n82158316">Porter, Jane, 1776-1850</persname><persname role="artist" source="naf" authfilenumber="http://id.loc.gov/authorities/names/n90692933">Porter, Robert Ker, Sir, 1777-1842</persname><persname source="naf" authfilenumber="http://id.loc.gov/authorities/names/n90692933">Porter, Robert Ker, Sir, 1777-1842</persname><genreform>Drawings</genreform><genreform source="lcgft">Notated music</genreform><genreform source="lcgft">Notebooks</genreform><genreform>Watercolors</genreform></controlaccess></archdesc>
</ead>
