<?xml version="1.0" encoding="UTF-8"?>
<ead xmlns="urn:isbn:1-931666-22-9" xmlns:xsi="http://www.w3.org/2001/XMLSchema-instance" xmlns:xlink="http://www.w3.org/1999/xlink" xsi:schemaLocation="urn:isbn:1-931666-22-9 http://www.loc.gov/ead/ead.xsd">
  <eadheader countryencoding="iso3166-1" dateencoding="iso8601" langencoding="iso639-2b" repositoryencoding="iso15511" relatedencoding="marc" scriptencoding="iso8601"><eadid countrycode="US" mainagencycode="US-NN" url="http://archives.nypl.org/cps/24895.xml">cps24895.xml</eadid><filedesc><titlestmt><titleproper>Guide to the Scrapbooks on Sarah Siddons, <date>1780-1837</date></titleproper></titlestmt><publicationstmt><publisher>The New York Public Library. Carl H. Pforzheimer Collection of Shelley and His Circle.</publisher><address><addressline>Stephen A. Schwarzman Building</addressline><addressline>Fifth Avenue at 42nd Street, New York, NY 10018-2788</addressline></address></publicationstmt></filedesc><profiledesc><creation>EAD generated by archives.nypl.org on <date normal="2019-12-10">December 10, 2019</date></creation><langusage><language langcode="eng">English</language></langusage></profiledesc></eadheader>
  
  <archdesc level="collection"><did><unittitle>Scrapbooks on Sarah Siddons</unittitle><unitdate type="inclusive" normal="1780/1837">1780-1837</unitdate><unitid type="local_mss">24895</unitid><unitid type="local_b">b21788779</unitid><unitid type="local_call">Pforz BND-MSS (Siddons, S.)</unitid><repository><corpname>The New York Public Library. Carl H. Pforzheimer Collection of Shelley and His Circle.</corpname><address><addressline>Stephen A. Schwarzman Building</addressline><addressline>Fifth Avenue at 42nd Street, New York, NY 10018-2788</addressline></address></repository><physdesc><extent unit="volumes">2 volumes</extent></physdesc><abstract>Two quarto scrapbooks put together by an unidentifed compiler, containing a large collection of newspaper clippings, playbills (printed originals and manuscript tracings), and various theatrical notices relating to the career of Sarah Siddons. Includes manuscript accounts, checks, and statements of payment to her; and letters, most by her husband, William Siddons, some by her son, Henry Siddons, a few by Sarah Siddons herself. Bound in drab wrappers, paper-covered cloth spines with manuscript spine titling. Formerly owned by Alfred Morrison, with his monogram bookplate in each volume.</abstract><langmaterial>English</langmaterial></did><scopecontent><p>Two quarto scrapbooks put together by an unidentifed compiler, containing a large collection of newspaper clippings, playbills (printed originals and manuscript tracings), and various theatrical notices relating to the career of Sarah Siddons. Includes manuscript accounts, checks, and statements of payment to her; and letters, most by her husband, William Siddons, some by her son, Henry Siddons, a few by Sarah Siddons herself. Bound in drab wrappers, paper-covered cloth spines with manuscript spine titling. Formerly owned by Alfred Morrison, with his monogram bookplate in each volume.</p> <p>This finding aid provides item-level descriptions for only the manuscript material contained within the scrapbooks, all of which is in volume II.</p></scopecontent><prefercite><p>Scrapbooks on Sarah Siddons, Carl H. Pforzheimer Collection of Shelley and His Circle, The New York Public Library</p></prefercite><arrangement><p>This finding aid considers the manuscripts in volume II of the Scrapbooks on Sarah Siddons in chronological order, which is not the order in which they are mounted within the volume. Each item's physical placement within the volume corresponds to its call number: (MISC 3203a-z); (MISC 3204a-z); and (MISC 3205a-e).</p></arrangement><controlaccess><persname source="naf" authfilenumber="http://id.loc.gov/authorities/names/no2008169682">Combe, Cecilia, 1794-1868</persname><persname role="rcp" source="naf" authfilenumber="http://id.loc.gov/authorities/names/n82225735">Elliston, R. W. (Robert William), 1774-1831</persname><persname role="rcp" source="naf" authfilenumber="http://id.loc.gov/authorities/names/n79147902">Kemble, John Philip, 1757-1823</persname><persname role="fmo" source="naf" authfilenumber="http://id.loc.gov/authorities/names/nr91038683">Morrison, Alfred, 1821-1897</persname><persname role="rcp" source="naf" authfilenumber="http://id.loc.gov/authorities/names/no2005051021">Peake, Richard, 1757-1829</persname><persname source="naf" authfilenumber="http://id.loc.gov/authorities/names/n83047371">Siddons, Henry, 1774-1815</persname><persname role="subject" source="naf" authfilenumber="http://id.loc.gov/authorities/names/n80001298">Siddons, Sarah, 1755-1831</persname><persname source="naf" authfilenumber="http://id.loc.gov/authorities/names/no2008062294">Siddons, William, 1744-1808</persname><persname source="naf" authfilenumber="http://id.loc.gov/authorities/names/no2019060991">Tahourdin, Peter, 1771-1844</persname><persname role="rcp" source="naf" authfilenumber="http://id.loc.gov/authorities/names/n82202066">Ward, Charles, active 1806-1833</persname><persname role="rcp" source="naf" authfilenumber="http://id.loc.gov/authorities/names/no2009153219">Westley, Thomas, active 1776-1803</persname><corpname>Hammersleys &amp; Co.</corpname><corpname>Ransom, Morland &amp; Hammersley</corpname><corpname role="subject" source="naf" authfilenumber="http://id.loc.gov/authorities/names/nb2012012255">Theatre Royal, Drury Lane (London, England)</corpname></controlaccess><dsc><c01 level="series"><did><unittitle>1780s</unittitle><unitid type="local_mss">3159439</unitid></did><c02 level="item"><did><unittitle>William Siddons, receipt to the proprietors of Drury Lane Theatre</unittitle><unitdate type="inclusive" normal="1785-05-17">17 May 1785</unitdate><unitid type="local_mss">3159418</unitid><unitid type="local_call">MISC 3204k</unitid><physdesc><extent unit="pages">1 page</extent><physfacet>single sheet</physfacet></physdesc></did><scopecontent><p>Autograph signature on manuscript receipt acknowledging £200, through Thomas Westley, for partial payment of Mrs. Siddons's salary.</p></scopecontent></c02><c02 level="item"><did><unittitle>William Siddons, receipt to the proprietors of Drury Lane Theatre</unittitle><unitdate type="inclusive" normal="1785-11-14">14 November 1785</unitdate><unitid type="local_mss">3159419</unitid><unitid type="local_call">MISC 3204L</unitid><physdesc><extent unit="pages">1 page</extent><physfacet>double sheet</physfacet></physdesc></did><scopecontent><p>Autograph signature on manuscript receipt, acknowledging £140, through Thomas Westley.</p></scopecontent></c02><c02 level="item"><did><unittitle>William Siddons, receipt to Thomas Westley</unittitle><unitdate type="inclusive" normal="1786-03-23">23 March 1786</unitdate><unitid type="local_mss">3159420</unitid><unitid type="local_call">MISC 3204m</unitid><physdesc><extent unit="pages">1 page</extent><physfacet>single sheet</physfacet></physdesc></did><scopecontent><p>Autograph signature on manuscript receipt acknowledging £134.1 for Mrs. Siddons's benefit.</p></scopecontent></c02><c02 level="item"><did><unittitle>William Siddons, receipt to Thomas Westley</unittitle><unitdate type="inclusive" normal="1786-12-04">4 December 1786</unitdate><unitid type="local_mss">3159421</unitid><unitid type="local_call">MISC 3204n</unitid><physdesc><extent unit="pages">1 page</extent><physfacet>double sheet</physfacet></physdesc></did><scopecontent><p>Autograph signature on manuscript receipt acknowledging £200 for Mrs. Siddons's salary.</p></scopecontent></c02><c02 level="item"><did><unittitle>William Siddons, receipt to Thomas Westley</unittitle><unitdate type="inclusive" normal="1787-06-09">9 June 1787</unitdate><unitid type="local_mss">3159422</unitid><unitid type="local_call">MISC 3204o</unitid><physdesc><extent unit="pages">1 page</extent><physfacet>single sheet</physfacet></physdesc></did><scopecontent><p>Autograph signature on manuscript receipt acknowledging £250 for Mrs. Siddons's salary.</p></scopecontent></c02><c02 level="item"><did><unittitle>William Siddons, receipt to Thomas Westley</unittitle><unitdate type="inclusive" normal="1787-12-12">12 December 1787</unitdate><unitid type="local_mss">3159423</unitid><unitid type="local_call">MISC 3204p</unitid><physdesc><extent unit="pages">1 page</extent><physfacet>single sheet</physfacet></physdesc></did><scopecontent><p>Autograph signature on manuscript receipt acknowledging £200 from Thomas Westley for Mrs. Siddons's salary.</p></scopecontent></c02><c02 level="item"><did><unittitle>William Siddons, receipt to Thomas Westley</unittitle><unitdate type="inclusive" normal="1788-02-11">11 February 1788</unitdate><unitid type="local_mss">3159424</unitid><unitid type="local_call">MISC 3204q</unitid><physdesc><extent unit="pages">1 page</extent><physfacet>single sheet</physfacet></physdesc></did><scopecontent><p>Autograph signature on manuscript receipt acknowledging £196.12.6 for Mrs. Siddons's benefit.</p></scopecontent></c02><c02 level="item"><did><unittitle>William Siddons,receipt to Thomas Westley</unittitle><unitdate type="inclusive" normal="1788-03-15">15 March 1788</unitdate><unitid type="local_mss">3159425</unitid><unitid type="local_call">MISC 3204r</unitid><physdesc><extent unit="pages">1 page</extent><physfacet>single sheet</physfacet></physdesc></did><scopecontent><p>Autograph signature on manuscript receipt acknowledging £50 for Mrs. Siddons's salary</p></scopecontent></c02><c02 level="item"><did><unittitle>William Siddons, receipt to Thomas Westley</unittitle><unitdate type="inclusive" normal="1788-05-29">29 May 1788</unitdate><unitid type="local_mss">3159426</unitid><unitid type="local_call">MISC 3204s</unitid><physdesc><extent unit="items">1 item</extent><physfacet>single sheet</physfacet></physdesc></did><scopecontent><p>Autograph signature on manuscript receipt acknowledging £233.11.10.</p></scopecontent></c02><c02 level="item"><did><unittitle>William Siddons, receipt to the proprietors of the Drury Lane Theatre</unittitle><unitdate type="inclusive" normal="1789-01-15">15 January 1789</unitdate><unitid type="local_mss">3159402</unitid><unitid type="local_call">MISC 3203u</unitid><physdesc><extent unit="pages">1 page</extent><physfacet>single sheet</physfacet></physdesc></did><scopecontent><p>Autograph signature on manuscript receipt for £400, for "Mrs. Siddons's salary."</p></scopecontent></c02><c02 level="item"><did><unittitle>William Siddons, receipt to Thomas Westley</unittitle><unitdate type="inclusive" normal="1789-02-18">18 February 1789</unitdate><unitid type="local_mss">3159403</unitid><unitid type="local_call">MISC 3203v</unitid><physdesc><extent unit="pages">1 page</extent><physfacet>single sheet</physfacet></physdesc></did><scopecontent><p>Autograph signature on manuscript receipt for £178.14.6 for Mrs. Siddons's Benefit.</p></scopecontent></c02><c02 level="item"><did><unittitle>William Siddons, receipt to Thomas Westley</unittitle><unitdate type="inclusive" normal="1789-03-18">18 March 1789</unitdate><unitid type="local_mss">3159404</unitid><unitid type="local_call">MISC 3203w</unitid><physdesc><extent unit="pages">1 page</extent><physfacet>single sheet</physfacet></physdesc></did><scopecontent><p>Autograph signature on manuscript receipt for £300 for Mrs. Siddons's performances.</p></scopecontent></c02><c02 level="item"><did><unittitle>William Siddons, receipt to Thomas Westley</unittitle><unitdate type="inclusive" normal="1789-04-25">25 April 1789</unitdate><unitid type="local_mss">3159405</unitid><unitid type="local_call">MISC 3203x</unitid><physdesc><extent unit="pages">1 page</extent><physfacet>single sheet</physfacet></physdesc></did><scopecontent><p>Autograph signature on manuscript receipt for £50 for Mrs. Siddons's performances.</p></scopecontent></c02><c02 level="item"><did><unittitle>John Philip Kemble, receipt to Thomas Westley</unittitle><unitdate type="inclusive" normal="1789-06-10">10 June 1789</unitdate><unitid type="local_mss">3159406</unitid><unitid type="local_call">MISC 3203y</unitid><physdesc><extent unit="pages">1 page</extent><physfacet>double sheet</physfacet></physdesc></did><scopecontent><p>Autograph signature on manuscript receipt for £190.7.11 for Mrs. Siddon's performances, on behalf of William Siddons.</p></scopecontent></c02></c01><c01 level="series"><did><unittitle>1790s</unittitle><unitid type="local_mss">3159440</unitid></did><c02 level="item"><did><unittitle>William Siddons, receipt to Thomas Westley</unittitle><unitdate type="inclusive" normal="1791-04-15">15 April 1791</unitdate><unitid type="local_mss">3159407</unitid><unitid type="local_call">MISC 3203z</unitid><physdesc><extent unit="pages">1 page</extent><physfacet>double sheet</physfacet></physdesc></did><scopecontent><p>Autograph signature on manuscript receipt for £223.1.0 for Mrs. Siddon's performances.</p></scopecontent></c02><c02 level="item"><did><unittitle>William Siddons, receipt to Thomas Westley</unittitle><unitdate type="inclusive" normal="1791-04-15">15 April 1791</unitdate><unitid type="local_mss">3159417</unitid><unitid type="local_call">MISC 3204j</unitid><physdesc><extent unit="pages">1 page</extent><physfacet>single sheet</physfacet></physdesc></did><scopecontent><p>Autograph signature on manuscript receipt acknowledging £223.1.0 from Thomas Westley, for Mrs. Siddon's performances.</p></scopecontent></c02><c02 level="item"><did><unittitle>William Siddons, receipt to the proprietors of the Drury Lane Theatre</unittitle><unitdate type="inclusive" normal="1792-02-20">20 February 1792</unitdate><unitid type="local_mss">3159408</unitid><unitid type="local_call">MISC 3204a</unitid><physdesc><extent unit="pages">1 page</extent><physfacet>single sheet</physfacet></physdesc></did><scopecontent><p>Autograph signature on manuscript receipt for £200.</p></scopecontent></c02><c02 level="item"><did><unittitle>William Siddons, receipt to the proprietors of the Drury Lane Theatre</unittitle><unitdate type="inclusive" normal="1792-05-22">22 May 1792</unitdate><unitid type="local_mss">3159409</unitid><unitid type="local_call">MISC 3204b</unitid><physdesc><extent unit="pages">1 page</extent><physfacet>single sheet</physfacet></physdesc></did><scopecontent><p>Autograph signature on manuscript receipt for £780 for 26 nights of performances.</p></scopecontent></c02><c02 level="item"><did><unittitle>William Siddons, receipt to the proprietors of the Drury Lane Theatre</unittitle><unitdate type="inclusive" normal="1792-05-22">22 May 1792</unitdate><unitid type="local_mss">3159410</unitid><unitid type="local_call">MISC 3204c</unitid><physdesc><extent unit="pages">1 page</extent><physfacet>double sheet</physfacet></physdesc></did><scopecontent><p>Autograph signature on manuscript receipt for £126.18.8 for Mrs. Siddons's benefit.</p></scopecontent></c02><c02 level="item"><did><unittitle>William Siddons, receipt to the proprietors of the Drury Lane Theatre</unittitle><unitdate type="inclusive" normal="1793-01-08">8 January 1793</unitdate><unitid type="local_mss">3159411</unitid><unitid type="local_call">MISC 3204d</unitid><physdesc><extent unit="pages">1 page</extent><physfacet>single sheet</physfacet></physdesc></did><scopecontent><p>Autograph signature on manuscript receipt for £150 for salary.</p></scopecontent></c02><c02 level="item"><did><unittitle>William Siddons, receipt to the proprietors of the Drury Lane Theatre</unittitle><unitdate type="inclusive" normal="1793-02-21">21 February 1793</unitdate><unitid type="local_mss">3159412</unitid><unitid type="local_call">MISC 3204e</unitid><physdesc><extent unit="pages">1 page</extent><physfacet>single sheet</physfacet></physdesc></did><scopecontent><p>Autograph signature on manuscript receipt for £250 for salary.</p></scopecontent></c02><c02 level="item"><did><unittitle>Richard Peake, check to William Siddons</unittitle><unitdate type="inclusive" normal="1794-08-05">5 August 1794</unitdate><unitid type="local_mss">3159413</unitid><unitid type="local_call">MISC 3204f</unitid><physdesc><extent unit="pages">1 page</extent><physfacet>single sheet</physfacet></physdesc></did><scopecontent><p>Printed check accomplished in manuscript, signed, for £18.15.0 from Messrs. Ransom, Morland &amp; Hammersley.</p></scopecontent></c02><c02 level="item"><did><unittitle>William Siddons, receipt to the proprietors of Drury Lane Theatre</unittitle><unitdate type="inclusive" normal="1794-08-05">5 August 1794</unitdate><unitid type="local_mss">3159414</unitid><unitid type="local_call">MISC 3204g</unitid><physdesc><extent unit="pages">1 page</extent><physfacet>single sheet</physfacet></physdesc></did><scopecontent><p>Autograph signature on printed receipt accomplished in manuscript for £19.5.0 for rent due on 77 nights of performances, through Ransom, Morland &amp; Hammersley.</p></scopecontent></c02><c02 level="item"><did><unittitle>William Siddons, receipt to the proprietors of Drury Lane Theatre</unittitle><unitdate type="inclusive" normal="1795-08-22">22 August 1795</unitdate><unitid type="local_mss">3159415</unitid><unitid type="local_call">MISC 3204h</unitid><physdesc><extent unit="pages">1 page</extent><physfacet>single sheet</physfacet></physdesc></did><scopecontent><p>Autograph signature on printed receipt accomplished in manuscript for £48 for rent due on 192 nights of performances, through Ransom, Morland &amp; Hammersley.</p></scopecontent></c02><c02 level="item"><did><unittitle>William Siddons to Richard Peake, autograph letter signed + autograph acknowledgement signed</unittitle><unitdate type="inclusive" normal="1797-11-07">7 November 1797</unitdate><unitid type="local_mss">3159401</unitid><unitid type="local_call">MISC 3203t</unitid><physdesc><extent unit="pages">1 page</extent><physfacet>double sheet</physfacet></physdesc></did><scopecontent><p>[No place] : begins, "On the above date I acknowledge the receipt of forty pounds . . . ." Two pieces on one sheet, a signature for each.</p></scopecontent></c02><c02 level="item"><did><unittitle>William Siddons to Richard Peake, autograph letter signed</unittitle><unitdate type="inclusive" normal="1799-11-06">6 November 1799</unitdate><unitid type="local_mss">3159382</unitid><unitid type="local_call">MISC 3203a</unitid><physdesc><extent unit="pages">2 pages</extent><physfacet>double sheet</physfacet></physdesc></did><scopecontent><p>[No place]; : begins, "Let us understand the account betwixt us and the Proprietors with all speed I pray . . . ."</p></scopecontent></c02></c01><c01 level="series"><did><unittitle>1800s</unittitle><unitid type="local_mss">3159441</unitid></did><c02 level="item"><did><unittitle>William Siddons to Richard Peake, autograph letter signed</unittitle><unitdate type="inclusive" normal="1800-05-15">15 May 1800</unitdate><unitid type="local_mss">3159393</unitid><unitid type="local_call">MISC 3203L</unitid><physdesc><extent unit="pages">1 page</extent><physfacet>single sheet</physfacet></physdesc></did><scopecontent><p>[No place]; begins, "I think tis time a little more money should find its way here . . . ."</p></scopecontent></c02><c02 level="item"><did><unittitle>William Siddons to Richard Peake, autograph letter signed</unittitle><unitdate type="inclusive" normal="1800-09-28">28 September 1800</unitdate><unitid type="local_mss">3159395</unitid><unitid type="local_call">MISC 3203n</unitid><physdesc><extent unit="pages">1 page</extent><physfacet>double sheet</physfacet></physdesc></did><scopecontent><p>[No place]; begins, "I have had no communication with Mr. Sheridan . . . ."</p></scopecontent></c02><c02 level="item"><did><unittitle>William Siddons to Richard Peake, autograph letter signed</unittitle><unitdate type="inclusive" normal="1800-11-07">7 November 1800</unitdate><unitid type="local_mss">3159392</unitid><unitid type="local_call">MISC 3203k</unitid><physdesc><extent unit="pages">1 page</extent><physfacet>double sheet</physfacet></physdesc></did><scopecontent><p>[No place]; begins, "What a pleasant and what a new thing it would be to have a few voluntary payments . . . ."</p></scopecontent></c02><c02 level="item"><did><unittitle>William Siddons to John Philip Kemble, autograph letter signed</unittitle><unitdate type="inclusive" normal="1800-11-10">10 November 1800</unitdate><unitid type="local_mss">3159394</unitid><unitid type="local_call">MISC 3203m</unitid><physdesc><extent unit="pages">1 page</extent><physfacet>single sheet</physfacet></physdesc></did><scopecontent><p>[No place] : begins, "I could wish you to be prepared against any embarrassment . . . ." Forwarded to R. Peake on the verso.</p></scopecontent></c02><c02 level="item"><did><unittitle>William Siddons to Richard Peake, autograph letter signed</unittitle><unitdate type="inclusive" normal="1800-12-11" certainty="inferred">11 December [1800]</unitdate><unitid type="local_mss">3159396</unitid><unitid type="local_call">MISC 3203o</unitid><physdesc><extent unit="pages">1 page</extent><physfacet>double sheet</physfacet></physdesc></did></c02><c02 level="item"><did><unittitle>William Siddons to Richard Peake, autograph letter signed</unittitle><unitdate type="inclusive" normal="1800-12-21">21 December 1800</unitdate><unitid type="local_mss">3159399</unitid><unitid type="local_call">MISC 3203r</unitid><physdesc><extent unit="pages">1 page</extent><physfacet>double sheet</physfacet></physdesc></did><scopecontent><p>[No place]; : begins, "Now Mr. Peake, Mrs. Siddons has performed twenty nights and half of them in arrears . . . ."</p></scopecontent></c02><c02 level="item"><did><unittitle>William Siddons to Richard Peake, autograph letter signed</unittitle><unitdate type="inclusive" normal="1801-02-04">4 February 1801</unitdate><unitid type="local_mss">3159391</unitid><unitid type="local_call">MISC 3203j</unitid><physdesc><extent unit="pages">1 page</extent><physfacet>double sheet</physfacet></physdesc></did><scopecontent><p>[No place]; begins, "I hope you are commissioned &amp; enabled to send me a £100 draft payable to morrow . . . ."</p></scopecontent></c02><c02 level="item"><did><unittitle>William Siddons to Richard Peake, autograph letter (incomplete) signed</unittitle><unitdate type="inclusive" normal="1801-06-01">1 June 1801</unitdate><unitid type="local_mss">3159383</unitid><unitid type="local_call">MISC 3203b</unitid><physdesc><extent unit="pages">2 pages</extent><physfacet>double sheet</physfacet></physdesc></did><scopecontent><p>[No place]; : with calculations of Sarah Siddons's income; begins, " . . . at the end of the season 98=99 -- the arrears to Mrs. Siddons were settled . . . ."</p></scopecontent></c02><c02 level="item"><did><unittitle>William Siddons to Richard Peake, autograph letter (incomplete) signed</unittitle><unitdate type="inclusive" normal="1802-01-31">31 January 1802</unitdate><unitid type="local_mss">3159384</unitid><unitid type="local_call">MISC 3203c</unitid><physdesc><extent unit="pages">2 pages</extent><physfacet>2 sheets glued together</physfacet></physdesc></did><scopecontent><p>[No place]; : with calculations of Sarah Siddons's income; begins, "NB. A statement of arrears due to Mrs. Siddons from the Proprietors of Drury Lane . . . ."</p></scopecontent></c02><c02 level="item"><did><unittitle>Henry Siddons to "Sir," autograph letter signed</unittitle><unitdate type="inclusive" certainty="inferred">24 January [watermark = 1804]</unitdate><unitid type="local_mss">3159434</unitid><unitid type="local_call">MISC 3205a</unitid><physdesc><extent unit="pages">1 page</extent><physfacet>double sheet</physfacet></physdesc></did><scopecontent><p>From No. 4 Charles Street, Covent Garden; begins, "I have to thank you for your polite note . . . ." With someone else's extensive contemporary notes on Henry Siddons on the verso and second leaf, which is partly missing.</p></scopecontent></c02><c02 level="item"><did><unittitle>Henry Siddons to "Sir," autograph letter signed</unittitle><unitdate type="inclusive" certainty="inferred">[watermark = 1804]</unitdate><unitid type="local_mss">3159435</unitid><unitid type="local_call">MISC 3205b</unitid><physdesc><extent unit="pages">2 pages</extent><physfacet>single sheet</physfacet></physdesc></did><scopecontent><p>From no. 6 Brewer Street near Peter Street, Bloomsbury; begins, "As Mr Charles Kemble informs me you expect to hear from me . . . ."</p></scopecontent></c02><c02 level="item"><did><unittitle>Richard Peake, check to Mr. and Mrs. Siddons</unittitle><unitdate type="inclusive" normal="1805-10-05">5 October 1805</unitdate><unitid type="local_mss">3159430</unitid><unitid type="local_call">MISC 3204w</unitid><physdesc><extent unit="pages">1 page</extent><physfacet>single sheet</physfacet></physdesc></did><scopecontent><p>Autograph signature on printed check accomplished in manuscript for £8 to be paid through Hammersleys &amp; Co.</p></scopecontent></c02><c02 level="item"><did><unittitle>Richard Peake, check to Mr. and Mrs. Siddons</unittitle><unitdate type="inclusive" normal="1806-01-04">4 January 1806</unitdate><unitid type="local_mss">3159431</unitid><unitid type="local_call">MISC 3204x</unitid><physdesc><extent unit="pages">1 page</extent><physfacet>double sheet</physfacet></physdesc></did><scopecontent><p>Autograph signature on printed check accomplished in manuscript for £16 to be paid through Hammersleys &amp; Co.</p></scopecontent></c02><c02 level="item"><did><unittitle>Peter Tahourdin to Mr. [Winston?], autograph note signed</unittitle><unitdate type="inclusive" normal="1806-05-24">24 May 1806</unitdate><unitid type="local_mss">3159437</unitid><unitid type="local_call">MISC 3205d</unitid><physdesc><extent unit="pages">1 page</extent><physfacet>single sheet</physfacet></physdesc></did><scopecontent><p>From Argyll Street; reads, "I am decidedly against engaging Mr. H. Siddons on the [terms?] he wishes." The addressee is at 34 Rathbone Place.</p></scopecontent></c02><c02 level="item"><did><unittitle>Richard Peake, check to Mr. and Mrs. Siddons</unittitle><unitdate type="inclusive" normal="1809-02-11">11 February 1809</unitdate><unitid type="local_mss">3159432</unitid><unitid type="local_call">MISC 3204y</unitid><physdesc><extent unit="pages">1 page</extent><physfacet>single sheet</physfacet></physdesc></did><scopecontent><p>Autograph signature on printed check accomplished in manuscript for £16.13.4 to be paid through Hammersleys &amp; Co.</p></scopecontent></c02><c02 level="item"><did><unittitle>Richard Peake, check to Mr. and Mrs. Siddons</unittitle><unitdate type="inclusive" normal="1809-02-18">18 February 1809</unitdate><unitid type="local_mss">3159433</unitid><unitid type="local_call">MISC 3204z</unitid><physdesc><extent unit="pages">1 page</extent><physfacet>single sheet</physfacet></physdesc></did><scopecontent><p>Autograph signature on printed check accomplished in manuscript for £13.6.8 to be paid through Hammersleys &amp; Co.</p></scopecontent></c02><c02 level="item"><did><unittitle>Henry Siddons to Charles Ward, autograph letter signed</unittitle><unitdate type="inclusive" normal="1809-10-01">1 October 1809</unitdate><unitid type="local_mss">3159436</unitid><unitid type="local_call">MISC 3205c</unitid><physdesc><extent unit="pages">1 page</extent><physfacet>double sheet</physfacet></physdesc></did><scopecontent><p>From Hardwick Place, Edinburgh; : begins, "I think of every thing that relates to the Drury Lane management with too much regard . . . ."</p></scopecontent></c02></c01><c01 level="series"><did><unittitle>1810s</unittitle><unitid type="local_mss">3159442</unitid></did><c02 level="item"><did><unittitle>Sarah Siddons, receipt to [?]</unittitle><unitdate type="inclusive" normal="1813-02-15">15 February 1813</unitdate><unitid type="local_mss">3159427</unitid><unitid type="local_call">MISC 3204t</unitid><physdesc><extent unit="pages">1 page</extent><physfacet>single sheet</physfacet></physdesc></did><scopecontent><p>Autograph receipt signed, acknowledging £4 for six silk petticoats.</p></scopecontent></c02><c02 level="item"><did><unittitle>Sarah Siddons to Charles Ward, autograph note signed</unittitle><unitdate type="inclusive" normal="1815-11-30">30 November 1815</unitdate><unitid type="local_mss">3159389</unitid><unitid type="local_call">MISC 3203h</unitid><physdesc><extent unit="pages">1 page</extent><physfacet>partial sheet</physfacet></physdesc></did><scopecontent><p>[No place]; begins, "I Nominate Lt. Col. Ranken . . . ."</p></scopecontent></c02><c02 level="item"><did><unittitle>Sarah Siddons to R. W. Elliston, letter (third person)</unittitle><unitdate type="inclusive" normal="1816-06-25">25 June 1816</unitdate><unitid type="local_mss">3159388</unitid><unitid type="local_call">MISC 3203g</unitid><physdesc><extent unit="pages">2 pages</extent><physfacet>double sheet</physfacet></physdesc></did><scopecontent><p>From Westbourne; in an unidentified hand; saying she "thanks him for his proposal, but as Mrs. Siddons never had the least intention of accepting any engagement again, she could not but be much surprised at receiving it . . . ."</p></scopecontent></c02><c02 level="item"><did><unittitle>Cecilia Siddons to R. W. Elliston, autograph letter signed</unittitle><unitdate type="inclusive" normal="1819-12-03" certainty="questionable">3 December 18[19?]</unitdate><unitid type="local_mss">3159397</unitid><unitid type="local_call">MISC 3203p</unitid><physdesc><extent unit="pages">2 pages</extent><physfacet>double sheet</physfacet></physdesc></did><scopecontent><p>From Stoke; begins, "My mother desires me to present her compliments to you . . . ."</p></scopecontent></c02></c01><c01 level="series"><did><unittitle>1830s</unittitle><unitid type="local_mss">3159443</unitid></did><c02 level="item"><did><unittitle>Fragmentary biographical notes on Siddons</unittitle><unitdate type="inclusive" certainty="inferred">[no date, but after 1831]</unitdate><unitid type="local_mss">3159429</unitid><unitid type="local_call">MISC 3204v</unitid><physdesc><extent unit="pages">1 page</extent><physfacet>(single sheet, loose) + 2 additional leaves further along in volume</physfacet></physdesc></did><scopecontent><p>In unidentified hand; begins, [canceled] "John Kemble Jul 7 when he first [?] was 5 guineas . . . .";</p></scopecontent></c02><c02 level="item"><did><unittitle>Biographical fragment on Siddons</unittitle><unitdate type="inclusive" certainty="inferred">[watermark = 1835]</unitdate><unitid type="local_mss">3159428</unitid><unitid type="local_call">MISC 3204u</unitid><physdesc><extent unit="pages">1 page</extent><physfacet>double sheet</physfacet></physdesc></did><scopecontent><p>In unidentified hand; begins, "Her mother the daughter of Ward . . . ."</p></scopecontent></c02></c01><c01 level="series"><did><unittitle>Date undetermined</unittitle><unitid type="local_mss">3159444</unitid></did><c02 level="item"><did><unittitle>[Unidentified] to Richard Peake, letter unsigned</unittitle><unitdate type="inclusive" certainty="inferred">[no date]</unitdate><unitid type="local_mss">3159385</unitid><unitid type="local_call">MISC 3203d</unitid><physdesc><extent unit="pages">1 page</extent><physfacet>single sheet</physfacet></physdesc></did><scopecontent><p>[No place]; begins, "The Information you request for making up Mrs. Siddons' account lies in a very short compass . . . ."</p></scopecontent></c02><c02 level="item"><did><unittitle>Sarah Siddons to Mr. Gilliland, autograph letter signed</unittitle><unitdate type="inclusive" certainty="inferred">28 November [no year]</unitdate><unitid type="local_mss">3159386</unitid><unitid type="local_call">MISC 3203e</unitid><physdesc><extent unit="pages">2 pages</extent><physfacet>(double sheet) + letter cover</physfacet></physdesc></did><scopecontent><p>From Westbourne [Place?], Paddington; begins, "Before I enter on the subject of your most obliging letter permit me to offer you my most sincere thanks . . . ."</p></scopecontent></c02><c02 level="item"><did><unittitle>[Samuel Thomas Russell?] to Sarah Siddons, letter signed</unittitle><unitdate type="inclusive" certainty="inferred">[no date]</unitdate><unitid type="local_mss">3159387</unitid><unitid type="local_call">MISC 3203f</unitid><physdesc><extent unit="pages">3 pages</extent><physfacet>2 single sheets</physfacet></physdesc></did><scopecontent><p>[No place]; begins, "In the improving fortunes of Drury Lane Theatre, I hope I shall not be deemed too intrusive . . . ." On the vero of leaf 2 is written in another [later?] hand: "Sam.l Russell Esqre / Theatre Royal / Drury Lane."</p></scopecontent></c02><c02 level="item"><did><unittitle>Printed admission card for "Mrs. Siddons's Benefit. Box."</unittitle><unitdate type="inclusive" certainty="inferred">[no date]</unitdate><unitid type="local_mss">3159390</unitid><unitid type="local_call">MISC 3203i</unitid><physdesc><extent unit="items">1 item</extent><physfacet>card</physfacet></physdesc></did><scopecontent><p>"No. 145" written in ink in lower left corner. "S. Siddons" [apparently not her signature] written in ink in upper left corner.</p></scopecontent></c02><c02 level="item"><did><unittitle>Statement of payments to Mrs. Siddons, Mrs. Jordan, and Mr. Kemble</unittitle><unitdate type="inclusive" certainty="inferred">[no date]</unitdate><unitid type="local_mss">3159398</unitid><unitid type="local_call">MISC 3203q</unitid><physdesc><extent unit="pages">1 page</extent><physfacet>double sheet</physfacet></physdesc></did><scopecontent><p>[No place]; in unidentified hand. Titled "Statement."</p></scopecontent></c02><c02 level="item"><did><unittitle>William Siddons to [Richard Peake?], autograph letter signed</unittitle><unitdate type="inclusive" certainty="inferred">[no date]</unitdate><unitid type="local_mss">3159400</unitid><unitid type="local_call">MISC 3203s</unitid><physdesc><extent unit="pages">1 page</extent><physfacet>single sheet</physfacet></physdesc></did><scopecontent><p>[No place]; begins, "I receive the fifty pound but at the same time declare when this lingering business -- occasioned by Mrs. Jordan illness is over, I mean Mrs. Siddons to wait without performing . . . ."</p></scopecontent></c02><c02 level="item"><did><unittitle>Biographical note on Sarah Siddons's great uncle</unittitle><unitdate type="inclusive" certainty="inferred">[no date]</unitdate><unitid type="local_mss">3159416</unitid><unitid type="local_call">MISC 3204i</unitid><physdesc><extent unit="pages">1 page</extent><physfacet>single sheet</physfacet></physdesc></did><scopecontent><p>Manuscript biographical note, in unidentified hand, on Sarah Siddons's great uncle, a priest in the reign of Charles I; begins, "The great uncle to the late John Philip Kemble . . . ."</p></scopecontent></c02><c02 level="item"><did><unittitle>Copy of lyrics to "Discarded Lover" and "Answer to Siddons"</unittitle><unitdate type="inclusive" certainty="inferred">[no date]</unitdate><unitid type="local_mss">3159438</unitid><unitid type="local_call">MISC 3205e</unitid><physdesc><extent unit="pages">4 pages</extent><physfacet>double sheet</physfacet></physdesc></did><scopecontent><p>In unidentified hand; begins, "Ye ladies of Breacon whose hearts ever feel . . . ."</p></scopecontent></c02></c01></dsc></archdesc>
</ead>
