<?xml version="1.0" encoding="UTF-8"?>
<ead xmlns="urn:isbn:1-931666-22-9" xmlns:xsi="http://www.w3.org/2001/XMLSchema-instance" xmlns:xlink="http://www.w3.org/1999/xlink" xsi:schemaLocation="urn:isbn:1-931666-22-9 http://www.loc.gov/ead/ead.xsd">
  <eadheader countryencoding="iso3166-1" dateencoding="iso8601" langencoding="iso639-2b" repositoryencoding="iso15511" relatedencoding="marc" scriptencoding="iso8601"><eadid countrycode="US" mainagencycode="US-NN" url="http://archives.nypl.org/mus/24928.xml">mus24928.xml</eadid><filedesc><titlestmt><titleproper>Guide to the Correspondence between Maria Callas and Dorle Soria, <date>1950-1982</date></titleproper></titlestmt><publicationstmt><publisher>The New York Public Library. Music Division.</publisher><address><addressline>New York Public Library for the Performing Arts, Dorothy and Lewis B. Cullman Center</addressline><addressline>40 Lincoln Center Plaza, New York, NY 10023-7498</addressline></address></publicationstmt></filedesc><profiledesc><creation>EAD generated by archives.nypl.org on <date normal="2019-12-10">December 10, 2019</date></creation><langusage><language langcode="eng">English</language></langusage></profiledesc></eadheader>
  
  <archdesc level="collection"><did><unittitle>Correspondence between Maria Callas and Dorle Soria</unittitle><unitdate type="inclusive" normal="1950/1982">1950-1982</unitdate><unitid type="local_mss">24928</unitid><unitid type="local_call">JPB 09-2</unitid><unitid type="local_b">b215749741</unitid><origination><persname source="naf" authfilenumber="http://id.loc.gov/authorities/names/n50032183">Callas, Maria, 1923-1977</persname></origination><repository><corpname>The New York Public Library. Music Division.</corpname><address><addressline>New York Public Library for the Performing Arts, Dorothy and Lewis B. Cullman Center</addressline><addressline>40 Lincoln Center Plaza, New York, NY 10023-7498</addressline></address></repository><physdesc><extent unit="containers">1 box</extent><extent unit="linear_feet">0.42 linear feet</extent></physdesc><abstract>Correspondence between Maria Callas and Dorle Soria consists of the personal and business correspondence of Angel Records co-founder Dorle Soria and soprano Maria Callas, as well as letters written by Dario Soria, John Coveney, Henry Sell, and others regarding Callas's career, especially her affiliation with Angel Records. A small collection of the Sorias' mementos and handwritten memoirs of Callas is included, as is a collection of press materials, mainly photographs of Callas.</abstract><langmaterial>English</langmaterial><langmaterial>English</langmaterial></did><bioghist><p>Maria Callas (December 2, 1923 – September 16, 1977) was an American-born Greek soprano. She was one of the most renowned and influential opera singers of the 20th century.</p> <p>Dorle Jarmel (born December 14, 1900) worked for Arthur Judson as the press representative of the New York Philharmonic from around 1926. Among her responsibilities was the publicity of Toscanini's European tour with the Philharmonic in 1930. She married Dario Soria on July 26, 1942. It was her second marriage. In the 1950s Dorle Soria was head of press, promotion and advertising for Angel Records, which was known not just for its full-length recordings of operas but also for its elaborate packaging, which included complete libretti and photographs. In the 1960s Dorle wrote a weekly column that was published in Carnegie Hall programs; she also wrote for High Fidelity, Opera News, and Musical America, where her monthly column was called "Artist Life." Dorle Soria died July 7, 2002, at age 101.</p></bioghist><prefercite><p>Correspondence between Maria Callas and Dorle Soria, JPB 09-2. Music Division, The New York Public Library for the Performing Arts</p></prefercite><relatedmaterial><p><title>Dorle Soria papers, 1930-1991</title>, JPB 13-16, Music Division, New York Public Library</p> <p> <title>Cetra-Soria collection, 1946-1954</title>, JPB 88-1, Music Division, New York Public Library</p></relatedmaterial><userestrict><p>For permission to publish, contact the Chief, Music Division, New York Public Library for the Performing Arts</p></userestrict><controlaccess><persname source="naf" authfilenumber="http://id.loc.gov/authorities/names/n50032183">Callas, Maria, 1923-1977</persname><persname source="naf" authfilenumber="http://id.loc.gov/authorities/names/n87900267">Soria, Dorle</persname><corpname role="subject" source="local">Cetra-Soria Series</corpname><genreform source="aat" authfilenumber="http://id.loc.gov/authorities/names/300026879">Letters (correspondence)</genreform><genreform source="aat" authfilenumber="http://id.loc.gov/authorities/names/300249572">Promotional materials</genreform></controlaccess><dsc><c01 level="series"><did><unittitle>Correspondence</unittitle><unitdate type="inclusive" normal="1952/1975">1952-1975</unitdate><unitid type="local_mss">3179184</unitid></did><c02 level="file"><did><unitdate type="inclusive" normal="1952/1954">1952-1954</unitdate><unitid type="local_mss">3179204</unitid><note><p>4 letters, 2 cablegrams. Includes correspondence from Dario Soria, R. Degoy and John Lee.</p></note><container type="box">1</container><container type="folder">1</container></did></c02><c02 level="file"><did><unitdate type="inclusive" normal="1955">1955</unitdate><unitid type="local_mss">3179205</unitid><note><p>4 letters, 1 cablegram. From Maria Callas, Dario Soria and John Lee.</p></note><container type="box">1</container><container type="folder">2</container></did><separatedmaterial><p>Photographs relocated to folder 19.</p></separatedmaterial></c02><c02 level="file"><did><unitdate type="inclusive" normal="1956">1956</unitdate><unitid type="local_mss">3179206</unitid><note><p>7 letters, 1 cablegram. Includes correspondence from Dorle Soria, Dario Soria, Henry Sell Paul Hume, and Maria Callas.</p></note><container type="box">1</container><container type="folder">3</container></did></c02><c02 level="file"><did><unitdate type="inclusive" normal="1957-01/1957-04">January-April 1957</unitdate><unitid type="local_mss">3179208</unitid><note><p>6 letters, 1 cablegram. From Dorle Soria, Lawrence V. Kelly, Mary Ellis, Francis Robinson, Walter Legge, and Henry Sell.</p></note><container type="box">1</container><container type="folder">4</container></did></c02><c02 level="file"><did><unitdate type="inclusive" normal="1957-07/1957-12">July-December 1957</unitdate><unitid type="local_mss">3179209</unitid><note><p>8 letters, 2 cablegrams, 1 postcard. From Henry Sell, Dario Soria, Dorle Soria, Maria Callas, and John A. Aaron (CBS).</p></note><container type="box">1</container><container type="folder">5</container></did><separatedmaterial><p>Transparencies (mentioned in correspondence by Henry Sell) relocated to folder 18.</p></separatedmaterial></c02><c02 level="file"><did><unitdate type="inclusive" normal="1958/1959">1958-1959</unitdate><unitid type="local_mss">3179210</unitid><note><p>6 letters, 2 cablegrams. From Giovanni Battista Meneghini, Dorle Soria, Dorio Soria, and Maria Callas.</p></note><container type="box">1</container><container type="folder">6</container></did></c02><c02 level="file"><did><unitdate type="inclusive" normal="1960/1961">1960-1961</unitdate><unitid type="local_mss">3179212</unitid><note><p>5 letters, 1 Christmas card. From Maria Callas and Dorle Soria.</p></note><container type="box">1</container><container type="folder">7</container></did></c02><c02 level="file"><did><unitdate type="inclusive" normal="1962/1964">1962-1964</unitdate><unitid type="local_mss">3179214</unitid><note><p>7 letters, 3 telegrams/cablegrams. From Emmaline J. Duncan (draft Jan 11,1962), Dorle Soria, Dario Soria, Maria Callas, Teresa D'Addato (secretary to Callas), S.A. Gorlinsky (manager to Callas).</p></note><container type="box">1</container><container type="folder">8</container></did></c02><c02 level="file"><did><unitdate type="inclusive" normal="1968/1969">1968-1969</unitdate><unitid type="local_mss">3179215</unitid><note><p>5 letters. From John Coveney, Arthur Germond, Maria Callas.</p></note><container type="box">1</container><container type="folder">9</container></did><separatedmaterial><p>Photographs from this folder relocated to folder 19.</p></separatedmaterial></c02><c02 level="file"><did><unitdate type="inclusive" normal="1972/1973">1972-1973</unitdate><unitdate type="inclusive" normal="1975">1975</unitdate><unitid type="local_mss">3179217</unitid><note><p>8 letters, 1 clipping, 1 postcard. From John Coveney, Maria Callas, Dario Soria, and Henry Wisneski.</p></note><container type="box">1</container><container type="folder">10</container></did></c02><c02 level="file"><did><unittitle>Christmas cards</unittitle><unitdate type="inclusive" certainty="inferred">[undated]</unitdate><unitid type="local_mss">3179219</unitid><note><p>4 Christmas cards. From Maria Callas.</p></note><container type="box">1</container><container type="folder">11</container></did></c02></c01><c01 level="series"><did><unittitle>Mementos</unittitle><unitdate type="inclusive" normal="1955/1982">1955-1982</unitdate><unitid type="local_mss">3179185</unitid></did><c02 level="file"><did><unittitle>Sponge cake recipe</unittitle><unitdate type="inclusive" normal="1955">1955</unitdate><unitid type="local_mss">3179220</unitid><container type="box">1</container><container type="folder">12</container></did></c02><c02 level="file"><did><unittitle>Notes and memos</unittitle><unitdate type="inclusive" normal="1959/1969">1959-1969</unitdate><unitdate type="inclusive">undated</unitdate><unitid type="local_mss">3179221</unitid><physdesc>9 items</physdesc><container type="box">1</container><container type="folder">13</container></did></c02><c02 level="file"><did><unittitle>Memoir of Callas</unittitle><unitdate type="inclusive" certainty="inferred">[between September 1975 and 1979?]</unitdate><unitid type="local_mss">3179223</unitid><origination><persname source="local">Soria, Dario</persname></origination><physdesc>6 pages</physdesc><container type="box">1</container><container type="folder">14</container></did><controlaccess><persname source="local">Soria, Dario</persname></controlaccess></c02><c02 level="file"><did><unittitle>Miscellaneous papers</unittitle><unitdate type="inclusive" normal="1978">1978</unitdate><unitdate type="inclusive" normal="1982">1982</unitdate><unitdate type="inclusive">undated</unitdate><unitid type="local_mss">3179224</unitid><note><p>Iincludes typed excerpts of letters in Series I, correspondence with E.J. Duncan regarding donation of Callas materials</p></note><container type="box">1</container><container type="folder">15</container></did></c02></c01><c01 level="series"><did><unittitle>Press Materials</unittitle><unitdate type="inclusive" normal="1950/1974">1950-1974</unitdate><unitid type="local_mss">3179186</unitid></did><c02 level="file"><did><unittitle>Clippings</unittitle><unitdate type="inclusive" normal="1950/1959">1950-1959</unitdate><unitdate type="inclusive">undated</unitdate><unitid type="local_mss">3179230</unitid><note><p>Various clippings from U.S., British and Italian periodicals</p></note><physdesc>10 items</physdesc><container type="box">1</container><container type="folder">16</container></did></c02><c02 level="file"><did><unittitle>Press releases</unittitle><unitdate type="inclusive" normal="1956/1957">1956-1957</unitdate><unitid type="local_mss">3179231</unitid><note><p>2 press releases</p></note><container type="box">1</container><container type="folder">17</container></did></c02></c01><c01 level="series"><did><unittitle>Photographs</unittitle><unitdate type="inclusive" normal="1954/1974">1954-1974</unitdate><unitid type="local_mss">3179233</unitid></did><c02 level="file"><did><unittitle>Life magazine</unittitle><unitdate type="inclusive" normal="1954">1954</unitdate><unitid type="local_mss">3179239</unitid><physdesc>2 photographs</physdesc><container type="box">1</container><container type="folder">18</container></did></c02><c02 level="file"><did><unitdate type="inclusive" normal="1955">1955</unitdate><unitdate type="inclusive" normal="1968">1968</unitdate><unitid type="local_mss">3179241</unitid><note><p>Separated from correspondence in folders 2 and 9</p></note><physdesc>7 photographs</physdesc><container type="box">1</container><container type="folder">19</container></did></c02><c02 level="file"><did><unittitle>Ischia, Italy</unittitle><unitdate type="inclusive" normal="1956-06-21/1956-09-23">Summer 1956</unitdate><unitid type="local_mss">3179244</unitid><physdesc>14 photographs</physdesc><container type="box">1</container><container type="folder">20</container></did></c02><c02 level="file"><did><unittitle>Color transparencies</unittitle><unitdate type="inclusive" normal="1957">1957</unitdate><unitid type="local_mss">3179246</unitid><note><p>Separated from folder 5</p></note><physdesc>4 color tranparencies</physdesc><container type="box">1</container><container type="folder">21</container></did></c02><c02 level="file"><did><unittitle>Callas in Athens</unittitle><unitdate type="inclusive" normal="1957">1957</unitdate><unitid type="local_mss">3179247</unitid><physdesc>18 photographs</physdesc><container type="box">1</container><container type="folder">22</container></did></c02><c02 level="file"><did><unittitle>Callas with Elsa Maxwell</unittitle><unitdate type="inclusive" normal="1957">1957</unitdate><unitid type="local_mss">3179249</unitid><physdesc>3 photographs</physdesc><container type="box">1</container><container type="folder">23</container></did></c02><c02 level="file"><did><unittitle>Callas at Carnegie Hall</unittitle><unitdate type="inclusive" normal="1974">1974</unitdate><unitid type="local_mss">3179252</unitid><physdesc>6 photographs</physdesc><container type="box">1</container><container type="folder">24</container></did></c02><c02 level="file"><did><unittitle>Callas in costume and onstage at La Scala</unittitle><unitdate type="inclusive">undated</unitdate><unitid type="local_mss">3179257</unitid><origination><persname source="naf" authfilenumber="http://id.loc.gov/authorities/names/n97858892">Piccagliani, Erio</persname></origination><physdesc>7 photographs</physdesc><container type="box">1</container><container type="folder">25</container></did><controlaccess><persname source="naf" authfilenumber="http://id.loc.gov/authorities/names/n97858892">Piccagliani, Erio</persname></controlaccess></c02><c02 level="file"><did><unittitle>Callas rehearsing and recording at La Scala</unittitle><unitdate type="inclusive">undated</unitdate><unitid type="local_mss">3179266</unitid><origination><persname source="naf" authfilenumber="http://id.loc.gov/authorities/names/n97858892">Piccagliani, Erio</persname></origination><physdesc>10 photographs</physdesc><container type="box">1</container><container type="folder">26</container></did><controlaccess><persname source="naf" authfilenumber="http://id.loc.gov/authorities/names/n97858892">Piccagliani, Erio</persname></controlaccess></c02><c02 level="file"><did><unitdate type="inclusive">undated</unitdate><unitid type="local_mss">3179270</unitid><origination><persname source="local">Rapisarda, Henry</persname></origination><physdesc>9 photographs</physdesc><container type="box">1</container><container type="folder">27</container></did><controlaccess><persname source="local">Rapisarda, Henry</persname></controlaccess></c02><c02 level="file"><did><unittitle>Time magazine</unittitle><unitdate type="inclusive">undated</unitdate><unitid type="local_mss">3179275</unitid><origination><persname source="naf" authfilenumber="http://id.loc.gov/authorities/names/n97045573">Siegel, Arthur S.</persname></origination><physdesc>3 photographs</physdesc><container type="box">1</container><container type="folder">28</container></did><controlaccess><persname source="naf" authfilenumber="http://id.loc.gov/authorities/names/n97045573">Siegel, Arthur S.</persname></controlaccess></c02><c02 level="file"><did><unittitle>Callas at home</unittitle><unitdate type="inclusive">undated</unitdate><unitid type="local_mss">3179276</unitid><note><p>Posed shots of Callas at home, with colleagues, rehearsing</p></note><physdesc>5 photographs</physdesc><container type="box">1</container><container type="folder">29</container></did></c02><c02 level="file"><did><unittitle>Callas in costume</unittitle><unitdate type="inclusive">undated</unitdate><unitid type="local_mss">3179278</unitid><note><p>Posed shots of Callas in costume</p></note><physdesc>6 photographs</physdesc><container type="box">1</container><container type="folder">30</container></did></c02><c02 level="file"><did><unittitle>Callas backstage</unittitle><unitdate type="inclusive">undated</unitdate><unitid type="local_mss">3179280</unitid><note><p>Journalistic photographs of Callas backstage, rehearsing, recording.</p></note><physdesc>11 photographs</physdesc><container type="box">1</container><container type="folder">31</container></did></c02><c02 level="file"><did><unittitle>Callas on stage</unittitle><unitdate type="inclusive">undated</unitdate><unitid type="local_mss">3179281</unitid><physdesc>3 photographs</physdesc><container type="box">1</container><container type="folder">32</container></did></c02></c01></dsc></archdesc>
</ead>
