<?xml version="1.0" encoding="UTF-8"?>
<ead xmlns="urn:isbn:1-931666-22-9" xmlns:xsi="http://www.w3.org/2001/XMLSchema-instance" xmlns:xlink="http://www.w3.org/1999/xlink" xsi:schemaLocation="urn:isbn:1-931666-22-9 http://www.loc.gov/ead/ead.xsd">
  <eadheader countryencoding="iso3166-1" dateencoding="iso8601" langencoding="iso639-2b" repositoryencoding="iso15511" relatedencoding="marc" scriptencoding="iso8601"><eadid countrycode="US" mainagencycode="US-NN" url="http://archives.nypl.org/scm/25287.xml">scm25287.xml</eadid><filedesc><titlestmt><titleproper>Guide to the Carnegie-Myrdal Study of the Negro in America research memoranda collection: additions, <date>1940-1942</date></titleproper></titlestmt><publicationstmt><publisher>The New York Public Library. Schomburg Center for Research in Black Culture, Manuscripts, Archives and Rare Books Division.</publisher><address><addressline>Schomburg Center for Research in Black Culture</addressline><addressline>515 Malcolm X Boulevard, New York, NY 10037-1801</addressline></address></publicationstmt></filedesc><profiledesc><creation>EAD generated by archives.nypl.org on <date normal="2019-12-10">December 10, 2019</date></creation><langusage><language langcode="eng">English</language></langusage></profiledesc></eadheader>
  
  <archdesc level="collection"><did><unittitle>Carnegie-Myrdal Study of the Negro in America research memoranda collection: additions</unittitle><unitdate type="inclusive" normal="1940/1942">1940-1942</unitdate><unitid type="local_mss">25287</unitid><unitid type="local_call">Sc MG 514</unitid><origination><corpname source="naf" authfilenumber="http://id.loc.gov/authorities/names/n80044775">Carnegie Corporation of New York</corpname></origination><repository><corpname>The New York Public Library. Schomburg Center for Research in Black Culture, Manuscripts, Archives and Rare Books Division.</corpname><address><addressline>Schomburg Center for Research in Black Culture</addressline><addressline>515 Malcolm X Boulevard, New York, NY 10037-1801</addressline></address></repository><physdesc><extent>6 items (1 folder)</extent></physdesc><abstract>The Carnegie-Myrdal Study of the Negro in America, also known as the "Carnegie-Myrdal Research Memoranda" is a comprehensive study of African Americans researched by a team of African-American and white social scientists. The study was sponsored by the Carnegie Corporation in 1939 for the purpose of providing the background for Gunnar Myrdal's book, "An American Dilemma" (New York: Harper  Brother Publisher, 1944). The collection consists of six items relating to the Carnegie-Myrdal study, "The Negro in America." Included is Gunnar Myrdal's draft of his preface to the first edition of the book, "An American Dilemma" (1941). A letter from Walter White (1940) to Attorney Carol Weis King requesting her participation in the study; Ms. King's response and her completed questionnaire is also included.</abstract></did><bioghist><p>The Carnegie-Myrdal Study of the Negro in America, also known as the "Carnegie-Myrdal Research Memoranda" is a comprehensive study of African Americans researched by a team of African-American and white social scientists. The study was sponsored by the Carnegie Corporation in 1939 for the purpose of providing the background for Gunnar Myrdal's book, "An American Dilemma" (New York: Harper &amp; Brother Publisher, 1944).</p></bioghist><scopecontent><p>The collection consists of six items relating to the Carnegie-Myrdal study, "The Negro in America." Included is Gunnar Myrdal's draft of his preface to the first edition of the book, "An American Dilemma" (1941). A letter from Walter White (1940) to Attorney Carol Weis King requesting her participation in the study; Ms. King's response and her completed questionnaire is also included.</p></scopecontent><prefercite><p>[Item], Carnegie-Myrdal Study of the Negro in America research memoranda collection: additions, Sc MG 514, Schomburg Center for Research in Black Culture, Manuscripts, Archives and Rare Books Division, The New York Public Library</p></prefercite><acqinfo><p>Unknown, 05/--/82</p></acqinfo><relatedmaterial type="host"><p>Carnegie Corporation of New York Carnegie-Myrdal Study of the Negro in America Research memoranda collection</p></relatedmaterial><controlaccess><persname source="naf" authfilenumber="http://id.loc.gov/authorities/names/n92109324">King, Carol Weiss, 1895-1952</persname><persname>Myrdal, Gunnar, 1898-</persname><persname>Myrdal, Gunnar, 1898- American dilemma. American dilemma.</persname><persname source="naf" authfilenumber="http://id.loc.gov/authorities/names/n50019876">White, Walter, 1893-1955</persname><corpname source="naf" authfilenumber="http://id.loc.gov/authorities/names/n80044775">Carnegie Corporation of New York</corpname><corpname source="naf" authfilenumber="http://id.loc.gov/authorities/names/n80044775">Carnegie Corporation of New York</corpname><subject source="lcsh">African Americans -- Economic conditions -- Research</subject><subject source="lcsh">African Americans -- Social conditions -- Research</subject><title>Negro in America</title><title>Schomburg NEH Automated Access to Special Collections Project</title><geogname source="lcsh">United States -- Race relations -- Research</geogname></controlaccess></archdesc>
</ead>
