<?xml version="1.0" encoding="UTF-8"?>
<ead xmlns="urn:isbn:1-931666-22-9" xmlns:xsi="http://www.w3.org/2001/XMLSchema-instance" xmlns:xlink="http://www.w3.org/1999/xlink" xsi:schemaLocation="urn:isbn:1-931666-22-9 http://www.loc.gov/ead/ead.xsd">
  <eadheader countryencoding="iso3166-1" dateencoding="iso8601" langencoding="iso639-2b" repositoryencoding="iso15511" relatedencoding="marc" scriptencoding="iso8601"><eadid countrycode="US" mainagencycode="US-NN" url="http://archives.nypl.org/scm/25286.xml">scm25286.xml</eadid><filedesc><titlestmt><titleproper>Guide to the Guichard Parris collection, <date>1936-1983</date></titleproper></titlestmt><publicationstmt><publisher>The New York Public Library. Schomburg Center for Research in Black Culture, Manuscripts, Archives and Rare Books Division.</publisher><address><addressline>Schomburg Center for Research in Black Culture</addressline><addressline>515 Malcolm X Boulevard, New York, NY 10037-1801</addressline></address></publicationstmt></filedesc><profiledesc><creation>EAD generated by archives.nypl.org on <date normal="2019-12-10">December 10, 2019</date></creation><langusage><language langcode="eng">English</language></langusage></profiledesc></eadheader>
  
  <archdesc level="collection"><did><unittitle>Guichard Parris collection</unittitle><unitdate type="inclusive" normal="1936/1983">1936-1983</unitdate><unitid type="local_mss">25286</unitid><unitid type="local_call">Sc MG 506</unitid><origination><persname source="naf" authfilenumber="http://id.loc.gov/authorities/names/n96023747">Parris, Guichard</persname></origination><repository><corpname>The New York Public Library. Schomburg Center for Research in Black Culture, Manuscripts, Archives and Rare Books Division.</corpname><address><addressline>Schomburg Center for Research in Black Culture</addressline><addressline>515 Malcolm X Boulevard, New York, NY 10037-1801</addressline></address></repository><physdesc><extent>1.4 lin. ft.</extent></physdesc><abstract>Guichard Parris was director of public relations of the National Urban League from 1944-1968. Born in Guadeloupe, Parris held degrees from Amherst College and Columbia University. He taught at three colleges (1930-1936), then became director of the Negro Affairs National Youth Administration Region I (1939-1942). The bulk of his career was spent at the National Urban League in New York before becoming a consultant for urban affairs for Underwood Jordan Associates (1968-1978). Parris served as president of The Schomburg Corporation (1984-1986). The bulk of the Guichard Parris Collection is comprised of photocopies of research material and biographical information Parris compiled for a translation of nineteenth century French abolitionist Bishop Henri Gregoire's "De la litterature des Nègres." In addition, there is a scrapbook and printed matter from the New York Urban League (1950s) as well as some personal papers.</abstract></did><bioghist><p>Guichard Parris was director of public relations of the National Urban League from 1944-1968. Born in Guadeloupe, Parris held degrees from Amherst College and Columbia University. He taught at three colleges (1930-1936), then became director of the Negro Affairs National Youth Administration Region I (1939-1942). The bulk of his career was spent at the National Urban League in New York before becoming a consultant for urban affairs for Underwood Jordan Associates (1968-1978). Parris served as president of The Schomburg Corporation (1984-1986).</p></bioghist><scopecontent><p>The bulk of the Guichard Parris Collection is comprised of photocopies of research material and biographical information Parris compiled for a translation of nineteenth century French abolitionist Bishop Henri Gregoire's "De la litterature des Nègres." In addition, there is a scrapbook and printed matter from the New York Urban League (1950s) as well as some personal papers.</p></scopecontent><prefercite><p>[Item], Guichard Parris collection, Sc MG 506, Schomburg Center for Research in Black Culture, Manuscripts, Archives and Rare Books Division, The New York Public Library</p></prefercite><acqinfo><p>Gift, Parris, Guichard, 1985</p></acqinfo><controlaccess><persname source="naf" authfilenumber="http://id.loc.gov/authorities/names/n50031469">Grégoire, Henri, 1750-1831</persname><persname source="naf" authfilenumber="http://id.loc.gov/authorities/names/n96023747">Parris, Guichard</persname><corpname source="naf" authfilenumber="http://id.loc.gov/authorities/names/n88116387">New York Urban League</corpname><subject source="lcsh">Abolitionists -- France</subject><subject source="lcsh">African American civil rights workers -- New York (State) -- New York</subject><subject source="lcsh">African Americans -- New York (State) -- New York -- Societies, etc</subject><subject source="lcsh">Antislavery movements -- France</subject><subject source="local">Black author</subject><subject source="lcsh">Blacks -- Colonies -- France</subject><subject source="lcsh">Slavery -- Colonies -- France</subject><geogname source="lcsh">France -- Colonies -- History</geogname></controlaccess></archdesc>
</ead>
