<?xml version="1.0" encoding="UTF-8"?>
<ead xmlns="urn:isbn:1-931666-22-9" xmlns:xsi="http://www.w3.org/2001/XMLSchema-instance" xmlns:xlink="http://www.w3.org/1999/xlink" xsi:schemaLocation="urn:isbn:1-931666-22-9 http://www.loc.gov/ead/ead.xsd">
  <eadheader countryencoding="iso3166-1" dateencoding="iso8601" langencoding="iso639-2b" repositoryencoding="iso15511" relatedencoding="marc" scriptencoding="iso8601"><eadid countrycode="US" mainagencycode="US-NN" url="http://archives.nypl.org/scm/25285.xml">scm25285.xml</eadid><filedesc><titlestmt><titleproper>Guide to the Louise Evans Briggs-Hall theatre collection, <date>1941-1992</date></titleproper></titlestmt><publicationstmt><publisher>The New York Public Library. Schomburg Center for Research in Black Culture, Manuscripts, Archives and Rare Books Division.</publisher><address><addressline>Schomburg Center for Research in Black Culture</addressline><addressline>515 Malcolm X Boulevard, New York, NY 10037-1801</addressline></address></publicationstmt></filedesc><profiledesc><creation>EAD generated by archives.nypl.org on <date normal="2019-12-10">December 10, 2019</date></creation><langusage><language langcode="eng">English</language></langusage></profiledesc></eadheader>
  
  <archdesc level="collection"><did><unittitle>Louise Evans Briggs-Hall theatre collection</unittitle><unitdate type="inclusive" normal="1941/1992">1941-1992</unitdate><unitid type="local_mss">25285</unitid><unitid type="local_call">Sc MG 501</unitid><note encodinganalog="500"><p>Set and costume designs transferred to Art and Artifact Division</p></note><origination><persname source="naf" authfilenumber="http://id.loc.gov/authorities/names/no2011170410">Briggs-Hall, Louise Evans, 1921-1992</persname></origination><repository><corpname>The New York Public Library. Schomburg Center for Research in Black Culture, Manuscripts, Archives and Rare Books Division.</corpname><address><addressline>Schomburg Center for Research in Black Culture</addressline><addressline>515 Malcolm X Boulevard, New York, NY 10037-1801</addressline></address></repository><physdesc><extent>1 folder (31 items)</extent></physdesc><abstract>Louise Evans Briggs-Hall (1921-1992), born in St. Louis, Missouri was the first African-American woman to become a member of the United Scenic Artists, Local USA 829 in the early 1950s. She began her career directing children's theatre with the Children's Theatre of Evanston, the Thalian Society and the Chicago Park District. She later added stage scenic production, costume and lighting design to her list of accomplishments. Considered an African-American pioneer in the field of costume and set design, Briggs-Hall also directed theatrical productions such as "The Life We Live" and was designer and technical director for productions such as "As You Like It" and "George Washington Slept Here.". The Louise Evans Briggs-Hall Theatre Collection consists of funeral programs (1992), playbills, flyers, and reviews for productions directed and designed by Briggs-Hall. Additionally, there are materials that relate to the United Scenic Artists' Costume Designer's exam (1952-1954), and various identification cards, some relating to her professional memberships.</abstract></did><bioghist><p>Louise Evans Briggs-Hall (1921-1992), born in St. Louis, Missouri was the first African-American woman to become a member of the United Scenic Artists, Local USA 829 in the early 1950s. She began her career directing children's theatre with the Children's Theatre of Evanston, the Thalian Society and the Chicago Park District. She later added stage scenic production, costume and lighting design to her list of accomplishments. Considered an African-American pioneer in the field of costume and set design, Briggs-Hall also directed theatrical productions such as "The Life We Live" and was designer and technical director for productions such as "As You Like It" and "George Washington Slept Here.".</p></bioghist><scopecontent><p>The Louise Evans Briggs-Hall Theatre Collection consists of funeral programs (1992), playbills, flyers, and reviews for productions directed and designed by Briggs-Hall. Additionally, there are materials that relate to the United Scenic Artists' Costume Designer's exam (1952-1954), and various identification cards, some relating to her professional memberships.</p></scopecontent><prefercite><p>[Item], Louise Evans Briggs-Hall theatre collection, Sc MG 501, Schomburg Center for Research in Black Culture, Manuscripts, Archives and Rare Books Division, The New York Public Library</p></prefercite><acqinfo><p>Gift, Perkins, Kathy A., July 2008</p></acqinfo><controlaccess><persname source="naf" authfilenumber="http://id.loc.gov/authorities/names/no2011170410">Briggs-Hall, Louise Evans, 1921-1992</persname><corpname source="naf" authfilenumber="http://id.loc.gov/authorities/names/no2011181812">United Scenic Artists. Local USA 829</corpname><subject source="lcsh">African American actresses</subject><subject source="lcsh">African Americans in the performing arts</subject><subject source="lcsh">Theater -- Production and direction -- United States</subject><subject source="lcsh">Theater management -- United States</subject><subject source="lcsh">Women in the theater -- United States</subject></controlaccess></archdesc>
</ead>
