<?xml version="1.0" encoding="UTF-8"?>
<ead xmlns="urn:isbn:1-931666-22-9" xmlns:xsi="http://www.w3.org/2001/XMLSchema-instance" xmlns:xlink="http://www.w3.org/1999/xlink" xsi:schemaLocation="urn:isbn:1-931666-22-9 http://www.loc.gov/ead/ead.xsd">
  <eadheader countryencoding="iso3166-1" dateencoding="iso8601" langencoding="iso639-2b" repositoryencoding="iso15511" relatedencoding="marc" scriptencoding="iso8601"><eadid countrycode="US" mainagencycode="US-NN" url="http://archives.nypl.org/scm/25596.xml">scm25596.xml</eadid><filedesc><titlestmt><titleproper>Guide to the Gladys H. MacDonald papers, <date>1924-1959</date></titleproper></titlestmt><publicationstmt><publisher>The New York Public Library. Schomburg Center for Research in Black Culture, Manuscripts, Archives and Rare Books Division.</publisher><address><addressline>Schomburg Center for Research in Black Culture</addressline><addressline>515 Malcolm X Boulevard, New York, NY 10037-1801</addressline></address></publicationstmt></filedesc><profiledesc><creation>EAD generated by archives.nypl.org on <date normal="2019-12-10">December 10, 2019</date></creation><langusage><language langcode="eng">English</language></langusage></profiledesc></eadheader>
  
  <archdesc level="collection"><did><unittitle>Gladys H. MacDonald papers</unittitle><unitdate type="inclusive" normal="1924/1959">1924-1959</unitdate><unitid type="local_mss">25596</unitid><unitid type="local_call">Sc MG 726</unitid><note encodinganalog="500"><p>Photographs transferred to Photographs and Prints Division</p></note><origination><persname source="naf" authfilenumber="http://id.loc.gov/authorities/names/no2009112867">MacDonald Gladys H., 1912-</persname></origination><repository><corpname>The New York Public Library. Schomburg Center for Research in Black Culture, Manuscripts, Archives and Rare Books Division.</corpname><address><addressline>Schomburg Center for Research in Black Culture</addressline><addressline>515 Malcolm X Boulevard, New York, NY 10037-1801</addressline></address></repository><physdesc><extent>.4 lin. ft. (1 archival box)</extent></physdesc><abstract>The Gladys MacDonald Papers include documents from MacDonald's personal life and from the organization Harlem Speaks, a forum dedicated to stimulating discussion of major issues affecting community life. Most of the personal documents are biographical sketches and correspondence regarding her employment history and job search. Harlem Speaks material contains correspondence (1952-1958), event and meeting information such as flyers, invitations, minutes, notes and agendas. There are also financial reports, fundraising letters and proposals as well as press clippings. Address lists and approximately one hundred address cards provide membership information.</abstract></did><bioghist><p>Gladys H. MacDonald was a Harlem-based librarian and community organizer. Throughout the 1930s and 1940s, MacDonald worked in a variety of librarian and teaching positions for institutions such as the Schomburg Collection for Negro Literature and History (New York Public Library), New York Amsterdam News, 135th Street YMCA, and Brooklyn College.</p><p>In 1951 MacDonald founded Harlem Speaks, an interracial group that held community forums and meetings featuring speakers such as Langston Hughes and George Schuyler. The organization suffered from lack of funding and ceased functioning in 1959.</p></bioghist><scopecontent><p>The Gladys MacDonald Papers include documents from MacDonald's personal life and from the organization Harlem Speaks, a forum dedicated to stimulating discussion of major issues affecting community life. Most of the personal documents are biographical sketches and correspondence regarding her employment history and job search. Harlem Speaks material contains correspondence (1952-1958), event and meeting information such as flyers, invitations, minutes, notes and agendas. There are also financial reports, fundraising letters and proposals as well as press clippings. Address lists and approximately one hundred address cards provide membership information.</p></scopecontent><prefercite><p>[Item], Gladys H. MacDonald papers, Sc MG 726, Schomburg Center for Research in Black Culture, Manuscripts, Archives and Rare Books Division, The New York Public Library</p></prefercite><acqinfo><p>Gift, Andrew Sinauer, May 2003</p></acqinfo><controlaccess><persname source="naf" authfilenumber="http://id.loc.gov/authorities/names/no2009112867">MacDonald Gladys H., 1912-</persname><corpname source="naf" authfilenumber="http://id.loc.gov/authorities/names/no2009112866">Harlem Speaks (Organization)</corpname><subject source="lcsh">African American librarians</subject><subject source="lcsh">African Americans -- Societies, etc</subject><subject source="lcsh">Associations, institutions, etc -- New York (State) -- New York</subject><geogname source="lcsh" authfilenumber="http://viaf.org/viaf/168409714">Harlem (New York, N.Y.)</geogname></controlaccess></archdesc>
</ead>
