<?xml version="1.0" encoding="UTF-8"?>
<ead xmlns="urn:isbn:1-931666-22-9" xmlns:xsi="http://www.w3.org/2001/XMLSchema-instance" xmlns:xlink="http://www.w3.org/1999/xlink" xsi:schemaLocation="urn:isbn:1-931666-22-9 http://www.loc.gov/ead/ead.xsd">
  <eadheader countryencoding="iso3166-1" dateencoding="iso8601" langencoding="iso639-2b" repositoryencoding="iso15511" relatedencoding="marc" scriptencoding="iso8601"><eadid countrycode="US" mainagencycode="US-NN" url="http://archives.nypl.org/scm/25656.xml">scm25656.xml</eadid><filedesc><titlestmt><titleproper>Guide to the Richard E. Stenhouse, Sr. papers, <date>1943 - 1990 [bulk 1943 - 1984]</date></titleproper></titlestmt><publicationstmt><publisher>The New York Public Library. Schomburg Center for Research in Black Culture, Manuscripts, Archives and Rare Books Division.</publisher><address><addressline>Schomburg Center for Research in Black Culture</addressline><addressline>515 Malcolm X Boulevard, New York, NY 10037-1801</addressline></address></publicationstmt></filedesc><profiledesc><creation>EAD generated by archives.nypl.org on <date normal="2019-12-10">December 10, 2019</date></creation><langusage><language langcode="eng">English</language></langusage></profiledesc></eadheader>
  
  <archdesc level="collection"><did><unittitle>Richard E. Stenhouse, Sr. papers</unittitle><unitdate type="inclusive" normal="1943/1990">1943 - 1990</unitdate><unitdate type="bulk" normal="1943/1984">1943 - 1984</unitdate><unitid type="local_mss">25656</unitid><unitid type="local_call">Sc MG 850</unitid><unitid type="local_b">b19966213</unitid><origination><persname source="local">Richard Eugene Stenhouse, Sr.</persname></origination><repository><corpname>The New York Public Library. Schomburg Center for Research in Black Culture, Manuscripts, Archives and Rare Books Division.</corpname><address><addressline>Schomburg Center for Research in Black Culture</addressline><addressline>515 Malcolm X Boulevard, New York, NY 10037-1801</addressline></address></repository><abstract>The Richard E. Stenhouse, Sr. Papers, 1943-1990 document his career as a minister, college instructor and administrator, and missionary and administrator in the United Church Board for World Ministries, one of the largest church missionary organizations in the world. The collection is arranged in four series with the bulk dates spanning the 1940s through the 1980s. Stenhouse's correspondence, sermons, and presentation notes consistently include mentions of people, places, and events that detail the history, areas of convergence and divergence among the experiences of the peoples of Africa and African descendent peoples in the United States.</abstract><langmaterial>English</langmaterial><langmaterial>English</langmaterial></did><bioghist><p>Reverend Dr. Richard Eugene Stenhouse, Sr. was born January 17, 1921 in Greenville, South Carolina to Luther and Fannie E. Stenhouse, the youngest of four brothers and three sisters. Enriched by a strong church environment, it was the family's general consensus that he would become a minister. During the course of his life, his actions were as a man of faith and a seeker of justice. Specifically, he spent a lifetime reclaiming his humanity and those of his fellow U.S. residents by advocating for social, economic, and political parity. Faced with a nation that legalized racism, justified through violence, subordination, and oppression, Stenhouse demonstrated great resolve and commitment to disrupt, overturn, and resist systemic issues of injustice. This work was personal as well as professional. It was also done in collaboration with others across racial lines and was aligned with the principles of nonviolence and peace. In addition, his wife, Ella V. Griffin Stenhouse, whom he married in 1957, was a supporter, ally, and partner in all of his endeavors.</p> <p>A 1937 graduate of Sterling High School in his hometown, Stenhouse earned his bachelor's degree in 1949 at William Penn College in Oskaloosa, Iowa. Prior to attending college, he had registered as a conscientious objector and during World War II he was conscripted to serve three years (1940-1943) in the Civilian Public Service Camps (CPS), however the period of conscription in the CPS camps was later extended until the last of the soldiers returned from overseas in 1947. Finding his conscription in the CPS camps a contradiction to his convictions, Stenhouse went AWOL (absent without leave) from the California camp where he was working and enrolled in William Penn College. After completing his studies there, he attended Haverford College in Pennsylvania in pursuit of a master's degree in philosophy, which he earned in 1950. His thesis was entitled "The Mysticism of Isaac Pennington," an important Quaker leader. During his years in the CPS he became a member of the Wider Quaker Fellowship, thus, while earning his degree, he resided at the Quaker Center for Social and Religious Studies in Pendle Hill. Although he was a Presbyterian minister, his relationship with the Religious Society of Friends (Quakers) would be life-long. This connection included shared protests around social issues, particularly those regarding race and racism.</p> <p>Stenhouse began his formal training for the ministry at Union Theological Seminary in New York City upon completion of his studies at Haverford. During this period he served at the Presbyterian Church of the Master. A member of an interracial ministerial staff, he was director of a racially integrated summer camp program sponsored by the Church and Morningside Community Center. In 1953, after earning his master's of divinity in systematic theology and ordination in the United Presbyterian Church U.S.A., he served as first Assistant and then Associate Pastor of the Presbyterian Church of the Master until 1958. Shortly afterwards, Stenhouse accepted a teaching position at Paine College in Augusta, GA where he taught religion and philosophy for 2 years, and in 1963 he became the Dean of Students/Dean of Student Affairs until 1971. At the same time he pursued a Ph.D. in philosophy of religion from the University of Denver, Colorado. His dissertation, "Current Status of Chief Student Personnel Administrators in United Negro College Fund Member Institutions," provided a description and analysis of the status of the chief student personnel administrations in relation to current and future professional trends in the administration of these services.</p> <p>A pacifist and supporter of nonviolence as a means of advancing social change, Stenhouse participated in sit-ins at a local Woolworth store and in several area churches in Augusta challenging the persistent laws of racial segregation. A student of the nonviolent philosophies of Mahatma Gandi and Dr. Martin Luther King, Jr., he gave his students at Paine College a thorough introduction to the philosophy and practice of nonviolence in the resolution of social conflict. As a result of his teachings and leadership, the students played a vital and substantial role in striving to maintain racial harmony and peace in Augusta during the racial disturbances of the 1960s. Also during this period, under Mrs. Stenhouse's leadership, a core of parents opened the community's first interracial kindergarten, Open Door, which is still in operation as of 2011.</p> <p>In 1970, Dr. Chester Marcus, the Associate Regional Secretary for Africa in the United Church of Christ's United Church Board for World Ministries (UCBWM) in New York, invited Stenhouse to consider a mission to Africa. Stenhouse accepted the offer and in 1971, he and his wife, Ella, a licensed practical nurse and certified teacher, went to Ghana to serve as UCBWM missionaries for six years. They were assigned to the Evangelical Presbyterian Church Seminary in Peki Blengo where Stenhouse began his work serving in the Evangelical school as a teacher. A year later he became principal of the school after the then principal, Dr. Reverend C. K. Dovlo, was promoted to Moderator of the Church and relocated to Ho, Ghana. Among other things, Stenhouse used his position to work for the inclusion of women in the Seminary and encourage self-reliance for his African pupils, which was not wholeheartedly embraced by his white U.S. colleagues and other missionaries working in Africa. Because there were very few individuals of African descent from the U.S. involved as missionaries or in leadership roles within the UCBWM, Stenhouse often found himself functioning as a buffer, mediator, and advocate in direct response to the conservative views and actions taken by missionaries and colleagues.</p> <p>In 1977, Stenhouse became the Associate Regional Secretary for Africa under Dr. Marcus and moved back to New York to the UCBWM offices. He was named Acting Regional Secretary in 1979 after Marcus had a stroke, and officially assumed the position of Regional Secretary of Africa two years later. As Regional Secretary, Stenhouse was responsible for coordinating the work of over thirty missionaries in ten African nations (Ghana, Togo, South Africa, Zimbabwe, Zambia, Mozambique, Botswana, Angola, Lesotho, and Namibia). In this capacity, he maintained oversight of the regional budget, programs, and relationships tied to the Africa office, one of 6 regions (Africa, East Asia, Southern Asia, Europe, Latin America/Caribbean/Oceania, and Middle East) served by the UCBWM. As part of his duties he made numerous trips to visit the missionaries and churches in the countries within his region between 1979-1984. He also attended the independence celebration of Zimbabwe (formerly Rhodesia) from British rule in 1980 and visited other countries (Kenya, Swaziland, and Zaire) in addition to those within his region.</p> <p>In 1984, Stenhouse took a leave of absence from his position as African Regional Secretary for personal and family reasons. However, his commitment to increase the number of black and other minority missionaries resulted in his becoming a UCBWM consultant for the UCC Black Constituency and the Council of Racial and Ethnic Ministries (COREM), two internal organizations that were, in part, charged with building participation of underrepresented groups in the missionary corps. He was replaced by an interim Regional Secretary, and when he did not return to that position Andrea Young was hired to fill the position permanently in 1985.</p> <p>Within a month of assuming the consultancy, Stenhouse proposed a new position that expanded the liaison role that he was fulfilling between the United Black Christians and UCC to incorporate other racial/ethnic groups. The proposed position would increase the interest, participation, and assignment of qualified members of racial and ethnic groups in UCBWM overseas mission and service programs. Although the goals for the position were broadly multiracial/multiethnic in intention, efforts to increase the commitment of Christians of African descent to overseas ministries were fore-grounded.</p> <p>Stenhouse's decision to broaden the scope of the consultancy appears to have been the result of ongoing conversations among the UCC's racial and ethnic organizations regarding the lack of diversity among UCBWM personnel, as well as the perception that these groups were not treated as equals within the organization, and that limited communication contributed to the entrenched underrepresentation of missionaries. Stenhouse's proposal called for an executive position within the UCBWM, thus centralizing the recruitment efforts of blacks and the other constituent minority groups/organizations. Specific goals entailed increasing personal contact between UCBWM and the various underrepresented groups via outreach and recruitment, and evaluating and securing feedback from constituent groups on their awareness of overseas missions and their overall perceptions of UCBWM. As described by an internal memo, Stenhouse's new role would "develop[ing] a new program of relationships within the UCC in the USA." A news article further described the new initiative as "developing an integrated global mission." Although Stenhouse held the consultancy for a little over a year, his recruitment efforts established and confirmed the inconsistencies between UCBWM policies and practices internally and overseas through surveys and feedback that he obtained. His proposal and subsequent role ultimately served to facilitate the initial phase of an initiative to improve the role and image of the UCBWM in the view of minority constituents. In addition to carrying out the formal goals, Stenhouse advocated policy changes, among them that the consultant position be included in the UCC/UCBWM budget and that it be a permanent position.</p> <p>During his time as a consultant, Stenhouse remained attentive to issues in Africa. In particular, he participated in a planned apartheid protest demonstration at the South Africa embassy in Washington, DC. in 1985, where he was arrested. The issue of apartheid was persistently discussed among his colleagues and Stenhouse was outspoken on the issue of U.S. government and corporate divestiture.</p> <p>Stenhouse retired in 1985. In 1987 he suffered a stroke and died in 1993. He was survived by his wife, Ella and three children, Richard, Jr., David and Vera.</p></bioghist><scopecontent><p>The Richard E. Stenhouse, Sr. Papers, 1943-1990 document his career as a minister, college instructor and administrator, and missionary and administrator in the United Church Board for World Ministries, one of the largest church missionary organizations in the world. The collection is arranged in four series with the bulk dates spanning the 1940s through the 1980s. Stenhouse's correspondence, sermons, and presentation notes consistently include mentions of people, places, and events that detail the history, areas of convergence and divergence among the experiences of the peoples of Africa and African descendent peoples in the United States.</p></scopecontent><prefercite><p>[Item], Richard E. Stenhouse, Sr. papers, Sc MG 850, Schomburg Center for Research in Black Culture, Manuscripts, Archives and Rare Books Division, The New York Public Library</p></prefercite><arrangement><p>The collection is arranged in four series with the bulk dates spanning the 1940s through the 1980s: Personal Papers; United Church Board for World Ministries; United Church of Christ - Printed Material; and Subject Files. Stenhouse's correspondence, sermons, and presentation notes consistently include mentions of people, places, and events that detail the history, areas of convergence and divergence among the experiences of the peoples of Africa and African descendent peoples in the United States.</p></arrangement><acqinfo><p>Purchased from Ella Stenhouse, 2010.</p></acqinfo><processinfo><p>Processed by Vera L. Stenhouse under the direction of Diana Lachatanere, 2011.</p></processinfo><controlaccess><persname source="local">Richard Eugene Stenhouse, Sr.</persname><subject source="lcsh">African American missionaries</subject><subject source="lcsh">Civilian Public Service--History.</subject><subject source="local">Evangelical Presbyterian Church</subject><subject source="lcsh">Missionaries--Africa.</subject><subject source="lcsh">Paine College</subject><subject source="lcsh">United Church of Christ--Clergy.</subject><subject source="lcsh">World War, 1939-1945--Conscientious objectors--United States.</subject><geogname source="lcsh">Africa.</geogname><geogname source="lcsh">Augusta, GA</geogname><geogname source="lcsh">Ghana.</geogname><occupation source="lcsh">African American clergy.</occupation></controlaccess><dsc><c01 level="series"><did><unittitle>Personal Papers</unittitle><unitdate type="inclusive" normal="1943/1989">1943 - 1980s</unitdate><unitid type="local_mss">3199360</unitid></did><scopecontent><p>The Personal Papers series is arranged in chronological order and includes three subseries: education, sermons and Paine College.</p> <p>The earliest material relates to Stenhouse's conscription in the Civilian Public Service. Materials include his draft notice and typewritten explanation of his decision to be a conscientious objector. A folder of program bulletins provides information on his activities as a visiting or participating minister at different churches, 1968-1984 and undated. The correspondence, 1978-1988, n.d. includes letters (1985-1986) from overseas church partners regarding his retirement from the United Church Board for World Ministries (UCBWM). Newspaper clippings, 1968-1984, include articles in which Stenhouse discussed his position on various political, social, and/or economic issues happening in the African continent, specifically South Africa and apartheid; and the role of nonviolence in securing freedoms/rights.</p></scopecontent><c02 level="subseries"><did><unittitle>Education</unittitle><unitid type="local_mss">3199361</unitid></did><scopecontent><p>The Education subseries includes transcripts, course papers, and copies of his master's thesis, <title>The Mysticism of Isaac Pennington</title> and his dissertation, <title>Current Status of Chief Student Personnel Administrators in United Negro College Fund Member Institutions</title>.</p></scopecontent><c03 level="file"><did><unittitle>Civilian Public Service</unittitle><unitdate type="inclusive" normal="1943/1945">1943-1945</unitdate><unitdate type="inclusive" normal="1988">1988</unitdate><unitdate type="inclusive" normal="1990">1990</unitdate><unitid type="local_mss">3199379</unitid><container type="box">1</container><container type="folder">1</container></did></c03><c03 level="file"><did><unittitle>Visa Applications</unittitle><unitid type="local_mss">3199380</unitid><container type="box">1</container><container type="folder">2</container></did></c03><c03 level="file"><did><unittitle>General Correspondence</unittitle><unitdate type="inclusive" normal="1978/1988">1978-1988</unitdate><unitid type="local_mss">3199381</unitid><container type="box">1</container><container type="folder">3</container></did></c03><c03 level="file"><did><unittitle>Overseas Church Partners - Retirement Citation Letters</unittitle><unitdate type="inclusive" normal="1985/1986">1985-1986</unitdate><unitid type="local_mss">3199382</unitid><container type="box">1</container><container type="folder">4</container></did></c03><c03 level="file"><did><unittitle>Dual Ministerial Relationship with United Church of Christ</unittitle><unitdate type="inclusive" normal="1980/1981">1980-1981</unitdate><unitid type="local_mss">3199383</unitid><container type="box">1</container><container type="folder">5</container></did></c03><c03 level="file"><did><unittitle>Ministerial Program Bulletins (Participating Minister, Attending Function)</unittitle><unitdate type="inclusive" normal="1978/1984">1978-1984</unitdate><unitid type="local_mss">3199384</unitid><container type="box">1</container><container type="folder">6</container></did></c03><c03 level="file"><did><unittitle>Newspaper Clippings</unittitle><unitdate type="inclusive" normal="1968/1984">1968-1984</unitdate><unitid type="local_mss">3199385</unitid><container type="box">1</container><container type="folder">7</container></did></c03><c03 level="file"><did><unittitle>Transcripts, grade reports, and other documents</unittitle><unitid type="local_mss">3199386</unitid><container type="box">1</container><container type="folder">8</container></did></c03><c03 level="file"><did><unittitle>The Beatitudes: Original Course Paper, 1947 (Revised Version, July 25, 1985, Union Theological Seminary)</unittitle><unitid type="local_mss">3199387</unitid><container type="box">1</container><container type="folder">9</container></did></c03><c03 level="file"><did><unittitle>William Penn College Course Work</unittitle><unitdate type="inclusive" normal="1949">1949</unitdate><unitid type="local_mss">3199388</unitid><container type="box">1</container><container type="folder">10</container></did></c03><c03 level="file"><did><unittitle>Master's Thesis: "The Mysticism of Isaac Pennington"</unittitle><unitdate type="inclusive" normal="1950-05-10">1950 May 10</unitdate><unitid type="local_mss">3199389</unitid><container type="box">1</container><container type="folder">11</container></did></c03><c03 level="file"><did><unittitle>Various papers on Higher Education</unittitle><unitdate type="inclusive" normal="1964">1964</unitdate><unitid type="local_mss">3199390</unitid><container type="box">1</container><container type="folder">12</container></did></c03><c03 level="file"><did><unittitle>Education Foundations – (Doctoral Studies Course)</unittitle><unitdate type="inclusive" normal="1967-03-20/1967-06-21">Spring 1967</unitdate><unitid type="local_mss">3199391</unitid><container type="box">1</container><container type="folder">13</container></did></c03><c03 level="file"><did><unittitle>Statistics – Education Measurement (Doctoral Studies Course)</unittitle><unitdate type="inclusive" normal="1967-06-21/1967-09-23">Summer 1967</unitdate><unitid type="local_mss">3199392</unitid><container type="box">1</container><container type="folder">14</container></did></c03><c03 level="file"><did><unittitle>Philosophy Related Courses (Philosophy of Education; Science; Stoicism; American Philosophy)</unittitle><unitdate type="inclusive" normal="1967/1968">1967 - 1968</unitdate><unitid type="local_mss">3199393</unitid><container type="box">1</container><container type="folder">15</container></did></c03><c03 level="file"><did><unittitle>Ph.D. Dissertation: "Current Status of Chief Student Personnel Administrations in United Negro College Fund Member Institution"</unittitle><unitdate type="inclusive" normal="1968-12">December 1968</unitdate><unitid type="local_mss">3199394</unitid><container type="box">1</container><container type="folder">16</container></did></c03><c03 level="file"><did><unittitle>Commencement Program – University of Denver</unittitle><unitdate type="inclusive" normal="1969-06-10">1969 June 10</unitdate><unitid type="local_mss">3199395</unitid><container type="box">1</container><container type="folder">17</container></did></c03><c03 level="file"><did><unittitle>Religion Coursework (Bible Translations/Catechism Course; Old Testament Course)</unittitle><unitid type="local_mss">3199396</unitid><container type="box">1</container><container type="folder">18</container></did></c03><c03 level="file"><did><unittitle>Judaism</unittitle><unitid type="local_mss">3199397</unitid><container type="box">1</container><container type="folder">19</container></did></c03><c03 level="file"><did><unittitle>Course Notes</unittitle><unitdate type="inclusive" normal="1963">1963</unitdate><unitid type="local_mss">3199398</unitid><container type="box">1</container><container type="folder">20</container></did></c03><c03 level="file"><did><unittitle>Prophets</unittitle><unitid type="local_mss">3199399</unitid><container type="box">1</container><container type="folder">21</container></did></c03><c03 level="file"><did><unittitle>World Religions Course</unittitle><unitid type="local_mss">3199400</unitid><container type="box">1</container><container type="folder">22</container></did></c03><c03 level="file"><did><unittitle>Prayers and Poetry</unittitle><unitdate type="inclusive" normal="1954/1955">1954 -1955</unitdate><unitid type="local_mss">3199401</unitid><container type="box">1</container><container type="folder">23</container></did></c03></c02><c02 level="subseries"><did><unittitle>Sermons</unittitle><unitdate type="inclusive" normal="1950/1989">1950s - 1980s</unitdate><unitid type="local_mss">3199362</unitid></did><scopecontent><p>Stenhouse's Sermons, 1950's-1980's and undated, are thematic as well as institutional in focus, such as those written and/or delivered at the Church of the Master (mostly 1950s) during his tenure as assistant and associate pastor, and guest minister there as well at Paine College and the Evangelical Church Peki Blengo in Ghana. There are also retreat and lecture notes related to the Religious Society of Friends (Pendle Hill). The sermons consist mostly of handwritten notes, ideas, as well as full sermons. Some sermons are not always annotated and could have been written during his time as a student at Union Theological Seminary. Those dated in the 1980s tend to focus on Africa as a whole or are specific to a country usually connected to either a political and/or Christian/Biblical related topic.</p></scopecontent><c03 level="file"><did><unittitle>Gospel Themes</unittitle><unitid type="local_mss">3199402</unitid><container type="box">1</container><container type="folder">24</container></did></c03><c03 level="file"><did><unittitle>New Testament Themes Homiletics</unittitle><unitdate type="inclusive" normal="1950/1959" certainty="approximate">circa 1950s</unitdate><unitid type="local_mss">3199403</unitid><container type="box">1</container><container type="folder">25</container></did></c03><c03 level="file"><did><unittitle>Church of the Master</unittitle><unitdate type="inclusive" normal="1950/1959" certainty="approximate">circa 1950s</unitdate><unitid type="local_mss">3199404</unitid><container type="box">1</container><container type="folder">26</container></did></c03><c03 level="file"><did><unittitle>Guest Minister - Church of the Master, Paine College</unittitle><unitdate type="inclusive" normal="1950/1969">1950s - 1960s</unitdate><unitid type="local_mss">3199405</unitid><container type="box">1</container><container type="folder">27</container></did></c03><c03 level="file"><did><unittitle>Religious Society of Friends (Quakers) – Retreat Notes, Lecture Notes (Including Pendle Hill)</unittitle><unitdate type="inclusive" normal="1960/1969">1960s</unitdate><unitid type="local_mss">3199406</unitid><container type="box">2</container><container type="folder">1</container></did></c03><c03 level="file"><did><unittitle>Evangelical Church Peki Blengo Chapel, Ghana - Guest Minister, 1970s</unittitle><unitdate type="inclusive" normal="1980/1989">1980s</unitdate><unitid type="local_mss">3199407</unitid><container type="box">2</container><container type="folder">2</container></did></c03><c03 level="file"><did><unittitle>Sermons, undated</unittitle><unitid type="local_mss">3199408</unitid><container type="box">2</container><container type="folder">3</container></did></c03></c02><c02 level="subseries"><did><unittitle>Paine College</unittitle><unitdate type="inclusive" normal="1960/1971">1960 - 1971</unitdate><unitid type="local_mss">3199363</unitid></did><scopecontent><p>The Paine College subseries, 1960 - 1971, is arranged chronologically and includes correspondence, reports, faculty contracts as Dean of Students, and a smattering of college related material such as the accreditation self-study publication (in which Stenhouse is acknowledged as a contributor), and a 1961 yearbook. The series also contains a folder of material (memos, correspondence, affidavits, news clippings) on the race riots in Augusta and Paine College student involvement in the May 1970 disturbances.</p></scopecontent><c03 level="file"><did><unittitle>Dean of Students, Religion Instructor – Contracts</unittitle><unitdate type="inclusive" normal="1959">1959</unitdate><unitdate type="inclusive" normal="1963/1966">1963-1966</unitdate><unitdate type="inclusive" normal="1969/1971">1969-1971</unitdate><unitid type="local_mss">3199409</unitid><container type="box">2</container><container type="folder">4</container></did></c03><c03 level="file"><did><unittitle>Faculty Loan</unittitle><unitdate type="inclusive" normal="1974/1975">1974-1975</unitdate><unitid type="local_mss">3199410</unitid><container type="box">2</container><container type="folder">5</container></did></c03><c03 level="file"><did><unittitle>Correspondence</unittitle><unitdate type="inclusive" normal="1960/1967">1960-1967</unitdate><unitid type="local_mss">3199411</unitid><container type="box">2</container><container type="folder">6</container></did></c03><c03 level="file"><did><unittitle>Correspondence</unittitle><unitdate type="inclusive" normal="1968/1970">1968-1970</unitdate><unitid type="local_mss">3199412</unitid><container type="box">2</container><container type="folder">7</container></did></c03><c03 level="file"><did><unittitle>Dean of Student Affairs – Reports and Memorandum</unittitle><unitdate type="inclusive" normal="1959/1971">1959-1971</unitdate><unitid type="local_mss">3199414</unitid><container type="box">2</container><container type="folder">8</container></did></c03><c03 level="file"><did><unittitle>The Lion (Yearbook)</unittitle><unitdate type="inclusive" normal="1961">1961</unitdate><unitid type="local_mss">3199430</unitid><container type="box">2</container><container type="folder">9</container></did></c03><c03 level="file"><did><unittitle>Paine College Journal</unittitle><unitdate type="inclusive" normal="1969-06-21/1969-09-23">Summer 1969</unitdate><unitid type="local_mss">3199431</unitid><container type="box">2</container><container type="folder">10</container></did></c03><c03 level="file"><did><unittitle>Catalog</unittitle><unitdate type="inclusive" normal="1969/1970">1969 - 1970</unitdate><unitid type="local_mss">3199432</unitid><container type="box">2</container><container type="folder">11</container></did></c03><c03 level="file"><did><unittitle>"Paine College Institutional Self Study" – Vol. II</unittitle><unitdate type="inclusive" normal="1971">1971</unitdate><unitid type="local_mss">3199434</unitid><container type="box">2</container><container type="folder">13</container></did></c03><c03 level="file"><did><unittitle>Programs for College Related Events</unittitle><unitdate type="inclusive" normal="1981">1981</unitdate><unitdate type="inclusive" normal="1983">1983</unitdate><unitid type="local_mss">3199435</unitid><container type="box">2</container><container type="folder">14</container></did></c03><c03 level="file"><did><unittitle>Augusta, Ga. Riot and Related Events</unittitle><unitdate type="inclusive">1970 May 11 - 14</unitdate><unitid type="local_mss">3199436</unitid><container type="box">2</container><container type="folder">15</container></did></c03><c03 level="file"><did><unittitle>Augusta, Georgia – Riot and Related Events; Newspaper Clippings</unittitle><unitdate type="inclusive">1970 May 11 - 27</unitdate><unitid type="local_mss">3199437</unitid><container type="box">2</container><container type="folder">16</container></did></c03></c02></c01><c01 level="series"><did><unittitle>United Church Board for World Ministries</unittitle><unitdate type="inclusive" normal="1970/1985">1970 - 1985</unitdate><unitid type="local_mss">3199364</unitid></did><scopecontent><p>The United Church Board for World Ministries (UCBWM) series, 1970-1985, is the largest and most comprehensive series of the collection and includes three subseries: Evangelical Presbyterian Church, Africa Regional Secretary, and the Council for Racial and Ethnic Minorities. It is arranged chronologically, following Stenhouse's recruitment and subsequent work as a missionary in Ghana, West Africa through his position as Regional Secretary providing oversight for the United Church of Christ's (UCC) UCBWM missionary work in Africa, and his work as a consultant with the UCC's Council for Racial and Ethnic Minorities.</p></scopecontent><c02 level="subseries"><did><unittitle>Evangelical Presbyterian Church</unittitle><unitid type="local_mss">3199365</unitid></did><scopecontent><p>The Evangelical Presbyterian Church sub-series begins with the initial correspondence between Stenhouse and Dr. Chester Marcus, the Africa Regional Secretary at that time. Additional correspondence includes exchanges with Marcus during Stenhouse's tenure in Ghana, as well as correspondence with Dr. Reverend C. K. Dovlo, the Moderator of the Evangelical Presbyterian Church in Ho, Ghana and the person whom Stenhouse replaced as principal of the Evangelical Presbyterian Church Seminary. Dovlo and Stenhouse maintained an extensive communication regarding the work of the church, its support of the indigenous communities, and the development of catechists and evangelists.</p></scopecontent><c03 level="file"><did><unittitle>Recruitment and Preparation for Overseas Travel - Correspondence</unittitle><unitdate type="inclusive" normal="1970/1971">1970 - 1971</unitdate><unitid type="local_mss">3199438</unitid><container type="box">2</container><container type="folder">17</container></did></c03><c03 level="file"><did><unittitle>Correspondence - Ghana</unittitle><unitdate type="inclusive" normal="1971/1979">1971-1979</unitdate><unitdate type="inclusive" normal="1981">1981</unitdate><unitid type="local_mss">3199439</unitid><container type="box">2</container><container type="folder">18</container></did></c03><c03 level="file"><did><unittitle>Ho, Ghana (Volta Region)</unittitle><unitdate type="inclusive" normal="1971/1984">1971 - 1984</unitdate><unitid type="local_mss">3199440</unitid><container type="box">2</container><container type="folder">19</container></did></c03><c03 level="file"><did><unittitle>Evangelical Presbyterian Church Seminary, Blengo Peki, Ghana</unittitle><unitdate type="inclusive" normal="1971/1978">1971 - 1978</unitdate><unitid type="local_mss">3199441</unitid><container type="box">2</container><container type="folder">20</container></did></c03><c03 level="file"><did><unittitle>Growth of the Ewe Presbyterian Church in Peki: The Peki Centenary Booklet, 1847 - 1947 by Edmund Y. Tawia</unittitle><unitid type="local_mss">3200868</unitid><container type="box">2</container><container type="folder">21</container></did></c03><c03 level="file"><did><unittitle>Calendars</unittitle><unitdate type="inclusive" normal="1973">1973</unitdate><unitdate type="inclusive" normal="1975/1977">1975 - 1977</unitdate><unitid type="local_mss">3200212</unitid><container type="box">2</container><container type="folder">22</container></did></c03><c03 level="file"><did><unittitle>New Testament Courses</unittitle><unitid type="local_mss">3200605</unitid><container type="box">2</container><container type="folder">23</container></did></c03><c03 level="file"><did><unittitle>Correspondence - Overseas Ministries Study Center – Ventor, New Jersey</unittitle><unitdate type="inclusive" normal="1976/1977">1976 - 1977</unitdate><unitid type="local_mss">3200866</unitid><container type="box">2</container><container type="folder">24</container></did></c03><c03 level="file"><did><unittitle>Correspondence - Employment Search</unittitle><unitdate type="inclusive" normal="1976/1978">1976 - 1978</unitdate><unitid type="local_mss">3200867</unitid><container type="box">2</container><container type="folder">25</container></did></c03><c03 level="file"><did><unittitle>Compensation</unittitle><unitdate type="inclusive" normal="1978/1985">1978 - 1985</unitdate><unitid type="local_mss">3200869</unitid><container type="box">2</container><container type="folder">26</container></did></c03><c03 level="file"><did><unittitle>World Hunger Action Site Team</unittitle><unitdate type="inclusive" normal="1980/1981">1980 - 1981</unitdate><unitid type="local_mss">3200871</unitid><container type="box">2</container><container type="folder">27</container></did></c03></c02><c02 level="subseries"><did><unittitle>Africa Regional Secretary</unittitle><unitid type="local_mss">3199366</unitid></did><scopecontent><p>The Africa Regional Secretary sub-series covers Stenhouse's work in the position, which included oversight of UCC partners and UCBWM personnel in ten African countries: Angola, Botswana, Ghana, Lesotho, Mozambique, Namibia, South Africa, Togo, Zambia, and Zimbabwe. Materials include personnel paperwork (job description and job evaluations), reports, correspondence, budgets and expenditures, and various project descriptions. The group of folders that comprise the Africa Field Trips includes Stenhouse's summaries and full reports of six trips to Africa taken from 1979-1984. The trips were made to several countries primarily in the western and southern regions of Africa that fell under his area of responsibility (e.g., Ghana, Togo, Zambia, and Zimbabwe) and included other countries (e.g., Kenya, Malawi, Swaziland, Zaire), which he visited for conferences or to meet with UCC partners and UCBWM personnel. In addition to the Africa Field Trips, the correspondence contains letters between and among missionaries that discuss problems and concerns that provide deeper insights into the nature of the tensions among UCBWM missionaries, Stenhouse, and the church partners they were charged to serve. These folders are arranged chronologically and include country and names of the missionaries. There is also correspondence containing information on specific churches, seminaries or projects, relevant to the Africa office during Stenhouse's tenure as Secretary. The effort at Inanda Seminary in South Africa was a particular project of interest to him because of its leadership by a woman and focus on education and liberation for girls and women.</p> <p>Speaking engagements and invitations to meetings reflect the significance of Stenhouse's experiences in Africa, not only for him, but for the organizations and congregations that wanted to learn first-hand about the unique and similar struggles for liberation, cultural self-determination, and governance experienced throughout the African continent, and in many instances juxtaposed with the U.S. experience.</p> <p>Budgets and operating protocols for the Africa office are captured through information prepared for meetings of the Board of Directors, budget proposals, and other financial data, from 1980-1986 and are arranged in chronological order.</p> <p>Other materials of interest in the subseries include a folder with information on Andrea Young after she became the African Regional Secretary containing a memo she wrote regarding the lack of support and negative attitude towards the UCBWM's African partners. The subseries concludes with UCBWM board meeting material as it pertained to Africa and other issues; annual reports, overseas personnel handbooks, directories, and UCC/UCBWM history highlights timeline.</p></scopecontent><c03 level="file"><did><unittitle>Job Descriptions</unittitle><unitdate type="inclusive" normal="1984">1984</unitdate><unitdate type="inclusive" normal="1988">1988</unitdate><unitid type="local_mss">3200912</unitid><container type="box">3</container><container type="folder">1</container></did></c03><c03 level="file"><did><unittitle>Performance Reviews – Africa Regional Secretary</unittitle><unitdate type="inclusive" normal="1984">1984</unitdate><unitid type="local_mss">3200913</unitid><container type="box">3</container><container type="folder">2</container></did></c03><c03 level="file"><did><unittitle>Richard Stenhouse - Performance Evaluations</unittitle><unitdate type="inclusive" normal="1978/1984">1978 - 1984</unitdate><unitid type="local_mss">3200914</unitid><container type="box">3</container><container type="folder">3</container></did></c03><c03 level="file"><did><unittitle>Speaking Engagements (Invited)</unittitle><unitdate type="inclusive" normal="1978">1978</unitdate><unitdate type="inclusive" normal="1981/1982">1981 - 1982</unitdate><unitdate type="inclusive" normal="1986">1986</unitdate><unitid type="local_mss">3200915</unitid><container type="box">3</container><container type="folder">4</container></did></c03><c03 level="file"><did><unittitle>Correspondence, United Church of Christ in Zimbabwe</unittitle><unitdate type="inclusive" normal="1977/1986">1977-1986</unitdate><unitid type="local_mss">3200925</unitid><container type="box">3</container><container type="folder">5</container></did></c03><c03 level="file"><did><unittitle>Zimbabwe - Youth Training Program – Scholarships</unittitle><unitdate type="inclusive" normal="1981/1983">1981-1983</unitdate><unitid type="local_mss">3200926</unitid><container type="box">3</container><container type="folder">6</container></did></c03><c03 level="file"><did><unittitle>Ricatla Seminary, Mozambique</unittitle><unitdate type="inclusive" normal="1981/1983">1981-1983</unitdate><unitid type="local_mss">3200927</unitid><container type="box">3</container><container type="folder">7</container></did></c03><c03 level="file"><did><unittitle>Inanda Seminary, South Africa</unittitle><unitdate type="inclusive" normal="1982/1984">1982-1984</unitdate><unitid type="local_mss">3200929</unitid><container type="box">3</container><container type="folder">8</container></did></c03><c03 level="file"><did><unittitle>Ghana Missionaries - David and Shelia Doss</unittitle><unitdate type="inclusive" normal="1982/1983">1982-1983</unitdate><unitid type="local_mss">3200930</unitid><container type="box">3</container><container type="folder">9</container></did></c03><c03 level="file"><did><unittitle>Togo – Projets Techniques et Sociaux, 1982-1985 (Brian Aldrich) ; Missionaries (B. &amp; G. Skaggs)Term Report, 1982-1985</unittitle><unitid type="local_mss">3200931</unitid><container type="box">3</container><container type="folder">10</container></did></c03><c03 level="file"><did><unittitle>Zaire, Kenya Missionary - Charles T. Hein</unittitle><unitdate type="inclusive" normal="1983/1984">1983-1984</unitdate><unitid type="local_mss">3200932</unitid><container type="box">3</container><container type="folder">11</container></did></c03><c03 level="file"><did><unittitle>Zimbabwe Missionaries - Sarah Perrault and Ann Crane</unittitle><unitdate type="inclusive" normal="1983/1984">1983-1984</unitdate><unitid type="local_mss">3200933</unitid><container type="box">3</container><container type="folder">12</container></did></c03><c03 level="file"><did><unittitle>Zimbabwe Missionaries - Jim and Jean Winter</unittitle><unitdate type="inclusive" normal="1983/1984">1983-1984</unitdate><unitid type="local_mss">3200934</unitid><container type="box">3</container><container type="folder">13</container></did></c03><c03 level="file"><did><unittitle>Swaziland and Mozambique - Missionaries – Scott and Carol Gilley; Bishop Mkhabele – General Information</unittitle><unitdate type="inclusive" normal="1983">1983</unitdate><unitdate type="inclusive" normal="1985">1985</unitdate><unitdate type="inclusive" normal="1987/1989">1987-1989</unitdate><unitid type="local_mss">3200935</unitid><container type="box">3</container><container type="folder">14</container></did></c03><c03 level="file"><did><unittitle>United Church of Zambia</unittitle><unitdate type="inclusive" normal="1984">1984</unitdate><unitid type="local_mss">3200936</unitid><container type="box">3</container><container type="folder">15</container></did></c03><c03 level="file"><did><unittitle>Mwalimu David R. Burgest</unittitle><unitdate type="inclusive" normal="1980/1985">1980-1985</unitdate><unitid type="local_mss">3200937</unitid><container type="box">3</container><container type="folder">16</container></did></c03><c03 level="file"><did><unittitle>Daniel Marolen – Reporter, "Big Red News" Re South Africa</unittitle><unitdate type="inclusive" normal="1984">1984</unitdate><unitid type="local_mss">3200938</unitid><container type="box">3</container><container type="folder">17</container></did></c03><c03 level="file"><did><unittitle>Trip Summaries</unittitle><unitdate type="inclusive" normal="1979/1984">1979 - 1984</unitdate><unitid type="local_mss">3200916</unitid><container type="box">3</container><container type="folder">18</container></did></c03><c03 level="file"><did><unittitle>Reports</unittitle><unitdate type="inclusive" normal="1979-01-19/1979-03-02">1979 January 19 - March 2</unitdate><unitid type="local_mss">3200917</unitid><container type="box">3</container><container type="folder">19</container></did></c03><c03 level="file"><did><unittitle>Reports</unittitle><unitdate type="inclusive" normal="1980-04-07/1980-05-10">1980 April 7 - May 10</unitdate><unitid type="local_mss">3200918</unitid><container type="box">3</container><container type="folder">20</container></did></c03><c03 level="file"><did><unittitle>Reports</unittitle><unitdate type="inclusive" normal="1981-04-12/1981-05-15">1981 April 12 - May 15</unitdate><unitid type="local_mss">3200920</unitid><container type="box">3</container><container type="folder">21</container></did></c03><c03 level="file"><did><unittitle>Reports</unittitle><unitdate type="inclusive" normal="1982-03-01/1982-04-01">1982 March 1 - April 1</unitdate><unitid type="local_mss">3200921</unitid><container type="box">3</container><container type="folder">22</container></did></c03><c03 level="file"><did><unittitle>Reports</unittitle><unitdate type="inclusive" normal="1984-03-04/1984-04-03">1984 March 4 - April 3</unitdate><unitid type="local_mss">3200922</unitid><container type="box">3</container><container type="folder">23</container></did></c03><c03 level="file"><did><unittitle>Africa Committee Study Tour</unittitle><unitdate type="inclusive" normal="1983-05-29/1983-06-16">1983 May 29 - June 16</unitdate><unitid type="local_mss">3200924</unitid><container type="box">3</container><container type="folder">24</container></did></c03><c03 level="file"><did><unittitle>Africa - Budget</unittitle><unitdate type="inclusive" normal="1979/1980">1979 - 1980</unitdate><unitid type="local_mss">3200950</unitid><container type="box">3</container><container type="folder">25</container></did></c03><c03 level="file"><did><unittitle>Africa - Budget</unittitle><unitdate type="inclusive" normal="1980/1981">1980 - 1981</unitdate><unitid type="local_mss">3200951</unitid><container type="box">3</container><container type="folder">26</container></did></c03><c03 level="file"><did><unittitle>Missionary Salaries and Other Expenses</unittitle><unitdate type="inclusive" normal="1984">1984</unitdate><unitid type="local_mss">3200952</unitid><container type="box">3</container><container type="folder">27</container></did></c03><c03 level="file"><did><unittitle>South Africa – Budget Presentation</unittitle><unitdate type="inclusive" normal="1983">1983</unitdate><unitid type="local_mss">3200953</unitid><container type="box">3</container><container type="folder">28</container></did></c03><c03 level="file"><did><unittitle>Africa - Budget, All Regions</unittitle><unitdate type="inclusive" normal="1984/1985">1984 - 1985</unitdate><unitid type="local_mss">3200954</unitid><container type="box">3</container><container type="folder">29</container></did></c03><c03 level="file"><did><unittitle>Africa - Budget, All Regions</unittitle><unitdate type="inclusive" normal="1985/1986">1985 - 1986</unitdate><unitid type="local_mss">3200955</unitid><container type="box">3</container><container type="folder">30</container></did></c03><c03 level="file"><did><unittitle>Projections and Actual, Memo Account Balances, Budget Recapitulations</unittitle><unitdate type="inclusive" normal="1980/1985">1980 - 1985</unitdate><unitid type="local_mss">3200956</unitid><container type="box">3</container><container type="folder">31</container></did></c03><c03 level="file"><did><unittitle>Africa 1982 Budget Projection – Prepared January- September 1981</unittitle><unitid type="local_mss">3200957</unitid><container type="box">3</container><container type="folder">32</container></did></c03><c03 level="file"><did><unittitle>Proposal</unittitle><unitdate type="inclusive" normal="1983">1983</unitdate><unitid type="local_mss">3200958</unitid><container type="box">3</container><container type="folder">33</container></did></c03><c03 level="file"><did><unittitle>Budget Proposal and Recapitulation</unittitle><unitdate type="inclusive" normal="1984">1984</unitdate><unitid type="local_mss">3200959</unitid><container type="box">3</container><container type="folder">34</container></did></c03><c03 level="file"><did><unittitle>Program and Evaluation, 1981-1983 and Budget Projection (Africa), 1985</unittitle><unitid type="local_mss">3200960</unitid><container type="box">3</container><container type="folder">35</container></did></c03><c03 level="file"><did><unittitle>UCBWM Current Program Fund</unittitle><unitdate type="inclusive" normal="1984/1985">1984-1985</unitdate><unitid type="local_mss">3200961</unitid><container type="box">3</container><container type="folder">36</container></did></c03><c03 level="file"><did><unittitle>"UCBWM Selected Financial Facts 1984 - 1985"</unittitle><unitdate type="inclusive" normal="1985-07-31">1985 July 31</unitdate><unitid type="local_mss">3200962</unitid><container type="box">3</container><container type="folder">37</container></did></c03><c03 level="file"><did><unittitle>Third World Theology</unittitle><unitdate type="inclusive" normal="1978">1978</unitdate><unitid type="local_mss">3200939</unitid><container type="box">3</container><container type="folder">38</container></did></c03><c03 level="file"><did><unittitle>Brian Colley, - Application for Overseas Service</unittitle><unitdate type="inclusive" normal="1978/1979">1978-1979</unitdate><unitdate type="inclusive" normal="1982">1982</unitdate><unitid type="local_mss">3200940</unitid><container type="box">3</container><container type="folder">39</container></did></c03><c03 level="file"><did><unittitle>Newsletter - "Update / Corporate Briefing / Africa"</unittitle><unitdate type="inclusive" normal="1971">1971</unitdate><unitdate type="inclusive" normal="1978/1985">1978-1985</unitdate><unitid type="local_mss">3200941</unitid><container type="box">3</container><container type="folder">40</container></did></c03><c03 level="file"><did><unittitle>Botswana Theological Training Program - Second 5-Year Development Proposal</unittitle><unitdate type="inclusive" normal="1981">1981</unitdate><unitid type="local_mss">3200942</unitid><container type="box">3</container><container type="folder">41</container></did></c03><c03 level="file"><did><unittitle>Scenario 1982-1986: African Region; Case Study: "Hilda Sharp Visit to Partner Church in Africa"</unittitle><unitdate type="inclusive" normal="1982/1986">1982 - 1986</unitdate><unitid type="local_mss">3200943</unitid><container type="box">3</container><container type="folder">42</container></did></c03><c03 level="file"><did><unittitle>Newsletter edited by R. E. Stenhouse – "Africa Regionwide – Country Data,"</unittitle><unitdate type="inclusive" normal="1982/1984">1982-1984</unitdate><unitid type="local_mss">3200944</unitid><container type="box">3</container><container type="folder">43</container></did></c03><c03 level="file"><did><unittitle>Status of Missionaries (Africa)- Lists</unittitle><unitdate type="inclusive" normal="1984-04">1984 April</unitdate><unitid type="local_mss">3200945</unitid><container type="box">3</container><container type="folder">44</container></did></c03><c03 level="file"><did><unittitle>"Year 175: A Brief History of the UCBWM" and Annual Meeting Material</unittitle><unitdate type="inclusive" normal="1984">1984</unitdate><unitid type="local_mss">3200946</unitid><container type="box">3</container><container type="folder">45</container></did></c03><c03 level="file"><did><unittitle>Mission Personnel Conference</unittitle><unitdate type="inclusive" normal="1984-06-30/1984-07-04">1984 June 30 - July 4</unitdate><unitdate type="inclusive" normal="1985-06-23/1985-06-27">1985 June 23 - June 27</unitdate><unitid type="local_mss">3200947</unitid><container type="box">3</container><container type="folder">46</container></did></c03><c03 level="file"><did><unittitle>Financial Contributions to UCBWM Missions</unittitle><unitdate type="inclusive" normal="1984/1985">1984-1985</unitdate><unitid type="local_mss">3200948</unitid><container type="box">3</container><container type="folder">47</container></did></c03><c03 level="file"><did><unittitle>Acting Africa Regional Secretary - Gene Johnson</unittitle><unitdate type="inclusive" normal="1985">1985</unitdate><unitid type="local_mss">3200963</unitid><container type="box">3</container><container type="folder">48</container></did></c03><c03 level="file"><did><unittitle>Africa Regional Secretary – Andrea Young</unittitle><unitdate type="inclusive" normal="1985/1986">1985-1986</unitdate><unitid type="local_mss">3200964</unitid><container type="box">3</container><container type="folder">49</container></did></c03><c03 level="file"><did><unittitle>Africa Committee – Correspondence and Minutes</unittitle><unitdate type="inclusive" normal="1982">1982</unitdate><unitdate type="inclusive" normal="1984/1985">1984 - 1985</unitdate><unitid type="local_mss">3200965</unitid><container type="box">3</container><container type="folder">50</container></did></c03><c03 level="file"><did><unittitle>Report: "Zimbabwe: Our Stake in a New Nation"</unittitle><unitdate type="inclusive" normal="1980-06-23">1980 June 23</unitdate><unitid type="local_mss">3200966</unitid><container type="box">3</container><container type="folder">51</container></did></c03><c03 level="file"><did><unittitle>Division of World Service – Report of General Secretary to the Africa Regional Strategy Committee/Board of Directors' Meeting</unittitle><unitdate type="inclusive" normal="1984">1984</unitdate><unitid type="local_mss">3200967</unitid><container type="box">3</container><container type="folder">52</container></did></c03><c03 level="file"><did><unittitle>Meeting Materials</unittitle><unitdate type="inclusive" normal="1983/1984">1983 - 1984</unitdate><unitid type="local_mss">3200976</unitid><container type="box">4</container><container type="folder">1</container></did></c03><c03 level="file"><did><unittitle>Meeting Packet</unittitle><unitdate type="inclusive">November 13 - 14, 1985</unitdate><unitid type="local_mss">3200977</unitid><container type="box">4</container><container type="folder">2</container></did></c03><c03 level="file"><did><unittitle>"Highlights from Our History, 1806-1978"</unittitle><unitid type="local_mss">3200978</unitid><container type="box">4</container><container type="folder">3</container></did></c03><c03 level="file"><did><unittitle>Handbook for Overseas Personnel of the United Church Board for World Ministries</unittitle><unitdate type="inclusive" normal="1978">1978</unitdate><unitid type="local_mss">3200979</unitid><container type="box">4</container><container type="folder">4</container></did></c03><c03 level="file"><did><unittitle>Handbook for Overseas Personnel of the United Church Board for World Ministries, Revised</unittitle><unitdate type="inclusive" normal="1984">1984</unitdate><unitid type="local_mss">3200980</unitid><container type="box">4</container><container type="folder">5</container></did></c03><c03 level="file"><did><unittitle>Staff Administrative Procedures</unittitle><unitdate type="inclusive" normal="1984/1986">1984-1986</unitdate><unitid type="local_mss">3200981</unitid><container type="box">4</container><container type="folder">6</container></did></c03><c03 level="file"><did><unittitle>Executive Staff Policy – Minutes</unittitle><unitdate type="inclusive" normal="1984/1986">1984-1986</unitdate><unitid type="local_mss">3200982</unitid><container type="box">4</container><container type="folder">7</container></did></c03><c03 level="file"><did><unittitle>Staff, Directors, Corporate Members</unittitle><unitdate type="inclusive" normal="1979/1984">1979 - 1984</unitdate><unitid type="local_mss">3200983</unitid><container type="box">4</container><container type="folder">8</container></did></c03><c03 level="file"><did><unittitle>Telephone Directory – Interchurch Center</unittitle><unitdate type="inclusive" normal="1980-01">1980 January</unitdate><unitid type="local_mss">3200984</unitid><container type="box">4</container><container type="folder">9</container></did></c03><c03 level="file"><did><unittitle>Telephone Directory – Interchurch Center</unittitle><unitdate type="inclusive" normal="1986">1986</unitdate><unitid type="local_mss">3200985</unitid><container type="box">4</container><container type="folder">10</container></did></c03><c03 level="file"><did><unittitle>"Whole Earth Newsletter" – Published by UCBWM</unittitle><unitdate type="inclusive" normal="1982/1987">1982 - 1987</unitdate><unitid type="local_mss">3200986</unitid><container type="box">4</container><container type="folder">11</container></did></c03><c03 level="file"><did><unittitle>167th Annual Report 1977/Calendar of Prayer, 1978-1979; 170th Annual Report 1980/ Calendar of Prayer, 1981-1982</unittitle><unitid type="local_mss">3200987</unitid><container type="box">4</container><container type="folder">12</container></did></c03><c03 level="file"><did><unittitle>172nd Annual Report 1982/Calendar of Prayer, 1983-1984; 173rd Annual Report 1983/Calendar of Prayer, 1984-1985</unittitle><unitid type="local_mss">3200990</unitid><container type="box">4</container><container type="folder">13</container></did></c03><c03 level="file"><did><unittitle>175th Anniversary Year Annual Report 1984/Calendar of Prayer, 1985-1986; 175th Annual Report 1985/Calendar of Prayer, 1986-1987</unittitle><unitid type="local_mss">3200996</unitid><container type="box">4</container><container type="folder">14</container></did></c03><c03 level="file"><did><unittitle>Minutes of the 174th Annual Meeting</unittitle><unitdate type="inclusive" normal="1983">1983</unitdate><unitid type="local_mss">3200997</unitid><container type="box">4</container><container type="folder">15</container></did></c03><c03 level="file"><did><unittitle>UCBWM Brochures</unittitle><unitid type="local_mss">3200998</unitid><container type="box">4</container><container type="folder">16</container></did></c03></c02><c02 level="subseries"><did><unittitle>Council for Racial and Ethnic Minorities</unittitle><unitdate type="inclusive" normal="1984/1985">1984 - 1985</unitdate><unitid type="local_mss">3199367</unitid></did><scopecontent><p>The Council for Racial and Ethnic Minorities sub-series, 1984-1985, is arranged in chronological order. Materials reflect the activities and accounting of racial and ethnic minorities' recruitment and involvement in missionary work. The subseries includes the proposal and scope of work for Stenhouse's consultancy, correspondence, reports, meetings, position papers, recruitment materials, contacts for outreach, as well as affirmative action reports and other resources that Stenhouse gathered. There are also files for the various organizations that he worked with, among them the Council for Hispanic Ministries, United Black Christians, and the Council for American Indian Ministries, and a "Directory of Blacks…(Includes Asian Americans, Hispanics, Native Americans, Pacific Islanders)." Of note is the documentation that shows the extent of his travel to various regions to discuss COREM's initiatives.</p></scopecontent><c03 level="file"><did><unittitle>Consultancy Proposal, Memoranda, Resolution re Position</unittitle><unitdate type="inclusive" normal="1984/1985">1984-1985</unitdate><unitid type="local_mss">3200999</unitid><container type="box">4</container><container type="folder">17</container></did></c03><c03 level="file"><did><unittitle>Consulting Budgets</unittitle><unitdate type="inclusive" normal="1984">1984</unitdate><unitid type="local_mss">3201000</unitid><container type="box">4</container><container type="folder">18</container></did></c03><c03 level="file"><did><unittitle>Correspondence</unittitle><unitdate type="inclusive" normal="1984/1985">1984-1985</unitdate><unitid type="local_mss">3201001</unitid><container type="box">4</container><container type="folder">19</container></did></c03><c03 level="file"><did><unittitle>Reports (Progress Report)</unittitle><unitdate type="inclusive" normal="1984/1985">1984-1985</unitdate><unitid type="local_mss">3201002</unitid><container type="box">4</container><container type="folder">20</container></did></c03><c03 level="file"><did><unittitle>Report on Minority Recruitment</unittitle><unitdate type="inclusive" normal="1985-03-20/1985-06-21">Spring 1985</unitdate><unitid type="local_mss">3201004</unitid><container type="box">4</container><container type="folder">21</container></did></c03><c03 level="file"><did><unittitle>Recruitment Materials – Completed Applications</unittitle><unitid type="local_mss">3201005</unitid><container type="box">4</container><container type="folder">22</container></did></c03><c03 level="file"><did><unittitle>Rosters</unittitle><unitid type="local_mss">3201006</unitid><container type="box">4</container><container type="folder">23</container></did></c03><c03 level="file"><did><unittitle>Contacts for Outreach</unittitle><unitid type="local_mss">3201007</unitid><container type="box">4</container><container type="folder">24</container></did></c03><c03 level="file"><did><unittitle>Resolutions; Policies and Procedures; Conference Call Meeting Notes</unittitle><unitdate type="inclusive" normal="1984/1985">1984-1985</unitdate><unitid type="local_mss">3201008</unitid><container type="box">4</container><container type="folder">25</container></did></c03><c03 level="file"><did><unittitle>United Black Christians and Ministers for Racial and Social Justice – Position Papers</unittitle><unitid type="local_mss">3201010</unitid><container type="box">4</container><container type="folder">26</container></did></c03><c03 level="file"><did><unittitle>"Ministers for Racial and Social Justice: Networking" by Jesse N. Alexander, Jr</unittitle><unitdate type="inclusive" normal="1984">1984</unitdate><unitid type="local_mss">3201011</unitid><container type="box">4</container><container type="folder">27</container></did></c03><c03 level="file"><did><unittitle>United Black Christians Correspondence</unittitle><unitdate type="inclusive" normal="1984/1985">1984-1985</unitdate><unitid type="local_mss">3201012</unitid><container type="box">4</container><container type="folder">28</container></did></c03><c03 level="file"><did><unittitle>Newsletters, Conference Materials, and Form Letters</unittitle><unitdate type="inclusive" normal="1984/1988">1984-1988</unitdate><unitid type="local_mss">3201015</unitid><container type="box">4</container><container type="folder">29</container></did></c03><c03 level="file"><did><unittitle>United Church of Christ - National Black Staff</unittitle><unitdate type="inclusive" normal="1983/1984">1983 - 1984</unitdate><unitdate type="inclusive" normal="1987">1987</unitdate><unitid type="local_mss">3201016</unitid><container type="box">4</container><container type="folder">30</container></did></c03><c03 level="file"><did><unittitle>Council for Hispanic Ministries</unittitle><unitdate type="inclusive" normal="1984">1984</unitdate><unitid type="local_mss">3201018</unitid><container type="box">4</container><container type="folder">31</container></did></c03><c03 level="file"><did><unittitle>Council for American Indian Ministries</unittitle><unitdate type="inclusive" normal="1986">1986</unitdate><unitid type="local_mss">3201019</unitid><container type="box">4</container><container type="folder">32</container></did></c03><c03 level="file"><did><unittitle>Hawai'i Gathering</unittitle><unitdate type="inclusive">1984 December 13 - 16</unitdate><unitid type="local_mss">3201020</unitid><container type="box">4</container><container type="folder">33</container></did></c03><c03 level="file"><did><unittitle>Andover Newton Theological School World Awareness Week</unittitle><unitdate type="inclusive">1985 March 4 - 5</unitdate><unitid type="local_mss">3201022</unitid><container type="box">4</container><container type="folder">34</container></did></c03><c03 level="file"><did><unittitle>Stony Point Meeting</unittitle><unitdate type="inclusive">1985 March 13 - 14</unitdate><unitid type="local_mss">3201023</unitid><container type="box">4</container><container type="folder">35</container></did></c03><c03 level="file"><did><unittitle>Council for Higher Education of the United Church of Christ - Annual Meeting</unittitle><unitdate type="inclusive">1985 April 16 - 18</unitdate><unitid type="local_mss">3201024</unitid><container type="box">4</container><container type="folder">36</container></did></c03><c03 level="file"><did><unittitle>New York Meeting</unittitle><unitdate type="inclusive">1985 November 7 - 9</unitdate><unitid type="local_mss">3201026</unitid><container type="box">4</container><container type="folder">37</container></did></c03><c03 level="file"><did><unittitle>Working Paper - Shockley, Grant S., "The Involvement of Ethnic Minority Persons in Overseas Mission in the United Methodist Church and its Predecessors, 1942-1977"</unittitle><unitdate type="inclusive" normal="1978">1978</unitdate><unitid type="local_mss">3201027</unitid><container type="box">5</container><container type="folder">1</container></did></c03><c03 level="file"><did><unittitle>Inclusive Language Guidelines</unittitle><unitdate type="inclusive" normal="1980">1980</unitdate><unitdate type="inclusive" normal="1984">1984</unitdate><unitid type="local_mss">3201028</unitid><container type="box">5</container><container type="folder">2</container></did></c03><c03 level="file"><did><unittitle>Human Resources Data – Jesse N. Alexander, Jr., Affirmative Action Coordinator</unittitle><unitdate type="inclusive" normal="1983/1985">1983-1985</unitdate><unitid type="local_mss">3201029</unitid><container type="box">5</container><container type="folder">3</container></did></c03><c03 level="file"><did><unittitle>Metropolitan Black Clergy Association</unittitle><unitdate type="inclusive" normal="1986/1988">1986-1988</unitdate><unitid type="local_mss">3201030</unitid><container type="box">5</container><container type="folder">4</container></did></c03><c03 level="file"><did><unittitle>Jesse N. Alexander, Jr. – Affirmative Action Recruitment</unittitle><unitdate type="inclusive" normal="1989">1989</unitdate><unitid type="local_mss">3201031</unitid><container type="box">5</container><container type="folder">5</container></did></c03><c03 level="file"><did><unittitle>"Directory of Blacks…(Includes Asian Americans, Hispanics, Native Americans, Pacific Islanders)"</unittitle><unitdate type="inclusive" normal="1982" certainty="approximate">circa 1982</unitdate><unitid type="local_mss">3201032</unitid><container type="box">5</container><container type="folder">6</container></did></c03><c03 level="file"><did><unittitle>Partner Churches - Roster</unittitle><unitdate type="inclusive" normal="1984-07">1984 July</unitdate><unitid type="local_mss">3201033</unitid><container type="box">5</container><container type="folder">7</container></did></c03></c02></c01><c01 level="series"><did><unittitle>United Church of Christ - Printed Material</unittitle><unitdate type="inclusive" normal="1983/1990">1983 - 1990</unitdate><unitid type="local_mss">3199368</unitid></did><scopecontent><p>The United Church of Christ - Printed Material series, 1983-1990 and undated, is arranged chronologically and contains a variety of publications published by the UCC, including the New York Conference Yearbook, Minutes and Directory, 1989-1990, and material related to the 14th and 15th General Synods.</p></scopecontent><c02 level="file"><did><unittitle>14th General Synod Advance Materials - Sections II, V, VI</unittitle><unitdate type="inclusive">1983 June 24 - 28</unitdate><unitid type="local_mss">3201037</unitid><container type="box">5</container><container type="folder">8</container></did></c02><c02 level="file"><did><unittitle>Delegate's Handbook, Program, Reports, and miscellany</unittitle><unitdate type="inclusive" normal="1982/1983">1982-1983</unitdate><unitid type="local_mss">3201038</unitid><container type="box">5</container><container type="folder">9</container></did></c02><c02 level="file"><did><unittitle>15th General Synod Advance Materials - Sections: I, II, III</unittitle><unitdate type="inclusive" normal="1985-06-27/1985-07-02">1985 June 27 - July 2</unitdate><unitid type="local_mss">3201039</unitid><container type="box">5</container><container type="folder">10</container></did></c02><c02 level="file"><did><unittitle>Program, Handbook, Registration Form, and miscellany</unittitle><unitdate type="inclusive" normal="1984/1985">1984-1985</unitdate><unitid type="local_mss">3201040</unitid><container type="box">5</container><container type="folder">11</container></did></c02><c02 level="file"><did><unittitle>Proposed Pronouncements, Priorities and Resolutions; Reports</unittitle><unitdate type="inclusive" normal="1985">1985</unitdate><unitid type="local_mss">3201041</unitid><container type="box">5</container><container type="folder">12</container></did></c02><c02 level="file"><did><unittitle>Minutes</unittitle><unitdate type="inclusive" normal="1985-06-27/1985-07-02">1985 June 27 - July 2</unitdate><unitid type="local_mss">3201042</unitid><container type="box">5</container><container type="folder">13</container></did></c02><c02 level="file"><did><unittitle>New York Conference Yearbook, Minutes, and Directory</unittitle><unitdate type="inclusive" normal="1989/1990">1989-1990</unitdate><unitid type="local_mss">3201043</unitid><container type="box">5</container><container type="folder">14</container></did></c02></c01><c01 level="series"><did><unittitle>Subject Files</unittitle><unitdate type="inclusive" normal="1960/1989">1960s - 1989</unitdate><unitid type="local_mss">3199369</unitid></did><scopecontent><p>The Subject Files series consists of printed material and is arranged alphabetically by African nation, and then topically, with the bulk concerning South Africa. In particular, one folder contains information regarding a 1985 demonstration at the South Africa Embassy in Washington, DC and Stenhouse's subsequent arrest for participating in the demonstration.</p> <p>Information on Operation Crossroads Africa, 1977-1980, can also be found in this series. The precursor (founded in 1958) to the more prominently known Peace Corps model of cross-cultural engagement, Operation Crossroads Africa focused on encouraging Americans, African Americans in particular, to visit, learn, and engage with the people of Africa as a means of reconnecting with historic roots as well as strengthening cross-cultural understanding. Pamphlets, brochures, and recruitment materials comprise the information in the file. Additional material covers religion, evangelism and Islam in the continent of Africa.</p></scopecontent><c02 level="file"><did><unittitle>Angola</unittitle><unitdate type="inclusive" normal="1984">1984</unitdate><unitdate type="inclusive">undated</unitdate><unitid type="local_mss">3201044</unitid><container type="box">5</container><container type="folder">15</container></did></c02><c02 level="file"><did><unittitle>Ghana</unittitle><unitdate type="inclusive" normal="1968">1968</unitdate><unitdate type="inclusive" normal="1985">1985</unitdate><unitdate type="inclusive">undated</unitdate><unitid type="local_mss">3201045</unitid><container type="box">5</container><container type="folder">16</container></did></c02><c02 level="file"><did><unittitle>Christian–Related Publications about South Africa</unittitle><unitdate type="inclusive" normal="1978">1978</unitdate><unitdate type="inclusive" normal="1984">1984</unitdate><unitdate type="inclusive" normal="1986/1987">1986-1987</unitdate><unitid type="local_mss">3201046</unitid><container type="box">5</container><container type="folder">17</container></did></c02><c02 level="file"><did><unittitle>General</unittitle><unitdate type="inclusive" normal="1982/1986">1982 - 1986</unitdate><unitdate type="inclusive">undated</unitdate><unitid type="local_mss">3201047</unitid><container type="box">5</container><container type="folder">18</container></did></c02><c02 level="file"><did><unittitle>Newsletters</unittitle><unitdate type="inclusive" normal="1983/1989">1983 - 1989</unitdate><unitdate type="inclusive">undated</unitdate><unitid type="local_mss">3201048</unitid><container type="box">5</container><container type="folder">19</container></did></c02><c02 level="file"><did><unittitle>South Africa Embassy Demonstration – Washington, D.C. USA</unittitle><unitdate type="inclusive" normal="1985-01-29">1985 January 29</unitdate><unitid type="local_mss">3201049</unitid><container type="box">5</container><container type="folder">20</container></did></c02><c02 level="file"><did><unittitle>Krugerrand Campaign – The Coin of Apartheid</unittitle><unitdate type="inclusive" normal="1985">1985</unitdate><unitid type="local_mss">3201050</unitid><container type="box">5</container><container type="folder">21</container></did></c02><c02 level="file"><did><unittitle>Lawyer's Committee for Civil Rights Under Law – South Africa Torture of Detainees</unittitle><unitid type="local_mss">3201051</unitid><container type="box">5</container><container type="folder">22</container></did></c02><c02 level="file"><did><unittitle>United Church of Christ – Anti-Apartheid Activities</unittitle><unitid type="local_mss">3201052</unitid><container type="box">5</container><container type="folder">23</container></did></c02><c02 level="file"><did><unittitle>Zaire – Protestant Bishops</unittitle><unitid type="local_mss">3201053</unitid><container type="box">5</container><container type="folder">24</container></did></c02><c02 level="file"><did><unittitle>Zimbabwe</unittitle><unitdate type="inclusive" normal="1977/1978">1977 - 1978</unitdate><unitid type="local_mss">3201054</unitid><container type="box">5</container><container type="folder">25</container></did></c02><c02 level="file"><did><unittitle>Religions in Africa</unittitle><unitid type="local_mss">3201055</unitid><container type="box">5</container><container type="folder">26</container></did></c02><c02 level="file"><did><unittitle>Evangelism in Africa</unittitle><unitid type="local_mss">3201056</unitid><container type="box">5</container><container type="folder">27</container></did></c02><c02 level="file"><did><unittitle>Islam in Africa Project</unittitle><unitdate type="inclusive" normal="1984/1985">1984 - 1985</unitdate><unitid type="local_mss">3201057</unitid><container type="box">5</container><container type="folder">28</container></did></c02><c02 level="file"><did><unittitle>Operation Crossroads Africa</unittitle><unitdate type="inclusive" normal="1977/1980">1977 - 1980</unitdate><unitid type="local_mss">3201058</unitid><container type="box">5</container><container type="folder">29</container></did></c02><c02 level="file"><did><unittitle>Ronald McNair, Astronaut – Memorial Service Program – UCC Office of Communication</unittitle><unitdate type="inclusive" normal="1986">1986</unitdate><unitid type="local_mss">3201059</unitid><container type="box">5</container><container type="folder">30</container></did></c02></c01></dsc></archdesc>
</ead>
