<?xml version="1.0" encoding="UTF-8"?>
<ead xmlns="urn:isbn:1-931666-22-9" xmlns:xsi="http://www.w3.org/2001/XMLSchema-instance" xmlns:xlink="http://www.w3.org/1999/xlink" xsi:schemaLocation="urn:isbn:1-931666-22-9 http://www.loc.gov/ead/ead.xsd">
	<eadheader countryencoding="iso3166-1" dateencoding="iso8601" langencoding="iso639-2b" repositoryencoding="iso15511" relatedencoding="marc" scriptencoding="iso8601"><eadid countrycode="US" mainagencycode="US-NN" url="http://archives.nypl.org/dan/25767.xml">dan25767.xml</eadid><filedesc><titlestmt><titleproper>Guide to the Sonia Arova collection, <date>1946-2013</date></titleproper></titlestmt><publicationstmt><publisher>The New York Public Library. Jerome Robbins Dance Division.</publisher><address><addressline>New York Public Library for the Performing Arts, Dorothy and Lewis B. Cullman Center</addressline><addressline>40 Lincoln Center Plaza, New York, NY 10023-7498</addressline></address></publicationstmt></filedesc><profiledesc><creation>EAD generated by archives.nypl.org on <date normal="2019-12-10">December 10, 2019</date></creation><langusage><language langcode="eng">English</language></langusage></profiledesc></eadheader>
  
  <archdesc level="collection"><did><unittitle>Sonia Arova collection</unittitle><unitdate type="inclusive" normal="1946/2013">1946-2013</unitdate><unitid type="local_mss">25767</unitid><unitid type="local_call">(S) *MGZMD 507</unitid><unitid type="local_b">b21978942</unitid><origination><persname source="local">Arovo, Sonia</persname></origination><repository><corpname>The New York Public Library. Jerome Robbins Dance Division.</corpname><address><addressline>New York Public Library for the Performing Arts, Dorothy and Lewis B. Cullman Center</addressline><addressline>40 Lincoln Center Plaza, New York, NY 10023-7498</addressline></address></repository><physdesc><extent unit="containers">2 boxes, 1 oversize folder</extent><extent unit="linear_feet">0.84 linear feet</extent></physdesc><abstract>The Sonia Arova collection, dating from 1946 to 2013, documents her career as a ballerina and artistic director of the San Diego Ballet and the Alabama Ballet. The collection holds printed matter, photographs, correspondence, audio and video media originals.</abstract><langmaterial>English</langmaterial></did><bioghist><p>Sonia Arova (née Sonia Errio, 1927-2001) was a Bulgarian-born international ballet star and artistic director. Trained in Paris and England, she danced in Ballets Russes, the London Festival Ballet, the Royal Ballet and the American Ballet theatre among others. In 1966, Arova was appointed artistic director and ballerina for the Norwegian Ballet in Oslo, where her American husband Thor Brian Sutowski (1945 -) was a principal. Within four years, she left Europe with her husband for the United States. Their first appointment was as artistic directors of the San Diego Ballet Company. In 1976, an opportunity arose in Birmingham, Alabama for both to teach at the Alabama School of Fine Arts. Concurrently, Arova received the appointment of artistic director of the Alabama Ballet. In 1996, the couple returned to San Diego, where Arova was appointed artistic advisor to the California Ballet.</p> <p>Arova died on February 4, 2001.</p></bioghist><scopecontent><p>The Sonia Arova collection, dating from 1946 to 2013, documents her career as a ballerina and artistic director. The collection focuses on her career mostly in the United States.</p> <p>The files include articles about ballet productions; Arova's handwritten notes for classes taught at the Australian Ballet; business letters regarding her work and teaching; and photographs of Arova, ballets and related events. There are also programs featuring her performances in Europe and the United States and her and Sutowski's work with the San Diego Ballet and the Alabama Ballet.</p> <p>Media originals are cassette tapes and video relating to class rehearsals and ballet performances.</p></scopecontent><prefercite><p>Sonia Arova collection, (S) *MGZMD 507. Jerome Robbins Dance Division, The New York Public Library for the Performing Arts</p></prefercite><acqinfo><p>Therese Laeger donated the collection in 2019.</p></acqinfo><processinfo><p>Processed by <name>Valerie Wingfield</name> in <date>2019</date>.</p></processinfo><accessrestrict><p>Some collections held by the Dance, Music, Recorded Sound, and Theatre Divisions at the New York Public Library for the Performing Arts are held off-site and must be requested in advance. Please check the collection records in <extref xlink:href="http://catalog.nypl.org/record=LPA_BNUMBER" xlink:type="simple" xlink:actuate="onRequest">the NYPL's online catalog</extref> for detailed location information. For general guidance about requesting offsite materials, please consult: <extref xlink:href="https://www.nypl.org/about/locations/lpa/requesting-archival-materials" xlink:type="simple" xlink:actuate="onRequest">https://www.nypl.org/about/locations/lpa/requesting-archival-materials</extref></p><p>Inquiries regarding audio and moving image materials in the collection may be directed to the Jerome Robbins Dance Division (dance@nypl.org). Audio and moving image materials will be subject to preservation assessment and migration prior to access.</p></accessrestrict><controlaccess><persname source="local">Arovo, Sonia</persname><persname role="subject" source="lcsh" authfilenumber="http://id.loc.gov/authorities/names/n97859162">Sutowski, Thor</persname><subject source="lcsh">Ballet companies -- Photographs</subject><subject source="lcsh">Ballet dancers -- Photographs</subject><subject source="lcsh">Choreographers -- United States -- 20th century</subject><subject source="lcsh">Dancers -- 20th century</subject><genreform source="aat" authfilenumber="http://id.loc.gov/authorities/names/300028633">Sound recordings</genreform><genreform source="aat" authfilenumber="http://id.loc.gov/authorities/names/300027217">Theater programs</genreform><genreform source="aat" authfilenumber="http://id.loc.gov/authorities/names/300028682">Video recordings (physical artifacts)</genreform></controlaccess><dsc><c01 level="file"><did><unittitle>Printed Matter</unittitle><unitdate type="inclusive" normal="1946/2013">1946-2013</unitdate><unitid type="local_mss">3188588</unitid></did><c02 level="file"><did><unittitle>Articles</unittitle><unitid type="local_mss">3188589</unitid></did><c03 level="file"><did><unitdate type="inclusive" normal="1978/2013">1978-2013</unitdate><unitid type="local_mss">3188673</unitid><container type="box">1</container><container type="folder">1-6</container></did></c03><c03 level="file"><did><unittitle>Obituary and Tribute</unittitle><unitdate type="inclusive" normal="2001">2001</unitdate><unitid type="local_mss">3188590</unitid><container type="box">1</container><container type="folder">7-8</container></did></c03></c02><c02 level="file"><did><unittitle>Serial Publications</unittitle><unitdate type="inclusive" normal="1952">1952</unitdate><unitdate type="inclusive" normal="1956">1956</unitdate><unitid type="local_mss">3188596</unitid></did><c03 level="file"><did><unittitle><title>Ballet</title></unittitle><unitdate type="inclusive" normal="1952">1952</unitdate><unitid type="local_mss">3188591</unitid><container type="box">1</container><container type="folder">10</container></did><scopecontent><p>Portraits-8: Sonia Arova.</p></scopecontent></c03><c03 level="file"><did><unittitle><title>Ballet Theatre</title></unittitle><unitdate type="inclusive" normal="1956">1956</unitdate><unitid type="local_mss">3188593</unitid><container type="box">1</container><container type="folder">11</container></did><scopecontent><p>Autographed copy of the publication by several dancers.</p></scopecontent></c03><c03 level="file"><did><unittitle><title>Ballet Today</title></unittitle><unitdate type="inclusive" normal="1952">1952</unitdate><unitid type="local_mss">3188592</unitid><container type="box">1</container><container type="folder">12</container></did><scopecontent><p>Sonia Arova and Nathalie Leslie featured on cover.</p></scopecontent></c03><c03 level="file"><did><unittitle><title>Dancing Times</title></unittitle><unitdate type="inclusive" normal="1952">1952</unitdate><unitid type="local_mss">3188594</unitid><note><p>Two different publications.</p></note><container type="box">1</container><container type="folder">13</container></did></c03><c03 level="file"><did><unittitle><title>World Pictoral News</title></unittitle><unitdate type="inclusive" normal="1952">1952</unitdate><unitid type="local_mss">3188595</unitid><container type="oversize_folder">1</container></did></c03></c02><c02 level="file"><did><unittitle>Theatre Programs</unittitle><unitdate type="inclusive" normal="1946/1995">1946-1995</unitdate><unitid type="local_mss">3188597</unitid></did><c03 level="file"><did><unittitle>Alabama Ballet</unittitle><unitdate type="inclusive" normal="1980/1985">1980-1985</unitdate><unitid type="local_mss">3188598</unitid><container type="box">1</container><container type="folder">14-16</container></did></c03><c03 level="file"><did><unittitle>American Festival Ballett</unittitle><unitdate type="inclusive" normal="1958">1958</unitdate><unitid type="local_mss">3188599</unitid><container type="box">1</container><container type="folder">17</container></did><scopecontent><p>Program was published in German.</p></scopecontent></c03><c03 level="file"><did><unittitle>The Atlanta Ballet</unittitle><unitdate type="inclusive" normal="1983/1990">1983-1990</unitdate><unitid type="local_mss">3188600</unitid><container type="box">1</container><container type="folder">18</container></did></c03><c03 level="file"><did><unittitle>Ballet Hawaii Presents <title>Cinderella</title></unittitle><unitdate type="inclusive" normal="1985">1985</unitdate><unitid type="local_mss">3188601</unitid><container type="box">1</container><container type="folder">19</container></did></c03><c03 level="file"><did><unittitle>Ballet</unittitle><unitdate type="inclusive" normal="1994">1994</unitdate><unitid type="local_mss">3188603</unitid><container type="box">1</container><container type="folder">20</container></did></c03><c03 level="file"><did><unittitle>Ballet Spectular</unittitle><unitdate type="inclusive" normal="1974">1974</unitdate><unitid type="local_mss">3188604</unitid><container type="box">1</container><container type="folder">21</container></did></c03><c03 level="file"><did><unittitle>Les Ballets des Champs Elysees</unittitle><unitid type="local_mss">3188605</unitid><container type="box">1</container><container type="folder">22</container></did><scopecontent><p>Cambridge Theatre, London.</p></scopecontent></c03><c03 level="file"><did><unittitle><title>Le Lac Des Cygnes</title></unittitle><unitdate type="inclusive" normal="1962">1962</unitdate><unitid type="local_mss">3188606</unitid><container type="box">1</container><container type="folder">23</container></did><scopecontent><p>Royal Opera House, Convent Garden.</p></scopecontent></c03><c03 level="file"><did><unittitle>London's Festival Ballet</unittitle><unitdate type="inclusive" normal="1952">1952</unitdate><unitid type="local_mss">3188607</unitid><container type="box">1</container><container type="folder">24</container></did></c03><c03 level="file"><did><unittitle>Original Ballet Russe</unittitle><unitid type="local_mss">3188608</unitid><container type="box">1</container><container type="folder">25</container></did></c03><c03 level="file"><did><unittitle>Ruth Page's Chicago Opera Ballet</unittitle><unitid type="local_mss">3188609</unitid><container type="box">1</container><container type="folder">26</container></did></c03><c03 level="file"><did><unittitle>Sadler's Wells <title>Ballet Rambert</title></unittitle><unitdate type="inclusive" normal="1946">1946</unitdate><unitid type="local_mss">3188610</unitid><container type="box">1</container><container type="folder">27</container></did></c03><c03 level="file"><did><unittitle>Sonia Arova in Japan</unittitle><unitdate type="inclusive" normal="1952">1952</unitdate><unitid type="local_mss">3188611</unitid><container type="box">1</container><container type="folder">28</container></did></c03><c03 level="file"><did><unittitle><title>Swan Lake</title></unittitle><unitdate type="inclusive" normal="1995">1995</unitdate><unitid type="local_mss">3188612</unitid><container type="box">1</container><container type="folder">29</container></did><scopecontent><p>Ballet South.</p></scopecontent></c03><c03 level="file"><did><unittitle>Miscellaneous Press, Postcards, Leaflets</unittitle><unitid type="local_mss">3188637</unitid><container type="box">1</container><container type="folder">32</container></did></c03></c02></c01><c01 level="file"><did><unittitle>Correspondence and Notes</unittitle><unitdate type="inclusive" normal="1979/1996">1979-1996</unitdate><unitid type="local_mss">3188613</unitid></did><c02 level="file"><did><unittitle>Correspondence</unittitle><unitdate type="inclusive" normal="1979/1996">1979-1996</unitdate><unitid type="local_mss">3188614</unitid><container type="box">1</container><container type="folder">30</container></did></c02><c02 level="file"><did><unittitle>Notes For Classes Taught at the Australian Ballet</unittitle><unitdate type="inclusive" normal="1994">1994</unitdate><unitid type="local_mss">3188615</unitid><container type="box">1</container><container type="folder">31</container></did></c02></c01><c01 level="file"><did><unittitle>Photographs</unittitle><unitdate type="inclusive" normal="1960/2009">1960s-2000s</unitdate><unitid type="local_mss">3188616</unitid></did><c02 level="file"><did><unittitle>Arovo, Sonia</unittitle><unitid type="local_mss">3188617</unitid></did><c03 level="file"><did><unittitle>Ballet Theatre Troupe</unittitle><unitid type="local_mss">3188618</unitid><container type="box">2</container><container type="folder">1-2</container></did></c03><c03 level="file"><did><unittitle>National Ballet</unittitle><unitdate type="inclusive" normal="1965">1965</unitdate><unitid type="local_mss">3188619</unitid><container type="box">2</container><container type="folder">3</container></did><scopecontent><p>Publicity shot.</p></scopecontent></c03><c03 level="file"><did><unittitle>With Rudolf Nureyev in Rehearsal</unittitle><unitdate type="inclusive" normal="1962">1962</unitdate><unitid type="local_mss">3188620</unitid><container type="box">2</container><container type="folder">4</container></did></c03><c03 level="file"><did><unittitle>With Rudolf Nureyev in <title>Flower Festival in Genzano</title></unittitle><unitid type="local_mss">3188621</unitid><container type="box">2</container><container type="folder">5</container></did></c03><c03 level="file"><did><unittitle><title>Scheherezade</title></unittitle><unitid type="local_mss">3188622</unitid><container type="box">2</container><container type="folder">6</container></did></c03><c03 level="file"><did><unittitle><title>Swan Lake</title></unittitle><unitdate type="inclusive" normal="1965">1965</unitdate><unitid type="local_mss">3188623</unitid><container type="box">2</container><container type="folder">7</container></did><scopecontent><p>National Ballet.</p></scopecontent></c03><c03 level="file"><did><unittitle><title>Les Sylphides</title></unittitle><unitid type="local_mss">3188624</unitid><container type="box">2</container><container type="folder">8</container></did></c03><c03 level="file"><did><unittitle>Tokyo, Japan</unittitle><unitdate type="inclusive" normal="1952">1952</unitdate><unitid type="local_mss">3188625</unitid><container type="box">2</container><container type="folder">9</container></did><scopecontent><p>Publicity shot.</p></scopecontent></c03><c03 level="file"><did><unittitle>Publicity Shots With Other Dancers</unittitle><unitdate type="inclusive" normal="1962">1962</unitdate><unitid type="local_mss">3188627</unitid><container type="box">2</container><container type="folder">10</container></did></c03><c03 level="file"><did><unittitle>Assorted Images</unittitle><unitid type="local_mss">3188628</unitid></did><c04 level="file"><did><unittitle>Alabama School of Fine Arts</unittitle><unitid type="local_mss">3188629</unitid><container type="box">2</container><container type="folder">11</container></did></c04><c04 level="file"><did><unittitle>Teaching Students in Oslo, Norway</unittitle><unitid type="local_mss">3188626</unitid><container type="box">2</container><container type="folder">12</container></did></c04><c04 level="file"><did><unittitle>Arova With Alabama School of Fine Arts Students</unittitle><unitdate type="inclusive" normal="1980/1989">1980s</unitdate><unitid type="local_mss">3188630</unitid><container type="box">2</container><container type="folder">11</container></did></c04><c04 level="file"><did><unittitle>Arova Teaching Students in Oslo, Norway</unittitle><unitid type="local_mss">3188631</unitid><container type="box">2</container><container type="folder">12</container></did></c04><c04 level="file"><did><unittitle>Arova With Officials at Ballet Event</unittitle><unitdate type="inclusive" normal="1980">1980</unitdate><unitid type="local_mss">3188633</unitid><container type="box">2</container><container type="folder">13</container></did></c04><c04 level="file"><did><unittitle>Students at rehearsal with Thor Sutowski</unittitle><unitid type="local_mss">3188632</unitid><container type="box">2</container><container type="folder">14-15</container></did></c04><c04 level="file"><did><unittitle>Arova and Sutowski</unittitle><unitdate type="inclusive" normal="1980/1989">1980s</unitdate><unitid type="local_mss">3188634</unitid><container type="box">2</container><container type="folder">16</container></did></c04><c04 level="file"><did><unittitle>Performance Honoring Arova and Sutowski</unittitle><unitdate type="inclusive" normal="2000">2000</unitdate><unitid type="local_mss">3188635</unitid><container type="box">2</container><container type="folder">17</container></did></c04><c04 level="file"><did><unittitle>Arova Greets Robert F. Kennedy</unittitle><unitid type="local_mss">3188636</unitid><container type="box">2</container><container type="folder">18</container></did></c04></c03></c02></c01><c01 level="file"><did><unittitle>Audio and Moving Image</unittitle><unitid type="local_mss">3188638</unitid></did><accessrestrict><p>Inquiries regarding audio and moving image materials in the collection may be directed to the Jerome Robbins Dance Division (dance@nypl.org). Audio and moving image materials wil be subject to preservation assessment and migration prior to access.</p></accessrestrict></c01></dsc></archdesc>
</ead>
