<?xml version="1.0" encoding="UTF-8"?>
<ead xmlns="urn:isbn:1-931666-22-9" xmlns:xsi="http://www.w3.org/2001/XMLSchema-instance" xmlns:xlink="http://www.w3.org/1999/xlink" xsi:schemaLocation="urn:isbn:1-931666-22-9 http://www.loc.gov/ead/ead.xsd">
  <eadheader countryencoding="iso3166-1" dateencoding="iso8601" langencoding="iso639-2b" repositoryencoding="iso15511" relatedencoding="marc" scriptencoding="iso8601"><eadid countrycode="US" mainagencycode="US-NN" url="http://archives.nypl.org/mus/25763.xml">mus25763.xml</eadid><filedesc><titlestmt><titleproper>Guide to the William P. Gottlieb Photographs, <date>1938-1948</date></titleproper></titlestmt><publicationstmt><publisher>The New York Public Library. Music Division.</publisher><address><addressline>New York Public Library for the Performing Arts, Dorothy and Lewis B. Cullman Center</addressline><addressline>40 Lincoln Center Plaza, New York, NY 10023-7498</addressline></address></publicationstmt></filedesc><profiledesc><creation>EAD generated by archives.nypl.org on <date normal="2019-12-10">December 10, 2019</date></creation><langusage><language langcode="eng">English</language></langusage></profiledesc></eadheader>
  
  <archdesc level="collection"><did><unittitle>William P. Gottlieb Photographs</unittitle><unitdate type="inclusive" normal="1938/1948">1938-1948</unitdate><unitid type="local_mss">25763</unitid><unitid type="local_call">JPB 19-04</unitid><origination><persname source="naf" authfilenumber="http://id.loc.gov/authorities/names/n82145642">Gottlieb, William P.</persname></origination><repository><corpname>The New York Public Library. Music Division.</corpname><address><addressline>New York Public Library for the Performing Arts, Dorothy and Lewis B. Cullman Center</addressline><addressline>40 Lincoln Center Plaza, New York, NY 10023-7498</addressline></address></repository><physdesc><extent unit="containers">8 boxes</extent><extent unit="linear_feet">1.67 linear feet</extent></physdesc><abstract>William P. Gottlieb was a writer and photographer known for documenting jazz musicians, particularly for <title>Down Beat</title> magazine. The collection consists of black and white photographs taken by Gottlieb of jazz, classical, and pop musicians between 1938 and 1948.</abstract><langmaterial>English</langmaterial></did><bioghist><p>William P. Gottlieb was born in Brooklyn, New York in 1917 and died in 2006 in Great Neck, New York. He was a photographer and journalist who became known particularly for his portraits and reviews of jazz musicians. Beginning in the late 1930s, he covered jazz for <title>The Washington Post</title>. Between 1943 and 1945, he served in the Army Air Corp as a photo officer. After the war, he took up residence in New York, where he worked for <title>Down Beat</title> magazine as a staff writer and photographer. In 1948, he retired from photography. He subsequently started a filmstrip company and also wrote several children's books. In 1994, several of his jazz photographs were featured as United States postage stamps.</p></bioghist><scopecontent><p>The collection consists of approximately 500 black and white photographs taken by William Gottlieb of jazz, classical, and pop musicians between the years 1938 and 1948. The majority of the photographs were taken during performances and rehearsals inside New York City night clubs, including the Aquarium, the Spotlite Club, the Pied Piper, the Onyx Club, Eddie Condon's, and the Famous Door. Several photographs were taken at the National Press Club and the Turkish Embassy in Washington, D.C., at the Decca Records Studio, and at the offices of <title>Down Beat</title> magazine.</p></scopecontent><prefercite><p>William P. Gottlieb Photographs, JPB 19-04. Music Division, The New York Public Library for the Performing Arts</p></prefercite><arrangement><p>Collection is arranged alphabetically by subject.</p></arrangement><bibliography id="aspace_7ce6e11a5f80aa379a97ca19e1a70cf0"><p>William P. Gottlieb, <title>The Golden Age of Jazz</title>. New York: Simon and Schuster, 1979.</p></bibliography><controlaccess><persname role="subject" source="naf" authfilenumber="http://id.loc.gov/authorities/names/n50033872">Gillespie, Dizzy, 1917-1993</persname><persname source="naf" authfilenumber="http://id.loc.gov/authorities/names/n82145642">Gottlieb, William P.</persname><persname role="subject" source="naf" authfilenumber="http://id.loc.gov/authorities/names/n50033023">Holiday, Billie, 1915-1959</persname><persname role="subject" source="naf" authfilenumber="http://id.loc.gov/authorities/names/n81032095">Kenton, Stan</persname><persname role="subject" source="naf" authfilenumber="http://id.loc.gov/authorities/names/n50026395">Sinatra, Frank, 1915-1998</persname><persname role="subject" source="naf" authfilenumber="http://id.loc.gov/authorities/names/n82025133">Williams, Mary Lou, 1910-1981</persname><subject source="lcsh">African American jazz musicians -- New York (State) -- New York</subject><subject source="lcsh">Jazz musicians -- Portraits</subject><subject source="lcsh">Jazz musicians -- United States</subject><subject source="lcsh">Women jazz musicians</subject></controlaccess><dsc><c01 level="file"><did><unittitle>Adler, Larry and Paul Draper, New York City Center</unittitle><unitdate type="inclusive" normal="1947">1947</unitdate><unitid type="local_mss">3189314</unitid><container type="box">1</container><container type="folder">1</container></did></c01><c01 level="file"><did><unittitle>Allen, Henry "Red" at the Onyx Club</unittitle><unitdate type="inclusive" normal="1946">1946</unitdate><unitid type="local_mss">3189613</unitid><container type="box">1</container><container type="folder">2</container></did></c01><c01 level="file"><did><unittitle>Anthony, Ray</unittitle><unitdate type="inclusive" normal="1947">1947</unitdate><unitid type="local_mss">3189614</unitid><container type="box">1</container><container type="folder">3</container></did></c01><c01 level="file"><did><unittitle>Armstrong, Louis</unittitle><unitdate type="inclusive" normal="1938/1948">1938-1948</unitdate><unitid type="local_mss">3189615</unitid><container type="box">1</container><container type="folder">4</container></did></c01><c01 level="file"><did><unittitle>Astor, Bob</unittitle><unitdate type="inclusive" normal="1938/1948">1938-1948</unitdate><unitid type="local_mss">3189617</unitid><container type="box">1</container><container type="folder">5</container></did></c01><c01 level="file"><did><unittitle>Auld, George</unittitle><unitdate type="inclusive" normal="1947-08">August 1947</unitdate><unitid type="local_mss">3189620</unitid><container type="box">1</container><container type="folder">6</container></did></c01><c01 level="file"><did><unittitle>Avakian, George</unittitle><unitdate type="inclusive" normal="1938/1948">1938-1948</unitdate><unitid type="local_mss">3189636</unitid><container type="box">1</container><container type="folder">7</container></did></c01><c01 level="file"><did><unittitle>Barefield, Eddie with Albert Casey at Cafe Society</unittitle><unitdate type="inclusive" normal="1946/1948">1946-1948</unitdate><unitid type="local_mss">3189621</unitid><container type="box">1</container><container type="folder">8</container></did></c01><c01 level="file"><did><unittitle>Barnet, Charlie</unittitle><unitdate type="inclusive" normal="1946">1946</unitdate><unitid type="local_mss">3189622</unitid><container type="box">1</container><container type="folder">9</container></did></c01><c01 level="file"><did><unittitle>Basie, Count at the Aquarium (New York, N.Y.)</unittitle><unitdate type="inclusive" normal="1946/1948">1946-1948</unitdate><unitid type="local_mss">3189623</unitid><container type="box">1</container><container type="folder">10</container></did></c01><c01 level="file"><did><unittitle>Beale Street Boys</unittitle><unitdate type="inclusive" normal="1938/1948">1938-1948</unitdate><unitid type="local_mss">3189624</unitid><container type="box">1</container><container type="folder">11</container></did></c01><c01 level="file"><did><unittitle>Bechet, Sidney</unittitle><unitdate type="inclusive" normal="1938/1948">1938-1948</unitdate><unitid type="local_mss">3189625</unitid><container type="box">1</container><container type="folder">12</container></did></c01><c01 level="file"><did><unittitle>Beneke, Tex</unittitle><unitdate type="inclusive" normal="1947">1947</unitdate><unitid type="local_mss">3189626</unitid><container type="box">1</container><container type="folder">13</container></did></c01><c01 level="file"><did><unittitle>Benjamin, Bernie and George Weiss</unittitle><unitdate type="inclusive" normal="1947">1947</unitdate><unitid type="local_mss">3189628</unitid><container type="box">1</container><container type="folder">14</container></did></c01><c01 level="file"><did><unittitle>Bernstein, Leonard</unittitle><unitdate type="inclusive" normal="1938/1948">1938-1948</unitdate><unitid type="local_mss">3189629</unitid><container type="box">1</container><container type="folder">15</container></did></c01><c01 level="file"><did><unittitle>Best, Denzil at the Pied Piper (New York, N.Y.)</unittitle><unitdate type="inclusive" normal="1947">1947</unitdate><unitid type="local_mss">3189630</unitid><container type="box">1</container><container type="folder">16</container></did></c01><c01 level="file"><did><unittitle>Bigard, Barney at the Turkish Embassy (Washington, D.C.)</unittitle><unitdate type="inclusive" normal="1938">1938</unitdate><unitid type="local_mss">3189631</unitid><container type="box">1</container><container type="folder">17</container></did></c01><c01 level="file"><did><unittitle>Bothwell, Johnny</unittitle><unitdate type="inclusive" normal="1946">1946</unitdate><unitid type="local_mss">3189632</unitid><container type="box">1</container><container type="folder">18</container></did></c01><c01 level="file"><did><unittitle>Brown, Pete</unittitle><unitdate type="bulk" normal="1938/1948">1938-1948</unitdate><unitid type="local_mss">3189633</unitid><container type="box">1</container><container type="folder">19</container></did></c01><c01 level="file"><did><unittitle>Brown Vernon at Museum of Modern Art program, ABC studio</unittitle><unitdate type="inclusive" normal="1947">1947</unitdate><unitid type="local_mss">3189634</unitid><container type="box">1</container><container type="folder">20</container></did></c01><c01 level="file"><did><unittitle>Butterfield, Billy at Columbia studio</unittitle><unitdate type="inclusive" normal="1947">1947</unitdate><unitid type="local_mss">3189635</unitid><container type="box">1</container><container type="folder">21</container></did></c01><c01 level="file"><did><unittitle>Calloway, Cab at Columbia studio and the Strand Theater</unittitle><unitdate type="inclusive" normal="1947">1947</unitdate><unitid type="local_mss">3189637</unitid><container type="box">1</container><container type="folder">22</container></did></c01><c01 level="file"><did><unittitle>Candoli, Conte</unittitle><unitdate type="inclusive" normal="1947/1948">1947-1948</unitdate><unitid type="local_mss">3189638</unitid><container type="box">1</container><container type="folder">23</container></did></c01><c01 level="file"><did><unittitle>Carney, Harry</unittitle><unitdate type="inclusive" normal="1938/1939">1938-1939</unitdate><unitdate type="inclusive" normal="1946">1946</unitdate><unitid type="local_mss">3189639</unitid><container type="box">1</container><container type="folder">24</container></did><scopecontent><p>Includes photos at the Turkish Embassy (Washington, D.C.) and at the Aquarium (New York, N.Y.)</p></scopecontent></c01><c01 level="file"><did><unittitle>Carter, Benny at the Apollo Theatre</unittitle><unitdate type="inclusive" normal="1946">1946</unitdate><unitid type="local_mss">3189640</unitid><container type="box">1</container><container type="folder">25</container></did></c01><c01 level="file"><did><unittitle>Carver, Lynn with the Deryck Sampson Trio at the Famous Door</unittitle><unitdate type="inclusive" normal="1947">1947</unitdate><unitid type="local_mss">3189641</unitid><container type="box">1</container><container type="folder">26</container></did></c01><c01 level="file"><did><unittitle>Casey, Albert</unittitle><unitdate type="inclusive" normal="1946/1947">1946-1947</unitdate><unitid type="local_mss">3189642</unitid><container type="box">1</container><container type="folder">27</container></did><scopecontent><p>Includes photos with Denzil Best and John Levy at the Pied Piper (New York, N.Y.) and with Eddie Barefield at Cafe Society (New York, N.Y.)</p></scopecontent></c01><c01 level="file"><did><unittitle>Catlett, Sidney</unittitle><unitdate type="inclusive" normal="1947">1947</unitdate><unitid type="local_mss">3189643</unitid><container type="box">1</container><container type="folder">28</container></did></c01><c01 level="file"><did><unittitle>Chester, Bob</unittitle><unitdate type="inclusive" normal="1947">1947</unitdate><unitid type="local_mss">3189644</unitid><container type="box">1</container><container type="folder">29</container></did></c01><c01 level="file"><did><unittitle>Chittison, Herman</unittitle><unitdate type="inclusive" normal="1946">1946</unitdate><unitid type="local_mss">3189645</unitid><container type="box">1</container><container type="folder">30</container></did></c01><c01 level="file"><did><unittitle>Cugat, Xavier</unittitle><unitdate type="inclusive" normal="1946/1948">1946-1948</unitdate><unitid type="local_mss">3189646</unitid><container type="box">1</container><container type="folder">31</container></did></c01><c01 level="file"><did><unittitle>Dameron, Tad</unittitle><unitdate type="inclusive" normal="1946/1948">1946-1948</unitdate><unitid type="local_mss">3189647</unitid><container type="box">1</container><container type="folder">32</container></did><scopecontent><p>Includes Charlie Rouse, Tadd Dameron, Fats Navarro and Ernie Henry</p></scopecontent></c01><c01 level="file"><did><unittitle>D'Amico, Hank at the Museum of Modern Music program, ABC studio</unittitle><unitdate type="inclusive" normal="1947">1947</unitdate><unitid type="local_mss">3189648</unitid><container type="box">1</container><container type="folder">33</container></did></c01><c01 level="file"><did><unittitle>Damone, Vic</unittitle><unitdate type="inclusive" normal="1946/1948">1946-1948</unitdate><unitid type="local_mss">3189649</unitid><container type="box">1</container><container type="folder">34</container></did></c01><c01 level="file"><did><unittitle>Dardenelle at the Sheraton Hotel (New York, N.Y.)</unittitle><unitdate type="inclusive" normal="1946">1946</unitdate><unitid type="local_mss">3189650</unitid><container type="box">1</container><container type="folder">35</container></did></c01><c01 level="file"><did><unittitle>Davison, William "Wild Bill" at Eddie Condon's</unittitle><unitdate type="inclusive" normal="1946">1946</unitdate><unitid type="local_mss">3189651</unitid><container type="box">1</container><container type="folder">36</container></did></c01><c01 level="file"><did><unittitle>Day, Doris with Kitty Kallen in Central Park</unittitle><unitdate type="inclusive" normal="1947">1947</unitdate><unitid type="local_mss">3189696</unitid><container type="box">2</container><container type="folder">1</container></did></c01><c01 level="file"><did><unittitle>DeArrango, Bill "Buddy" with Terry Gibbs and Harry Biss at Three Deuces (New York, N.Y.)</unittitle><unitdate type="inclusive" normal="1947">1947</unitdate><unitid type="local_mss">3189697</unitid><container type="box">2</container><container type="folder">2</container></did></c01><c01 level="file"><did><unittitle>Delaunay, Charles</unittitle><unitdate type="inclusive" normal="1946">1946</unitdate><unitid type="local_mss">3189698</unitid><container type="box">2</container><container type="folder">3</container></did></c01><c01 level="file"><did><unittitle>DeParis, Wilbur with Sammy Price, Sidney DeParis, Eddie Barefield, Charlie Traeger at Jimmy Ryan's</unittitle><unitdate type="inclusive" normal="1947">1947</unitdate><unitid type="local_mss">3189699</unitid><container type="box">2</container><container type="folder">4</container></did></c01><c01 level="file"><did><unittitle>Desmond, Johnny with Margaret Whiting</unittitle><unitdate type="inclusive" normal="1946">1946</unitdate><unitid type="local_mss">3189700</unitid><container type="box">2</container><container type="folder">5</container></did></c01><c01 level="file"><did><unittitle>Dodds, Baby with Marty Marsala, Riverboat on the Hudson</unittitle><unitdate type="inclusive" normal="1947">1947</unitdate><unitid type="local_mss">3189701</unitid><container type="box">2</container><container type="folder">6</container></did></c01><c01 level="file"><did><unittitle>Donahue, Sam at the Aquarium</unittitle><unitdate type="inclusive" normal="1946">1946</unitdate><unitid type="local_mss">3189702</unitid><container type="box">2</container><container type="folder">7</container></did></c01><c01 level="file"><did><unittitle>Dorsey, Tommy</unittitle><unitdate type="inclusive" normal="1938/1948">1938-1948</unitdate><unitid type="local_mss">3189703</unitid><container type="box">2</container><container type="folder">8</container></did></c01><c01 level="file"><did><unittitle>Dyer-Bennet, Richard at the Village Vanguard</unittitle><unitdate type="inclusive" normal="1947">1947</unitdate><unitid type="local_mss">3189704</unitid><container type="box">2</container><container type="folder">9</container></did></c01><c01 level="file"><did><unittitle>Eager, Allen</unittitle><unitdate type="inclusive" normal="1947">1947</unitdate><unitid type="local_mss">3189705</unitid><container type="box">2</container><container type="folder">10</container></did><scopecontent><p>Includes photos at the Arcadia Ballroom and at Club 18</p></scopecontent></c01><c01 level="file"><did><unittitle>Edwards, Cliff with Betty Brewer and Frank Raye at Hudson River</unittitle><unitdate type="inclusive" normal="1947">1947</unitdate><unitid type="local_mss">3189706</unitid><container type="box">2</container><container type="folder">11</container></did></c01><c01 level="file"><did><unittitle>Eldridge, Roy at the Spotlite Club</unittitle><unitdate type="inclusive" normal="1946">1946</unitdate><unitid type="local_mss">3189707</unitid><container type="box">2</container><container type="folder">12</container></did></c01><c01 level="file"><did><unittitle>Ellington, Duke</unittitle><unitdate type="inclusive" normal="1946/1947">1946-1947</unitdate><unitid type="local_mss">3189708</unitid><container type="box">2</container><container type="folder">13</container></did></c01><c01 level="file"><did><unittitle>Ertegun, Ahment</unittitle><unitdate type="inclusive" normal="1938/1948">1938-1948</unitdate><unitid type="local_mss">3189709</unitid><container type="box">2</container><container type="folder">14</container></did></c01><c01 level="file"><did><unittitle>Feld, Morey</unittitle><unitdate type="inclusive" normal="1947">1947</unitdate><unitid type="local_mss">3189710</unitid><container type="box">2</container><container type="folder">15</container></did></c01><c01 level="file"><did><unittitle>Fields, Herbert</unittitle><unitdate type="inclusive" normal="1938/1948">1938-1948</unitdate><unitid type="local_mss">3189711</unitid><container type="box">2</container><container type="folder">16</container></did></c01><c01 level="file"><did><unittitle>Finckel, Eddie</unittitle><unitdate type="inclusive" normal="1946/1948">1946-1948</unitdate><unitid type="local_mss">3189712</unitid><container type="box">2</container><container type="folder">17</container></did></c01><c01 level="file"><did><unittitle>Fitzgerald, Ella</unittitle><unitdate type="inclusive" normal="1946/1947">1946-1947</unitdate><unitid type="local_mss">3189713</unitid><container type="box">2</container><container type="folder">18</container></did></c01><c01 level="file"><did><unittitle>Fleagle, Brick</unittitle><unitdate type="inclusive" normal="1946/1948">1946-1948</unitdate><unitid type="local_mss">3189714</unitid><container type="box">2</container><container type="folder">19</container></did></c01><c01 level="file"><did><unittitle>Foster, George "Pops" at Ole South</unittitle><unitdate type="inclusive" normal="1947">1947</unitdate><unitid type="local_mss">3189715</unitid><container type="box">2</container><container type="folder">20</container></did></c01><c01 level="file"><did><unittitle>Freeman, Bud at Jimmy Ryan's Club</unittitle><unitdate type="inclusive" normal="1947">1947</unitdate><unitid type="local_mss">3189716</unitid><container type="box">2</container><container type="folder">21</container></did></c01><c01 level="file"><did><unittitle>Fuller, Walter</unittitle><unitdate type="inclusive" normal="1946/1948">1946-1948</unitdate><unitid type="local_mss">3189717</unitid><container type="box">2</container><container type="folder">22</container></did></c01><c01 level="file"><did><unittitle>Gary, Vivien with Teddy Kaye and Arvin Charles Garrison at Dixon's</unittitle><unitdate type="inclusive" normal="1947">1947</unitdate><unitid type="local_mss">3189718</unitid><container type="box">2</container><container type="folder">23</container></did></c01><c01 level="file"><did><unittitle>George, Betty at Copacabana</unittitle><unitdate type="inclusive" normal="1947">1947</unitdate><unitid type="local_mss">3189719</unitid><container type="box">2</container><container type="folder">24</container></did></c01><c01 level="file"><did><unittitle>Gibson, Harry at Diamond Studio</unittitle><unitdate type="inclusive" normal="1947">1947</unitdate><unitid type="local_mss">3189720</unitid><container type="box">2</container><container type="folder">25</container></did></c01><c01 level="file"><did><unittitle>Gillespie, Dizzy</unittitle><unitdate type="inclusive" normal="1946/1948">1946-1948</unitdate><unitid type="local_mss">3189721</unitid><container type="box">2</container><container type="folder">26</container></did></c01><c01 level="file"><did><unittitle>Glenn, Tyree</unittitle><unitdate type="inclusive" normal="1947">1947</unitdate><unitid type="local_mss">3189722</unitid><container type="box">2</container><container type="folder">27</container></did></c01><c01 level="file"><did><unittitle>Goldkette, Jean at William Gottlieb's office</unittitle><unitdate type="inclusive" normal="1947">1947</unitdate><unitid type="local_mss">3189723</unitid><container type="box">2</container><container type="folder">28</container></did></c01><c01 level="file"><did><unittitle>Gomez, Vincente at Cafe Society</unittitle><unitdate type="inclusive" normal="1946">1946</unitdate><unitid type="local_mss">3189724</unitid><container type="box">2</container><container type="folder">29</container></did></c01><c01 level="file"><did><unittitle>Goodman, Benny</unittitle><unitdate type="inclusive" normal="1946/1948">1946-1948</unitdate><unitid type="local_mss">3189747</unitid><container type="box">3</container><container type="folder">1</container></did></c01><c01 level="file"><did><unittitle>Gottlieb, William</unittitle><unitdate type="inclusive" normal="1938/1948">1938-1948</unitdate><unitdate type="inclusive">undated</unitdate><unitid type="local_mss">3189748</unitid><container type="box">3</container><container type="folder">2</container></did></c01><c01 level="file"><did><unittitle>Graettinger, Bob</unittitle><unitdate type="inclusive" normal="1946/1948">1946-1948</unitdate><unitid type="local_mss">3189749</unitid><container type="box">3</container><container type="folder">3</container></did></c01><c01 level="file"><did><unittitle>Granz, Norman</unittitle><unitdate type="inclusive" normal="1947">1947</unitdate><unitid type="local_mss">3189750</unitid><container type="box">3</container><container type="folder">4</container></did></c01><c01 level="file"><did><unittitle>Gray, Jerry</unittitle><unitdate type="inclusive" normal="1946/1948">1946-1948</unitdate><unitid type="local_mss">3189751</unitid><container type="box">3</container><container type="folder">5</container></did></c01><c01 level="file"><did><unittitle>Greer, Sonny at the Aquarium</unittitle><unitdate type="inclusive" normal="1946">1946</unitdate><unitid type="local_mss">3189752</unitid><container type="box">3</container><container type="folder">6</container></did></c01><c01 level="file"><did><unittitle>Guion, King</unittitle><unitdate type="inclusive" normal="1938/1948">1938-1948</unitdate><unitid type="local_mss">3189753</unitid><container type="box">3</container><container type="folder">7</container></did></c01><c01 level="file"><did><unittitle>Guy, Fred at the Aquarium</unittitle><unitdate type="inclusive" normal="1946">1946</unitdate><unitid type="local_mss">3189754</unitid><container type="box">3</container><container type="folder">8</container></did></c01><c01 level="file"><did><unittitle>Hackett, Bobby at the Paramount Theater</unittitle><unitdate type="inclusive" normal="1946">1946</unitdate><unitid type="local_mss">3189755</unitid><container type="box">3</container><container type="folder">9</container></did></c01><c01 level="file"><did><unittitle>Hardee, John at the Famous Door</unittitle><unitdate type="inclusive" normal="1947">1947</unitdate><unitid type="local_mss">3189756</unitid><container type="box">3</container><container type="folder">10</container></did></c01><c01 level="file"><did><unittitle>Harris, Bill at William Gottlieb's home</unittitle><unitdate type="inclusive" normal="1947">1947</unitdate><unitid type="local_mss">3189757</unitid><container type="box">3</container><container type="folder">11</container></did></c01><c01 level="file"><did><unittitle>Hathaway, Ann</unittitle><unitdate type="inclusive" normal="1946/1948">1946-1948</unitdate><unitid type="local_mss">3189758</unitid><container type="box">3</container><container type="folder">12</container></did></c01><c01 level="file"><did><unittitle>Hawkins, Coleman at the Spotlite Club</unittitle><unitdate type="inclusive" normal="1946">1946</unitdate><unitid type="local_mss">3189759</unitid><container type="box">3</container><container type="folder">13</container></did></c01><c01 level="file"><did><unittitle>Heard, J.C. at Cafe Society</unittitle><unitdate type="inclusive" normal="1946">1946</unitdate><unitid type="local_mss">3189760</unitid><container type="box">3</container><container type="folder">14</container></did></c01><c01 level="file"><did><unittitle>Helbock, Joe at Charlie's Tavern</unittitle><unitdate type="inclusive" normal="1947">1947</unitdate><unitid type="local_mss">3189761</unitid><container type="box">3</container><container type="folder">15</container></did></c01><c01 level="file"><did><unittitle>Herman, Woody</unittitle><unitdate type="inclusive" normal="1946">1946</unitdate><unitid type="local_mss">3189762</unitid><container type="box">3</container><container type="folder">16</container></did></c01><c01 level="file"><did><unittitle>Heywood, Eddie at Three Deuces</unittitle><unitdate type="inclusive" normal="1946">1946</unitdate><unitid type="local_mss">3189763</unitid><container type="box">3</container><container type="folder">17</container></did></c01><c01 level="file"><did><unittitle>Higginbotham, J.C</unittitle><unitdate type="inclusive" normal="1938/1948">1938-1948</unitdate><unitid type="local_mss">3189764</unitid><container type="box">3</container><container type="folder">18</container></did></c01><c01 level="file"><did><unittitle>Hill, Bertha "Chippie"</unittitle><unitdate type="inclusive" normal="1946/1948">1946-1948</unitdate><unitid type="local_mss">3189765</unitid><container type="box">3</container><container type="folder">19</container></did></c01><c01 level="file"><did><unittitle>Hines, Earl</unittitle><unitdate type="inclusive" normal="1938/1948">1938-1948</unitdate><unitid type="local_mss">3189766</unitid><container type="box">3</container><container type="folder">20</container></did></c01><c01 level="file"><did><unittitle>Hodes, Art at Ole South</unittitle><unitdate type="inclusive" normal="1946">1946</unitdate><unitid type="local_mss">3189767</unitid><container type="box">3</container><container type="folder">21</container></did></c01><c01 level="file"><did><unittitle>Art Hodes River Boat Jazz Band at Times Square</unittitle><unitdate type="inclusive" normal="1947">1947</unitdate><unitid type="local_mss">3189768</unitid><container type="box">3</container><container type="folder">22</container></did></c01><c01 level="file"><did><unittitle>Hodges, Johnny at the Aquarium</unittitle><unitdate type="inclusive" normal="1946">1946</unitdate><unitid type="local_mss">3189769</unitid><container type="box">3</container><container type="folder">23</container></did></c01><c01 level="file"><did><unittitle>Holiday, Billie</unittitle><unitdate type="inclusive" normal="1946/1948">1946-1948</unitdate><unitid type="local_mss">3189770</unitid><container type="box">3</container><container type="folder">24</container></did></c01><c01 level="file"><did><unittitle>Howard, Wayne</unittitle><unitdate type="inclusive" normal="1946/1948">1946-1948</unitdate><unitid type="local_mss">3189771</unitid><container type="box">3</container><container type="folder">25</container></did></c01><c01 level="file"><did><unittitle>Hucko, Michael "Peanuts"</unittitle><unitdate type="inclusive" normal="1947">1947</unitdate><unitid type="local_mss">3189772</unitid><container type="box">3</container><container type="folder">26</container></did></c01><c01 level="file"><did><unittitle>Hudson, Dean</unittitle><unitdate type="inclusive" normal="1946">1946</unitdate><unitid type="local_mss">3189773</unitid><container type="box">3</container><container type="folder">27</container></did></c01><c01 level="file"><did><unittitle>Jackson, Chubby</unittitle><unitdate type="inclusive" normal="1946/1948">1946-1948</unitdate><unitid type="local_mss">3189774</unitid><container type="box">3</container><container type="folder">28</container></did></c01><c01 level="file"><did><unittitle>Jackson, Cliff at Cafe Society</unittitle><unitdate type="inclusive" normal="1947">1947</unitdate><unitid type="local_mss">3189775</unitid><container type="box">3</container><container type="folder">29</container></did></c01><c01 level="file"><did><unittitle>Jackson, Milt with Ray Brown</unittitle><unitdate type="inclusive" normal="1946/1948">1946-1948</unitdate><unitid type="local_mss">3189776</unitid><container type="box">4</container><container type="folder">1</container></did></c01><c01 level="file"><did><unittitle>Jacobs, Charlie at Charlie's Tavern</unittitle><unitdate type="inclusive" normal="1946/1948">1946-1948</unitdate><unitid type="local_mss">3189777</unitid><container type="box">4</container><container type="folder">2</container></did></c01><c01 level="file"><did><unittitle>Jacquet, Illinois</unittitle><unitdate type="inclusive" normal="1947">1947</unitdate><unitid type="local_mss">3189778</unitid><container type="box">4</container><container type="folder">3</container></did></c01><c01 level="file"><did><unittitle>James, Harry at Coca Cola show rehearsal</unittitle><unitdate type="inclusive" normal="1946/1948">1946-1948</unitdate><unitid type="local_mss">3189779</unitid><container type="box">4</container><container type="folder">4</container></did></c01><c01 level="file"><did><unittitle>Jerome, Jerry</unittitle><unitdate type="inclusive" normal="1947">1947</unitdate><unitid type="local_mss">3189780</unitid><container type="box">4</container><container type="folder">5</container></did></c01><c01 level="file"><did><unittitle>Johnson, Bunk with Maude Johnson at Stuyvesant Casino</unittitle><unitdate type="inclusive" normal="1946">1946</unitdate><unitid type="local_mss">3189781</unitid><container type="box">4</container><container type="folder">6</container></did></c01><c01 level="file"><did><unittitle>Johnson, James P</unittitle><unitdate type="inclusive" normal="1946/1948">1946-1948</unitdate><unitid type="local_mss">3189782</unitid><container type="box">4</container><container type="folder">7</container></did></c01><c01 level="file"><did><unittitle>Johnson, Pete at Cafe Society</unittitle><unitdate type="inclusive" normal="1946">1946</unitdate><unitid type="local_mss">3189783</unitid><container type="box">4</container><container type="folder">8</container></did></c01><c01 level="file"><did><unittitle>Jones, Jonah at Columbia Studio</unittitle><unitdate type="inclusive" normal="1947">1947</unitdate><unitid type="local_mss">3189784</unitid><container type="box">4</container><container type="folder">9</container></did></c01><c01 level="file"><did><unittitle>Jones, Slick</unittitle><unitdate type="inclusive" normal="1946/1948">1946-1948</unitdate><unitid type="local_mss">3189785</unitid><container type="box">4</container><container type="folder">10</container></did></c01><c01 level="file"><did><unittitle>Jordan, Louis at the Paramount Theater</unittitle><unitdate type="inclusive" normal="1946">1946</unitdate><unitid type="local_mss">3189786</unitid><container type="box">4</container><container type="folder">11</container></did></c01><c01 level="file"><did><unittitle>Jordan, Taft at the Aquarium</unittitle><unitdate type="inclusive" normal="1946">1946</unitdate><unitid type="local_mss">3189787</unitid><container type="box">4</container><container type="folder">12</container></did></c01><c01 level="file"><did><unittitle>Kaminsky, Max at Eddie Condon's</unittitle><unitdate type="inclusive" normal="1946">1946</unitdate><unitid type="local_mss">3189788</unitid><container type="box">4</container><container type="folder">13</container></did></c01><c01 level="file"><did><unittitle>Kaplan, Sam Hall with Frenchy Canette, Chuck Wayne, and Deryck Sampson at Three Deuces</unittitle><unitdate type="inclusive" normal="1947">1947</unitdate><unitid type="local_mss">3189789</unitid><container type="box">4</container><container type="folder">14</container></did></c01><c01 level="file"><did><unittitle>Keener, Lee</unittitle><unitdate type="inclusive" normal="1938/1948">1938-1948</unitdate><unitid type="local_mss">3189790</unitid><container type="box">4</container><container type="folder">15</container></did></c01><c01 level="file"><did><unittitle>Kent, Alan with Austin Croom-Johnson</unittitle><unitdate type="inclusive" normal="1946/1948">1946-1948</unitdate><unitid type="local_mss">3189791</unitid><container type="box">4</container><container type="folder">16</container></did></c01><c01 level="file"><did><unittitle>Kenton, Stan</unittitle><unitdate type="inclusive" normal="1947/1948">1947-1948</unitdate><unitid type="local_mss">3189792</unitid><container type="box">4</container><container type="folder">17</container></did></c01><c01 level="file"><did><unittitle>Stan Kenton's Band</unittitle><unitdate type="inclusive" normal="1947/1948">1947-1948</unitdate><unitid type="local_mss">3189793</unitid><container type="box">4</container><container type="folder">18</container></did></c01><c01 level="file"><did><unittitle>King, Gloria</unittitle><unitdate type="inclusive" normal="1947">1947</unitdate><unitid type="local_mss">3189794</unitid><container type="box">4</container><container type="folder">19</container></did></c01><c01 level="file"><did><unittitle>Kirby, John at the Brown Derby (Washington, DC)</unittitle><unitdate type="inclusive" normal="1946">1946</unitdate><unitid type="local_mss">3189795</unitid><container type="box">4</container><container type="folder">20</container></did></c01><c01 level="file"><did><unittitle>Klein, Grandma</unittitle><unitdate type="inclusive" normal="1938/1948">1938-1948</unitdate><unitid type="local_mss">3189796</unitid><container type="box">4</container><container type="folder">21</container></did></c01><c01 level="file"><did><unittitle>Kolodin, Irving</unittitle><unitdate type="inclusive" normal="1946/1948">1946-1948</unitdate><unitid type="local_mss">3189797</unitid><container type="box">4</container><container type="folder">22</container></did></c01><c01 level="file"><did><unittitle>Kramer, Phil</unittitle><unitdate type="inclusive" normal="1938/1948">1938-1948</unitdate><unitid type="local_mss">3189798</unitid><container type="box">4</container><container type="folder">23</container></did></c01><c01 level="file"><did><unittitle>Kress, Carl</unittitle><unitdate type="inclusive" normal="1947">1947</unitdate><unitid type="local_mss">3189799</unitid><container type="box">4</container><container type="folder">24</container></did></c01><c01 level="file"><did><unittitle>Krupa, Gene at 400 Restaurant</unittitle><unitdate type="inclusive" normal="1946">1946</unitdate><unitid type="local_mss">3189800</unitid><container type="box">4</container><container type="folder">25</container></did></c01><c01 level="file"><did><unittitle>Kyle, Billy</unittitle><unitdate type="inclusive" normal="1946/1948">1946-1948</unitdate><unitid type="local_mss">3189801</unitid><container type="box">4</container><container type="folder">26</container></did></c01><c01 level="file"><did><unittitle>Laine, Frankie</unittitle><unitdate type="inclusive" normal="1946/1948">1946-1948</unitdate><unitid type="local_mss">3189802</unitid><container type="box">4</container><container type="folder">27</container></did></c01><c01 level="file"><did><unittitle>Lesberg, Jack</unittitle><unitdate type="inclusive" normal="1946/1948">1946-1948</unitdate><unitid type="local_mss">3189803</unitid><container type="box">4</container><container type="folder">28</container></did></c01><c01 level="file"><did><unittitle>Levin, Mike</unittitle><unitdate type="inclusive" normal="1946/1948">1946-1948</unitdate><unitid type="local_mss">3189860</unitid><container type="box">5</container><container type="folder">1</container></did></c01><c01 level="file"><did><unittitle>Lim, Harry, with Yannich Bruynoche, and Joe Thomas at the Pied Piper</unittitle><unitdate type="inclusive" normal="1946/1948">1946-1948</unitdate><unitid type="local_mss">3189861</unitid><container type="box">5</container><container type="folder">2</container></did></c01><c01 level="file"><did><unittitle>Lonbardo, Guy at Starlight Roof, Waldorf-Astoria</unittitle><unitdate type="inclusive" normal="1947">1947</unitdate><unitid type="local_mss">3189862</unitid><container type="box">5</container><container type="folder">3</container></did></c01><c01 level="file"><did><unittitle>Long, Johnny</unittitle><unitdate type="inclusive" normal="1947">1947</unitdate><unitid type="local_mss">3189863</unitid><container type="box">5</container><container type="folder">4</container></did></c01><c01 level="file"><did><unittitle>Lunceford, Jimmie</unittitle><unitdate type="inclusive" normal="1946/1948">1946-1948</unitdate><unitid type="local_mss">3189864</unitid><container type="box">5</container><container type="folder">5</container></did></c01><c01 level="file"><did><unittitle>Madriguera, Enric</unittitle><unitdate type="inclusive" normal="1947">1947</unitdate><unitid type="local_mss">3189865</unitid><container type="box">5</container><container type="folder">6</container></did></c01><c01 level="file"><did><unittitle>Malachi, John</unittitle><unitdate type="inclusive" normal="1938/1948">1938-1948</unitdate><unitid type="local_mss">3189866</unitid><container type="box">5</container><container type="folder">7</container></did></c01><c01 level="file"><did><unittitle>Manne, Shelly</unittitle><unitdate type="inclusive" normal="1947">1947</unitdate><unitid type="local_mss">3189867</unitid><container type="box">5</container><container type="folder">8</container></did></c01><c01 level="file"><did><unittitle>Manone, Joseph "Wingy" at William Gottlieb's office</unittitle><unitdate type="inclusive" normal="1946/1948">1946-1948</unitdate><unitid type="local_mss">3189868</unitid><container type="box">5</container><container type="folder">9</container></did></c01><c01 level="file"><did><unittitle>Marsala, Joe at the Turkish Embassy (Washington, DC)</unittitle><unitdate type="inclusive" normal="1938/1939">1938-1939</unitdate><unitid type="local_mss">3189869</unitid><container type="box">5</container><container type="folder">10</container></did></c01><c01 level="file"><did><unittitle>Marshall, Kaiser</unittitle><unitdate type="inclusive" normal="1947">1947</unitdate><unitid type="local_mss">3189870</unitid><container type="box">5</container><container type="folder">11</container></did></c01><c01 level="file"><did><unittitle>Martin, David Stone</unittitle><unitdate type="inclusive" normal="1947">1947</unitdate><unitid type="local_mss">3189871</unitid><container type="box">5</container><container type="folder">12</container></did></c01><c01 level="file"><did><unittitle>Martin, Tony</unittitle><unitdate type="inclusive" normal="1938/1948">1938-1948</unitdate><unitid type="local_mss">3189872</unitid><container type="box">5</container><container type="folder">13</container></did></c01><c01 level="file"><did><unittitle>McGhee, Howard</unittitle><unitdate type="inclusive" normal="1947">1947</unitdate><unitid type="local_mss">3189873</unitid><container type="box">5</container><container type="folder">14</container></did></c01><c01 level="file"><did><unittitle>McIntyre, Hal</unittitle><unitdate type="inclusive" normal="1938/1948">1938-1948</unitdate><unitid type="local_mss">3189874</unitid><container type="box">5</container><container type="folder">15</container></did></c01><c01 level="file"><did><unittitle>McKenzie, Red</unittitle><unitdate type="inclusive" normal="1946">1946</unitdate><unitid type="local_mss">3189875</unitid><container type="box">5</container><container type="folder">16</container></did></c01><c01 level="file"><did><unittitle>Ray McKinley's Band at the Hotel Commodore, Century Room</unittitle><unitdate type="inclusive" normal="1947">1947</unitdate><unitid type="local_mss">3189876</unitid><container type="box">5</container><container type="folder">17</container></did></c01><c01 level="file"><did><unittitle>Metropolitan Vocational High School</unittitle><unitdate type="inclusive" normal="1947">1947</unitdate><unitid type="local_mss">3189877</unitid><container type="box">5</container><container type="folder">18</container></did></c01><c01 level="file"><did><unittitle>Mosely, Snub in William Gottlieb's office</unittitle><unitdate type="inclusive" normal="1946/1948">1946-1948</unitdate><unitid type="local_mss">3189878</unitid><container type="box">5</container><container type="folder">19</container></did></c01><c01 level="file"><did><unittitle>Mercer, Johnny</unittitle><unitdate type="inclusive" normal="1946/1948">1946-1948</unitdate><unitid type="local_mss">3189879</unitid><container type="box">5</container><container type="folder">20</container></did></c01><c01 level="file"><did><unittitle>Mezzrow, Mezz in his office</unittitle><unitdate type="inclusive" normal="1946">1946</unitdate><unitid type="local_mss">3189880</unitid><container type="box">5</container><container type="folder">21</container></did></c01><c01 level="file"><did><unittitle>Mondello, Toots with Billy Butterfield, Bob Haggart, Bunny Shawker, Stan Freeman, and Art Drelinger at Columbia Studio</unittitle><unitdate type="inclusive" normal="1947">1947</unitdate><unitid type="local_mss">3189881</unitid><container type="box">5</container><container type="folder">22</container></did></c01><c01 level="file"><did><unittitle>Monk, Thelonious at Minton's Playhouse</unittitle><unitdate type="inclusive" normal="1947">1947</unitdate><unitid type="local_mss">3189882</unitid><container type="box">5</container><container type="folder">23</container></did></c01><c01 level="file"><did><unittitle>Monroe, Vaughn</unittitle><unitdate type="inclusive" normal="1938/1948">1938-1948</unitdate><unitid type="local_mss">3189883</unitid><container type="box">5</container><container type="folder">24</container></did></c01><c01 level="file"><did><unittitle>Mooney, Joe at Dixon's Steakhorse at Eddie Condon's and Decca Studio</unittitle><unitdate type="inclusive" normal="1946/1948">1946-1948</unitdate><unitid type="local_mss">3189884</unitid><container type="box">5</container><container type="folder">25</container></did></c01><c01 level="file"><did><unittitle>Moore, Freddie at William Gottlieb's office party in Jamaica, Queens</unittitle><unitdate type="inclusive" normal="1948">1948</unitdate><unitid type="local_mss">3189885</unitid><container type="box">5</container><container type="folder">26</container></did></c01><c01 level="file"><did><unittitle>Morales, Humberto</unittitle><unitdate type="inclusive" normal="1946/1948">1946-1948</unitdate><unitid type="local_mss">3189886</unitid><container type="box">5</container><container type="folder">27</container></did></c01><c01 level="file"><did><unittitle>Morales, Ismael at Glen Island Casino</unittitle><unitdate type="inclusive" normal="1947">1947</unitdate><unitid type="local_mss">3189887</unitid><container type="box">5</container><container type="folder">28</container></did></c01><c01 level="file"><did><unittitle>Morales, Noro at Glen Island Casino</unittitle><unitdate type="inclusive" normal="1947">1947</unitdate><unitid type="local_mss">3189888</unitid><container type="box">5</container><container type="folder">29</container></did></c01><c01 level="file"><did><unittitle>Noro Morales Band</unittitle><unitdate type="inclusive" normal="1946/1948">1946-1948</unitdate><unitid type="local_mss">3189889</unitid><container type="box">5</container><container type="folder">30</container></did></c01><c01 level="file"><did><unittitle>Noro Morales Brothers</unittitle><unitdate type="inclusive" normal="1946/1948">1946-1948</unitdate><unitid type="local_mss">3189890</unitid><container type="box">5</container><container type="folder">31</container></did></c01><c01 level="file"><did><unittitle>Morrow, Buddy</unittitle><unitdate type="inclusive" normal="1946/1947">1946-1947</unitdate><unitid type="local_mss">3189891</unitid><container type="box">5</container><container type="folder">32</container></did></c01><c01 level="file"><did><unittitle>Mole, Miff at Nick's Tavern</unittitle><unitdate type="inclusive" normal="1946">1946</unitdate><unitid type="local_mss">3189969</unitid><container type="box">6</container><container type="folder">1</container></did></c01><c01 level="file"><did><unittitle>Moore, Phil with John O. Levy</unittitle><unitdate type="inclusive" normal="1946/1948">1946-1948</unitdate><unitid type="local_mss">3189970</unitid><container type="box">6</container><container type="folder">2</container></did></c01><c01 level="file"><did><unittitle>Most, Abe at Hickory House</unittitle><unitdate type="inclusive" normal="1947">1947</unitdate><unitid type="local_mss">3189971</unitid><container type="box">6</container><container type="folder">3</container></did></c01><c01 level="file"><did><unittitle>Nance, Ray at the Aquarium</unittitle><unitdate type="inclusive" normal="1946">1946</unitdate><unitid type="local_mss">3189972</unitid><container type="box">6</container><container type="folder">4</container></did></c01><c01 level="file"><did><unittitle>Navarro, Theodore "Fats"</unittitle><unitdate type="inclusive" normal="1946/1948">1946-1948</unitdate><unitid type="local_mss">3189973</unitid><container type="box">6</container><container type="folder">5</container></did></c01><c01 level="file"><did><unittitle>Nichols, Albert at Jimmy Ryan's Club</unittitle><unitdate type="inclusive" normal="1947">1947</unitdate><unitid type="local_mss">3189974</unitid><container type="box">6</container><container type="folder">6</container></did></c01><c01 level="file"><did><unittitle>Nola's</unittitle><unitdate type="inclusive" normal="1947">1947</unitdate><unitid type="local_mss">3189975</unitid><container type="box">6</container><container type="folder">7</container></did></c01><c01 level="file"><did><unittitle>Norvo, Red</unittitle><unitdate type="inclusive" normal="1947">1947</unitdate><unitid type="local_mss">3189976</unitid><container type="box">6</container><container type="folder">8</container></did></c01><c01 level="file"><did><unittitle>Oliver, Sy</unittitle><unitdate type="inclusive" normal="1946">1946</unitdate><unitid type="local_mss">3189977</unitid><container type="box">6</container><container type="folder">9</container></did></c01><c01 level="file"><did><unittitle>Page, "Hot Lips"</unittitle><unitdate type="inclusive" normal="1946/1947">1946-1947</unitdate><unitid type="local_mss">3189978</unitid><container type="box">6</container><container type="folder">10</container></did></c01><c01 level="file"><did><unittitle>Parenti, Tony at Jimmy Ryan's Club</unittitle><unitdate type="inclusive" normal="1946">1946</unitdate><unitid type="local_mss">3189979</unitid><container type="box">6</container><container type="folder">11</container></did></c01><c01 level="file"><did><unittitle>Parker, Charles with Red Rodney at Downbeat</unittitle><unitdate type="inclusive" normal="1947">1947</unitdate><unitid type="local_mss">3189980</unitid><container type="box">6</container><container type="folder">12</container></did></c01><c01 level="file"><did><unittitle>Parker, Chocolate</unittitle><unitdate type="inclusive" normal="1938/1948">1938-1948</unitdate><unitid type="local_mss">3189981</unitid><container type="box">6</container><container type="folder">13</container></did></c01><c01 level="file"><did><unittitle>Paxton, George</unittitle><unitdate type="inclusive" normal="1938/1948">1938-1948</unitdate><unitid type="local_mss">3189982</unitid><container type="box">6</container><container type="folder">14</container></did></c01><c01 level="file"><did><unittitle>Petrillo, James C. in his office</unittitle><unitdate type="inclusive" normal="1947">1947</unitdate><unitid type="local_mss">3189983</unitid><container type="box">6</container><container type="folder">15</container></did></c01><c01 level="file"><did><unittitle>Phillips, Flip at Three Deuces</unittitle><unitdate type="inclusive" normal="1947">1947</unitdate><unitid type="local_mss">3189984</unitid><container type="box">6</container><container type="folder">16</container></did></c01><c01 level="file"><did><unittitle>Prima, Louis</unittitle><unitdate type="inclusive" normal="1947">1947</unitdate><unitid type="local_mss">3189985</unitid><container type="box">6</container><container type="folder">17</container></did></c01><c01 level="file"><did><unittitle>Raeburn, Boyd</unittitle><unitdate type="inclusive" normal="1946">1946</unitdate><unitid type="local_mss">3189986</unitid><container type="box">6</container><container type="folder">18</container></did></c01><c01 level="file"><did><unittitle>Rasa, Sal</unittitle><unitdate type="inclusive" normal="1938/1948">1938-1948</unitdate><unitid type="local_mss">3189987</unitid><container type="box">6</container><container type="folder">19</container></did></c01><c01 level="file"><did><unittitle>Ravens</unittitle><unitdate type="inclusive" normal="1938/1948">1938-1948</unitdate><unitid type="local_mss">3189988</unitid><container type="box">6</container><container type="folder">20</container></did></c01><c01 level="file"><did><unittitle>Reinhart, Django at the Aquarium</unittitle><unitdate type="inclusive" normal="1946">1946</unitdate><unitid type="local_mss">3189989</unitid><container type="box">6</container><container type="folder">21</container></did></c01><c01 level="file"><did><unittitle>Rich, Buddy at the Arcadia Ballroom and the Strand</unittitle><unitdate type="inclusive" normal="1946/1947">1946-1947</unitdate><unitid type="local_mss">3189990</unitid><container type="box">6</container><container type="folder">22</container></did></c01><c01 level="file"><did><unittitle>Richards, Johnny</unittitle><unitdate type="inclusive" normal="1947">1947</unitdate><unitid type="local_mss">3189991</unitid><container type="box">6</container><container type="folder">23</container></did></c01><c01 level="file"><did><unittitle>Riverboat on the Hudson</unittitle><unitdate type="inclusive" normal="1947">1947</unitdate><unitid type="local_mss">3189992</unitid><container type="box">6</container><container type="folder">24</container></did></c01><c01 level="file"><did><unittitle>Robbins, Fred with Sid Catlett, WOV office</unittitle><unitdate type="inclusive" normal="1947">1947</unitdate><unitid type="local_mss">3189993</unitid><container type="box">6</container><container type="folder">25</container></did></c01><c01 level="file"><did><unittitle>Rochester, Johnny</unittitle><unitdate type="inclusive" normal="1938/1948">1938-1948</unitdate><unitid type="local_mss">3189994</unitid><container type="box">6</container><container type="folder">26</container></did></c01><c01 level="file"><did><unittitle>Rodney, Red at 400 Restaurant</unittitle><unitdate type="inclusive" normal="1946">1946</unitdate><unitid type="local_mss">3189995</unitid><container type="box">6</container><container type="folder">27</container></did></c01><c01 level="file"><did><unittitle>Ronan, Eddie at Down Beat office</unittitle><unitdate type="inclusive" normal="1947">1947</unitdate><unitid type="local_mss">3189996</unitid><container type="box">6</container><container type="folder">28</container></did></c01><c01 level="file"><did><unittitle>Rugolo, Pete</unittitle><unitdate type="inclusive" normal="1946/1947">1946-1947</unitdate><unitid type="local_mss">3189997</unitid><container type="box">6</container><container type="folder">29</container></did></c01><c01 level="file"><did><unittitle>Rushing, Jimmy at the Aquarium</unittitle><unitdate type="inclusive" normal="1946">1946</unitdate><unitid type="local_mss">3189998</unitid><container type="box">6</container><container type="folder">30</container></did></c01><c01 level="file"><did><unittitle>Russell, Andy</unittitle><unitdate type="inclusive" normal="1946/1947">1946-1947</unitdate><unitid type="local_mss">3189999</unitid><container type="box">6</container><container type="folder">31</container></did></c01><c01 level="file"><did><unittitle>Russell, Pee Wee at Eddie Condon's</unittitle><unitdate type="inclusive" normal="1946/1948">1946-1948</unitdate><unitid type="local_mss">3190000</unitid><container type="box">6</container><container type="folder">32</container></did></c01><c01 level="file"><did><unittitle>Russell, Pee Wee with Muggsy Spanier, Miff Mole and Joe Grauso at Nick's Tavern</unittitle><unitdate type="inclusive" normal="1946">1946</unitdate><unitid type="local_mss">3190001</unitid><container type="box">6</container><container type="folder">33</container></did></c01><c01 level="file"><did><unittitle>Safranski, Ed</unittitle><unitdate type="inclusive" normal="1946/1947">1946-1947</unitdate><unitid type="local_mss">3190005</unitid><container type="box">7</container><container type="folder">1</container></did></c01><c01 level="file"><did><unittitle>Schaap, Phil</unittitle><unitdate type="inclusive" normal="1938/1948">1938-1948</unitdate><unitid type="local_mss">3190006</unitid><container type="box">7</container><container type="folder">2</container></did></c01><c01 level="file"><did><unittitle>Scott, Cecil at Ole South</unittitle><unitdate type="inclusive" normal="1946">1946</unitdate><unitid type="local_mss">3190007</unitid><container type="box">7</container><container type="folder">3</container></did></c01><c01 level="file"><did><unittitle>Sears, Al at the Aquarium</unittitle><unitdate type="inclusive" normal="1946">1946</unitdate><unitid type="local_mss">3190008</unitid><container type="box">7</container><container type="folder">4</container></did></c01><c01 level="file"><did><unittitle>Sedric, Eugene Hall at The Place</unittitle><unitdate type="inclusive" normal="1946">1946</unitdate><unitid type="local_mss">3190009</unitid><container type="box">7</container><container type="folder">5</container></did></c01><c01 level="file"><did><unittitle>Shavers, Charlie at the National Studio</unittitle><unitdate type="inclusive" normal="1947">1947</unitdate><unitid type="local_mss">3190010</unitid><container type="box">7</container><container type="folder">6</container></did></c01><c01 level="file"><did><unittitle>Shaw, Artie</unittitle><unitdate type="inclusive" normal="1946/1948">1946-1948</unitdate><unitid type="local_mss">3190011</unitid><container type="box">7</container><container type="folder">7</container></did></c01><c01 level="file"><did><unittitle>Shepherd, Norma</unittitle><unitdate type="inclusive" normal="1938/1948">1938-1948</unitdate><unitid type="local_mss">3190012</unitid><container type="box">7</container><container type="folder">8</container></did></c01><c01 level="file"><did><unittitle>Sinatra, Frank</unittitle><unitdate type="inclusive" normal="1938/1948">1938-1948</unitdate><unitid type="local_mss">3190013</unitid><container type="box">7</container><container type="folder">9</container></did></c01><c01 level="file"><did><unittitle>Singleton, Zutty at the National Press Club (Washington, D.C.)</unittitle><unitdate type="inclusive" normal="1939">1939</unitdate><unitid type="local_mss">3190014</unitid><container type="box">7</container><container type="folder">10</container></did></c01><c01 level="file"><did><unittitle>Smith, Stuff at Kelly's Stable</unittitle><unitdate type="inclusive" normal="1946">1946</unitdate><unitid type="local_mss">3190015</unitid><container type="box">7</container><container type="folder">11</container></did></c01><c01 level="file"><did><unittitle>Smith, Tab</unittitle><unitdate type="inclusive" normal="1946/1948">1946-1948</unitdate><unitid type="local_mss">3190016</unitid><container type="box">7</container><container type="folder">12</container></did></c01><c01 level="file"><did><unittitle>Smith, Willie "The Lion" in his apartment</unittitle><unitdate type="inclusive" normal="1947">1947</unitdate><unitid type="local_mss">3190017</unitid><container type="box">7</container><container type="folder">13</container></did></c01><c01 level="file"><did><unittitle>Socolow, Frank</unittitle><unitdate type="inclusive" normal="1947">1947</unitdate><unitid type="local_mss">3190018</unitid><container type="box">7</container><container type="folder">14</container></did></c01><c01 level="file"><did><unittitle>Song Spinners</unittitle><unitdate type="inclusive" normal="1938/1948">1938-1948</unitdate><unitid type="local_mss">3190019</unitid><container type="box">7</container><container type="folder">15</container></did></c01><c01 level="file"><did><unittitle>South, Eddie at Cafe Society Uptown</unittitle><unitdate type="inclusive" normal="1946">1946</unitdate><unitid type="local_mss">3190020</unitid><container type="box">7</container><container type="folder">16</container></did></c01><c01 level="file"><did><unittitle>Spanier, Muggsy</unittitle><unitdate type="inclusive" normal="1946">1946</unitdate><unitid type="local_mss">3190021</unitid><container type="box">7</container><container type="folder">17</container></did></c01><c01 level="file"><did><unittitle>Stewart, Buddy at Three Deuces</unittitle><unitdate type="inclusive" normal="1946/1948">1946-1948</unitdate><unitid type="local_mss">3190022</unitid><container type="box">7</container><container type="folder">18</container></did></c01><c01 level="file"><did><unittitle>Stewart, Rex at the Aquarium</unittitle><unitdate type="inclusive" normal="1946">1946</unitdate><unitid type="local_mss">3190023</unitid><container type="box">7</container><container type="folder">19</container></did></c01><c01 level="file"><did><unittitle>Stewart, Slam at Three Deuces</unittitle><unitdate type="inclusive" normal="1946">1946</unitdate><unitid type="local_mss">3190024</unitid><container type="box">7</container><container type="folder">20</container></did></c01><c01 level="file"><did><unittitle>Strayhorn, Billy</unittitle><unitdate type="inclusive" normal="1946/1948">1946-1948</unitdate><unitid type="local_mss">3190025</unitid><container type="box">7</container><container type="folder">21</container></did></c01><c01 level="file"><did><unittitle>Sullivan, Joe</unittitle><unitdate type="inclusive" normal="1947">1947</unitdate><unitid type="local_mss">3190026</unitid><container type="box">7</container><container type="folder">22</container></did></c01><c01 level="file"><did><unittitle>Sullivan, Maxine</unittitle><unitdate type="inclusive" normal="1947">1947</unitdate><unitid type="local_mss">3190027</unitid><container type="box">7</container><container type="folder">23</container></did></c01><c01 level="file"><did><unittitle>Syms, Sylvia</unittitle><unitdate type="inclusive" normal="1946/1948">1946-1948</unitdate><unitid type="local_mss">3190028</unitid><container type="box">7</container><container type="folder">24</container></did></c01><c01 level="file"><did><unittitle>Tatum, Art</unittitle><unitdate type="inclusive" normal="1946/1948">1946-1948</unitdate><unitid type="local_mss">3190029</unitid><container type="box">7</container><container type="folder">25</container></did></c01><c01 level="file"><did><unittitle>Taylor, Billy</unittitle><unitdate type="inclusive" normal="1938/1948">1938-1948</unitdate><unitid type="local_mss">3190030</unitid><container type="box">7</container><container type="folder">26</container></did></c01><c01 level="file"><did><unittitle>Teagarden, Jack</unittitle><unitdate type="inclusive" normal="1947">1947</unitdate><unitid type="local_mss">3190031</unitid><container type="box">7</container><container type="folder">27</container></did></c01><c01 level="file"><did><unittitle>Thomas, Joe at the Pied Piper</unittitle><unitdate type="inclusive" normal="1947">1947</unitdate><unitid type="local_mss">3190032</unitid><container type="box">7</container><container type="folder">28</container></did></c01><c01 level="file"><did><unittitle>Thomas, Joe with Eddie Wilcox at the Loyal Charles Lodge No. 167</unittitle><unitdate type="inclusive" normal="1947">1947</unitdate><unitid type="local_mss">3190033</unitid><container type="box">7</container><container type="folder">29</container></did></c01><c01 level="file"><did><unittitle>Thornhill, Claude</unittitle><unitdate type="inclusive" normal="1947">1947</unitdate><unitid type="local_mss">3190034</unitid><container type="box">7</container><container type="folder">30</container></did></c01><c01 level="file"><did><unittitle>Tormé, Mel</unittitle><unitdate type="inclusive" normal="1946/1948">1946-1948</unitdate><unitid type="local_mss">3190035</unitid><container type="box">7</container><container type="folder">31</container></did></c01><c01 level="file"><did><unittitle>Tough, Dave at Eddie Condon's Basement</unittitle><unitdate type="inclusive" normal="1946">1946</unitdate><unitid type="local_mss">3190036</unitid><container type="box">8</container><container type="folder">1</container></did></c01><c01 level="file"><did><unittitle>Travis, Nick</unittitle><unitdate type="bulk" normal="1938/1948">1938-1948</unitdate><unitid type="local_mss">3190037</unitid><container type="box">8</container><container type="folder">2</container></did></c01><c01 level="file"><did><unittitle>Tristano, Lennie</unittitle><unitdate type="inclusive" normal="1947">1947</unitdate><unitid type="local_mss">3190038</unitid><container type="box">8</container><container type="folder">3</container></did></c01><c01 level="file"><did><unittitle>Tubb, Ernest at Carnegie Hall</unittitle><unitdate type="inclusive" normal="1947">1947</unitdate><unitid type="local_mss">3190039</unitid><container type="box">8</container><container type="folder">4</container></did></c01><c01 level="file"><did><unittitle>Vaughan, Sarah at Cafe Society Downtown</unittitle><unitdate type="inclusive" normal="1946">1946</unitdate><unitid type="local_mss">3190040</unitid><container type="box">8</container><container type="folder">5</container></did></c01><c01 level="file"><did><unittitle>Ventura, Charlie</unittitle><unitdate type="inclusive" normal="1946/1947">1946-1947</unitdate><unitid type="local_mss">3190041</unitid><container type="box">8</container><container type="folder">6</container></did></c01><c01 level="file"><did><unittitle>Watkins, Ralph at Kelly's Stable</unittitle><unitdate type="inclusive" normal="1938/1948">1938-1948</unitdate><unitid type="local_mss">3190042</unitid><container type="box">8</container><container type="folder">7</container></did></c01><c01 level="file"><did><unittitle>Webster, Ben</unittitle><unitdate type="inclusive" normal="1946/1947">1946-1947</unitdate><unitid type="local_mss">3190043</unitid><container type="box">8</container><container type="folder">8</container></did></c01><c01 level="file"><did><unittitle>Weidler, Warren</unittitle><unitdate type="inclusive" normal="1938/1948">1938-1948</unitdate><unitid type="local_mss">3190044</unitid><container type="box">8</container><container type="folder">9</container></did></c01><c01 level="file"><did><unittitle>Wells, Henry "Dicky"</unittitle><unitdate type="inclusive" normal="1946/1947">1946-1947</unitdate><unitid type="local_mss">3190045</unitid><container type="box">8</container><container type="folder">10</container></did></c01><c01 level="file"><did><unittitle>Wettling, George</unittitle><unitdate type="inclusive" normal="1946/1948">1946-1948</unitdate><unitid type="local_mss">3190046</unitid><container type="box">8</container><container type="folder">11</container></did></c01><c01 level="file"><did><unittitle>Whiting, Margaret</unittitle><unitdate type="inclusive" normal="1946/1948">1946-1948</unitdate><unitid type="local_mss">3190047</unitid><container type="box">8</container><container type="folder">12</container></did></c01><c01 level="file"><did><unittitle>Williams, Cootie</unittitle><unitdate type="inclusive" normal="1938/1948">1938-1948</unitdate><unitid type="local_mss">3190048</unitid><container type="box">8</container><container type="folder">13</container></did></c01><c01 level="file"><did><unittitle>Williams, Fess at William Gottlieb's office party in Jamaica, Queens</unittitle><unitdate type="inclusive" normal="1948">1948</unitdate><unitid type="local_mss">3190049</unitid><container type="box">8</container><container type="folder">14</container></did></c01><c01 level="file"><did><unittitle>Williams, Mary Lou</unittitle><unitdate type="inclusive" normal="1938/1948">1938-1948</unitdate><unitid type="local_mss">3190050</unitid><container type="box">8</container><container type="folder">15</container></did></c01><c01 level="file"><did><unittitle>Williams, Sandy at Times Square</unittitle><unitdate type="inclusive" normal="1947">1947</unitdate><unitid type="local_mss">3190051</unitid><container type="box">8</container><container type="folder">16</container></did></c01><c01 level="file"><did><unittitle>Wilson, Garland</unittitle><unitdate type="inclusive" normal="1938/1948">1938-1948</unitdate><unitid type="local_mss">3190052</unitid><container type="box">8</container><container type="folder">17</container></did></c01><c01 level="file"><did><unittitle>Winding, Kai</unittitle><unitdate type="inclusive" normal="1947">1947</unitdate><unitid type="local_mss">3190053</unitid><container type="box">8</container><container type="folder">18</container></did></c01><c01 level="file"><did><unittitle>Wyatt, Bob</unittitle><unitdate type="inclusive" normal="1947">1947</unitdate><unitid type="local_mss">3190054</unitid><container type="box">8</container><container type="folder">19</container></did></c01><c01 level="file"><did><unittitle>Young, Eve</unittitle><unitdate type="inclusive" normal="1938/1948">1938-1948</unitdate><unitid type="local_mss">3190055</unitid><container type="box">8</container><container type="folder">20</container></did></c01><c01 level="file"><did><unittitle>Young, Lester at the Spotlite Club</unittitle><unitdate type="inclusive" normal="1946">1946</unitdate><unitid type="local_mss">3190056</unitid><container type="box">8</container><container type="folder">21</container></did></c01><c01 level="file"><did><unittitle>Unidentified</unittitle><unitdate type="inclusive" normal="1938/1948">1938-1948</unitdate><unitid type="local_mss">3190057</unitid><container type="box">8</container><container type="folder">22</container></did></c01></dsc></archdesc>
</ead>
