<?xml version="1.0" encoding="UTF-8"?>
<ead xmlns="urn:isbn:1-931666-22-9" xmlns:xsi="http://www.w3.org/2001/XMLSchema-instance" xmlns:xlink="http://www.w3.org/1999/xlink" xsi:schemaLocation="urn:isbn:1-931666-22-9 http://www.loc.gov/ead/ead.xsd">
  <eadheader countryencoding="iso3166-1" dateencoding="iso8601" langencoding="iso639-2b" repositoryencoding="iso15511" relatedencoding="marc" scriptencoding="iso8601"><eadid countrycode="US" mainagencycode="US-NN" url="http://archives.nypl.org/mus/25764.xml">mus25764.xml</eadid><filedesc><titlestmt><titleproper>Guide to the Alvin Thaler Photographs of The Sound of Jazz, <date>1957</date></titleproper></titlestmt><publicationstmt><publisher>The New York Public Library. Music Division.</publisher><address><addressline>New York Public Library for the Performing Arts, Dorothy and Lewis B. Cullman Center</addressline><addressline>40 Lincoln Center Plaza, New York, NY 10023-7498</addressline></address></publicationstmt></filedesc><profiledesc><creation>EAD generated by archives.nypl.org on <date normal="2019-12-10">December 10, 2019</date></creation><langusage><language langcode="eng">English</language></langusage></profiledesc></eadheader>
  
  <archdesc level="collection"><did><unittitle>Alvin Thaler Photographs of The Sound of Jazz</unittitle><unitdate type="inclusive" normal="1957">1957</unitdate><unitid type="local_mss">25764</unitid><unitid type="local_call">JPB 19-03</unitid><unitid type="local_b">b218189849</unitid><origination><persname source="local">Thaler, Alvin, 1926-2008</persname></origination><repository><corpname>The New York Public Library. Music Division.</corpname><address><addressline>New York Public Library for the Performing Arts, Dorothy and Lewis B. Cullman Center</addressline><addressline>40 Lincoln Center Plaza, New York, NY 10023-7498</addressline></address></repository><abstract>Alvin Thaler was a producer and director for CBS television and served as production manager for the series <title>The Seven Lively Arts</title>. The collection consists of photographs and contact sheets, and negatives shot by Thaler during the production of "The Sound of Jazz," a single episode of <title>The Seven Lively Arts</title> that aired on December 8, 1957.</abstract><langmaterial>English</langmaterial></did><bioghist><p><title>The Sound of Jazz</title> was one episode of the CBS television series <title>The Seven Lively Arts</title> that was filmed and broadcast on December 8, 1957. The episode was directed by Jack Smight, produced by Robert Herridge, and with camera setup by Charles H. Schulz. Nat Hentoff and Whitney Balliett provided musical guidance for the episode, including the selection of musical guests. The episode featured 32 jazz artists in live performance, including luminaries such as Lester Young, Billie Holiday, Gerry Mulligan, Coleman Hawkins, Ben Webster, Count Basie, and Thelonious Monk.</p></bioghist><custodhist><p>The collection was donated by Alvin Thaler in 1994.</p></custodhist><prefercite><p>Alvin Thaler Photographs of The Sound of Jazz, JPB 19-03. Music Division, The New York Public Library for the Performing Arts</p></prefercite><controlaccess><persname role="subject">Basie, Count -- Photographs</persname><persname role="subject" source="naf" authfilenumber="http://id.loc.gov/authorities/names/n81150284">Hawkins, Coleman -- Photographs</persname><persname role="subject" source="naf" authfilenumber="http://id.loc.gov/authorities/names/n50033023">Holiday, Billie, 1915-1959</persname><persname role="subject" source="naf" authfilenumber="http://id.loc.gov/authorities/names/n82218969">Monk, Thelonious -- Photographs</persname><persname role="subject" source="naf" authfilenumber="http://id.loc.gov/authorities/names/n82153045">Mulligan, Gerry -- Photographs</persname><persname source="local">Thaler, Alvin, 1926-2008</persname><persname role="subject" source="naf" authfilenumber="http://id.loc.gov/authorities/names/n82090923">Webster, Ben, 1909-1973 -- Photographs</persname><persname role="subject" source="naf" authfilenumber="http://id.loc.gov/authorities/names/n81023212">Young, Lester, 1909-1959 -- Photographs</persname><corpname source="naf" authfilenumber="http://id.loc.gov/authorities/names/n81108691">CBS Television Network</corpname><subject source="lcsh">Jazz musicians -- Photographs</subject><subject source="lcsh">Singers -- Photographs</subject></controlaccess><dsc><c01 level="file"><did><unittitle>Contact sheets</unittitle><unitid type="local_mss">3179505</unitid><container type="box">1</container><container type="folder">1</container></did></c01><c01 level="file"><did><unittitle>Basie, Count</unittitle><unitid type="local_mss">3179506</unitid><container type="box">1</container><container type="folder">2</container></did></c01><c01 level="file"><did><unittitle>Herridge, Robert</unittitle><unitid type="local_mss">3179507</unitid><container type="box">1</container><container type="folder">3</container></did></c01><c01 level="file"><did><unittitle>Herridge, Robert, Jack Smight, and Chas Schultz</unittitle><unitid type="local_mss">3179508</unitid><container type="box">1</container><container type="folder">4</container></did></c01><c01 level="file"><did><unittitle>Holiday, Billie</unittitle><unitid type="local_mss">3179509</unitid><container type="box">1</container><container type="folder">5</container></did></c01><c01 level="file"><did><unittitle>Holiday, Billie and Count Basie</unittitle><unitid type="local_mss">3179510</unitid><container type="box">1</container><container type="folder">6</container></did></c01><c01 level="file"><did><unittitle>Holiday, Billie, Lester Young, Gerry Mulligan, Ben Webster, and others</unittitle><unitid type="local_mss">3179511</unitid><container type="box">1</container><container type="folder">7</container></did></c01><c01 level="file"><did><unittitle>Houseman, John</unittitle><unitid type="local_mss">3179512</unitid><container type="box">1</container><container type="folder">8</container></did></c01><c01 level="file"><did><unittitle>Monk, Thelonious</unittitle><unitid type="local_mss">3179513</unitid><container type="box">1</container><container type="folder">9</container></did></c01><c01 level="file"><did><unittitle>Monk, Thelonious, Ahmed Aboul-Malik, and Osie Johnson</unittitle><unitid type="local_mss">3179514</unitid><container type="box">1</container><container type="folder">10</container></did></c01><c01 level="file"><did><unittitle>Pierce, Nat, Henry Red Allen, Jo Jones, Rex Stewart, Coleman Hawkins, Pee Wee Russell, and others</unittitle><unitid type="local_mss">3179515</unitid><container type="box">1</container><container type="folder">11</container></did></c01><c01 level="file"><did><unittitle>Russell, Pee Wee</unittitle><unitid type="local_mss">3179516</unitid><container type="box">1</container><container type="folder">12</container></did></c01><c01 level="file"><did><unittitle>Russell, Pee Wee, Red Allen, and Coleman Hawkins</unittitle><unitid type="local_mss">3179517</unitid><container type="box">1</container><container type="folder">13</container></did></c01><c01 level="file"><did><unittitle>Russell, Pee Wee, Red Allen, and Nat Pierce</unittitle><unitid type="local_mss">3179518</unitid><container type="box">1</container><container type="folder">14</container></did></c01><c01 level="file"><did><unittitle>Webster, Ben, Coleman Hawkins, and Gerry Mulligan</unittitle><unitid type="local_mss">3179519</unitid><container type="box">1</container><container type="folder">15</container></did></c01><c01 level="file"><did><unittitle>Young, Lester, Ben Webster, and Gerry Mulligan</unittitle><unitid type="local_mss">3179520</unitid><container type="box">1</container><container type="folder">16</container></did></c01></dsc></archdesc>
</ead>
