<?xml version="1.0" encoding="UTF-8"?>
<ead xmlns="urn:isbn:1-931666-22-9" xmlns:xsi="http://www.w3.org/2001/XMLSchema-instance" xmlns:xlink="http://www.w3.org/1999/xlink" xsi:schemaLocation="urn:isbn:1-931666-22-9 http://www.loc.gov/ead/ead.xsd">
  <eadheader countryencoding="iso3166-1" dateencoding="iso8601" langencoding="iso639-2b" repositoryencoding="iso15511" relatedencoding="marc" scriptencoding="iso8601"><eadid countrycode="US" mainagencycode="US-NN" url="http://archives.nypl.org/mus/25772.xml">mus25772.xml</eadid><filedesc><titlestmt><titleproper>Guide to the Éva Gauthier collection of published scores, <date>circa 1905 - 1958</date></titleproper></titlestmt><publicationstmt><publisher>The New York Public Library. Music Division.</publisher><address><addressline>New York Public Library for the Performing Arts, Dorothy and Lewis B. Cullman Center</addressline><addressline>40 Lincoln Center Plaza, New York, NY 10023-7498</addressline></address></publicationstmt></filedesc><profiledesc><creation>EAD generated by archives.nypl.org on <date normal="2019-12-10">December 10, 2019</date></creation><langusage><language langcode="eng">English</language></langusage></profiledesc></eadheader>
  
  <archdesc level="collection"><did><unittitle>Éva Gauthier collection of published scores</unittitle><unitdate type="inclusive" normal="1905/1958" certainty="approximate">circa 1905 - 1958</unitdate><unitid type="local_mss">25772</unitid><unitid type="local_call">JPB 13-29</unitid><unitid type="local_b">b21962469</unitid><origination><persname source="naf" authfilenumber="http://id.loc.gov/authorities/names/n88218941">Gauthier, Eva, 1885-1958</persname></origination><repository><corpname>The New York Public Library. Music Division.</corpname><address><addressline>New York Public Library for the Performing Arts, Dorothy and Lewis B. Cullman Center</addressline><addressline>40 Lincoln Center Plaza, New York, NY 10023-7498</addressline></address></repository><physdesc><extent unit="containers">80 boxes</extent><extent unit="linear_feet">20.0 linear feet</extent></physdesc><abstract>Éva Gauthier (1885-1958) was a Canadian-American vocalist best known for her performances of contemporary music and her associations with George Gershwin, Igor Stravinsky, and other composers. Her collection of published scores documents her vast repertoire, musical interests, and versatility.</abstract><langmaterial>English</langmaterial></did><bioghist><p>Josephine Éva Phoebe Gauthier (1885-1958) was a Canadian-American vocalist best known for her performances of contemporary music, as well as her associations with George Gershwin, Igor Stravinsky, and other composers. She was born in Ottawa, Ontario, and began studying piano, harmony, and voice as a child.</p> <p>In 1902, at age 17, she travelled to Europe for further study and to launch her career. She trained in Paris under the voice teachers Auguste-Jean Dubulle and Jacques Bouhy. Gauthier performed as a contralto at first, but expanded her range to include the soprano and coloratura registers, though she became known primarily as a mezzo-soprano.</p> <p>By 1905, she had toured the United Kingdom and Canada with the famed singer Dame Emma Albani, who publically endorsed Gauther as her successor. She toured Europe as a soloist for a few years before her 1909 opera debut in Pavia, Italy. The following year, Gauthier was scheduled to premiere in Britain with the Royal Opera House at Covent Garden, but was replaced at the last minute. She resigned from the company and never attempted to perform opera again.</p> <p>After the Covent Garden incident, Gauthier moved to Java, Indonesia, to live with her future husband, Frans Knoote, with whom she had a son named Evan. She stayed for four years, learning the music of Java and studying with a Gamelan orchestra (Gauthier may have been among the first classically trained western artists to do so). She also toured other countries in the region and performed recitals in China at a time when western classical music was rarely heard there.</p> <p>Gauthier left Indonesia for New York when the First World War started. She began performing annually at Aeolian Hall, and a recital there in 1917 proved to be her breakthrough. She sang works of Stravinsky and Ravel, after which Stravinsky chose Gauthier to debut all his concert vocal compositions; she quickly became known for her associations with contemporary composers, who regularly submitted new works for her to perform.</p> <p>Through the 1920s, Gauthier toured North America and Europe with a piano accompanist (usually Celius Dougherty), and occasionally performed with orchestras. She became attracted to jazz at that time, and in November 1923, at her annual Aeolian Hall recital, became the first classical musician to perform songs of Irving Berlin, Jerome Kern, and George Gershwin (accompanied by the composer). The program also included music by Schoenberg, Milhaud, Bartok, and Hindemith, and proved to be historic; it directly led to Gershwin's own premiere at Aeolian Hall a few months later, when he debuted his Rhapsody in Blue with the Paul Whiteman Orchestra.</p> <p>Gauthier took a hiatus from performance in the late 1920s because of health and financial issues, but resumed her career from 1931 to 1937, after which she retired to concentrate on teaching private students and giving master classes. She maintained a presence in the arts and music scene of New York, attending performances of her students and other vocalists; she was also a founding member of the American Guild of Musical Artists, and served on its board of governors.</p> <p>In her final years, Gauthier wrote articles about her life and career for The Musical Record and Musical Courier, and also wrote for radio. She died in New York on December 20, 1958.</p> <p>Source: "Éva Gauthier, mezzo-soprano and voice teacher (1885-1958)." Library and Archives Canada, accessed June 13, 2019. http://www.collectionscanada.gc.ca/gramophone/028011-1009-e.html</p></bioghist><scopecontent><p>The Éva Gauthier collection of published scores contains a huge variety of music for piano and vocalist that demonstrates Gauthier's vast repertoire, musical interests, and versatility. The scores include work by composers from the Western canon such as Handel, Mozart, Beethoven, Schubert, Schumann, Brahms, Debussy, and Fauré, as well as by 20th century composers, including Henry Cowell, Carlos Chavez, George Gershwin, Arnold Schoenberg, Igor Stravinsky, Darius Milhaud, Charles Ives, Elliott Carter, Paul Hindemith, Béla Bartók, Ned Rorem, and John Duke. Also present is music by many lesser-known composers, as well as arrangements of traditional songs. Most of the scores do not bare annotations. Although the vast majority of the music is published, there are manuscripts present from composers (none well-known), or for arrangements of traditional songs (the arranger unidentified). A set of compositions, titled "A Garland of Songs for Éva Gauthier", was compiled by an unknown friend.</p></scopecontent><prefercite><p>Éva Gauthier collection of published scores, JPB 13-29. Music Division, The New York Public Library for the Performing Arts</p></prefercite><arrangement><p>The scores are arranged by composer.</p></arrangement><relatedmaterial><p>Éva Gauthier papers, JPB 13-29.</p></relatedmaterial><controlaccess><persname source="naf" authfilenumber="http://id.loc.gov/authorities/names/n88218941">Gauthier, Eva, 1885-1958</persname><subject source="lcsh">Music -- United States -- 20th century</subject><genreform source="aat" authfilenumber="http://id.loc.gov/authorities/names/300026427">Scores (documents for music)</genreform></controlaccess><dsc><c01 level="file"><did><unittitle>Abt, Franz - Ayres, Frederick</unittitle><unitid type="local_mss">3181024</unitid><container type="box">1</container><container type="folder">1-47</container></did></c01><c01 level="file"><did><unittitle>Baal, Johannes - Bach, Johann Sebastian</unittitle><unitid type="local_mss">3181025</unitid><container type="box">2</container><container type="folder">1-9</container></did></c01><c01 level="file"><did><unittitle>Bach, Johann Sebastian - Bacon, Ernst</unittitle><unitid type="local_mss">3181026</unitid><container type="box">3</container><container type="folder">1-43</container></did></c01><c01 level="file"><did><unittitle>Bacon, Ernst - Bax, Arnold</unittitle><unitid type="local_mss">3181027</unitid><container type="box">4</container><container type="folder">1-49</container></did></c01><c01 level="file"><did><unittitle>Beach, George - Beethoven, Ludwig Van</unittitle><unitid type="local_mss">3181028</unitid><container type="box">5</container><container type="folder">1-24</container></did></c01><c01 level="file"><did><unittitle>Bellini, Vincenzio - Bizet, Georges</unittitle><unitid type="local_mss">3181029</unitid><container type="box">6</container><container type="folder">1-38</container></did></c01><c01 level="file"><did><unittitle>Blanchard, Roger - Bloch, Ernest</unittitle><unitid type="local_mss">3181030</unitid><container type="box">7</container><container type="folder">1-20</container></did></c01><c01 level="file"><did><unittitle>Bohm, Carl - Boyle, George</unittitle><unitid type="local_mss">3181031</unitid><container type="box">8</container><container type="folder">1-29</container></did></c01><c01 level="file"><did><unittitle>Brahms, Johannes</unittitle><unitid type="local_mss">3181032</unitid><container type="box">9</container><container type="folder">1-15</container><container type="box">10</container><container type="folder">1-8</container></did></c01><c01 level="file"><did><unittitle>Braunfels, Walter - Bruneau, Alfred</unittitle><unitid type="local_mss">3181033</unitid><container type="box">10</container><container type="folder">9-37</container></did></c01><c01 level="file"><did><unittitle>Bucci, Mark - Carter, Elliott</unittitle><unitid type="local_mss">3181034</unitid><container type="box">11</container><container type="folder">1-33</container></did></c01><c01 level="file"><did><unittitle>Cassella, Alfredo - Castelnuovo-Tedesco, Mario</unittitle><unitid type="local_mss">3181035</unitid><container type="box">12</container><container type="folder">1-24</container></did></c01><c01 level="file"><did><unittitle>Castelnuovo-Tedesco, Mario - Chabrier, Emmanuel</unittitle><unitid type="local_mss">3181036</unitid><container type="box">13</container><container type="folder">1-26</container></did></c01><c01 level="file"><did><unittitle>Chadwick, George Whitefield - Chausson, Ernest</unittitle><unitid type="local_mss">3181037</unitid><container type="box">14</container><container type="folder">1-21</container></did></c01><c01 level="file"><did><unittitle>Chavez, Carlos - Creston, Paul</unittitle><unitid type="local_mss">3181038</unitid><container type="box">15</container><container type="folder">1-41</container></did></c01><c01 level="file"><did><unittitle>Crist, Bainbridge - Davy, F.A</unittitle><unitid type="local_mss">3181039</unitid><container type="box">16</container><container type="folder">1-30</container></did></c01><c01 level="file"><did><unittitle>Debussy, Claude</unittitle><unitid type="local_mss">3181040</unitid><container type="box">17</container><container type="folder">1-34</container><container type="box">18</container><container type="folder">1-6</container></did></c01><c01 level="file"><did><unittitle>Deis, Carl - Delibes, Léo</unittitle><unitid type="local_mss">3181041</unitid><container type="box">18</container><container type="folder">7-23</container></did></c01><c01 level="file"><did><unittitle>Delius, Frederick - Donovan, Richard</unittitle><unitid type="local_mss">3181042</unitid><container type="box">19</container><container type="folder">1-43</container></did></c01><c01 level="file"><did><unittitle>Dougherty, Celius - Dukas, Paul</unittitle><unitid type="local_mss">3181043</unitid><container type="box">20</container><container type="folder">1-43</container></did></c01><c01 level="file"><did><unittitle>Duke, John</unittitle><unitid type="local_mss">3181044</unitid><container type="box">21</container><container type="folder">1-33</container><container type="box">22</container><container type="folder">1-29</container></did></c01><c01 level="file"><did><unittitle>Dukelsky, Vladimir - Dvorkin, Judith</unittitle><unitid type="local_mss">3181045</unitid><container type="box">23</container><container type="folder">1-25</container></did></c01><c01 level="file"><did><unittitle>Edmunds, John - Elgar, Edward</unittitle><unitid type="local_mss">3181046</unitid><container type="box">24</container><container type="folder">1-38</container></did></c01><c01 level="file"><did><unittitle>Elwell, Herbert - Fauré, Gabriel</unittitle><unitid type="local_mss">3181048</unitid><container type="box">25</container><container type="folder">1-29</container></did></c01><c01 level="file"><did><unittitle>Fauré, Gabriel - Fauré, Jean</unittitle><unitid type="local_mss">3181051</unitid><container type="box">26</container><container type="folder">1-33</container></did></c01><c01 level="file"><did><unittitle>Ferrari, Gustave - Foster, Stephen</unittitle><unitid type="local_mss">3181052</unitid><container type="box">27</container><container type="folder">1-34</container></did></c01><c01 level="file"><did><unittitle>Fourdrain, Félix - Garcia, Jr., Manuel</unittitle><unitid type="local_mss">3181053</unitid><container type="box">28</container><container type="folder">1-35</container></did></c01><c01 level="file"><did><unittitle>A Garland Of Songs For Éva Gauthier - Giannini, Vittorio</unittitle><unitid type="local_mss">3181055</unitid><container type="box">29</container><container type="folder">1-32</container></did></c01><c01 level="file"><did><unittitle>Gibbs, Cecil Armstrong - Goosens, Eugene</unittitle><unitid type="local_mss">3181056</unitid><container type="box">30</container><container type="folder">1-52</container></did></c01><c01 level="file"><did><unittitle>Götze, Carl - Grant Schaefer, George Alfred</unittitle><unitid type="local_mss">3181057</unitid><container type="box">31</container><container type="folder">1-30</container></did></c01><c01 level="file"><did><unittitle>Grechaninov, Aleksandr - Hadley, Patrick</unittitle><unitid type="local_mss">3181058</unitid><container type="box">32</container><container type="folder">1-53</container></did></c01><c01 level="file"><did><unittitle>Hageman, Richard - Hall, Ariel</unittitle><unitid type="local_mss">3181062</unitid><container type="box">34</container><container type="folder">1-32</container></did></c01><c01 level="file"><did><unittitle>Handel, George Frideric</unittitle><unitid type="local_mss">3181063</unitid><container type="box">33</container><container type="folder">1-35</container><container type="box">35</container><container type="folder">1-33</container></did></c01><c01 level="file"><did><unittitle>Harmati, Sandor - Helm, Everett</unittitle><unitid type="local_mss">3181064</unitid><container type="box">36</container><container type="folder">1-39</container></did></c01><c01 level="file"><did><unittitle>Hennessy, Swan - Hindemith, Paul</unittitle><unitid type="local_mss">3181065</unitid><container type="box">37</container><container type="folder">1-16</container></did></c01><c01 level="file"><did><unittitle>Hively, Wells - Horsman, Edward</unittitle><unitid type="local_mss">3181066</unitid><container type="box">38</container><container type="folder">1-28</container></did></c01><c01 level="file"><did><unittitle>Howe, Mary - Ives, Charles</unittitle><unitid type="local_mss">3181068</unitid><container type="box">39</container><container type="folder">1-33</container></did></c01><c01 level="file"><did><unittitle>Jacobson, Myron - Kjerulf, Halfdan</unittitle><unitid type="local_mss">3181069</unitid><container type="box">40</container><container type="folder">1-33</container></did></c01><c01 level="file"><did><unittitle>Klein, John - Kubik, Gail</unittitle><unitid type="local_mss">3181077</unitid><container type="box">41</container><container type="folder">1-20</container></did></c01><c01 level="file"><did><unittitle>Kushner, Leon - Lipsky, Alexander</unittitle><unitid type="local_mss">3181080</unitid><container type="box">42</container><container type="folder">1-46</container></did></c01><c01 level="file"><did><unittitle>Liszt, Franz - MacDowell, Edward</unittitle><unitid type="local_mss">3181081</unitid><container type="box">43</container><container type="folder">1-37</container></did></c01><c01 level="file"><did><unittitle>MacGimsey, Robert - Marcello, Benedetto</unittitle><unitid type="local_mss">3181082</unitid><container type="box">44</container><container type="folder">1-36</container></did></c01><c01 level="file"><did><unittitle>Marchese, Mathilde - Massenet, Jules</unittitle><unitid type="local_mss">3181083</unitid><container type="box">45</container><container type="folder">1-22</container></did></c01><c01 level="file"><did><unittitle>Massenet, Jules - Medtner, Nikolay Karlovich</unittitle><unitid type="local_mss">3181084</unitid><container type="box">46</container><container type="folder">1-23</container></did></c01><c01 level="file"><did><unittitle>Mendelssohn-Bartholdy, Felix - Meyerowitz, Jan</unittitle><unitid type="local_mss">3181085</unitid><container type="box">47</container><container type="folder">1-25</container></did></c01><c01 level="file"><did><unittitle>Mihalovici, Marcel - Mompou, Frédéric</unittitle><unitid type="local_mss">3181086</unitid><container type="box">48</container><container type="folder">1-32</container></did></c01><c01 level="file"><did><unittitle>Monro, George - Mussorgsky, Modest Petrovich</unittitle><unitid type="local_mss">3181087</unitid><container type="box">49</container><container type="folder">1-34</container></did></c01><c01 level="file"><did><unittitle>Mozart, Wolfgang Amadeus</unittitle><unitid type="local_mss">3181088</unitid><container type="box">50</container><container type="folder">1-28</container></did></c01><c01 level="file"><did><unittitle>Myers, Gordon - Nordoff, Paul</unittitle><unitid type="local_mss">3181089</unitid><container type="box">51</container><container type="folder">1-42</container></did></c01><c01 level="file"><did><unittitle>Nussio, Otmar - Parisotti, Alessandro</unittitle><unitid type="local_mss">3181090</unitid><container type="box">52</container><container type="folder">1-34</container></did></c01><c01 level="file"><did><unittitle>Parker, Horatio - Pillois, Jacques</unittitle><unitid type="local_mss">3181091</unitid><container type="box">53</container><container type="folder">1-33</container></did></c01><c01 level="file"><did><unittitle>Pineau, Charles - Poulenc, Francis</unittitle><unitid type="local_mss">3181092</unitid><container type="box">54</container><container type="folder">1-41</container></did></c01><c01 level="file"><did><unittitle>Poulenc, Francis - Provenzale, Francesco</unittitle><unitid type="local_mss">3181093</unitid><container type="box">55</container><container type="folder">1-28</container></did></c01><c01 level="file"><did><unittitle>Puccini, Giacomo - Purcell, Henry</unittitle><unitid type="local_mss">3181094</unitid><container type="box">56</container><container type="folder">1-17</container></did></c01><c01 level="file"><did><unittitle>Purcell, Henry - Rachmaninoff, Sergei</unittitle><unitid type="local_mss">3181095</unitid><container type="box">57</container><container type="folder">1-45</container></did></c01><c01 level="file"><did><unittitle>Raff, Joachim - Raphling, Sam</unittitle><unitid type="local_mss">3181096</unitid><container type="box">58</container><container type="folder">1-29</container></did></c01><c01 level="file"><did><unittitle>Rasbach, Oscar - Ravel, Maurice</unittitle><unitid type="local_mss">3181097</unitid><container type="box">59</container><container type="folder">1-38</container></did></c01><c01 level="file"><did><unittitle>Reger, Max - Riego, Teresa del</unittitle><unitid type="local_mss">3181098</unitid><container type="box">60</container><container type="folder">1-42</container></did></c01><c01 level="file"><did><unittitle>Ries, Franz - Rontani, Raffaello</unittitle><unitid type="local_mss">3181099</unitid><container type="box">61</container><container type="folder">1-33</container></did></c01><c01 level="file"><did><unittitle>Rorem, Ned</unittitle><unitid type="local_mss">3181100</unitid><container type="box">62</container><container type="folder">1-28</container></did></c01><c01 level="file"><did><unittitle>Rosenberg, Emanuel - Russell, Kennedy</unittitle><unitid type="local_mss">3181101</unitid><container type="box">63</container><container type="folder">1-39</container></did></c01><c01 level="file"><did><unittitle>Sacco, John - Satie, Erik</unittitle><unitid type="local_mss">3181102</unitid><container type="box">64</container><container type="folder">1-45</container></did></c01><c01 level="file"><did><unittitle>Sauguet, Henri - Schoenberg, Arnold</unittitle><unitid type="local_mss">3181103</unitid><container type="box">65</container><container type="folder">1-37</container></did></c01><c01 level="file"><did><unittitle>Schreker, Franz - Schubert, Franz</unittitle><unitid type="local_mss">3181104</unitid><container type="box">66</container><container type="folder">1-17</container></did></c01><c01 level="file"><did><unittitle>Schubert, Franz</unittitle><unitid type="local_mss">3181105</unitid><container type="box">67</container><container type="folder">1-3</container><container type="box">68</container><container type="folder">1-8</container></did></c01><c01 level="file"><did><unittitle>Schuman, William - Schumann, Robert</unittitle><unitid type="local_mss">3181106</unitid><container type="box">68</container><container type="folder">9-17</container></did></c01><c01 level="file"><did><unittitle>Schumann, Robert</unittitle><unitid type="local_mss">3181107</unitid><container type="box">69</container><container type="folder">1-6</container></did></c01><c01 level="file"><did><unittitle>Scott, Cyril - Seelig, Paul J</unittitle><unitid type="local_mss">3181108</unitid><container type="box">70</container><container type="folder">1-38</container></did></c01><c01 level="file"><did><unittitle>Seigmeister, Elie - Still, William Grant</unittitle><unitid type="local_mss">3181109</unitid><container type="box">71</container><container type="folder">1-46</container></did></c01><c01 level="file"><did><unittitle>Strauss, Johann - Strauss, Richard</unittitle><unitid type="local_mss">3181110</unitid><container type="box">72</container><container type="folder">1-33</container></did></c01><c01 level="file"><did><unittitle>Stravinsky, Igor</unittitle><unitid type="local_mss">3181111</unitid><container type="box">73</container><container type="folder">1-25</container></did></c01><c01 level="file"><did><unittitle>Strong, L.A.G. - Thomas, Ambroise</unittitle><unitid type="local_mss">3181112</unitid><container type="box">74</container><container type="folder">1-47</container></did></c01><c01 level="file"><did><unittitle>Thomè, Francis - Tweedy, Donald</unittitle><unitid type="local_mss">3181113</unitid><container type="box">75</container><container type="folder">1-42</container></did></c01><c01 level="file"><did><unittitle>Upton-Close, Alice - Viardot-Garcia, Pauline</unittitle><unitid type="local_mss">3181114</unitid><container type="box">76</container><container type="folder">1-37</container></did></c01><c01 level="file"><did><unittitle>Vidal, Paul - Walton, Kenneth</unittitle><unitid type="local_mss">3181115</unitid><container type="box">77</container><container type="folder">1-43</container></did></c01><c01 level="file"><did><unittitle>Ware, Harriet - Whittaker, William Gillies</unittitle><unitid type="local_mss">3181116</unitid><container type="box">78</container><container type="folder">1-35</container></did></c01><c01 level="file"><did><unittitle>Widor, Charles Marie - Wolf, Hugo</unittitle><unitid type="local_mss">3181117</unitid><container type="box">79</container><container type="folder">1-27</container></did></c01><c01 level="file"><did><unittitle>Wolf-Ferrari, Ermanno - Zimbalist, Efrem</unittitle><unitid type="local_mss">3181118</unitid><container type="box">80</container><container type="folder">1-17</container></did></c01></dsc></archdesc>
</ead>
