<?xml version="1.0" encoding="UTF-8"?>
<ead xmlns="urn:isbn:1-931666-22-9" xmlns:xsi="http://www.w3.org/2001/XMLSchema-instance" xmlns:xlink="http://www.w3.org/1999/xlink" xsi:schemaLocation="urn:isbn:1-931666-22-9 http://www.loc.gov/ead/ead.xsd">
  <eadheader countryencoding="iso3166-1" dateencoding="iso8601" langencoding="iso639-2b" repositoryencoding="iso15511" relatedencoding="marc" scriptencoding="iso8601"><eadid countrycode="US" mainagencycode="US-NN" url="http://archives.nypl.org/mss/25809.xml">mss25809.xml</eadid><filedesc><titlestmt><titleproper>Guide to the Easter Rising internees autograph album, <date>1916</date></titleproper></titlestmt><publicationstmt><publisher>The New York Public Library. Manuscripts and Archives Division.</publisher><address><addressline>Stephen A. Schwarzman Building</addressline><addressline>Fifth Avenue at 42nd Street, New York, NY 10018-2788</addressline></address></publicationstmt></filedesc><profiledesc><creation>EAD generated by archives.nypl.org on <date normal="2019-12-10">December 10, 2019</date></creation><langusage><language langcode="eng">English</language></langusage></profiledesc></eadheader>
  
  <archdesc level="collection"><did><unittitle>Easter Rising internees autograph album</unittitle><unitdate type="inclusive" normal="1916">1916</unitdate><unitid type="local_mss">25809</unitid><unitid type="local_call">MssCol 25809</unitid><note><p>Volume bound in original green cloth, gilt-stamped "Album" on front cover; slipcase title: Easter Rising internees autograph album / Reading Gaol / 1916.</p></note><repository><corpname>The New York Public Library. Manuscripts and Archives Division.</corpname><address><addressline>Stephen A. Schwarzman Building</addressline><addressline>Fifth Avenue at 42nd Street, New York, NY 10018-2788</addressline></address></repository><physdesc><extent unit="containers">1 volume in slipcase</extent><extent unit="linear_feet">.1 linear feet</extent></physdesc><abstract>The Easter Rising internees autograph album, 1916, contains autograph entries of prominent participants in the Irish independence movement held in British prisons at Knutsford and Reading in England; the men were arrested and interned in connection with the Irish revolutionary uprising of April 1916, known as the Easter Rising. Autographs are usually accompanied by patriotic quotes, poetry, or personal sentiments. Entries may include an individual's military or other affiliation, home address, and previous internment locations in Ireland and Britain, such as Frongoch in Wales. The volume ([42] leaves, 1 blank leaf, loose front endpaper lacking) begins with the signature of Donnchadh Mac Con Uladh [Denis McCullough]. On the last page, Liam Tobin lists the prisons in which he had been incarcerated, including Knutsford but not Reading. The earliest entries are dated June 1916 at Knutsford; the latest are dated at Reading, December 22 and 23, and Nodlaig [Christmas], 1916. Internees were released at that time and returned to Ireland. Among the many names, signed in English or Irish, are Ernest Blythe, Frank Burke, Peter DeLoughry, Edward Dondon, Arthur Griffith, Sean T. O'Kelly, Richard McCormick, J. J. O'Connell, M. W. O'Reilly, and Cathal O'Shannon. A few individuals signed the album twice. Notable content includes a watercolor cartoon signed by Sean Milroy, anticipating "Capt O'Rielly" being welcomed back in Ireland, and a poem signed by Darrell Figgis, "In Memoriam / P. H. P.," honoring Patrick Pearse.</abstract><langmaterial>English</langmaterial><langmaterial>In English and Irish (Gaelic script).</langmaterial></did><prefercite><p>Easter Rising internees autograph album, Manuscripts and Archives Division, The New York Public Library</p></prefercite><acqinfo><p>Purchased from R. A. Gekoski, 2019</p></acqinfo><processinfo><p>Processed by <name>Susan P. Waide</name>, <date>2019</date></p></processinfo><controlaccess><persname role="ato" source="naf" authfilenumber="http://id.loc.gov/authorities/names/n50007476">Figgis, Darrell, 1882-1925</persname><persname role="ill" source="naf" authfilenumber="http://id.loc.gov/authorities/names/no91023609">Milroy, Sean</persname><corpname role="subject" source="naf" authfilenumber="http://id.loc.gov/authorities/names/nr2002028048">Knutsford Prison</corpname><corpname role="subject" source="naf" authfilenumber="http://id.loc.gov/authorities/names/no92017172">Reading Prison (Reading, England)</corpname><subject source="lcsh">Autograph albums -- Ireland</subject><subject source="lcsh">Autograph verse</subject><genreform source="aat" authfilenumber="http://id.loc.gov/authorities/names/300026691">Autograph albums</genreform><genreform source="aat" authfilenumber="http://id.loc.gov/authorities/names/300123430">Cartoons (humorous images)</genreform><geogname source="lcsh">Ireland -- History -- 1910-1921</geogname><geogname source="lcsh">Ireland -- History -- Easter Rising, 1916 -- Prisoners and prisons</geogname></controlaccess></archdesc>
</ead>
