<?xml version="1.0" encoding="UTF-8"?>
<ead xmlns="urn:isbn:1-931666-22-9" xmlns:xsi="http://www.w3.org/2001/XMLSchema-instance" xmlns:xlink="http://www.w3.org/1999/xlink" xsi:schemaLocation="urn:isbn:1-931666-22-9 http://www.loc.gov/ead/ead.xsd">
  <eadheader countryencoding="iso3166-1" dateencoding="iso8601" langencoding="iso639-2b" repositoryencoding="iso15511" relatedencoding="marc" scriptencoding="iso8601"><eadid countrycode="US" mainagencycode="US-NN" url="http://archives.nypl.org/brg/25822.xml">brg25822.xml</eadid><filedesc><titlestmt><titleproper>Guide to the William Targ papers concerning Henry Roth, <date>1971-1983</date></titleproper></titlestmt><publicationstmt><publisher>The New York Public Library. Henry W. and Albert A. Berg Collection of English and American Literature.</publisher><address><addressline>Stephen A. Schwarzman Building</addressline><addressline>Fifth Avenue at 42nd Street, New York, NY 10018-2788</addressline></address></publicationstmt></filedesc><profiledesc><creation>EAD generated by archives.nypl.org on <date normal="2019-12-10">December 10, 2019</date></creation><langusage><language langcode="eng">English</language></langusage></profiledesc></eadheader>
  
  <archdesc level="collection"><did><unittitle>William Targ papers concerning Henry Roth</unittitle><unitdate type="inclusive" normal="1971/1983">1971-1983</unitdate><unitid type="local_mss">25822</unitid><unitid type="local_call">Berg Coll 25822</unitid><origination><persname role="cre" source="naf" authfilenumber="http://id.loc.gov/authorities/names/n50008701">Targ, William, 1907-</persname></origination><repository><corpname>The New York Public Library. Henry W. and Albert A. Berg Collection of English and American Literature.</corpname><address><addressline>Stephen A. Schwarzman Building</addressline><addressline>Fifth Avenue at 42nd Street, New York, NY 10018-2788</addressline></address></repository><physdesc><extent unit="containers">1 box</extent><extent unit="linear_feet">.21 linear feet</extent></physdesc><abstract>William Targ (1907-1999) was an American author and editor, and the publisher of Targ Editions. His wife Roslyn Targ (died 2017) was a literary agent whose clients included American novelist Henry Roth (1906-1995), known for his autobiographical works <title>Call It Sleep</title> and the multi-volume <title>Mercy of a Rude Stream</title>. The William Targ papers concerning Henry Roth, 1971-1983, contain Roth's correspondence with the Targs (13 items), and Roth's typescript early drafts of portions of <title>Mercy of a Rude Stream</title>, sent to William Targ for his input as editor and friend. It appears that much of the narrative corresponds to episodes in <title>Requiem for Harlem</title>, the fourth volume of <title>Mercy of a Rude Stream</title>. Roth's letters, postcards, and notes, written from Albuquerque, New Mexico chiefly to William Targ, discuss his writing and health, with mention of family news. There is one note from William Targ to Roth dated 1979 December 26. The collection also includes a cancelled check in payment for the typescript final draft of <title>Call It Sleep</title>, and two typed notes signed by William Targ, one identifying the <title>Call It Sleep</title> typescript, the other listing Henry Roth materials owned by Targ and his wife.</abstract><langmaterial>English</langmaterial><langmaterial>In English and Yiddish.</langmaterial></did><prefercite><p>William Targ papers concerning Henry Roth, Henry W. and Albert A. Berg Collection of English and American Literature, The New York Public Library</p></prefercite><acqinfo><p>Purchased from Glenn Horowitz, 2019.</p></acqinfo><processinfo><p>Processed by <name>Susan P. Waide</name>, <name>2019</name>.</p></processinfo><controlaccess><persname role="subject" source="naf" authfilenumber="http://id.loc.gov/authorities/names/n81117457">Roth, Henry</persname><persname source="naf" authfilenumber="http://id.loc.gov/authorities/names/n81117457">Roth, Henry</persname><persname role="crp" source="local">Targ, Roslyn</persname><persname role="cre" source="naf" authfilenumber="http://id.loc.gov/authorities/names/n50008701">Targ, William, 1907-</persname><subject source="lcsh">Authors and publishers -- United States -- Correspondence</subject><subject source="lcsh">Authors, American -- 20th century -- Correspondence</subject><subject source="lcsh">Jewish families -- New York (State) -- New York -- Fiction</subject><subject source="lcsh">Jews -- New York (State) -- New York -- Fiction</subject><genreform source="aat" authfilenumber="http://id.loc.gov/authorities/names/300028579">Manuscripts for publication</genreform><genreform source="aat" authfilenumber="http://id.loc.gov/authorities/names/300028577">Typescripts</genreform><geogname source="lcsh">Harlem (New York, N.Y.) -- Fiction</geogname><occupation source="itoamc">Authors.</occupation><occupation source="itoamc">Editors.</occupation><occupation source="itoamc">Literary agents.</occupation></controlaccess><dsc><c01 level="file"><did><unittitle>Correspondence</unittitle><unitdate type="inclusive" normal="1971/1983">1971-1983</unitdate><unitid type="local_mss">3194291</unitid><note><p>Both correspondence and typescripts comprise typed ribbon and carbon copies, bearing Roth's typed and handwritten corrections and revisions. Enclosed drafts mentioned in several letters were separated from the correspondence at an earlier date.</p></note></did><c02 level="file"><did><unittitle>William Targ typed note signed to Henry Roth</unittitle><unitdate type="inclusive" normal="1979-12-26">1979 December 26</unitdate><unitid type="local_mss">3194326</unitid><container type="box">1</container><container type="folder">1</container></did><scopecontent><p>Targ's note (1 page), acknowledges Roth's message of December 17th, and encloses a check for $1,000.00 from Targ Editions dated January 2, 1980. He says he will have "a nice box made for the Ms - something worthy of it." The note is accompanied by the cancelled check endorsed by Henry Roth. A typed note above his signature records full payment for the typescript of Call It Sleep.</p></scopecontent></c02><c02 level="file"><did><unittitle>Henry Roth to Roslyn Targ</unittitle><unitid type="local_mss">3194300</unitid></did><c03 level="file"><did><unittitle>Typed letter signed</unittitle><unitdate type="inclusive" normal="1971-05-12">1971 May 12</unitdate><unitid type="local_mss">3194301</unitid><physdesc>1 page with envelope.</physdesc><container type="box">1</container><container type="folder">1</container></did></c03><c03 level="file"><did><unittitle>Typed letter signed</unittitle><unitdate type="inclusive" normal="1975-02-20">1975 February 20</unitdate><unitid type="local_mss">3194302</unitid><physdesc>2 pages (2 leaves)</physdesc><container type="box">1</container><container type="folder">1</container></did></c03></c02><c02 level="file"><did><unittitle>Henry Roth to William Targ</unittitle><unitid type="local_mss">3194307</unitid></did><c03 level="file"><did><unittitle>Typed letter signed</unittitle><unitdate type="inclusive" normal="1974-11-12">1974 November 12</unitdate><unitid type="local_mss">3194309</unitid><physdesc>1 page with envelope.</physdesc><container type="box">1</container><container type="folder">1</container></did></c03><c03 level="file"><did><unittitle>Typed letter signed</unittitle><unitdate type="inclusive" normal="1979-06-07">1979 June 7</unitdate><unitid type="local_mss">3194311</unitid><physdesc>2 pages (2 leaves).</physdesc><container type="box">1</container><container type="folder">1</container></did></c03><c03 level="file"><did><unittitle>Typed letter signed</unittitle><unitdate type="inclusive" normal="1979-08-01">1979 August 1</unitdate><unitid type="local_mss">3194313</unitid><physdesc>1 page.</physdesc><container type="box">1</container><container type="folder">1</container></did></c03><c03 level="file"><did><unittitle>Typed postcard signed</unittitle><unitdate type="inclusive" normal="1979-12-17">1979 December 17</unitdate><unitid type="local_mss">3194314</unitid><physdesc>Typed postscript on address side.</physdesc><container type="box">1</container><container type="folder">1</container></did></c03><c03 level="file"><did><unittitle>Typed postcard signed</unittitle><unitdate type="inclusive" normal="1980-01-03">1980 January 3</unitdate><unitid type="local_mss">3194316</unitid><container type="box">1</container><container type="folder">1</container></did></c03><c03 level="file"><did><unittitle>Typed letter signed</unittitle><unitdate type="inclusive" normal="1980-04-23">1980 April 23</unitdate><unitid type="local_mss">3194317</unitid><physdesc>1 page (1 leaf, folded).</physdesc><container type="box">1</container><container type="folder">1</container></did></c03><c03 level="file"><did><unittitle>Typed letter signed</unittitle><unitdate type="inclusive" normal="1981-03-09">1981 March 9</unitdate><unitid type="local_mss">3194319</unitid><physdesc>1 page with large mailing envelope.</physdesc><container type="box">1</container><container type="folder">1</container></did></c03><c03 level="file"><did><unittitle>Typed letter signed</unittitle><unitdate type="inclusive" normal="1981-04-02">1981 April 2</unitdate><unitid type="local_mss">3194320</unitid><physdesc>2 pages (1 leaf). Manuscript postscripts on verso.</physdesc><container type="box">1</container><container type="folder">1</container></did></c03><c03 level="file"><did><unittitle>Typed letter signed</unittitle><unitdate type="inclusive" normal="1981-04-20">1981 April 20</unitdate><unitid type="local_mss">3194322</unitid><physdesc>1 page.</physdesc><container type="box">1</container><container type="folder">1</container></did></c03><c03 level="file"><did><unittitle>Typed note signed</unittitle><unitdate type="inclusive" normal="1983-08-16">1983 August 16</unitdate><unitid type="local_mss">3194323</unitid><physdesc>1 page with envelope.</physdesc><container type="box">1</container><container type="folder">1</container></did><scopecontent><p>Addressed to Bill and "(Roz too, if she's about)." Describes an enclosed photograph, not present.</p></scopecontent></c03></c02></c01><c01 level="file"><did><unittitle>Typescript drafts of Mercy of a Rude Stream</unittitle><unitdate type="inclusive" normal="1979/1981" certainty="approximate">circa 1979-circa 1981</unitdate><unitid type="local_mss">3194331</unitid><note><p>The physical grouping of the typescript portions is based on Roth's typed book/section numbers and pagination, as found clipped together, or as previously grouped by format (xerox copies). Pages within are in the order found. The original sequence of the portions in received order can be reconstituted as folder numbers 3, 4, 6, 7, 5, 2, 8. Text is typed on one side unless noted otherwise.</p></note></did><c02 level="file"><did><unittitle>Book 2, Sections 8 and 9</unittitle><unitdate type="inclusive" normal="1980-07" certainty="approximate">circa 1980 July</unitdate><unitid type="local_mss">3194332</unitid><physdesc>18 leaves. Section 8 paginated 1*-11; Section 9 paginated 1-7 (re-numbered 12-18 in ink). Clipped together with an envelope postmarked July 29, 1980.</physdesc><container type="box">1</container><container type="folder">2</container></did></c02><c02 level="file"><did><unittitle>Book 2, Section 14</unittitle><unitdate type="inclusive" normal="1979/1981" certainty="approximate">circa 1979-circa 1981</unitdate><unitid type="local_mss">3194333</unitid><physdesc>6 leaves. Paginated 1, 1A, 2, 2A, 3, 4. Verso of page 1 (numbered 16) is crossed out.</physdesc><container type="box">1</container><container type="folder">3</container></did></c02><c02 level="file"><did><unittitle>Book 2, Sections 15 and 16</unittitle><unitdate type="inclusive" normal="1979/1981" certainty="approximate">circa 1979-circa 1981</unitdate><unitid type="local_mss">3194334</unitid><physdesc>28 leaves. Paginated 1-25, including two page 2s, two page 4s, two page 9s. Page 1 has "Bk2 Sec 4" in typescript, the "4" revised in red ink [to 15?]. "Bk2 Sec. 15" is typed at the top of the second page 9, "Bk2 Sec 16" on page 17.</physdesc><container type="box">1</container><container type="folder">4</container></did></c02><c02 level="file"><did><unittitle>Book 2, Section 17</unittitle><unitdate type="inclusive" normal="1979/1981" certainty="approximate">circa 1979-circa 1981</unitdate><unitid type="local_mss">3194337</unitid><physdesc>53 leaves, blank slip. Paginated 26-43, 44A, 45-48, 48A (with carbon copy), 48B, 49-73, 75-76. Page 76 is signed Henry Roth at end. A piece of cardboard found at end (discarded) is a possible indication of enclosure with letter of March 9, 1981.</physdesc><container type="box">1</container><container type="folder">5</container></did></c02><c02 level="file"><did><unittitle>Book 2, Section 15 (6 leaves)</unittitle><unitdate type="inclusive" normal="1979/1981" certainty="approximate">circa 1979-circa 1981</unitdate><unitid type="local_mss">3194335</unitid><physdesc>6 leaves. Pages 9, 10 and 3, each with carbon copy. These pages were clipped together.</physdesc><container type="box">1</container><container type="folder">6</container></did></c02><c02 level="file"><did><unittitle>Unidentified (5 leaves)</unittitle><unitdate type="inclusive" normal="1979/1981" certainty="approximate">circa 1979-circa 1981</unitdate><unitid type="local_mss">3194338</unitid><physdesc>5 leaves and 1 blank leaf. Pages 18, 19 (with carbon), 4 and 5. Page 4 contains typed text from Book 2, Section 12, on verso, crossed out. Pages were clipped together.</physdesc><container type="box">1</container><container type="folder">7</container></did><scopecontent><p>Contains references to Stephen Dedalus and Ireland; possibly the "Joyce musings" mentioned in Roth's letter of March 9, 1981.</p></scopecontent></c02><c02 level="file"><did><unittitle>Unidentified (xerox copies, 10 leaves)</unittitle><unitdate type="inclusive" normal="1979/1981" certainty="approximate">circa 1979-circa 1981</unitdate><unitid type="local_mss">3194339</unitid><physdesc>Xerox copies. 10 leaves. Paginated 7, [8-10], 11-15, 15A. This portion was followed by loose envelope postmarked March 9, 1981 (removed to Correspondence).</physdesc><container type="box">1</container><container type="folder">8</container></did><scopecontent><p>Early draft ("Oh, my collegiate cousin....") corresponding in part to Part One, Section IX of <title>Requiem for Harlem</title> (2014).</p></scopecontent></c02></c01><c01 level="file"><did><unittitle>William Targ notes regarding Henry Roth materials</unittitle><unitdate type="inclusive">after 1979</unitdate><unitid type="local_mss">3194329</unitid><container type="box">1</container><container type="folder">9</container></did><scopecontent><p>Typed note identifying the "final and original manuscript of Call It Sleep by Henry Roth," used for setting the book. Stamped Targ Editions and signed "Wm. Targ;" also, typed list, signed Wm. Targ, of property that William and Roslyn Targ received or purchased from Henry Roth, including the manuscript of Call It Sleep.</p></scopecontent></c01></dsc></archdesc>
</ead>
