<?xml version="1.0" encoding="UTF-8"?>
<ead xmlns="urn:isbn:1-931666-22-9" xmlns:xsi="http://www.w3.org/2001/XMLSchema-instance" xmlns:xlink="http://www.w3.org/1999/xlink" xsi:schemaLocation="urn:isbn:1-931666-22-9 http://www.loc.gov/ead/ead.xsd">
  <eadheader countryencoding="iso3166-1" dateencoding="iso8601" langencoding="iso639-2b" repositoryencoding="iso15511" relatedencoding="marc" scriptencoding="iso8601"><eadid countrycode="US" mainagencycode="US-NN" url="http://archives.nypl.org/mss/26967.xml">mss26967.xml</eadid><filedesc><titlestmt><titleproper>Guide to the D. M. Anderson medical casebook, <date>1865-1869</date></titleproper></titlestmt><publicationstmt><publisher>The New York Public Library. Manuscripts and Archives Division.</publisher><address><addressline>Stephen A. Schwarzman Building</addressline><addressline>Fifth Avenue at 42nd Street, New York, NY 10018-2788</addressline></address></publicationstmt></filedesc><profiledesc><creation>EAD generated by archives.nypl.org on <date normal="2019-12-10">December 10, 2019</date></creation><langusage><language langcode="eng">English</language></langusage></profiledesc></eadheader>
  
  <archdesc level="collection"><did><unittitle>D. M. Anderson medical casebook</unittitle><unitdate type="inclusive" normal="1865/1869">1865-1869</unitdate><unitid type="local_mss">26967</unitid><unitid type="local_call">MssCol 26967</unitid><note encodinganalog="500"><p>Title devised by cataloger</p></note><note encodinganalog="500"><p>Manuscript title "Clinical cases at Bellevue Hospital, 1865-66" transcribed from front endleaf. Title page records address of D. M. Anderson at 206 East 20th Street, New York. The note "D. Miller Anderson at His Chattie's, May 6th, 1866" is written underneath. The words "Not reported" are written in pencil</p></note><origination><persname role="creator" source="naf" authfilenumber="http://id.loc.gov/authorities/names/no2010142765">Anderson, D. M. (David M.)</persname></origination><repository><corpname>The New York Public Library. Manuscripts and Archives Division.</corpname><address><addressline>Stephen A. Schwarzman Building</addressline><addressline>Fifth Avenue at 42nd Street, New York, NY 10018-2788</addressline></address></repository><physdesc><extent>.1 linear foot (1 volume)</extent></physdesc><abstract>David Miller Anderson (1837-1903) was a Pennsylvania physician residing in Venetia, Peters Township, Washington County. After serving as an assistant surgeon during the United States Civil War, Anderson attended Bellevue Hospital Medical College in New York City, graduating in February 1866. He married Charity Sauns Wright (1840-1925) of Peters Township, where their first child was born on July 3, 1866. In later life he was active in the coal business and served in the Pennsylvania state legislature. D. M. Anderson's medical casebook, 1865-1869 (1 volume), contains brief case notes, mostly in journal form, providing patient name, age, diagnosis and treatment. He records the treatment of patients while a student at Bellevue Hospital Medical College and in subsequent practice at an unstated location, assumed to be Pennsylvania for entries dated 1866 onwards. Most entries concern the treatment of women in childbirth and their recuperation. There are 36 unnumbered pages of entries in pencil and ink interspersed in a bound volume of approximately 200 pages; the rest of the volume is blank. The first three pages of text contain details of two orthopedic cases presented by Professors [Willard] Parker and [James R.] Wood respectively, 1865 November. Notes on various remedies are followed by an "Obstetric Record," 1866 October-December; a record of "Obstetric Cases," [1866] July-1869 October; and cases under "General Practice," [1868?] December-1869 December. These document the treatment of children and adults for various conditions, and a surgical operation performed by Dr. A. M. Pollock with the assistance of Anderson and others. An Obstetric Case for "Hannah S" misdated December 7, 1861 corresponds to an Obstetric Record entry of December 7, 1866</abstract></did><prefercite><p>D. M. Anderson medical casebook, Manuscripts and Archives Division, The New York Public Library</p></prefercite><acqinfo><p>Purchased from, Glenn Horowitz Bookseller, 2019</p></acqinfo><accessrestrict><p>Advance notice required.</p><p>Archives and Manuscripts Division for access at http://www.nypl.org/mssref.</p></accessrestrict><controlaccess><corpname source="naf" authfilenumber="http://id.loc.gov/authorities/names/n79096772">Bellevue Hospital Medical College</corpname><subject source="lcsh">Medicine -- Formulae, receipts, prescriptions</subject><subject source="lcsh">Medicine -- Practice -- History -- 19th century</subject><subject source="lcsh">Medicine -- Study and teaching -- New York (State) -- New York</subject><subject source="lcsh">Obstetrics -- Practice -- History -- 19th century</subject><subject source="lcsh">Physicians -- New York (State) -- New York</subject><subject source="lcsh">Physicians -- Pennsylvania -- Washington County</subject><subject source="lcsh">Women -- Diseases</subject><genreform source="aat" authfilenumber="http://id.loc.gov/authorities/names/300026829">Casebooks</genreform><occupation source="itoamc">Physicians</occupation></controlaccess></archdesc>
</ead>
