<?xml version="1.0" encoding="UTF-8"?>
<ead xmlns="urn:isbn:1-931666-22-9" xmlns:xsi="http://www.w3.org/2001/XMLSchema-instance" xmlns:xlink="http://www.w3.org/1999/xlink" xsi:schemaLocation="urn:isbn:1-931666-22-9 http://www.loc.gov/ead/ead.xsd">
  <eadheader countryencoding="iso3166-1" dateencoding="iso8601" langencoding="iso639-2b" repositoryencoding="iso15511" relatedencoding="marc" scriptencoding="iso8601"><eadid countrycode="US" mainagencycode="US-NN" url="http://archives.nypl.org/mus/28388.xml">mus28388.xml</eadid><filedesc><titlestmt><titleproper>Guide to the Lou Reed Collection of Books and Periodicals, <date>1960-2012, undated</date></titleproper></titlestmt><publicationstmt><publisher>The New York Public Library. Music Division.</publisher><address><addressline>New York Public Library for the Performing Arts, Dorothy and Lewis B. Cullman Center</addressline><addressline>40 Lincoln Center Plaza, New York, NY 10023-7498</addressline></address></publicationstmt></filedesc><profiledesc><creation>EAD generated by archives.nypl.org on <date normal="2019-12-10">December 10, 2019</date></creation><langusage><language langcode="eng">English</language></langusage></profiledesc></eadheader>
  
  <archdesc level="collection"><did><unittitle>Lou Reed Collection of Books and Periodicals</unittitle><unitdate type="inclusive" normal="1960/2012">1960-2012</unitdate><unitdate type="inclusive">undated</unitdate><unitid type="local_mss">28388</unitid><unitid type="local_call">JPB 19-02</unitid><origination><persname source="naf" authfilenumber="http://id.loc.gov/authorities/names/n91053113">Reed, Lou</persname></origination><repository><corpname>The New York Public Library. Music Division.</corpname><address><addressline>New York Public Library for the Performing Arts, Dorothy and Lewis B. Cullman Center</addressline><addressline>40 Lincoln Center Plaza, New York, NY 10023-7498</addressline></address></repository><physdesc><extent unit="containers">34 boxes</extent><extent unit="linear_feet">9.5 linear feet</extent></physdesc><abstract>Lou Reed was a singer, guitarist, and songwriter who co-founded the band the Velvet Underground, in addition to performing and recording as a solo artist. The Lou Reed Collection of Books and Periodicals consist of published books and periodicals from Lou Reed's personal library. Many of the books were written by Reed or relate to his career, while others were books on a range of topics in literature, the arts, and hobbies. The majority of the periodicals contain articles or artwork by or about Reed, or about the arts and literature that inspired him.</abstract><langmaterial>Multiple languages</langmaterial><langmaterial>English, German, French, Italian, Portuguese, Japanese</langmaterial></did><bioghist><p>Lou Reed was a singer, guitarist, and songwriter who co-founded the band the Velvet Underground, in addition to performing and recording as a solo artist.</p></bioghist><prefercite><p>Lou Reed Collection of Books and Periodicals, JPB 19-02. Music Division, The New York Public Library for the Performing Arts</p></prefercite><arrangement><p>The collection consists of three series: Books by Lou Reed, Books and Periodicals about Lou Reed, and Books and Periodicals on general topics. Items within each series are arranged roughly by size.</p></arrangement><acqinfo><p>The collection was acquired from Laurie Anderson in 2017.</p></acqinfo><controlaccess><persname source="naf" authfilenumber="http://id.loc.gov/authorities/names/n91053113">Reed, Lou</persname></controlaccess><dsc><c01 level="file"><did><unittitle>Books by Lou Reed</unittitle><unitid type="local_mss">3196382</unitid></did><scopecontent><p>Includes songbooks and monographs, as well as edited volumes and special editions where Lou Reed served as author, contributor, or designer.</p></scopecontent><c02 level="file"><did><unittitle>Sewall-Ruskin, Yvonne. High on rebellion: inside the underground at Max's Kansas City. Foreword by Lou Reed</unittitle><unitdate type="inclusive" normal="1998">1998</unitdate><unitid type="local_mss">3196383</unitid><note><p>New York: Thunder's Mouth Press</p></note><container type="box">1</container></did></c02><c02 level="file"><did><unittitle>Reed, Lou. New York</unittitle><unitdate type="inclusive" normal="1989">1989</unitdate><unitid type="local_mss">3196384</unitid><note><p>Hollywood: Metal Machine Music</p></note><container type="box">1</container></did></c02><c02 level="file"><did><unittitle>Reed, Lou. Words and music</unittitle><unitdate type="inclusive" normal="1991">1991</unitdate><unitid type="local_mss">3196385</unitid><note><p>Seacaucus, N.J.: Warner Bros. Publications</p></note><container type="box">1</container></did></c02><c02 level="file"><did><unittitle>Reed, Lou and John Cale. Songs for Drella</unittitle><unitdate type="inclusive" normal="1990">1990</unitdate><unitid type="local_mss">3196386</unitid><note><p>Seacaucus, N.J.: Warner Bros. Publications</p></note><container type="box">1</container></did></c02><c02 level="file"><did><unittitle>Reed, Lou. The Lou Reed songbook: six strings and the words</unittitle><unitdate type="inclusive" normal="2009">2009</unitdate><unitid type="local_mss">3196387</unitid><note><p>New York: Cherry Lane Music Company</p></note><container type="box">1</container></did></c02><c02 level="file"><did><unittitle>Max's Kansas City: art, glamour, rock and roll. Edited by Steven Kasher</unittitle><unitdate type="inclusive" normal="2010">2010</unitdate><unitid type="local_mss">3196388</unitid><note><p>New York: Abrams Image</p></note><container type="box">1</container></did></c02><c02 level="file"><did><unittitle>Künstler für Kinder 1999</unittitle><unitdate type="inclusive" normal="1999">1999</unitdate><unitid type="local_mss">3196389</unitid><note><p>Berlin: Artists for Children</p></note><container type="box">2</container></did></c02><c02 level="file"><did><unittitle>Bamgboyé, Oladélé Ajiboyé. Writings on technology and culture</unittitle><unitdate type="inclusive" normal="2000">2000</unitdate><unitid type="local_mss">3196390</unitid><note><p>Rotterdam: Witte de With, Center for Contemporary Art</p></note><container type="box">2</container></did></c02><c02 level="file"><did><unittitle>From #2</unittitle><unitdate type="inclusive" normal="2000">2000</unitdate><unitid type="local_mss">3196391</unitid><note><p>Rotterdam: Witte de With</p></note><container type="box">2</container></did></c02><c02 level="file"><did><unittitle>The book of rock quotes. Compiled by Jonathan Green</unittitle><unitdate type="inclusive" normal="1977">1977</unitdate><unitid type="local_mss">3196392</unitid><note><p>London: Omnibus Press</p></note><container type="box">2</container></did></c02><c02 level="file"><did><unittitle>All-Story, vol. 12, no. 4. Lou Reed, guest designer</unittitle><unitdate type="inclusive">Winter 2008-2009</unitdate><unitid type="local_mss">3196393</unitid><container type="box">2</container></did></c02><c02 level="file"><did><unittitle>Lou Reed songbook</unittitle><unitdate type="inclusive" certainty="inferred">[undated]</unitdate><unitid type="local_mss">3196394</unitid><note><p>[Publisher not identified]</p></note><container type="box">2</container></did></c02><c02 level="file"><did><unittitle>Velvets in verse and prose</unittitle><unitdate type="inclusive" certainty="inferred">[undated]</unitdate><unitid type="local_mss">3196395</unitid><note><p>[Publisher not identified]</p></note><container type="box">2</container></did></c02><c02 level="file"><did><unittitle>Reed, Lou. Magic and loss. Transcribed and arranged by John Curtin</unittitle><unitdate type="inclusive" normal="1997">1997</unitdate><unitid type="local_mss">3196396</unitid><note><p>Hollywood: Metal Machine Music</p></note><container type="box">3</container></did></c02><c02 level="file"><did><unittitle>Reed, Lou. Emotions in action</unittitle><unitdate type="inclusive" normal="2003">2003</unitdate><unitid type="local_mss">3196397</unitid><note><p>London: Thames &amp; Hudson</p></note><container type="box">3</container></did></c02><c02 level="file"><did><unittitle>Hamill, Janet. Lost ceilings</unittitle><unitdate type="inclusive" normal="1999">1999</unitdate><unitid type="local_mss">3196398</unitid><note><p>Guilford, CT: Telephone Books Press</p></note><container type="box">4</container></did></c02><c02 level="file"><did><unittitle>No one waved good-bye: a casualty report on rock and roll. Edited by Robert Somma</unittitle><unitdate type="inclusive" normal="1971">1971</unitdate><unitid type="local_mss">3196399</unitid><note><p>New York: Outerbridge &amp; Dienstfrey</p></note><container type="box">4</container></did></c02><c02 level="file"><did><unittitle>Kaczkowski, Piotr. 42 rozmowy</unittitle><unitdate type="inclusive" normal="2004">2004</unitdate><unitid type="local_mss">3196400</unitid><note><p>Warsaw: Prószyński i S-ka</p></note><container type="box">4</container></did></c02><c02 level="file"><did><unittitle>Reed, Lou. Ho camminato nel fuoco: tutte le canzoni edite e inedite</unittitle><unitdate type="inclusive" normal="2000">2000</unitdate><unitid type="local_mss">3196401</unitid><note><p>Milan: Mondadori</p></note><container type="box">4</container></did></c02><c02 level="file"><did><unittitle>Reed, Lou. Nyuyoku sutori: Ru rido shishu = Between thought and expression</unittitle><unitdate type="inclusive" normal="1992">1992</unitdate><unitid type="local_mss">3196402</unitid><note><p>Tokyo: Kawade Shobo Shinsha</p></note><container type="box">4</container></did></c02><c02 level="file"><did><unittitle>Reed, Lou. Mezi myšlenkou a vyjádřením = Between thought and expression</unittitle><unitdate type="inclusive" normal="1997">1997</unitdate><unitid type="local_mss">3196403</unitid><note><p>Prague: Maťa</p></note><container type="box">4</container></did></c02><c02 level="file"><did><unittitle>Reed, Lou. Mellem tanke og udtryk udvalgte</unittitle><unitdate type="inclusive" normal="1992">1992</unitdate><unitid type="local_mss">3196404</unitid><note><p>Copenhagen: Politisk revy</p></note><container type="box">4</container></did></c02><c02 level="file"><did><unittitle>Buccino, Elio. Time zones 98: sulla via delle musiche possibili</unittitle><unitdate type="inclusive" normal="1998">1998</unitdate><unitid type="local_mss">3196405</unitid><note><p>Molfetta</p></note><container type="box">4</container></did></c02><c02 level="file"><did><unittitle>Reed, Lou. Luzes da cidade. Translated by Luís Maio</unittitle><unitdate type="inclusive" normal="1997">1997</unitdate><unitid type="local_mss">3196406</unitid><note><p>Lisbon: Assírio &amp; Alvim</p></note><container type="box">4</container></did></c02></c01><c01 level="file"><did><unittitle>Books about Lou Reed, inscribed</unittitle><unitid type="local_mss">3196407</unitid></did><scopecontent><p>Includes books featuring Lou Reed as subject with inscriptions by the author.</p></scopecontent><c02 level="file"><did><unittitle>Watson, Steven. Factory made: Warhol and the sixties</unittitle><unitdate type="inclusive" normal="2003">2003</unitdate><unitid type="local_mss">3196408</unitid><note><p>New York: Pantheon Books</p></note><container type="box">5</container></did></c02><c02 level="file"><did><unittitle>Juliá, Ignacio. Feed-back: the Velvet Underground: legend, truth</unittitle><unitdate type="inclusive" normal="2008">2008</unitdate><unitid type="local_mss">3196409</unitid><note><p>Barcelona: Ignacio Julià</p></note><container type="box">5</container></did></c02><c02 level="file"><did><unittitle>Reed, Lou and Alberto Campo. Fra pensiero ed espressione: testi e scritti scelti</unittitle><unitdate type="inclusive" normal="1993">1993</unitdate><unitid type="local_mss">3196410</unitid><note><p>Milan: Arcana</p></note><container type="box">5</container></did></c02><c02 level="file"><did><unittitle>Warhol, Andy and Pat Hackett. Popism: the Warhol '60s</unittitle><unitdate type="inclusive" normal="1980">1980</unitdate><unitid type="local_mss">3196411</unitid><note><p>New York: Harcourt Brace Jovanovich</p></note><container type="box">5</container></did></c02><c02 level="file"><did><unittitle>Rock, Mick. Rocked: an exclusive photography exhibition</unittitle><unitdate type="inclusive" normal="2012">2012</unitdate><unitid type="local_mss">3196412</unitid><note><p>W Hotels Worldwide</p></note><container type="box">6</container></did></c02><c02 level="file"><did><unittitle>Bockris, Victor and Gerard Malanga. Up-tight: the Velvet Underground story</unittitle><unitdate type="inclusive" normal="1983">1983</unitdate><unitid type="local_mss">3196413</unitid><note><p>London: Omnibus Press</p></note><container type="box">6</container></did></c02><c02 level="file"><did><unittitle>Ggër, Lou. La ballade de petit monstre</unittitle><unitdate type="inclusive" normal="1992">1992</unitdate><unitid type="local_mss">3196414</unitid><note><p>Poitiers: Association Images et dessins</p></note><container type="box">6</container></did></c02><c02 level="file"><did><unittitle>Peelaert, Guy and Nik Cohn. Rock dreams: under the boardwalk</unittitle><unitdate type="inclusive" normal="1973">1973</unitdate><unitid type="local_mss">3196415</unitid><note><p>Amsterdam: De Harmonie</p></note><container type="box">6</container></did></c02><c02 level="file"><did><unittitle>Rock, Mick. Blood and glitter: glam: an eyewitness account</unittitle><unitdate type="inclusive" normal="2001">2001</unitdate><unitid type="local_mss">3196416</unitid><note><p>London: Vision On</p></note><container type="box">6</container></did></c02><c02 level="file"><did><unittitle>YAM. Warum Kunst? Painted popsongs</unittitle><unitdate type="inclusive" normal="1995">1995</unitdate><unitid type="local_mss">3196417</unitid><note><p>Asperg: Killroy Media</p></note><container type="box">6</container></did></c02><c02 level="file"><did><unittitle>Rolling Stone: the twentieth anniversary</unittitle><unitdate type="inclusive" normal="1987">1987</unitdate><unitid type="local_mss">3196418</unitid><note><p>New York: Straight Arrow Publishers</p></note><container type="box">6</container></did></c02><c02 level="file"><did><unittitle>Warhol after Munch</unittitle><unitdate type="inclusive" normal="2010">2010</unitdate><unitid type="local_mss">3196419</unitid><note><p>Humlebæk: Louisiana Museum of Modern Art</p></note><container type="box">7</container></did></c02><c02 level="file"><did><unittitle>Graphis 339</unittitle><unitdate type="inclusive" normal="2002-05/2002-06">May-June 2002</unitdate><unitid type="local_mss">3196420</unitid><container type="box">7</container></did></c02><c02 level="file"><did><unittitle>Superstars: guide maniaque du Velvet Underground et de la Factory d'Andy Warhol</unittitle><unitdate type="inclusive" normal="1990">1990</unitdate><unitid type="local_mss">3196421</unitid><note><p>[Publisher not identified]</p></note><container type="box">7</container></did></c02><c02 level="file"><did><unittitle>Paparoni, Demetrio and Timothy Greenfield-Sanders. Timothy Greenfield-Sanders</unittitle><unitdate type="inclusive" normal="2001">2001</unitdate><unitid type="local_mss">3196422</unitid><note><p>Milan: Alberico Cetti Serbelloni Editore</p></note><container type="box">7</container></did></c02></c01><c01 level="file"><did><unittitle>Books on general topics</unittitle><unitid type="local_mss">3196423</unitid></did><scopecontent><p>Includes books on a variety of topics from Lou Reed's personal library.</p></scopecontent><c02 level="file"><did><unittitle>Burroughs, William S. The place of dead roads</unittitle><unitdate type="inclusive" normal="1983">1983</unitdate><unitid type="local_mss">3196424</unitid><note><p>New York: Henry Holt</p></note><container type="box">8</container></did></c02><c02 level="file"><did><unittitle>Murakami, Ryū. Almost transparent blue</unittitle><unitdate type="inclusive" normal="1977">1977</unitdate><unitid type="local_mss">3196425</unitid><note><p>Tokyo: Kodansha</p></note><container type="box">8</container></did></c02><c02 level="file"><did><unittitle>Le coeur rédempteur de Francis alias Francis Domont</unittitle><unitdate type="inclusive" normal="2001">2001</unitdate><unitid type="local_mss">3196426</unitid><note><p>Luneray: Bertout</p></note><container type="box">8</container></did></c02><c02 level="file"><did><unittitle>Gaetani, Gemma. Colazione al fiorucci store (Milano)</unittitle><unitdate type="inclusive" normal="2005">2005</unitdate><unitid type="local_mss">3196427</unitid><note><p>Rome: Lain</p></note><container type="box">8</container></did></c02><c02 level="file"><did><unittitle>Harding, John Wesley. Collected stories, 1990-1991</unittitle><unitdate type="inclusive" normal="1991">1991</unitdate><unitid type="local_mss">3196428</unitid><note><p>Los Angeles: Warner Alternative Ideas</p></note><container type="box">9</container></did></c02><c02 level="file"><did><unittitle>Havel, Václav. Open letters: selected writings, 1965-1990</unittitle><unitdate type="inclusive" normal="1992">1992</unitdate><unitid type="local_mss">3196429</unitid><note><p>New York: Vintage Books</p></note><container type="box">9</container></did></c02><c02 level="file"><did><unittitle>Havel, Václav. Letters to Olga. Translated by Paul Wilson</unittitle><unitdate type="inclusive" normal="1991">1991</unitdate><unitid type="local_mss">3196430</unitid><note><p>London: Faber and Faber</p></note><container type="box">9</container></did></c02><c02 level="file"><did><unittitle>Schwartz, Delmore. Selected poems: summer knowledge</unittitle><unitdate type="inclusive" normal="1967">1967</unitdate><unitid type="local_mss">3196431</unitid><note><p>New York: New Directions</p></note><container type="box">9</container></did></c02><c02 level="file"><did><unittitle>Wright, David K.. The Harley-Davidson Motor Company: an official eighty-year history</unittitle><unitdate type="inclusive" normal="1983">1983</unitdate><unitid type="local_mss">3196432</unitid><note><p>Osceola, WI: Motorbooks International</p></note><container type="box">10</container></did></c02><c02 level="file"><did><unittitle>Atlas, James. Delmore Schwartz: the life of an American poet</unittitle><unitdate type="inclusive" normal="1977">1977</unitdate><unitid type="local_mss">3196433</unitid><note><p>New York: Farrar Straus Giroux</p></note><container type="box">10</container></did></c02><c02 level="file"><did><unittitle>Painter, Melissa and David Weisman. Edie: girl on fire</unittitle><unitdate type="inclusive" normal="2007">2007</unitdate><unitid type="local_mss">3196434</unitid><note><p>San Francisco: Chronicle Books</p></note><container type="box">11</container></did></c02><c02 level="file"><did><unittitle>The Velvet Underground: New York art</unittitle><unitdate type="inclusive" normal="2009">2009</unitdate><unitid type="local_mss">3196435</unitid><note><p>New York: Rizzoli</p></note><container type="box">11</container></did></c02><c02 level="file"><did><unittitle>Peelaert, Guy and Nik Cohn. Rock dreams</unittitle><unitdate type="inclusive" normal="1973">1973</unitdate><unitid type="local_mss">3196436</unitid><note><p>New York: Popular Library</p></note><container type="box">12</container></did></c02><c02 level="file"><did><unittitle>"Success is a job in New York": the early art and business of Andy Warhol</unittitle><unitdate type="inclusive" normal="1989">1989</unitdate><unitid type="local_mss">3196437</unitid><note><p>Pittsburgh, PA: Carnegie Museum of Art</p></note><container type="box">12</container></did></c02><c02 level="file"><did><unittitle>Outrageous: the photographs</unittitle><unitdate type="inclusive" normal="1998">1998</unitdate><unitid type="local_mss">3196438</unitid><note><p>New York: St. Martin's Press</p></note><container type="box">12</container></did></c02><c02 level="file"><did><unittitle>Hulsker, Jan. The new complete Van Gogh: paintings, drawings, sketches</unittitle><unitdate type="inclusive" normal="1996">1996</unitdate><unitid type="local_mss">3196439</unitid><note><p>Amsterdam: J. M. Meulenhoff</p></note><container type="box">12</container></did></c02><c02 level="file"><did><unittitle>Gassian, Claude. Rock-images</unittitle><unitdate type="inclusive" normal="1981">1981</unitdate><unitid type="local_mss">3196440</unitid><note><p>Paris: Jacques Grancher</p></note><container type="box">13</container></did></c02><c02 level="file"><did><unittitle>Angell, Callie. The films of Andy Warhol: part II</unittitle><unitdate type="inclusive" normal="1994">1994</unitdate><unitid type="local_mss">3196441</unitid><note><p>New York: Whitney Museum of American Art</p></note><container type="box">13</container></did></c02><c02 level="file"><did><unittitle>Bob Dylan's greatest hits</unittitle><unitdate type="inclusive">undated</unitdate><unitid type="local_mss">3196442</unitid><note><p>Seacaucus, N.J.: Warner Bros. Publications</p></note><container type="box">13</container></did></c02><c02 level="file"><did><unittitle>Dylan, Bob. Down in the groove</unittitle><unitdate type="inclusive" normal="1988">1988</unitdate><unitid type="local_mss">3196443</unitid><note><p>Seacaucus, N.J.: Warner Bros. Publications</p></note><container type="box">13</container></did></c02><c02 level="file"><did><unittitle>Dylan, Bob. Under the red sky</unittitle><unitdate type="inclusive" normal="1990">1990</unitdate><unitid type="local_mss">3196444</unitid><note><p>New York: Amsco Publications</p></note><container type="box">13</container></did></c02><c02 level="file"><did><unittitle>Recollecting a culture: photography and the evolution of a socialist aesthetic in East Germany</unittitle><unitdate type="inclusive" normal="1999">1999</unitdate><unitid type="local_mss">3196445</unitid><note><p>Boston: Photographic Resource Center at Boston University</p></note><container type="box">13</container></did></c02><c02 level="file"><did><unittitle>Kugelberg, Johan. C/o The Velvet Underground: New York, N.Y</unittitle><unitdate type="inclusive" normal="2007">2007</unitdate><unitid type="local_mss">3196446</unitid><note><p>New York: JMc &amp; GHB/Ectoplasm Press</p></note><container type="box">13</container></did></c02><c02 level="file"><did><unittitle>Rabaté, Pascal. Ibicus</unittitle><unitdate type="inclusive" normal="1998">1998</unitdate><unitid type="local_mss">3196447</unitid><note><p>Issy-les-Moulineaux: Vents d'Ouest</p></note><container type="box">14</container></did></c02><c02 level="file"><did><unittitle>1989-1999 Velvet revolution</unittitle><unitdate type="inclusive" normal="1999">1999</unitdate><unitid type="local_mss">3196448</unitid><note><p>Washington, D.C.: Embassy of the Czech Republic and Embassy of the Slovak Republic</p></note><container type="box">14</container></did></c02><c02 level="file"><did><unittitle>Helnwein, Gottfried. Apokalypse</unittitle><unitdate type="inclusive" normal="1999">1999</unitdate><unitid type="local_mss">3196449</unitid><note><p>Krems, Austria: Niederösterreichisches Donaufestiva</p></note><container type="box">14</container></did></c02><c02 level="file"><did><unittitle>Wilcock, John. The autobiography and sex life of Andy Warhol</unittitle><unitdate type="inclusive" normal="1971">1971</unitdate><unitid type="local_mss">3196450</unitid><note><p>New York: Other Scenes</p></note><container type="box">14</container></did></c02><c02 level="file"><did><unittitle>Gassian, Claude. Rock images, 1970-1990</unittitle><unitdate type="inclusive" normal="1994">1994</unitdate><unitid type="local_mss">3196451</unitid><note><p>Paris: Putti</p></note><container type="box">14</container></did></c02><c02 level="file"><did><unittitle>Murray, Dan. Casualty claim</unittitle><unitdate type="inclusive" normal="1996">1996</unitdate><unitid type="local_mss">3196452</unitid><note><p>New York: Cumings Publication</p></note><container type="box">15</container></did></c02><c02 level="file"><did><unittitle>Wawrzyniaka, Andrzeja. Lhasa apso-moja miłość</unittitle><unitdate type="inclusive" normal="2001">2001</unitdate><unitid type="local_mss">3196453</unitid><note><p>Warsaw: Muzeum Azji i Pacyfiku</p></note><container type="box">15</container></did></c02><c02 level="file"><did><unittitle>Bubola, Massimo. I sognatori del giorno: canzoni, lettere e poesie</unittitle><unitdate type="inclusive" normal="1996">1996</unitdate><unitid type="local_mss">3196454</unitid><note><p>Firenze: Tarab</p></note><container type="box">15</container></did></c02><c02 level="file"><did><unittitle>Parkett, no. 65</unittitle><unitdate type="inclusive" normal="2002">2002</unitdate><unitid type="local_mss">3196455</unitid><container type="box">15</container></did></c02><c02 level="file"><did><unittitle>Merwin, W.S. Lament for the makers: a memorial anthology</unittitle><unitdate type="inclusive" normal="1996">1996</unitdate><unitid type="local_mss">3196456</unitid><note><p>Washington, D.C.: Counterpoint</p></note><container type="box">15</container></did></c02><c02 level="file"><did><unittitle>Andy Warhol and his world. Louisiana Revy, vol. 40, no. 2</unittitle><unitdate type="inclusive" normal="2000-04">April 2000</unitdate><unitid type="local_mss">3196457</unitid><container type="box">15</container></did></c02><c02 level="file"><did><unittitle>Faries, Chad. Drive me out of my mind: 24 houses in 10 years, a memoir</unittitle><unitdate type="inclusive" normal="2011">2011</unitdate><unitid type="local_mss">3196458</unitid><note><p>New York, NY: Emergency Press</p></note><container type="box">16</container></did></c02><c02 level="file"><did><unittitle>Leroy, J.T. Sarah</unittitle><unitdate type="inclusive" normal="2000">2000</unitdate><unitid type="local_mss">3196459</unitid><note><p>New York, N.Y.: Bloomsbury Publishing</p></note><container type="box">16</container></did></c02><c02 level="file"><did><unittitle>Ranchetti, Sebastiano. In cerca di giallo</unittitle><unitdate type="inclusive" normal="2005">2005</unitdate><unitid type="local_mss">3196460</unitid><note><p>Milan: Jaca Book</p></note><container type="box">16</container></did></c02><c02 level="file"><did><unittitle>Ranchetti, Sebastiano. In cerca di blu</unittitle><unitdate type="inclusive" normal="2005">2005</unitdate><unitid type="local_mss">3196461</unitid><note><p>Milan: Jaca Book</p></note><container type="box">16</container></did></c02><c02 level="file"><did><unittitle>Ranchetti, Sebastiano. In cerca di rosso: salamandre e</unittitle><unitdate type="inclusive" normal="2005">2005</unitdate><unitid type="local_mss">3196462</unitid><note><p>Milan: Jaca Book</p></note><container type="box">16</container></did></c02><c02 level="file"><did><unittitle>Ranchetti, Sebastiano. In cerca di verde</unittitle><unitdate type="inclusive" normal="2005">2005</unitdate><unitid type="local_mss">3196463</unitid><note><p>Milan: Jaca Book</p></note><container type="box">16</container></did></c02><c02 level="file"><did><unittitle>Scott, John. Shiva's really scary gifts, as told to Ann MacDonald</unittitle><unitdate type="inclusive" normal="2002">2002</unitdate><unitid type="local_mss">3196464</unitid><note><p>Toronto, Ontario: Coach House Books</p></note><container type="box">16</container></did></c02><c02 level="file"><did><unittitle>Meese, Jonathan. "Marlene Dietrich in Dr. No's Ludovico clinic." In The Watermill Center: a laboratory for performance: Robert Wilson's legacy Watermill Summer Benefit 7.26.08</unittitle><unitdate type="inclusive" normal="2011">2011</unitdate><unitid type="local_mss">3196465</unitid><note><p>New York: The Watermill Center</p></note><container type="box">16</container></did></c02><c02 level="file"><did><unittitle>Macci, Fazio. Chapel of Sansevero Museum</unittitle><unitdate type="inclusive" normal="2005">2005</unitdate><unitid type="local_mss">3196466</unitid><note><p>Naples: Alos</p></note><container type="box">16</container></did></c02><c02 level="file"><did><unittitle>Pivano, Fernanda. I miei amici cantautori</unittitle><unitdate type="inclusive" normal="2005">2005</unitdate><unitid type="local_mss">3196467</unitid><note><p>Milan: Mondadori</p></note><container type="box">16</container></did></c02><c02 level="file"><did><unittitle>Domont, Francis. L'art l'insurrectionnel et...Dieu</unittitle><unitdate type="inclusive" normal="2001">2001</unitdate><unitid type="local_mss">3196468</unitid><note><p>Luneray: Bertout</p></note><container type="box">16</container></did></c02><c02 level="file"><did><unittitle>Grianti, Francesco. 14 Aprile 2007: Una giornata particolare, Cronistoria a cura di Francesco Grianti</unittitle><unitdate type="inclusive" normal="2007">2007</unitdate><unitid type="local_mss">3196469</unitid><note><p>Pesaro, Italia: Pesaro Cultura</p></note><container type="box">16</container></did></c02><c02 level="file"><did><unittitle>Caveney, Graham. Gentleman junkie: the life and legacy of William S. Burroughs</unittitle><unitdate type="inclusive" normal="1998">1998</unitdate><unitid type="local_mss">3196470</unitid><note><p>Boston: Little, Brown and Company</p></note><container type="box">17</container></did></c02><c02 level="file"><did><unittitle>The portfolio</unittitle><unitdate type="inclusive" normal="1992">1992</unitdate><unitid type="local_mss">3196471</unitid><note><p>London: Autograph Sales Limited</p></note><container type="box">17</container></did></c02><c02 level="file"><did><unittitle>Lamelas, David. Publication</unittitle><unitdate type="inclusive" normal="1970">1970</unitdate><unitid type="local_mss">3196472</unitid><note><p>London: Nigel Greenwood Inc.</p></note><container type="box">17</container></did></c02><c02 level="file"><did><unittitle>Time Zones '95: X festival internazionale delle nuove sonorita</unittitle><unitdate type="inclusive" normal="1995">1995</unitdate><unitid type="local_mss">3196473</unitid><container type="box">17</container></did></c02><c02 level="file"><did><unittitle>Time Zones '90: V festival internazionale delle nuove sonorita</unittitle><unitdate type="inclusive" normal="1990">1990</unitdate><unitid type="local_mss">3196474</unitid><container type="box">17</container></did></c02><c02 level="file"><did><unittitle>Time Zones '96: XI festival internazionale delle nuove sonorita</unittitle><unitdate type="inclusive" normal="1996">1996</unitdate><unitid type="local_mss">3196475</unitid><container type="box">17</container></did></c02><c02 level="file"><did><unittitle>Time Zones '97: XII festival internazionale delle nuove sonorita</unittitle><unitdate type="inclusive" normal="1997">1997</unitdate><unitid type="local_mss">3196476</unitid><container type="box">17</container></did></c02><c02 level="file"><did><unittitle>Time Zones '87 II festival internazionale delle nuove sonorita</unittitle><unitdate type="inclusive" normal="1987">1987</unitdate><unitid type="local_mss">3196477</unitid><container type="box">17</container></did></c02><c02 level="file"><did><unittitle>Goralski, Maciej Magura. The jewel in the lotus: the sacrificial symbols of Tibetan Buddism</unittitle><unitdate type="inclusive" normal="2011">2011</unitdate><unitid type="local_mss">3196478</unitid><note><p>Warsaw: Muzeum Azji i Pacyfiku</p></note><container type="box">17</container></did></c02><c02 level="file"><did><unittitle>Middlehurst, Tony. The pictorial history of motorcycling</unittitle><unitdate type="inclusive" normal="1988">1988</unitdate><unitid type="local_mss">3196480</unitid><note><p>[Place of publication not identified]: Bison Books Ltd.</p></note><container type="box">18</container></did></c02><c02 level="file"><did><unittitle>Goldberg, Vicki. American photography: a century of images</unittitle><unitdate type="inclusive" normal="1999">1999</unitdate><unitid type="local_mss">3196481</unitid><note><p>San Francisco: Chronicle Books</p></note><container type="box">18</container></did></c02><c02 level="file"><did><unittitle>Krob, Miroslav. Praha</unittitle><unitdate type="inclusive" normal="1995">1995</unitdate><unitid type="local_mss">3196482</unitid><note><p>Praha. Praha: Kvarta</p></note><container type="box">18</container></did></c02><c02 level="file"><did><unittitle>Sunzi. The art of war</unittitle><unitdate type="inclusive" normal="1991">1991</unitdate><unitid type="local_mss">3196483</unitid><note><p>Boston: Shambhala</p></note><container type="box">19</container></did></c02><c02 level="file"><did><unittitle>Schwartz, Delmore. En los suenos empiezan las responsabilidades</unittitle><unitdate type="inclusive" normal="2010">2010</unitdate><unitid type="local_mss">3196484</unitid><note><p>Barcelona: Alpha Decay</p></note><container type="box">19</container></did></c02><c02 level="file"><did><unittitle>McLaren, Malcolm. Musical paintings</unittitle><unitdate type="inclusive" normal="2009">2009</unitdate><unitid type="local_mss">3196485</unitid><note><p>Zürich: JRP-Ringier</p></note><container type="box">19</container></did></c02><c02 level="file"><did><unittitle>Icons of design</unittitle><unitdate type="inclusive" normal="2002">2002</unitdate><unitid type="local_mss">3196486</unitid><note><p>Valley Forge, Pennsylvania: Weyerhaeuser</p></note><container type="box">19</container></did></c02><c02 level="file"><did><unittitle>Cutolo, Rita. Messaggeri, Vol. 4</unittitle><unitdate type="inclusive" normal="2006">2006</unitdate><unitid type="local_mss">3196487</unitid><note><p>Tavullia, Italy: Associazione L'Angelo</p></note><container type="box">19</container></did></c02><c02 level="file"><did><unittitle>Cutolo, Rita. Messaggeri, Vol. 5</unittitle><unitdate type="inclusive" normal="2006">2006</unitdate><unitid type="local_mss">3196488</unitid><note><p>Tavullia, Italy: Associazione L'Angelo</p></note><container type="box">19</container></did></c02><c02 level="file"><did><unittitle>Cabaret: American Academy in Rome</unittitle><unitdate type="inclusive" normal="2009">2009</unitdate><unitid type="local_mss">3196489</unitid><note><p>Angel Orensanz Foundation</p></note><container type="box">19</container></did><scopecontent><p>2 copies</p></scopecontent></c02><c02 level="file"><did><unittitle>Buonoconto, Mario. Viaggio fantastico alla luce del lume eterno</unittitle><unitdate type="inclusive" normal="2005">2005</unitdate><unitid type="local_mss">3196490</unitid><note><p>Naples: Alos</p></note><container type="box">19</container></did></c02><c02 level="file"><did><unittitle>Warhol, Andy. A: a novel</unittitle><unitdate type="inclusive" normal="1968">1968</unitdate><unitid type="local_mss">3196491</unitid><note><p>New York: Grove Press</p></note><container type="box">19</container></did></c02><c02 level="file"><did><unittitle>Soligny, Jerome. David Bowie</unittitle><unitdate type="inclusive" normal="2002">2002</unitdate><unitid type="local_mss">3196492</unitid><note><p>Paris: Musiques &amp; Cie</p></note><container type="box">19</container></did></c02><c02 level="file"><did><unittitle>Charles, Ray and David Ritz. Brother Ray</unittitle><unitdate type="inclusive" normal="1980">1980</unitdate><unitid type="local_mss">3196493</unitid><note><p>London: Futura</p></note><container type="box">19</container></did></c02><c02 level="file"><did><unittitle>Atlas, James. Delmore Schwartz: the life of an American poet</unittitle><unitdate type="inclusive" normal="1977">1977</unitdate><unitid type="local_mss">3196494</unitid><note><p>New York: Farrar Straus Giroux</p></note><container type="box">19</container></did></c02><c02 level="file"><did><unittitle>Hein, Piet. Grooks</unittitle><unitdate type="inclusive" normal="1969">1969</unitdate><unitid type="local_mss">3196495</unitid><note><p>Garden City, N.J.: Doubleday &amp; Co.</p></note><container type="box">19</container></did></c02><c02 level="file"><did><unittitle>Nash, Eric. New York's 50 best secret architectural treasures</unittitle><unitdate type="inclusive" normal="1996">1996</unitdate><unitid type="local_mss">3196496</unitid><note><p>New York: N.Y. City and Co.</p></note><container type="box">19</container></did></c02><c02 level="file"><did><unittitle>Kostek, M.C. The Velvet Underground handbook</unittitle><unitdate type="inclusive" normal="1992">1992</unitdate><unitid type="local_mss">3196497</unitid><note><p>London: Black Spring Press</p></note><container type="box">19</container></did></c02><c02 level="file"><did><unittitle>Reed, Lou. Parole de la nuit sauvage, Vol. 10, No. 18</unittitle><unitdate type="inclusive" normal="1996">1996</unitdate><unitid type="local_mss">3196498</unitid><container type="box">19</container></did></c02><c02 level="file"><did><unittitle>Bailey, Alice A. Ponder on this</unittitle><unitdate type="inclusive" normal="1978">1978</unitdate><unitid type="local_mss">3196499</unitid><note><p>New York: Lucis Publishing Company</p></note><container type="box">19</container></did></c02><c02 level="file"><did><unittitle>Sammon, Paul M. The King is dead: the tales of Elvis postmortem</unittitle><unitdate type="inclusive" normal="1994">1994</unitdate><unitid type="local_mss">3196500</unitid><note><p>New York: Delta Trade Paperbacks</p></note><container type="box">19</container></did></c02><c02 level="file"><did><unittitle>Havel, Vaclav. Summer meditations</unittitle><unitdate type="inclusive" normal="1993">1993</unitdate><unitid type="local_mss">3196501</unitid><note><p>Toronto: First Vintage Books</p></note><container type="box">19</container></did></c02><c02 level="file"><did><unittitle>Maerzmusik: Festival fur aktuelle Musik: Berliner Festpiele</unittitle><unitdate type="inclusive" normal="2002">2002</unitdate><unitid type="local_mss">3196502</unitid><container type="box">19</container></did></c02><c02 level="file"><did><unittitle>Simpson, Eileen. Poets in their youth</unittitle><unitdate type="inclusive" normal="1982">1982</unitdate><unitid type="local_mss">3196503</unitid><note><p>New York: Picador</p></note><container type="box">19</container></did></c02><c02 level="file"><did><unittitle>"Voluptous panic." In The Watermill Center: a laboratory for performance</unittitle><unitdate type="inclusive" normal="2011">2011</unitdate><unitid type="local_mss">3196504</unitid><note><p>New York: The Watermill Center</p></note><container type="box">20</container></did></c02><c02 level="file"><did><unittitle>Stano, Tono. Stars</unittitle><unitdate type="inclusive" normal="2003">2003</unitdate><unitid type="local_mss">3196505</unitid><note><p>International Film Festival</p></note><container type="box">20</container></did></c02><c02 level="file"><did><unittitle>Burroughs, William S. The place of dead roads</unittitle><unitdate type="inclusive" normal="1983">1983</unitdate><unitid type="local_mss">3196506</unitid><note><p>New York: Henry Holt</p></note><container type="box">20</container></did></c02><c02 level="file"><did><unittitle>Heylin, Clinton. All yesterdays' parties: the Velvet Underground in print 1966-1971</unittitle><unitdate type="inclusive" normal="2005">2005</unitdate><unitid type="local_mss">3196507</unitid><note><p>New York: Da Capo Press</p></note><container type="box">20</container></did></c02><c02 level="file"><did><unittitle>Graham, Bill and Robert Greenfield. Bill Graham presents: my life inside rock and out</unittitle><unitdate type="inclusive" normal="1992">1992</unitdate><unitid type="local_mss">3196508</unitid><note><p>New York, N.Y.: Doubleday Books</p></note><container type="box">20</container></did></c02><c02 level="file"><did><unittitle>The Transatlantic Review, no. 52</unittitle><unitdate type="inclusive" normal="1975">1975</unitdate><unitid type="local_mss">3196509</unitid><container type="box">20</container></did></c02><c02 level="file"><did><unittitle>The Duplex Planet, no. 166</unittitle><unitdate type="inclusive" normal="2003">2003</unitdate><unitid type="local_mss">3196510</unitid><container type="box">20</container></did></c02><c02 level="file"><did><unittitle>The Duplex Planet, no. 168</unittitle><unitdate type="inclusive" normal="2003">2003</unitdate><unitid type="local_mss">3196511</unitid><container type="box">20</container></did></c02><c02 level="file"><did><unittitle>The Duplex Planet: newly revised and expanded edition of the 1981 classic</unittitle><unitdate type="inclusive" normal="1986">1986</unitdate><unitid type="local_mss">3196512</unitid><note><p>Saratoga Springs, N.Y.: Duplex Planet</p></note><container type="box">20</container></did></c02><c02 level="file"><did><unittitle>The Duplex Planet, no. 144</unittitle><unitdate type="inclusive" normal="1996">1996</unitdate><unitid type="local_mss">3196513</unitid><container type="box">20</container></did></c02><c02 level="file"><did><unittitle>The Duplex Planet, no. 146</unittitle><unitdate type="inclusive" normal="1997">1997</unitdate><unitid type="local_mss">3196514</unitid><container type="box">20</container></did></c02><c02 level="file"><did><unittitle>The Duplex Planet, no. 147</unittitle><unitdate type="inclusive" normal="1997">1997</unitdate><unitid type="local_mss">3196515</unitid><container type="box">20</container></did></c02><c02 level="file"><did><unittitle>The Duplex Planet, no. 149</unittitle><unitdate type="inclusive" normal="1998">1998</unitdate><unitid type="local_mss">3196516</unitid><container type="box">20</container></did></c02><c02 level="file"><did><unittitle>The Duplex Planet, no. 153</unittitle><unitdate type="inclusive" normal="1999">1999</unitdate><unitid type="local_mss">3196517</unitid><container type="box">20</container></did></c02><c02 level="file"><did><unittitle>The Duplex Planet, no. 154</unittitle><unitdate type="inclusive" normal="1999">1999</unitdate><unitid type="local_mss">3196518</unitid><container type="box">20</container></did></c02><c02 level="file"><did><unittitle>The Duplex Planet, no. 163</unittitle><unitdate type="inclusive" normal="2002">2002</unitdate><unitid type="local_mss">3196519</unitid><container type="box">20</container></did></c02><c02 level="file"><did><unittitle>The Duplex Planet, no. 165</unittitle><unitdate type="inclusive" normal="2003">2003</unitdate><unitid type="local_mss">3196520</unitid><container type="box">20</container></did></c02><c02 level="file"><did><unittitle>Darling, Dancy. My face for the world to see</unittitle><unitdate type="inclusive" normal="1997">1997</unitdate><unitid type="local_mss">3196521</unitid><note><p>Honolulu: Hardy Marks Publications</p></note><container type="box">20</container></did></c02><c02 level="file"><did><unittitle>Willis, Ellen. Beginning to see the light: pieces of a decade</unittitle><unitdate type="inclusive" normal="1981">1981</unitdate><unitid type="local_mss">3196522</unitid><note><p>New York: Knopf</p></note><container type="box">20</container></did></c02><c02 level="file"><did><unittitle>Ari. L'amour n'oublie jamais</unittitle><unitdate type="inclusive" normal="2001">2001</unitdate><unitid type="local_mss">3196523</unitid><note><p>Paris: Pauvert</p></note><container type="box">20</container></did></c02><c02 level="file"><did><unittitle>Yazdani, Tarssa. The definitive Daniel Johnston handbook</unittitle><unitdate type="inclusive" normal="1999">1999</unitdate><unitid type="local_mss">3196524</unitid><note><p>New York: Soft Skull Press</p></note><container type="box">20</container></did></c02><c02 level="file"><did><unittitle>Andy Warhol 1928-1987</unittitle><unitdate type="inclusive" normal="1997">1997</unitdate><unitid type="local_mss">3196525</unitid><note><p>Bielsko-Biała, Poland: Galeria Bielska BWA</p></note><container type="box">21</container></did></c02><c02 level="file"><did><unittitle>Diamond, Wendy. A musical feast: recipes from over 100 of the world's most famous musical artists</unittitle><unitdate type="inclusive" normal="1995">1995</unitdate><unitid type="local_mss">3196526</unitid><note><p>New York: Global Liaisons Inc.</p></note><container type="box">21</container></did></c02><c02 level="file"><did><unittitle>West, Mike. The Velvet Underground and Lou Reed</unittitle><unitdate type="inclusive" normal="1982">1982</unitdate><unitid type="local_mss">3196527</unitid><note><p>Manchester, Babylon Books</p></note><container type="box">21</container></did></c02><c02 level="file"><did><unittitle>Etxeberria, Jose Luis Zumeta. Zumeta</unittitle><unitdate type="inclusive" normal="2002">2002</unitdate><unitid type="local_mss">3196528</unitid><note><p>New York: Haim Chanin Fine Arts</p></note><container type="box">21</container></did></c02><c02 level="file"><did><unittitle>The Drawing Center and Ed Hardy. Pierced hearts and true love: a century of drawing for tattoos</unittitle><unitdate type="inclusive" normal="1995">1995</unitdate><unitid type="local_mss">3196529</unitid><note><p>Honolulu: Handy Marks Publications</p></note><container type="box">21</container></did></c02><c02 level="file"><did><unittitle>Clements, Alan and Leslie Kean. Burma's revolution of the spirit: the struggle for democratic freedom and dignity</unittitle><unitdate type="inclusive" normal="1995">1995</unitdate><unitid type="local_mss">3196530</unitid><note><p>Bangkok: White Orchid Press</p></note><container type="box">21</container></did></c02><c02 level="file"><did><unittitle>Harley-Davidson Motor Co., Inc. service manual: FLT/FXR Models 1340cc V2 5-Speed</unittitle><unitdate type="inclusive" normal="1984/1985">1984-1985</unitdate><unitid type="local_mss">3196531</unitid><container type="box">21</container></did></c02><c02 level="file"><did><unittitle>Film culture, no. 45: the Warhol issue</unittitle><unitdate type="inclusive" normal="1967">1967</unitdate><unitid type="local_mss">3196532</unitid><container type="box">22</container></did></c02><c02 level="file"><did><unittitle>Harry, Debbie, Chris Stein, and Victor Bockris. Making tracks: the rise of Blondie</unittitle><unitdate type="inclusive" normal="1982">1982</unitdate><unitid type="local_mss">3196533</unitid><note><p>New York: Dell Trade Co.</p></note><container type="box">22</container></did></c02><c02 level="file"><did><unittitle>Purple journal: numero zero</unittitle><unitdate type="inclusive" normal="2004">2004</unitdate><unitid type="local_mss">3196534</unitid><container type="box">22</container></did></c02><c02 level="file"><did><unittitle>Butler, Brenda Arlene. Are you hungry tonight? Elvis' favorite recipes</unittitle><unitdate type="inclusive" normal="1992">1992</unitdate><unitid type="local_mss">3196535</unitid><note><p>[United States]: Bluewood Books</p></note><container type="box">22</container></did></c02><c02 level="file"><did><unittitle>Julia, Ignacio. Feed-back: la leyenda de los Velvet Underground</unittitle><unitdate type="inclusive" normal="1986">1986</unitdate><unitid type="local_mss">3196536</unitid><note><p>Barcelona: Ruta 66</p></note><container type="box">22</container></did></c02><c02 level="file"><did><unittitle>Polec, Andrzej. Distant Glens and Moors: The Hutsuls today</unittitle><unitdate type="inclusive" normal="1997">1997</unitdate><unitid type="local_mss">3196537</unitid><note><p>Warsaw: Wydawnictwo</p></note><container type="box">22</container></did></c02><c02 level="file"><did><unittitle>Kindskopf. Helnwein</unittitle><unitdate type="inclusive" normal="1991">1991</unitdate><unitid type="local_mss">3196538</unitid><note><p>Vienna: Niederosterreicheisches Landesmuseum</p></note><container type="box">22</container></did></c02><c02 level="file"><did><unittitle>Ghent, Valerie. Word: a collection of lyrics and poems to commemorate the tragic events of 9.11.2001</unittitle><unitdate type="inclusive" normal="2002">2002</unitdate><unitid type="local_mss">3196539</unitid><note><p>New York: Cavos Publishing</p></note><container type="box">22</container></did></c02><c02 level="file"><did><unittitle>Lamelas, David. A new refutation of time</unittitle><unitdate type="inclusive" normal="1997">1997</unitdate><unitid type="local_mss">3196540</unitid><note><p>Munich: Kunstverein</p></note><container type="box">23</container></did></c02><c02 level="file"><did><unittitle>Gotti, Andrea. Andrea Gotti</unittitle><unitdate type="inclusive" normal="2001">2001</unitdate><unitid type="local_mss">3196541</unitid><note><p>Madrid : Luís Gurriarán Galería de Arte, D.l.</p></note><container type="box">23</container></did></c02><c02 level="file"><did><unittitle>Gotti, Andrea. Dipinti 1992-2002</unittitle><unitdate type="inclusive" normal="2002">2002</unitdate><unitid type="local_mss">3196542</unitid><note><p>Milan: Skira</p></note><container type="box">23</container></did></c02><c02 level="file"><did><unittitle>Artists United Against Apartheid. Sun City: the struggle for freedom in South Africa: the making of the record by Dave Marsh</unittitle><unitdate type="inclusive" normal="1985">1985</unitdate><unitid type="local_mss">3196543</unitid><note><p>New York: Penguin Books</p></note><container type="box">23</container></did></c02><c02 level="file"><did><unittitle>China's Tibet, no. 2</unittitle><unitdate type="inclusive" normal="1998">1998</unitdate><unitid type="local_mss">3196544</unitid><container type="box">23</container></did></c02><c02 level="file"><did><unittitle>Bell, Judy and Nora Guthrie. Woody Guthrie songbook</unittitle><unitdate type="inclusive" normal="1999">1999</unitdate><unitid type="local_mss">3196545</unitid><note><p>New York: TRO Ludlow Music</p></note><container type="box">23</container></did></c02><c02 level="file"><did><unittitle>Edgar Allen Poe, 1809-1849: illustrations of a tormented mind</unittitle><unitdate type="inclusive" normal="1999">1999</unitdate><unitid type="local_mss">3196546</unitid><note><p>Prague: Edgar Allan Poe Society of Prague</p></note><container type="box">23</container></did></c02><c02 level="file"><did><unittitle>Respectus, Vol. 17: Edgemont High School, Scarsdale, NY</unittitle><unitdate type="inclusive" normal="1973">1973</unitdate><unitid type="local_mss">3196547</unitid><container type="box">23</container></did></c02><c02 level="file"><did><unittitle>Graphis, no. 331</unittitle><unitdate type="inclusive" normal="2001">2001</unitdate><unitid type="local_mss">3196549</unitid><container type="box">24</container></did></c02><c02 level="file"><did><unittitle>Segerstrom, Rebecca. Nudeyork</unittitle><unitdate type="inclusive" normal="1996">1996</unitdate><unitid type="local_mss">3196550</unitid><note><p>Tōkyō: Seibundō Shinkōsha</p></note><container type="box">24</container></did></c02><c02 level="file"><did><unittitle>Pomus, Doc. Save the last dance for me, and other hits from the '50's</unittitle><unitdate type="inclusive" normal="1960">1960</unitdate><unitid type="local_mss">3196551</unitid><note><p>[Place of publication not identified]: Warner Bros.</p></note><container type="box">24</container></did></c02><c02 level="file"><did><unittitle>China Pictorial, Vol. 625</unittitle><unitdate type="inclusive" normal="2000">2000</unitdate><unitid type="local_mss">3196552</unitid><container type="box">24</container></did></c02><c02 level="file"><did><unittitle>The Velvet Underground: peel slowly and see</unittitle><unitdate type="inclusive" normal="1995">1995</unitdate><unitid type="local_mss">3196553</unitid><note><p>[Place of publication not identified]: Polydor</p></note><container type="box">24</container></did></c02><c02 level="file"><did><unittitle>Sam Messer. One man by himself: portraits of Jon Serl</unittitle><unitdate type="inclusive" normal="1995">1995</unitdate><unitid type="local_mss">3196554</unitid><note><p>West Stockbridge, Mass.: Hard Press, Inc.</p></note><container type="box">24</container></did></c02><c02 level="file"><did><unittitle>Haver, Fritz Werner. Rock &amp; roots</unittitle><unitdate type="inclusive" normal="1998">1998</unitdate><unitid type="local_mss">3196555</unitid><note><p>Nordwalde: Rose Valley Books</p></note><container type="box">24</container></did></c02><c02 level="file"><did><unittitle>Pittroff, Maria. Lurid</unittitle><unitdate type="inclusive" normal="2002">2002</unitdate><unitid type="local_mss">3196556</unitid><note><p>Berlin: Galerie Peter Herrmann</p></note><container type="box">24</container></did><scopecontent><p>2 copies</p></scopecontent></c02><c02 level="file"><did><unittitle>Gerard, Maison. Wrapped: Adnet Leleu quinet royere</unittitle><unitdate type="inclusive" normal="1974">1974</unitdate><unitid type="local_mss">3196557</unitid><note><p>New York: Maison Gerard</p></note><container type="box">25</container></did></c02><c02 level="file"><did><unittitle>Hardy, Donald Edward Talbott. The rocks of ages</unittitle><unitdate type="inclusive" normal="1992">1992</unitdate><unitid type="local_mss">3196558</unitid><note><p>Honolulu: Hardy Marks Publication</p></note><container type="box">25</container></did></c02><c02 level="file"><did><unittitle>Stiff stuff: please don't bend. Litura Na Swiecie, vol. 6</unittitle><unitdate type="inclusive" normal="1997">1997</unitdate><unitid type="local_mss">3196559</unitid><container type="box">25</container></did></c02><c02 level="file"><did><unittitle>Huang, Al Chung-liang. Embrace tiger, return to mountain: the essence of T'ai Chi</unittitle><unitdate type="inclusive" normal="1973">1973</unitdate><unitid type="local_mss">3196560</unitid><note><p>Berkeley, Calif.: Real People Press</p></note><container type="box">25</container></did></c02><c02 level="file"><did><unittitle>Dahan, Eric. Night reporter</unittitle><unitdate type="inclusive" normal="2007">2007</unitdate><unitid type="local_mss">3196561</unitid><note><p>Paris: Somogy Editions</p></note><container type="box">26</container></did></c02><c02 level="file"><did><unittitle>Graphis, no. 329</unittitle><unitdate type="inclusive" normal="2000">2000</unitdate><unitid type="local_mss">3196562</unitid><container type="box">26</container></did></c02><c02 level="file"><did><unittitle>Gibson, William. Skip Spence's jeans</unittitle><unitdate type="inclusive">undated</unitdate><unitid type="local_mss">3196563</unitid><note><p>[New York]: Boo-Hooray</p></note><container type="box">27</container></did></c02><c02 level="file"><did><unittitle>Reed, Lou. Fra pensiero ed espressione: testi e scritti scelti</unittitle><unitdate type="inclusive" normal="1993">1993</unitdate><unitid type="local_mss">3196564</unitid><note><p>Milan: Arcana</p></note><container type="box">27</container></did></c02><c02 level="file"><did><unittitle>Caggiano, Aldo. Lou Reed: poeta Americano dai Velvet a Berlin</unittitle><unitdate type="inclusive" normal="1999">1999</unitdate><unitid type="local_mss">3196565</unitid><note><p>Naples: Liguori</p></note><container type="box">27</container></did></c02><c02 level="file"><did><unittitle>Bockris, Victor and Andrew Wylie. The alphabet book</unittitle><unitdate type="inclusive" normal="1974">1974</unitdate><unitid type="local_mss">3196566</unitid><note><p>Cambridge, Mass.: Dynamic Books</p></note><container type="box">27</container></did></c02><c02 level="file"><did><unittitle>Forelle, Dagmar. Kunstler fur Kinder</unittitle><unitdate type="inclusive" normal="1994">1994</unitdate><unitid type="local_mss">3196567</unitid><note><p>Berlin: [no publisher identified]</p></note><container type="box">27</container></did></c02><c02 level="file"><did><unittitle>Draeger, Donn F. and Robert W. Smith. Comprehensive Asian fighting arts</unittitle><unitdate type="inclusive" normal="1980">1980</unitdate><unitid type="local_mss">3196568</unitid><note><p>Tokyo: Kodansha International Ltd.</p></note><container type="box">27</container></did></c02><c02 level="file"><did><unittitle>Willemsen, Roger. Menschen aus Willemsens Woche: Fotografiert von Detlev Schneider</unittitle><unitdate type="inclusive" normal="1996">1996</unitdate><unitid type="local_mss">3196569</unitid><note><p>Berlin: Rutten &amp; Loening</p></note><container type="box">28</container></did></c02><c02 level="file"><did><unittitle>Andy Warhol</unittitle><unitdate type="inclusive" normal="2007">2007</unitdate><unitid type="local_mss">3196570</unitid><note><p>South Brisbane: Queensland Art Gallery / The Andy Warhol Museum</p></note><container type="box">28</container></did></c02><c02 level="file"><did><unittitle>George-Warren, Holly. Crazysexycool</unittitle><unitdate type="inclusive" normal="1996">1996</unitdate><unitid type="local_mss">3196571</unitid><note><p>New York: Rolling Stone Press</p></note><container type="box">28</container></did></c02><c02 level="file"><did><unittitle>Bockris, Victor. Lou Reed: the biography</unittitle><unitdate type="inclusive" normal="1994">1994</unitdate><unitid type="local_mss">3196572</unitid><note><p>London: Huchinson</p></note><container type="box">29</container></did></c02><c02 level="file"><did><unittitle>Watson, Steven. Prepare for saints: Gertrude Stein, Virgil Thomson, and the mainstreaming of American modernism</unittitle><unitdate type="inclusive" normal="1998">1998</unitdate><unitid type="local_mss">3196573</unitid><note><p>New York: Random House</p></note><container type="box">29</container></did></c02><c02 level="file"><did><unittitle>Schwartz, Delmore. Selected essays of Delmore Schwartz. Edited by Donald A. Dike and David H Zucker</unittitle><unitdate type="inclusive" normal="1970">1970</unitdate><unitid type="local_mss">3196574</unitid><note><p>Chicago: University of Chicago Press</p></note><container type="box">29</container></did><scopecontent><p>2 copies</p></scopecontent></c02><c02 level="file"><did><unittitle>Slimane, Hedi</unittitle><unitdate type="inclusive" normal="2003">2003</unitdate><unitid type="local_mss">3196575</unitid><note><p>Berlin. Gottingen: 7L</p></note><container type="box">30</container></did></c02><c02 level="file"><did><unittitle>Upright, Michael H.: One percent</unittitle><unitdate type="inclusive" normal="1999">1999</unitdate><unitid type="local_mss">3196576</unitid><note><p>Los Angeles: Action Publishing</p></note><container type="box">30</container></did></c02><c02 level="file"><did><unittitle>Brown, Tony. Downtime</unittitle><unitdate type="inclusive" normal="1996">1996</unitdate><unitid type="local_mss">3196577</unitid><note><p>Rotterdam: Witte de With</p></note><container type="box">30</container></did></c02><c02 level="file"><did><unittitle>The Lou Reed book</unittitle><unitdate type="inclusive" normal="1978">1978</unitdate><unitid type="local_mss">3196578</unitid><note><p>New York: Hermana Rayo Entertainment</p></note><container type="box">30</container></did></c02><c02 level="file"><did><unittitle>Brooklyn Academy of Music. Next Wave Festival 1990</unittitle><unitdate type="inclusive" normal="1990">1990</unitdate><unitid type="local_mss">3196579</unitid><note><p>New York : Brooklyn Academy of Music</p></note><container type="box">31</container></did></c02><c02 level="file"><did><unittitle>Dannemann, Monika. The inner world of Jimi Hendrix</unittitle><unitdate type="inclusive" normal="1995">1995</unitdate><unitid type="local_mss">3196580</unitid><note><p>New York: St. Martin's Press</p></note><container type="box">31</container></did></c02><c02 level="file"><did><unittitle>Francis, Mark. Les annees pop 1956-1968: exposition presentee au centre pompidou</unittitle><unitdate type="inclusive" normal="2001">2001</unitdate><unitid type="local_mss">3196581</unitid><note><p>Paris: Centre Georges Pompidou</p></note><container type="box">31</container></did></c02><c02 level="file"><did><unittitle>Woodward, Frank. Rolling Stone: the illustrated portraits</unittitle><unitdate type="inclusive" normal="2000">2000</unitdate><unitid type="local_mss">3196582</unitid><note><p>New York: Chronicle Books</p></note><container type="box">31</container></did></c02><c02 level="file"><did><unittitle>Seliger, Mark. The music book</unittitle><unitdate type="inclusive" normal="2008">2008</unitdate><unitid type="local_mss">3196583</unitid><note><p>Kempen: TeNeues</p></note><container type="box">31</container></did></c02><c02 level="file"><did><unittitle>Havel, Vaclav. The art of the impossible: politics as morality in practice</unittitle><unitdate type="inclusive" normal="1997">1997</unitdate><unitid type="local_mss">3196584</unitid><note><p>New York: Knopf</p></note><container type="box">32</container></did></c02><c02 level="file"><did><unittitle>Pivano, Faernanda. Amici Scrittori: Quarant'anni di incontri e scoperte con gli autori americani</unittitle><unitdate type="inclusive" normal="1995">1995</unitdate><unitid type="local_mss">3196585</unitid><note><p>Milan: Arnoldo Mondadori Editore</p></note><container type="box">32</container></did></c02><c02 level="file"><did><unittitle>Havel, Vaclav. Disturbing the peace</unittitle><unitdate type="inclusive" normal="1990">1990</unitdate><unitid type="local_mss">3196586</unitid><note><p>New York: Knopf</p></note><container type="box">32</container></did></c02><c02 level="file"><did><unittitle>Koch, Stephen. Star-gazer: Andy Warhol's world and his films</unittitle><unitdate type="inclusive" normal="1973">1973</unitdate><unitid type="local_mss">3196587</unitid><note><p>New York: Praeger Publishers</p></note><container type="box">32</container></did></c02><c02 level="file"><did><unittitle>Schwartz, Delmore. Summer knowledge: new and selected poems, 1938-1958</unittitle><unitdate type="inclusive" normal="1959">1959</unitdate><unitid type="local_mss">3196588</unitid><note><p>Garden City, N.Y.: Doubleday</p></note><container type="box">32</container></did></c02><c02 level="file"><did><unittitle>Swados, Elizabeth. Lea and Lazar</unittitle><unitdate type="inclusive" normal="1982">1982</unitdate><unitid type="local_mss">3196589</unitid><note><p>New York: Summit Books</p></note><container type="box">32</container></did></c02><c02 level="file"><did><unittitle>Pollet, Elizabeth. Portrait of Delmore: journals and notes of Delmore Schwartz</unittitle><unitdate type="inclusive" normal="1986">1986</unitdate><unitid type="local_mss">3196590</unitid><note><p>New York: Collins Publishers</p></note><container type="box">32</container></did></c02><c02 level="file"><did><unittitle>McCabe, David. A year in the life of Andy Warhol</unittitle><unitdate type="inclusive" normal="2003">2003</unitdate><unitid type="local_mss">3196591</unitid><note><p>London: Phaidon Press Ltd.</p></note><container type="box">32</container></did></c02><c02 level="file"><did><unittitle>Frazer, Sir James George. The golden bough</unittitle><unitdate type="inclusive" normal="1963">1963</unitdate><unitid type="local_mss">3196592</unitid><note><p>New York: MacMillan Paperbacks</p></note><container type="box">32</container></did></c02><c02 level="file"><did><unittitle>Friedman, Dan and Fred Newman. Still on the corner and other post modern political plays by Fred Newman</unittitle><unitdate type="inclusive" normal="1998">1998</unitdate><unitid type="local_mss">3196593</unitid><note><p>New York: Castillo Cultural Center</p></note><container type="box">32</container></did></c02><c02 level="file"><did><unittitle>Paul Gambaccini presents the top 100 albums</unittitle><unitdate type="inclusive" normal="1987">1987</unitdate><unitid type="local_mss">3196595</unitid><note><p>London: Grr/Pavilion</p></note><container type="box">33</container></did></c02><c02 level="file"><did><unittitle>The Andy Warhol show</unittitle><unitdate type="inclusive" normal="2004">2004</unitdate><unitid type="local_mss">3196596</unitid><note><p>Milan: Skira</p></note><container type="box">33</container></did></c02><c02 level="file"><did><unittitle>Richard Avedon and Doon Arbus. The sixties</unittitle><unitdate type="inclusive" normal="1999">1999</unitdate><unitid type="local_mss">3196597</unitid><note><p>New York: Random House</p></note><container type="box">33</container></did></c02><c02 level="file"><did><unittitle>Wenner, Jann S. Rolling Stone: the complete covers 1967-1997</unittitle><unitdate type="inclusive" normal="1998">1998</unitdate><unitid type="local_mss">3196598</unitid><note><p>London: Harry N. Abrams Publishing</p></note><container type="box">33</container></did></c02><c02 level="file"><did><unittitle>Prince, Len. About glamour</unittitle><unitdate type="inclusive" normal="1997">1997</unitdate><unitid type="local_mss">3196599</unitid><note><p>New York: Simon and Schuster Editions</p></note><container type="box">33</container></did></c02><c02 level="file"><did><unittitle>Schwartz, Delmore. In dreams begin responsibilities and other stories</unittitle><unitdate type="inclusive" normal="1978">1978</unitdate><unitid type="local_mss">3196600</unitid><note><p>New York: New Directions Books</p></note><container type="box">34</container></did></c02><c02 level="file"><did><unittitle>Schwartz, Delmore. Vaudeville for a princess and other poems</unittitle><unitdate type="inclusive" normal="1950">1950</unitdate><unitid type="local_mss">3196601</unitid><note><p>New York: New Directions Books</p></note><container type="box">34</container></did></c02><c02 level="file"><did><unittitle>Schwartz, Delmore. The world is a wedding: two short novels and five stories by Delmore Schwartz</unittitle><unitdate type="inclusive" normal="1948">1948</unitdate><unitid type="local_mss">3196602</unitid><note><p>New York: New Directions Books</p></note><container type="box">34</container></did></c02></c01></dsc></archdesc>
</ead>
