<?xml version="1.0" encoding="UTF-8"?>
<ead xmlns="urn:isbn:1-931666-22-9" xmlns:xsi="http://www.w3.org/2001/XMLSchema-instance" xmlns:xlink="http://www.w3.org/1999/xlink" xsi:schemaLocation="urn:isbn:1-931666-22-9 http://www.loc.gov/ead/ead.xsd">
  <eadheader countryencoding="iso3166-1" dateencoding="iso8601" langencoding="iso639-2b" repositoryencoding="iso15511" relatedencoding="marc" scriptencoding="iso8601"><eadid countrycode="US" mainagencycode="US-NN" url="http://archives.nypl.org/brg/28386.xml">brg28386.xml</eadid><filedesc><titlestmt><titleproper>Guide to the Philip Levine correspondence with Rick Campbell, <date>2000-2015</date></titleproper></titlestmt><publicationstmt><publisher>The New York Public Library. Henry W. and Albert A. Berg Collection of English and American Literature.</publisher><address><addressline>Stephen A. Schwarzman Building</addressline><addressline>Fifth Avenue at 42nd Street, New York, NY 10018-2788</addressline></address></publicationstmt></filedesc><profiledesc><creation>EAD generated by archives.nypl.org on <date normal="2019-12-10">December 10, 2019</date></creation><langusage><language langcode="eng">English</language></langusage></profiledesc></eadheader>
  
  <archdesc level="collection"><did><unittitle>Philip Levine correspondence with Rick Campbell</unittitle><unitdate type="inclusive" normal="2000/2015">2000-2015</unitdate><unitid type="local_mss">28386</unitid><unitid type="local_call">Berg Coll 28386</unitid><origination><persname role="creator" source="naf" authfilenumber="http://id.loc.gov/authorities/names/n78093573">Levine, Philip, 1928-2015</persname></origination><repository><corpname>The New York Public Library. Henry W. and Albert A. Berg Collection of English and American Literature.</corpname><address><addressline>Stephen A. Schwarzman Building</addressline><addressline>Fifth Avenue at 42nd Street, New York, NY 10018-2788</addressline></address></repository><physdesc><extent>.1 linear feet (1 folder)</extent></physdesc><abstract>Philip Levine (1928-2015) was an American poet who won the 1995 Pulitzer Prize in Poetry for his work The Simple Truth (1994). He served as U.S. Poet Laureate from 2011 to 2012. Rick Campbell (1952-) is an American poet and former director of the poetry publishing firm Anhinga Press. The collection comprises nine items written by Philip Levine to Rick Campbell: three computer-generated typed letters signed and two autograph letters signed, dated 2001 May 24 to 2011 April 11; three autograph postcards signed, dated or postmarked 2000 to 2005; and an undated autograph letter signed, written on two unstamped postcards; also, a four-page document capturing email exchanges between Levine and Campbell, 2014 May 27 to 2015 February 7, regarding the publication of a poem by Levine in the journal Kestrel. A re-typed printout of the letter dated 2011 April 11, returned from an unidentified recipient with a note thanking Campbell for it, is included. The collection charts the epistolary friendship of the two poets, originating in Anhinga Press's publication of work by winners of the Philip Levine Prize for Poetry, sponsored by California State University at Fresno. Levine's letters and postcards discuss the Prize and thank Campbell for sending him Anhinga Press imprints and volumes of Campbell's own poetry. Levine makes positive remarks about their work and that of other poets, while sharing brief reminiscences of his time in Iowa, Florida and California</abstract></did><prefercite><p>Philip Levine correspondence with Rick Campbell, Henry W. and Albert A. Berg Collection of English and American Literature, The New York Public Library</p></prefercite><acqinfo><p>Donated by Rick Campbell, 2019</p></acqinfo><bibliography><p>For excerpts and discussion of the correspondence see: Campbell, Rick. "Worthy to Receive, or 'Even a blind pig gets a truffle now and then': Philip Levine and Me." Georgia Review (Summer 2019): 384-399</p></bibliography><controlaccess><persname role="correspondent" source="naf" authfilenumber="http://id.loc.gov/authorities/names/n2019024823">Campbell, Rick, 1952-</persname><persname source="naf" authfilenumber="http://id.loc.gov/authorities/names/n78093573">Levine, Philip, 1928-2015 -- Correspondence.</persname><persname source="naf" authfilenumber="http://id.loc.gov/authorities/names/n78093573">Levine, Philip, 1928-2015</persname><subject source="lcsh">Poets, American -- 20th century -- Correspondence</subject><subject source="lcsh">Poets, American -- 21st century -- Correspondence</subject><genreform source="aat" authfilenumber="http://id.loc.gov/authorities/names/300026877">Correspondence</genreform><occupation source="itoamc">Poets</occupation></controlaccess></archdesc>
</ead>
