<?xml version="1.0" encoding="UTF-8"?>
<ead xmlns="urn:isbn:1-931666-22-9" xmlns:xsi="http://www.w3.org/2001/XMLSchema-instance" xmlns:xlink="http://www.w3.org/1999/xlink" xsi:schemaLocation="urn:isbn:1-931666-22-9 http://www.loc.gov/ead/ead.xsd">
  <eadheader countryencoding="iso3166-1" dateencoding="iso8601" langencoding="iso639-2b" repositoryencoding="iso15511" relatedencoding="marc" scriptencoding="iso8601"><eadid countrycode="US" mainagencycode="US-NN" url="http://archives.nypl.org/brg/28385.xml">brg28385.xml</eadid><filedesc><titlestmt><titleproper>Guide to the Virginia Woolf letter to Ellery Sedgwick, <date>1927 September 20</date></titleproper></titlestmt><publicationstmt><publisher>The New York Public Library. Henry W. and Albert A. Berg Collection of English and American Literature.</publisher><address><addressline>Stephen A. Schwarzman Building</addressline><addressline>Fifth Avenue at 42nd Street, New York, NY 10018-2788</addressline></address></publicationstmt></filedesc><profiledesc><creation>EAD generated by archives.nypl.org on <date normal="2019-12-10">December 10, 2019</date></creation><langusage><language langcode="eng">English</language></langusage></profiledesc></eadheader>
  
  <archdesc level="collection"><did><unittitle>Virginia Woolf letter to Ellery Sedgwick</unittitle><unitdate type="inclusive" normal="1927-09-20">1927 September 20</unitdate><unitid type="local_mss">28385</unitid><unitid type="local_call">Berg Coll 28385</unitid><origination><persname role="creator" source="naf" authfilenumber="http://id.loc.gov/authorities/names/n79041870">Woolf, Virginia, 1882-1941</persname></origination><repository><corpname>The New York Public Library. Henry W. and Albert A. Berg Collection of English and American Literature.</corpname><address><addressline>Stephen A. Schwarzman Building</addressline><addressline>Fifth Avenue at 42nd Street, New York, NY 10018-2788</addressline></address></repository><physdesc><extent>.1 linear feet ( 1 folder)</extent></physdesc><abstract>Typed letter signed (2 pages) from British author Virginia Woolf (1882-1941), dated 1927 September 20, London, to Ellery Sedgwick (1872-1960), editor and owner of the Atlantic Monthly, in Boston. The letter pertains to the forthcoming publication of her article ["The Novels of E. M. Forster"] in both the American and English editions of the Atlantic Monthly. Woolf politely reminds Sedgwick that she had informed him of her intention to arrange for publication of the article in England; she thought the understanding was that the English rights should rest with her</abstract></did><prefercite><p>Virginia Woolf letter to Ellery Sedgwick, Henry W. and Albert A. Berg Collection of English and American Literature, The New York Public Library</p></prefercite><acqinfo><p>Purchased from B &amp; B Rare Books, Ltd., 2019</p></acqinfo><controlaccess><persname role="correspondent" source="naf" authfilenumber="http://id.loc.gov/authorities/names/n88222555">Sedgwick, Ellery, 1872-1960</persname><persname source="naf" authfilenumber="http://id.loc.gov/authorities/names/n79041870">Woolf, Virginia, 1882-1941 -- Correspondence.</persname><persname source="naf" authfilenumber="http://id.loc.gov/authorities/names/n79041870">Woolf, Virginia, 1882-1941</persname><subject source="lcsh">Authors and publishers</subject><subject source="lcsh">Authors, English -- 20th century -- Correspondence</subject><subject source="lcsh">Periodical editors -- United States -- 20th century -- Correspondence</subject><title>Atlantic monthly (Boston, Mass. : 1857)</title><genreform source="aat" authfilenumber="http://id.loc.gov/authorities/names/300026877">Correspondence</genreform><occupation source="itoamc">Authors</occupation><occupation source="itoamc">Editors</occupation><occupation source="itoamc">Publishers</occupation></controlaccess></archdesc>
</ead>
