<?xml version="1.0" encoding="UTF-8"?>
<ead xmlns="urn:isbn:1-931666-22-9" xmlns:xsi="http://www.w3.org/2001/XMLSchema-instance" xmlns:xlink="http://www.w3.org/1999/xlink" xsi:schemaLocation="urn:isbn:1-931666-22-9 http://www.loc.gov/ead/ead.xsd">
  <eadheader countryencoding="iso3166-1" dateencoding="iso8601" langencoding="iso639-2b" repositoryencoding="iso15511" relatedencoding="marc" scriptencoding="iso8601"><eadid countrycode="US" mainagencycode="US-NN" url="http://archives.nypl.org/brg/28384.xml">brg28384.xml</eadid><filedesc><titlestmt><titleproper>Guide to the Letters from James Joyce and George Joyce to Richard Wallace, <date>1922, 1926</date></titleproper></titlestmt><publicationstmt><publisher>The New York Public Library. Henry W. and Albert A. Berg Collection of English and American Literature.</publisher><address><addressline>Stephen A. Schwarzman Building</addressline><addressline>Fifth Avenue at 42nd Street, New York, NY 10018-2788</addressline></address></publicationstmt></filedesc><profiledesc><creation>EAD generated by archives.nypl.org on <date normal="2019-12-10">December 10, 2019</date></creation><langusage><language langcode="eng">English</language></langusage></profiledesc></eadheader>
  
  <archdesc level="collection"><did><unittitle>Letters from James Joyce and George Joyce to Richard Wallace</unittitle><unitdate type="inclusive" normal="1922">1922</unitdate><unitdate type="inclusive" normal="1926">1926</unitdate><unitid type="local_mss">28384</unitid><unitid type="local_call">Berg Coll 28384</unitid><note encodinganalog="500"><p>Title on slipcase: James Joyce and Giorgio Joyce - Three ALS to Richard Wallace, 1922, 1926</p></note><origination><persname role="creator" source="naf" authfilenumber="http://id.loc.gov/authorities/names/n79056824">Joyce, James, 1882-1941</persname></origination><repository><corpname>The New York Public Library. Henry W. and Albert A. Berg Collection of English and American Literature.</corpname><address><addressline>Stephen A. Schwarzman Building</addressline><addressline>Fifth Avenue at 42nd Street, New York, NY 10018-2788</addressline></address></repository><physdesc><extent>.08 linear foot (1 volume)</extent></physdesc><abstract>James Joyce was an Irish novelist, short-story writer, playwright, poet, and literary critic. Richard William Wallace (1872-1927) was an American commercial artist and advertising executive who resided in Paris for a number of years. The collection (3 items in 1 slipcase) comprises two autograph letters signed by James Joyce, 1922 April 24 and 1926 December 22, and one autograph letter signed by his son George (Giorgio) Joyce, 1922 June 17, all written to James Joyce's friend, Richard Wallace. James Joyce's letter of 1922 April 24 (one page) encloses a letter for Wallace's perusal (not present) and mentions an invitation to lunch and other matters. The letter bears a pencilled note signed "W." Joyce's letter of 1926 December 22 (one page) extends holiday greetings and best wishes for Wallace's health. At Ezra Pound's request he asks Wallace to obtain information from Dr. [Joseph] Collins about a New York collector. Both letters are written in ink and addressed "Dear Wallace." George Joyce's letter (two pages on one leaf, in ink), is written at Paris and addressed "Dear Mr. Wallace." Writing on his father's behalf, he asks Wallace to convey Joyce's thanks to Collins for his article in the New York Times, and supplies several corrections regarding his father's life and the novel Ulysses</abstract></did><custodhist><p>Purchased from Glenn Horowitz Bookseller, 2018.</p></custodhist><prefercite><p>Letters from James Joyce and George Joyce to Richard Wallace, Henry W. and Albert A. Berg Collection of English and American Literature, The New York Public Library</p></prefercite><controlaccess><persname role="correspondent">Joyce, George, 1905-1976</persname><persname source="naf" authfilenumber="http://id.loc.gov/authorities/names/n79056824">Joyce, James, 1882-1941 -- Correspondence.</persname><persname source="naf" authfilenumber="http://id.loc.gov/authorities/names/n79056824">Joyce, James, 1882-1941</persname><persname role="correspondent" source="naf" authfilenumber="http://id.loc.gov/authorities/names/no2019147723">Wallace, Richard, 1872-1927</persname><subject source="lcsh">Authors, Irish -- 20th century</subject><genreform source="aat" authfilenumber="http://id.loc.gov/authorities/names/300026879">Letters (correspondence)</genreform><occupation source="itoamc">Authors</occupation></controlaccess></archdesc>
</ead>
