<?xml version="1.0" encoding="UTF-8"?>
<ead xmlns="urn:isbn:1-931666-22-9" xmlns:xsi="http://www.w3.org/2001/XMLSchema-instance" xmlns:xlink="http://www.w3.org/1999/xlink" xsi:schemaLocation="urn:isbn:1-931666-22-9 http://www.loc.gov/ead/ead.xsd">
  <eadheader countryencoding="iso3166-1" dateencoding="iso8601" langencoding="iso639-2b" repositoryencoding="iso15511" relatedencoding="marc" scriptencoding="iso8601"><eadid countrycode="US" mainagencycode="US-NN" url="http://archives.nypl.org/scm/29909.xml">scm29909.xml</eadid><filedesc><titlestmt><titleproper>Guide to the Obi Egbuna papers, <date>1960-2014 [bulk 1966-1986]</date></titleproper></titlestmt><publicationstmt><publisher>The New York Public Library. Schomburg Center for Research in Black Culture, Manuscripts, Archives and Rare Books Division.</publisher><address><addressline>Schomburg Center for Research in Black Culture</addressline><addressline>515 Malcolm X Boulevard, New York, NY 10037-1801</addressline></address></publicationstmt></filedesc><profiledesc><creation>EAD generated by archives.nypl.org on <date normal="2019-12-10">December 10, 2019</date></creation><langusage><language langcode="eng">English</language></langusage></profiledesc></eadheader>
  
  <archdesc level="collection"><did><unittitle>Obi Egbuna papers</unittitle><unitdate type="inclusive" normal="1960/2014">1960-2014</unitdate><unitdate type="bulk" normal="1966/1986">1966-1986</unitdate><unitid type="local_mss">29909</unitid><unitid type="local_call">Sc MG 944</unitid><unitid type="local_b">b22004792</unitid><origination><persname source="naf" authfilenumber="http://id.loc.gov/authorities/names/n79093321">Egbuna, Obi B.</persname></origination><repository><corpname>The New York Public Library. Schomburg Center for Research in Black Culture, Manuscripts, Archives and Rare Books Division.</corpname><address><addressline>Schomburg Center for Research in Black Culture</addressline><addressline>515 Malcolm X Boulevard, New York, NY 10037-1801</addressline></address></repository><physdesc><extent unit="containers">7 boxes</extent><extent unit="linear_feet">2.62 linear feet</extent></physdesc><abstract>The Obi Egbuna papers consist of the personal papers and manuscripts of this Nigerian novelist, short-story writer, and political activist.</abstract><langmaterial>English</langmaterial></did><bioghist><p>Obi Egbuna was a Nigerian novelist, short-story writer, and political activist. He was born in Nigeria in 1938. In 1961, he moved to England to study law. His first novel,<title> Wind Versus Polygamy</title> (1964), was developed into a play and chosen to represent Britain at the First World Black Festival of Arts held in Dakar, Senegal, in 1966. The play was then featured on BBC Radio and Television and repeated on the series, "Seven Selected Plays" where it was read by actress Peggy Ashcroft. BBC critic and producer James Mactaggart referred to Egbuna as "Africa's Gogol". Egbuna also became associated with controversy upon the publication of <title>Wind Versus Polygamy</title>. Critics were polarized by Egbuna's discussion of the advantages and disadvantages of polygamy.</p> <p>Around the same time, Egbuna joined the Universal Colored People's Association (UCPA), an arm of the British Black Power movement, which marked his foray into the world of political activism. In the late 1960s, he visited the United States and met American leaders of the Black Power movement, including Elijah Mohammed, the leader of the Nation of Islam. Egbuna would soon become a leading figure in the movement in England. During this time of political activism, he was writing short stories, including <title>Daughters of the Sun and Other Stories</title> (1970); plays, such as <title>The Anthill</title> (1965); and articles for <title>The Sunday Times</title>, <title>The New Statesman</title>, and <title>Africa and the World</title>. Additionally, he was the editor of <title>The Voice of Africa</title>, a journal devoted to the Pan-African philosophy of Kwame Nkrumah, the former president of Ghana. In 1968, Egbuna wrote <title>The Murder of Nigeria: An Indictment</title>, which condemned the Ibo-Biafran War that left one million Nigerians dead. Like Nkrumah, he realized that a political program for Africans in the diaspora that ignored the African continent was useless.</p> <p>In 1970, Egbuna was arrested for conspiring to kill police officers and held without bail for six months. While in prison, he wrote <title>Destroy This Temple: The Voice of Black Power in Britain</title> (1971), which discusses the horrors of slavery and the Ibo-Biafran War. At his trial, he was found guilty but given a suspended sentence.</p> <p>After Egbuna's release from prison, around 1972, he returned to Nigeria where he became a director for state television and the director of the Writer's Workshop. He also continued writing, focusing on his observations of black culture in Britain and the United States in such publications as <title>The ABC of Black Power Thought</title> (1973), which was dedicated to Nkrumah, and <title>Diary of a Homeless Prodigal</title> (1976). He also published his second novel, <title>The Minister's Daughter</title> (1975) and another book of stories, <title>The Emperor of the Sea and Other Stories</title> (1976). The novel takes on a satirical tone in discussing corrupt elite factions and coups, while the stories examine polygamy and the poor living conditions of Africans in colonial Africa.</p> <p>In 1976, Egbuna moved to the United States to attend the International Writing Program at the University of Iowa, where he was named Fellow in Writing and received his master's degree. He completed his doctorate degree at Howard University in 1986, where he also taught and lectured from 1980–1986. While at Howard, he was influenced by individuals such as Julian Mayfield, Sterling Brown, and Eugenia Collier. Also in 1980, Egbuna published four new works, <title>Divinity: A Radio Play</title>, <title>The Madness of Didi</title>, <title>The Rape of Lysistrata</title>, and <title>Black Candle for Christmas</title>.</p> <p>Egbuna suffered from acute leukemia and passed away on January 20, 2014.</p></bioghist><scopecontent><p>This collection includes personal papers and manuscripts of Obi Egbuna from 1960–2014, although the majority is from 1966–1986. It is arranged into four series: Personal and biographical, Academic career, Activism, and Writing. The Personal and biographical series includes such items such as personal correspondence, student membership cards, copies of his resume, and copies of his theses. The Academic career series consists of correspondence and teaching materials. Activism, the smallest series, is comprised of a few political posters and programs. The fourth series, Writing, the largest, contains copies of his published and unpublished work, both fiction and non-fiction.</p></scopecontent><prefercite><p>[Item], Obi Egbuna papers, Sc MG 944, Schomburg Center for Research in Black Culture, Manuscripts, Archives and Rare Books Division, The New York Public Library</p></prefercite><arrangement><p>Organized into four series: (1) Personal and biographical; (2) Academic career; (3) Activism; and (4) Writing.</p></arrangement><acqinfo><p>Gift of Bridget Egbuna, October 2017.</p></acqinfo><separatedmaterial><p>Transferred to the Moving Image and Recorded Sound Division: Two CDs, "Nigeria Calling #526: Role of the Artist in a Cultural Revival" and "The Emperor of the Sea" by Obi Egbuna, as read by Dame Peggy Ashcroft, BBC Radio, 1972</p> <p> Transferred to the Photographs and Prints Division: One folder of loose photographs</p> <p> Transferred to the Jean Blackwell Hutson Research and Reference Division: one paperback</p></separatedmaterial><processinfo><p>Processed by Lauren Stark, July 2018.</p></processinfo><bibliography id="aspace_23a313de4dd50569bd4c7b350ac0d6f9"><p>Griffith, G. (1997). Obi Egbuna. In C. B. Cox (Ed.), <title>African Writers</title>, vol. 1 (pp. 209-221). New York, NY: Charles Scribner's Sons.</p> <p>Valrey, J. R. "Looking at the life of freedom fighter Obi Egbuna Sr." SFBayview.com. Retrieved from http://sfbayview.com/2014/03/looking-at-the-life-of-freedom-fighter-obi-egbuna-sr/ (accessed July 1, 2018).</p></bibliography><controlaccess><persname source="naf" authfilenumber="http://id.loc.gov/authorities/names/n79093321">Egbuna, Obi B.</persname><persname role="subject" source="naf" authfilenumber="http://id.loc.gov/authorities/names/n79065621">Nkrumah, Kwame, 1909-1972</persname><subject source="lcsh">Authors, Nigerian</subject><subject source="lcsh">Political activists</subject><subject source="lcsh">Short stories, African (English)</subject><occupation source="lcsh">Dramatists</occupation></controlaccess><dsc><c01 level="series"><did><unittitle>Personal and biographical</unittitle><unitdate type="inclusive" normal="1960/2014">1960-2014</unitdate><unitid type="local_mss">3197041</unitid></did><scopecontent><p>This series consists of personal and biographical papers of Obi Egbuna. The personal papers include membership cards to the Honourable Society of the Inner Temple, one of the four Inns of the court in London, in which participation is required for practicing law; a personal diary and notes; personal correspondence, including fan mail; copies of different incarnations of Egbuna's curriculum vitae; medical records, which include appointments and his own notes on his health; and eulogies written for his memorial service. The educational material covers his post-graduate education at the University of Iowa and Howard University. This material includes correspondence, mostly with University of Iowa faculty, potential doctoral programs, and fellowship programs; an "Honorary Fellow in Writing" certificate and transcript from the University of Iowa; papers and dissertation proposals, mostly written during his time at the University of Iowa; a copy of his MFA thesis, "Author's Diary: Impressions from Three Worlds" (1978); and a copy of his PhD dissertation, "The Dialectical Process in Modern African Literature: A Study in the Epistemology of Decolonization" (1986).</p></scopecontent><arrangement><p>Arranged into two subseries, chronologically within each one: (1) General and (2) Education.</p></arrangement><c02 level="subseries"><did><unittitle>General</unittitle><unitid type="local_mss">3197042</unitid></did><c03 level="file"><did><unittitle>Student membership cards</unittitle><unitdate type="inclusive" normal="1960/1962" certainty="approximate">ca. 1960-1962</unitdate><unitid type="local_mss">3197044</unitid><container type="box">1</container><container type="folder">1</container></did></c03><c03 level="file"><did><unittitle>Diary and notes</unittitle><unitdate type="inclusive" normal="1966/1982" certainty="approximate">ca. 1966-1982</unitdate><unitid type="local_mss">3197045</unitid><container type="box">1</container><container type="folder">2</container></did></c03><c03 level="file"><did><unittitle>Personal correspondence</unittitle><unitdate type="inclusive" normal="1976/1993">1976-1993</unitdate><unitid type="local_mss">3197046</unitid><container type="box">1</container><container type="folder">3</container></did></c03><c03 level="file"><did><unittitle>Curriculum vitae</unittitle><unitdate type="inclusive" normal="1980/1981" certainty="approximate">ca. 1980-1981</unitdate><unitid type="local_mss">3197047</unitid><container type="box">1</container><container type="folder">4</container></did></c03><c03 level="file"><did><unittitle>Medical records</unittitle><unitdate type="inclusive" normal="1996/2007">1996-2007</unitdate><unitid type="local_mss">3197048</unitid><container type="box">1</container><container type="folder">5</container></did></c03><c03 level="file"><did><unittitle>Eulogies</unittitle><unitdate type="inclusive" normal="2014">2014</unitdate><unitid type="local_mss">3197049</unitid><container type="box">1</container><container type="folder">6</container></did></c03></c02><c02 level="subseries"><did><unittitle>Education</unittitle><unitid type="local_mss">3197043</unitid></did><c03 level="file"><did><unittitle>Correspondence</unittitle><unitdate type="inclusive" normal="1976/1978">1976-1978</unitdate><unitid type="local_mss">3197050</unitid><container type="box">1</container><container type="folder">7</container></did></c03><c03 level="file"><did><unittitle>University of Iowa fellow certificate and transcript</unittitle><unitdate type="inclusive" normal="1976/1978">1976-1978</unitdate><unitid type="local_mss">3197051</unitid><container type="box">1</container><container type="folder">8</container></did></c03><c03 level="file"><did><unittitle>MFA thesis, University of Iowa</unittitle><unitdate type="inclusive" normal="1978">1978</unitdate><unitid type="local_mss">3197052</unitid><container type="box">1</container><container type="folder">9</container></did></c03><c03 level="file"><did><unittitle>Papers and proposals</unittitle><unitdate type="inclusive" normal="1976/1980" certainty="approximate">ca. 1976-1980</unitdate><unitid type="local_mss">3197053</unitid><container type="box">1</container><container type="folder">10</container></did></c03><c03 level="file"><did><unittitle>PhD dissertation, Howard University</unittitle><unitdate type="inclusive" certainty="approximate">ca. early 1980s-1986</unitdate><unitid type="local_mss">3197054</unitid><container type="box">1</container><container type="folder">11</container><container type="box">2</container><container type="folder">1-2</container></did><scopecontent><p>Includes drafts, edited versions, and final version.</p></scopecontent></c03></c02></c01><c01 level="series"><did><unittitle>Academic career</unittitle><unitdate type="inclusive" normal="1980/2004">1980-2004</unitdate><unitid type="local_mss">3197055</unitid></did><scopecontent><p>This series mostly contains material related to Egbuna's tenure at Howard University, when he was completing his doctorate and teaching in the departments of German and Russian Studies and African Studies and Research. It also includes other academic pursuits, such as conference participation. The series consists of correspondence, mostly with faculty and colleagues at Howard University, but also with potential employers; items related to speaking engagements, such as a flyer for a public reading, a folder from the Deuxieme Festival Mondial des Arts Negro Africans (1974), an invitation to the Convention of Nigerian Authors from Chinu Achebe (1981), a conference program for "Washington and Washington Writing: A Conference" (1986), and an invitation to speak at an African Heritage Literature Society event (1993); and teaching material used while at Howard University, such as syllabi, tests, and notes, for courses on Igbo, Literature of the Modern World, and Individual and Society.</p></scopecontent><arrangement><p>Arranged alphabetically.</p></arrangement><c02 level="file"><did><unittitle>Correspondence</unittitle><unitdate type="inclusive" normal="1980/2004">1980-2004</unitdate><unitid type="local_mss">3197056</unitid><container type="box">2</container><container type="folder">3</container></did></c02><c02 level="file"><did><unittitle>Speaking engagements</unittitle><unitdate type="inclusive" normal="1974/1993">1974-1993</unitdate><unitid type="local_mss">3197057</unitid><container type="box">2</container><container type="folder">4</container></did></c02><c02 level="file"><did><unittitle>Teaching material, Howard University</unittitle><unitdate type="inclusive" normal="1980/1986">1980-1986</unitdate><unitid type="local_mss">3197059</unitid><container type="box">2</container><container type="folder">5</container></did></c02></c01><c01 level="series"><did><unittitle>Activism</unittitle><unitdate type="inclusive" normal="1970/1993">1970-1993</unitdate><unitid type="local_mss">3197061</unitid></did><scopecontent><p>This small series contains memorabilia from events in which Egbuna participated, including a record album cover for <title>Songs of Revolution! The Tolpuddle Martyrs</title> (ca. 1970); a theater program and poster for <title>Sizwe Banzi Is Dead</title> (1977); a poster for "Organize for Africa" (1983); and a program for the Malcolm X conference (1993). The Tolpuddle Martyrs were six farm workers in West Dorset who formed a trade union, which led to their arrest, in 1834; the album coincided with the yearly festival dedicated to the group. The image on this album cover includes a protest sign that says, "Free Obi Egbuna", presumably after his arrest in 1970. The program is for a University of Iowa production of <title>Sizwe Banzi Is Dead</title> (1977) by Athol Fugard, written collaboratively with two South African actors, John Kani and Winston Ntshona, in which Egbuna played the lead. The "Organize for Africa" poster, sponsored by the All-African People's Revolutionary Party, celebrates twenty-five years of African Liberation Day in 1983. Egbuna delivered the keynote introduction at the Malcolm X conference, which was held in Seattle in 1993.</p></scopecontent><arrangement><p>Generally arranged chronologically.</p></arrangement><c02 level="file"><did><unittitle>Programs</unittitle><unitdate type="inclusive" normal="1977/1993">1977-1993</unitdate><unitid type="local_mss">3197062</unitid><container type="box">2</container><container type="folder">6-7</container></did></c02><c02 level="file"><did><unittitle>Album cover and posters</unittitle><unitdate type="inclusive" normal="1970/1983" certainty="approximate">ca. 1970-1983</unitdate><unitid type="local_mss">3197063</unitid><container type="box">7</container></did></c02></c01><c01 level="series"><did><unittitle>Writing</unittitle><unitdate type="inclusive" normal="1966/2001" certainty="approximate">ca. 1966-2001</unitdate><unitid type="local_mss">3197065</unitid></did><scopecontent><p>The largest series in this collection focuses on Egbuna's writings. The first subseries, General, includes correspondence, mostly with publishers but also with individuals and groups interested in producing his plays; publishing contracts; research material, such as newspaper clippings and journal articles, most likely used in his writing and teaching; and reviews. The second subseries, Articles and essays, mostly contains typescripts of essays, many of which are undated. It is unclear if all of these essays, aside from the one noted, were published. "The Scepter in Mount Pleasant" was a letter written on behalf of an unknown research team signed with the name "UZI"; letters to various newspapers are included, asking for the letter to be published. The two items listed in the third suseries, Book manuscripts, are drafts of unpublished books (one fictional and the other nonfictional), also undated. The fourth series, Plays, mostly consists of typescripts, with the exception of <title>Divinity</title>, which is a small reading guide published by Ernst Klett in Stuttgart with an introduction by Inge Uffelmann. <title>Didi's Mirror</title> is an adaptation of <title>The Madness of Didi</title>, written by Egbuna for the Howard University Theatre in 1983. "Onugbu: A Theory of Tragedy" consists of drafts and typescripts of this unpublished and undated play. <title>The Wind</title> is a playscript developed from his first novel. The fifth subseries, Stories, is comprised of typescripts of stories and story collections, with the exceptions of a shorter version of "A Black Candle for Christmas" that appeared in the <title>New Statesman</title> in its December 1971 issue, and "Blind Date", written for the July 1973 issue of <title>The Hoe</title>, which was the quarterly literary magazine of the Writers' Workshop in Enugu, Nigeria. Other typescripts, such as "Da Vinchi's Curtain" and "The Homosexual", were included in later story collections. "The Homosexual and Other Stories", an unpublished typescript, includes stories later included in <title>The Rape of Lysistrata</title>. "Rivers Can't Speak", probably unpublished, may have been written as a class assignment. The final subseries, Other, includes handwritten notes, single pages of typescript, and short essays that appear to express Egbuna's thoughts, responses, and critiques on various subjects.</p></scopecontent><arrangement><p>Arranged into six subseries, alphabetically within each one: (1) General; (2) Articles and essays; (3) Book manuscripts; (4) Plays; (5) Stories; and (6) Other.</p></arrangement><c02 level="subseries"><did><unittitle>General</unittitle><unitid type="local_mss">3197066</unitid></did><c03 level="file"><did><unittitle>Correspondence</unittitle><unitdate type="inclusive" normal="1968/2006">1968-2006</unitdate><unitid type="local_mss">3197072</unitid><container type="box">2</container><container type="folder">8</container><container type="box">3</container><container type="folder">1</container></did></c03><c03 level="file"><did><unittitle>Publishing contracts</unittitle><unitdate type="inclusive" normal="1972/1979">1972-1979</unitdate><unitid type="local_mss">3197073</unitid><container type="box">3</container><container type="folder">2</container></did></c03><c03 level="file"><did><unittitle>Research material</unittitle><unitdate type="inclusive" normal="1966/2001" certainty="approximate">ca. 1966-2001</unitdate><unitid type="local_mss">3197074</unitid><container type="box">3</container><container type="folder">3</container></did></c03><c03 level="file"><did><unittitle>Reviews</unittitle><unitdate type="inclusive" normal="1966/1980">1966-1980</unitdate><unitid type="local_mss">3197075</unitid><container type="box">3</container><container type="folder">4</container></did></c03></c02><c02 level="subseries"><did><unittitle>Articles and essays</unittitle><unitid type="local_mss">3197067</unitid></did><c03 level="file"><did><unittitle>"Artistic Direction"</unittitle><unitdate type="inclusive" normal="1990/1995" certainty="approximate">ca. early 1990s</unitdate><unitid type="local_mss">3197076</unitid><container type="box">3</container><container type="folder">5</container></did></c03><c03 level="file"><did><unittitle>"The CIA: Growing Menace in Nigeria (Special Report)"</unittitle><unitdate type="inclusive" normal="1975-04-18">1975 April 18</unitdate><unitid type="local_mss">3197077</unitid><container type="box">3</container><container type="folder">6</container></did></c03><c03 level="file"><did><unittitle>"'Contradictions' of the Black Power Ideology", <title>Africa and the World</title> (photocopies)</unittitle><unitdate type="inclusive" normal="1971-03">1971 March</unitdate><unitid type="local_mss">3197078</unitid><container type="box">3</container><container type="folder">7</container></did></c03><c03 level="file"><did><unittitle>"East Central State Writers' Workshop"</unittitle><unitdate type="inclusive" normal="1975/1976" certainty="approximate">ca. 1975-1976</unitdate><unitid type="local_mss">3197079</unitid><container type="box">3</container><container type="folder">8</container></did></c03><c03 level="file"><did><unittitle>"Frankly Speaking"</unittitle><unitdate type="inclusive">undated</unitdate><unitid type="local_mss">3197080</unitid><container type="box">3</container><container type="folder">9</container></did></c03><c03 level="file"><did><unittitle>"How It All Began"</unittitle><unitdate type="inclusive" normal="1975/1976" certainty="approximate">ca. 1975-1976</unitdate><unitid type="local_mss">3197081</unitid><container type="box">3</container><container type="folder">10</container></did></c03><c03 level="file"><did><unittitle>"Our National Religion"</unittitle><unitdate type="inclusive" normal="1975/1976" certainty="approximate">ca. 1975-1976</unitdate><unitid type="local_mss">3197082</unitid><container type="box">3</container><container type="folder">11</container></did></c03><c03 level="file"><did><unittitle>"The Scepter in Mount Pleasant"</unittitle><unitdate type="inclusive" normal="1993-04-25">1993 April 25</unitdate><unitid type="local_mss">3197083</unitid><container type="box">3</container><container type="folder">12</container></did></c03><c03 level="file"><did><unittitle>"The Second Assassination of Malcolm X"</unittitle><unitdate type="inclusive" normal="1992" certainty="approximate">ca. 1992</unitdate><unitid type="local_mss">3197084</unitid><container type="box">3</container><container type="folder">13</container></did></c03><c03 level="file"><did><unittitle>"What Is to Be Done?"</unittitle><unitdate type="inclusive">undated</unitdate><unitid type="local_mss">3197085</unitid><container type="box">3</container><container type="folder">14</container></did></c03></c02><c02 level="subseries"><did><unittitle>Book manuscripts</unittitle><unitid type="local_mss">3197068</unitid></did><c03 level="file"><did><unittitle>"The Leprosy of Michael Jackson"</unittitle><unitdate type="inclusive">undated</unitdate><unitid type="local_mss">3197086</unitid><container type="box">3</container><container type="folder">15</container></did></c03><c03 level="file"><did><unittitle>"A Sphinx in Charcoal"</unittitle><unitdate type="inclusive">undated</unitdate><unitid type="local_mss">3197087</unitid><container type="box">3</container><container type="folder">16</container></did></c03></c02><c02 level="subseries"><did><unittitle>Plays</unittitle><unitid type="local_mss">3197069</unitid></did><c03 level="file"><did><unittitle><title>Didi's Mirror</title></unittitle><unitdate type="inclusive" normal="1983">1983</unitdate><unitid type="local_mss">3197088</unitid><container type="box">4</container><container type="folder">1-2</container></did></c03><c03 level="file"><did><unittitle><title>Divinity: A Radio Play</title></unittitle><unitdate type="inclusive" normal="1980">1980</unitdate><unitid type="local_mss">3197089</unitid><container type="box">4</container><container type="folder">3</container></did></c03><c03 level="file"><did><unittitle>"Onugbu: A Theory of Tragedy"</unittitle><unitdate type="inclusive">undated</unitdate><unitid type="local_mss">3197090</unitid><container type="box">4</container><container type="folder">4-6</container></did></c03><c03 level="file"><did><unittitle><title>The Wind</title></unittitle><unitdate type="inclusive" normal="1966" certainty="approximate">ca. 1966</unitdate><unitid type="local_mss">3197091</unitid><container type="box">4</container><container type="folder">7</container></did></c03></c02><c02 level="subseries"><did><unittitle>Stories</unittitle><unitid type="local_mss">3197070</unitid></did><c03 level="file"><did><unittitle><title>Black Candle for Christmas</title></unittitle><unitdate type="inclusive" normal="1970/1980" certainty="approximate">ca. 1970-1980</unitdate><unitid type="local_mss">3197092</unitid><container type="box">5</container><container type="folder">1-4</container></did><scopecontent><p>Includes handwritten original, ca. 1970; adapted version published in the <title>New Statesman</title>, vol. 82, #2127, December 24, 1971; and later reworked versions, ca. 1980.</p></scopecontent></c03><c03 level="file"><did><unittitle>"Blind Date", <title>The Hoe</title>, vol. 1, #1</unittitle><unitdate type="inclusive" normal="1973-07">1973 July</unitdate><unitid type="local_mss">3197093</unitid><container type="box">5</container><container type="folder">5</container></did></c03><c03 level="file"><did><unittitle>"Da Vinci's Curtain"</unittitle><unitdate type="inclusive" normal="1980" certainty="approximate">ca. 1980</unitdate><unitid type="local_mss">3197094</unitid><container type="box">5</container><container type="folder">6</container></did></c03><c03 level="file"><did><unittitle><title>Daughters of the Sun</title></unittitle><unitdate type="inclusive" normal="1970" certainty="approximate">ca. 1970</unitdate><unitid type="local_mss">3197095</unitid><container type="box">5</container><container type="folder">7</container></did></c03><c03 level="file"><did><unittitle>"Green Candle for Inosha Village"</unittitle><unitdate type="inclusive" normal="1980" certainty="approximate">ca. 1980</unitdate><unitid type="local_mss">3197096</unitid><container type="box">5</container><container type="folder">8</container></did></c03><c03 level="file"><did><unittitle>"The Homosexual and Other Stories"</unittitle><unitdate type="inclusive" normal="1970/1979" certainty="approximate">ca. 1970s</unitdate><unitid type="local_mss">3197097</unitid><container type="box">5</container><container type="folder">9</container><container type="box">6</container><container type="folder">1-2</container></did><scopecontent><p>Includes an early version of "The Homosexual".</p></scopecontent></c03><c03 level="file"><did><unittitle><title>The Rape of Lysistrata</title></unittitle><unitdate type="inclusive" certainty="approximate">ca. late 1970s-1980</unitdate><unitid type="local_mss">3197098</unitid><container type="box">6</container><container type="folder">3-5</container></did></c03><c03 level="file"><did><unittitle>"Rivers Can't Speak"</unittitle><unitdate type="inclusive">undated</unitdate><unitid type="local_mss">3197099</unitid><container type="box">6</container><container type="folder">6</container></did></c03></c02><c02 level="subseries"><did><unittitle>Other</unittitle><unitid type="local_mss">3197071</unitid><container type="box">6</container><container type="folder">7</container></did></c02></c01></dsc></archdesc>
</ead>
