<?xml version="1.0" encoding="UTF-8"?>
<ead xmlns="urn:isbn:1-931666-22-9" xmlns:xsi="http://www.w3.org/2001/XMLSchema-instance" xmlns:xlink="http://www.w3.org/1999/xlink" xsi:schemaLocation="urn:isbn:1-931666-22-9 http://www.loc.gov/ead/ead.xsd">
  <eadheader countryencoding="iso3166-1" dateencoding="iso8601" langencoding="iso639-2b" repositoryencoding="iso15511" relatedencoding="marc" scriptencoding="iso8601"><eadid countrycode="US" mainagencycode="US-NN" url="http://archives.nypl.org/scm/29910.xml">scm29910.xml</eadid><filedesc><titlestmt><titleproper>Guide to the Reginald Walker collection, <date>1977-1989</date></titleproper></titlestmt><publicationstmt><publisher>The New York Public Library. Schomburg Center for Research in Black Culture, Manuscripts, Archives and Rare Books Division.</publisher><address><addressline>Schomburg Center for Research in Black Culture</addressline><addressline>515 Malcolm X Boulevard, New York, NY 10037-1801</addressline></address></publicationstmt></filedesc><profiledesc><creation>EAD generated by archives.nypl.org on <date normal="2019-12-10">December 10, 2019</date></creation><langusage><language langcode="eng">English</language></langusage></profiledesc></eadheader>
  
  <archdesc level="collection"><did><unittitle>Reginald Walker collection</unittitle><unitdate type="inclusive" normal="1977/1989">1977-1989</unitdate><unitid type="local_mss">29910</unitid><unitid type="local_call">Sc MG 945</unitid><unitid type="local_b">b22004339</unitid><origination><persname source="naf" authfilenumber="http://id.loc.gov/authorities/names/no2013053178">Walker, Reginald</persname></origination><repository><corpname>The New York Public Library. Schomburg Center for Research in Black Culture, Manuscripts, Archives and Rare Books Division.</corpname><address><addressline>Schomburg Center for Research in Black Culture</addressline><addressline>515 Malcolm X Boulevard, New York, NY 10037-1801</addressline></address></repository><physdesc><extent unit="containers">3 boxes</extent><extent unit="linear_feet">0.88 linear feet</extent></physdesc><abstract>This collection consists of the personal papers and artwork of Reginald Walker, known for artists' books constructed using ancient techniques and decorated with various alphabets and symbols.</abstract><langmaterial>English</langmaterial></did><bioghist><p>Reginald Walker was known for his artists' books; he used ancient bookmaking techniques, symbols, and alphabets to create unique and contemporary books.</p> <p>There is scant information available on Reginald Walker, but according to one of his own astrological drawings, he was born on June 13, 1946, in Chicago. According to his resume, his earliest education, from 1966-1971, was devoted to the study of reliure d'art (bookbinding) with Gerard Charriere at the Newberry Library of Chicago. He also spent a year at Loop College in Chicago, from 1966-1967, and a year at DePaul University, from 1968-1969. From 1974-1978, he studied in New York at Manhattan Community College, the Center for Book Arts, and the School of Visual Arts.</p> <p>Walker's work and exhibition history are mostly derived from his papers as well. In 1971, Walker worked in Special Collections at the New York Public Library, where he inventoried and catalogued rare books and works on paper; this position possibly helped to inform his work. In 1978, he was awarded a National Endowment for the Arts (NEA) Master Craftsmen Educational grant through the Center for Book Arts. This grant allowed him to research ancient Coptic book forms for his artwork. Around the same time, one of his pieces, <title>Spaces</title>, was included in an exhibition at the Grolier Club. Beginning around 1980, in order to pursue his artwork, he mainly supported himself as a computer technician in various temporary positions. His Coptic book, <title>Modern Relics</title>, completed using the research he obtained from the NEA grant, was included in the <title>Dialects</title> exhibition at Franklin Furnace Gallery in 1980. Walker's work was purchased by the Ruth and Marvin Sackner Archive of Concrete and Visual Poetry in 1983 and 1985. In 1983-1984, his work was included in the 4th Annual Book Show at Kathryn Markel Gallery and the Footworks exhibition at Public Image Gallery. <title>The Magical Properties of Sunflowers</title>, a work which used Coptic binding, acrylics, colored pencil, stencils, rubber, and brass stamps, was included in the exhibition, <title>The First Decade: Center for Book Arts</title>, held at the New York Public Library in 1984. This work is also featured in the exhibition catalog of the same name. The Spencer Collection of the New York Public Library purchased his work, <title>Mumbo Jumbo</title>, in 1985. Also in 1985, he participated in exhibitions at the Hand In Hand Galleries and the Center for Book Arts. Additionally, he created sketchbooks for other artists such as Brice Marden, James Brown, and Huck Snyder. His work was exhibited at additional galleries such as Gallery Nature Morte and Civilian Warfare Studio.</p> <p>Walker died in the late 1980s. He remains an elusive figure. The scarce information available mainly comes from this collection and Vince Aletti, who donated this collection and let Walker live in his guest room in the East Village for a brief time in the mid-1970s. Peter Hujar, a photographer who also lived in the area, often photographed his friends and neighbors, one of whom was Reggie Walker. Although Aletti and Walker lived together, they were not the closest of friends, and at times, according to Aletti, they barely spoke. Aletti describes Hujar's <title>Reggie Walker</title> (1976), which is housed at the Princeton University Art Museum, as a reminder of why Aletti invited Walker to stay with him; "Reggie was funny, quick, and intense and had great style. I don't remember that pistol pendant he's wearing; it seems so unlike him. But he always wore a cap."</p></bioghist><scopecontent><p>This collection includes a few personal papers and artwork of Reginald Walker, a book artist. It is arranged into three series; the first series, Biographical and correspondence, contains material such as his resume, artist's statement, and personal and professional correspondence. The second series, Printed matter, consists of press and publicity related to Walker's exhibitions and research material, such as copies of articles and book chapters. The third and largest series, Artwork, is comprised mostly of mock-ups, sketches, and renderings of his books, plus explanations of decorative elements and the books' construction. Additionally, there are ten drawings and thirteen artist books housed in the Art and Artifacts Division.</p></scopecontent><prefercite><p>[Item], Reginald Walker collection, Sc MG 945, Schomburg Center for Research in Black Culture, Manuscripts, Archives and Rare Books Division, The New York Public Library</p></prefercite><arrangement><p>Organized into three series: (1) Biographical and correspondence; (2) Printed matter; and (3) Artwork.</p></arrangement><acqinfo><p>Gift of Vince Aletti, 2017.</p></acqinfo><separatedmaterial><p>Transferred to the Art and Artifacts Division:</p> <p>Oversized drawings, a few framed, mostly of botanicals-- <title>Irises for Vince</title>, 1979; <title>Mesa/2 (Cacti/Flowers)</title>, 1977; <title>Gladiatory (to Vince from Reggie)</title>, 1977; <title>O Bu ∙ RA (1)</title>, 1983; <title>Study for the Hanging Gardens of Babylon (to Vince Aletti)</title>, 1977; <title>Bouquet 2</title>, 1979; <title>Sunflowers 9 (for Vince Aletti)</title>, 1979; <title>Irises 3 (for Vince Aletti)</title>, 1979; <title>Sunflowers 6 (for Vince)</title>, 1979; <title>Sunflowers 4 (Vase of Flowers)</title>, 1979</p> <p>13 artist books (all untitled)</p> <p>Transferred to the Photographs and Prints Division: 4 slide sheets of artist's work</p></separatedmaterial><processinfo><p>Processed by Lauren Stark, August 2018.</p></processinfo><bibliography id="aspace_2e7532716406481fd55c02acf6d9c1dd"><p>Prickett, S. N. "The eternal Peter Hujar." Documentjournal.com. http://www.documentjournal.com/2018/02/nan-goldin-dev-hynes-david-velasco-on-the-eternal-peter-hujar/ (accessed August 1, 2018).</p></bibliography><controlaccess><persname role="subject" source="naf" authfilenumber="http://id.loc.gov/authorities/names/nr91014939">Aletti, Vince</persname><persname role="subject" source="naf" authfilenumber="http://id.loc.gov/authorities/names/nr91014937">Hujar, Peter, 1934-1987</persname><persname source="naf" authfilenumber="http://id.loc.gov/authorities/names/no2013053178">Walker, Reginald</persname><subject source="lcsh">African American artists</subject><subject source="lcsh">alchemy</subject><subject source="lcsh">Artists' books</subject><subject source="lcsh">Artists, Black -- New York (State) -- New York</subject><subject source="lcsh">Book artists.</subject><subject source="lcsh">Coptic language.</subject><subject source="lcsh">Historical languages</subject><subject source="lcsh">runes</subject><subject source="lcsh">Symbolism in art</subject></controlaccess><dsc><c01 level="series"><did><unittitle>Biographical and correspondence</unittitle><unitdate type="inclusive" normal="1978/1986" certainty="approximate">ca. 1978-1986</unitdate><unitid type="local_mss">3197100</unitid></did><scopecontent><p>This small series contains biographical information in the form of various iterations of Walker's resume and artist's statement. This series also includes correspondence, both personal and professional. Some of this material consists of recommendation letters, grant and funding requests, and postcards from fellow artists. Many of these postcards are tucked into the pages of an address book, which includes contact information for artists, such as Peter Hujar and Keith Haring, and galleries, including the Center for Book Arts and Kathryn Markel Gallery.</p></scopecontent><arrangement><p>Arranged alphabetically.</p></arrangement><c02 level="file"><did><unittitle>Artist's statements and resumes</unittitle><unitdate type="inclusive" normal="1984/1986" certainty="approximate">ca. 1984 - 1986</unitdate><unitid type="local_mss">3197101</unitid><container type="box">1</container><container type="folder">1</container></did></c02><c02 level="file"><did><unittitle>Correspondence and address book</unittitle><unitdate type="inclusive" normal="1978/1986" certainty="approximate">ca. 1978-1986</unitdate><unitid type="local_mss">3197102</unitid><container type="box">1</container><container type="folder">2</container></did></c02></c01><c01 level="series"><did><unittitle>Printed matter</unittitle><unitdate type="inclusive" normal="1980/1986">1980-1986</unitdate><unitid type="local_mss">3197103</unitid></did><scopecontent><p>This series consists of printed matter, including a press release, exhibition announcements, a review, and a copy of <title>The First Decade: Center for Book Arts</title> catalog (1984). In addition, there is research material for his artwork on such topics as the Druids, Roman numerals, and ancient languages; this material is mostly photocopies of published book chapters and pages, but it also includes a booklet on Anglo-Saxon runes.</p></scopecontent><arrangement><p>Arranged alphabetically.</p></arrangement><c02 level="file"><did><unittitle>Press and publicity</unittitle><unitdate type="inclusive" normal="1980/1986">1980-1986</unitdate><unitid type="local_mss">3197104</unitid><container type="box">1</container><container type="folder">3</container></did></c02><c02 level="file"><did><unittitle>Research material</unittitle><unitid type="local_mss">3197105</unitid><container type="box">1</container><container type="folder">4</container></did></c02></c01><c01 level="series"><did><unittitle>Artwork</unittitle><unitdate type="inclusive" normal="1978/1989" certainty="approximate">ca. 1978-1989</unitdate><unitid type="local_mss">3197106</unitid></did><scopecontent><p>This series, the largest, is composed of descriptions, renderings, and sketches of Walker's books plus some finished individual pieces; most of this series consists of undated material. It is arranged into four subseries; the majority of the material in the first three subseries is handwritten. The first subseries, general notes and concepts (Walker's own title for this material), consists of background and historical material on concepts used by Walker in his books, such as alchemy and astrology. Most of this material appears to be from other sources, possibly published, while the material on mythological books is clearly written by him. It explains his mythological books as "contemporary works representing a fusion of ancient Egypto-Ethiopian (Coptic and pre-Coptic) and Celtic book crafts". Subseries two, book construction and structure, describes how his books are made in a general sense (material marked "basic") and in greater detail. This latter group contains material on different book sizes; book types, such as encaustic books, "burned" books, jeweled books, and books in frames; Coptic clasps; covers; decoration; and sources for purchasing materials. The third subseries, language, is comprised of notes on various ancient languages and alphabets, such as Coptic, Greek, Latin, Old English, Roman, and Phoenician. The final subseries, projects and finished work, consists of book descriptions with information such as title, date, media, and size; mockups or sketches of books, some of which were eventually completed; and completed individual works. These individual works are mostly works on paper, not books, but decorated with the same symbols, runes, and characters as the books. Many of these pieces are undated and untitled.</p></scopecontent><arrangement><p>Arranged into four subseries, alphabetically within each one: (1) General notes and concepts; (2) Book construction and structure; (3) Language; and (4) Projects and finished work.</p></arrangement><c02 level="subseries"><did><unittitle>General notes and concepts</unittitle><unitid type="local_mss">3197107</unitid></did><c03 level="file"><did><unittitle>Alchemy</unittitle><unitid type="local_mss">3197111</unitid><container type="box">1</container><container type="folder">5</container></did></c03><c03 level="file"><did><unittitle>Astrology</unittitle><unitid type="local_mss">3197112</unitid><container type="box">1</container><container type="folder">6</container></did></c03><c03 level="file"><did><unittitle>Coptic books</unittitle><unitid type="local_mss">3197113</unitid><container type="box">1</container><container type="folder">7</container></did></c03><c03 level="file"><did><unittitle>Mythological books</unittitle><unitid type="local_mss">3197114</unitid><container type="box">1</container><container type="folder">8</container></did></c03></c02><c02 level="subseries"><did><unittitle>Book construction and structure</unittitle><unitid type="local_mss">3197108</unitid></did><c03 level="file"><did><unittitle>Basic</unittitle><unitid type="local_mss">3197115</unitid><container type="box">1</container><container type="folder">9</container></did></c03><c03 level="file"><did><unittitle>Book sizes</unittitle><unitid type="local_mss">3197116</unitid><container type="box">1</container><container type="folder">10</container></did></c03><c03 level="file"><did><unittitle>Book types</unittitle><unitid type="local_mss">3197117</unitid><container type="box">1</container><container type="folder">11</container></did></c03><c03 level="file"><did><unittitle>Clasps</unittitle><unitid type="local_mss">3197118</unitid><container type="box">1</container><container type="folder">12</container></did></c03><c03 level="file"><did><unittitle>Covers and decoration</unittitle><unitid type="local_mss">3197119</unitid><container type="box">1</container><container type="folder">13</container></did></c03></c02><c02 level="subseries"><did><unittitle>Language</unittitle><unitid type="local_mss">3197109</unitid><langmaterial>Includes vocabulary lists, alphabets, and guides for Greek, Roman, Phoenician, Latin, Old English, French, and German.</langmaterial></did><c03 level="file"><did><unittitle>Alphabets, runes, and astrological signs</unittitle><unitid type="local_mss">3197120</unitid><container type="box">1</container><container type="folder">14</container></did></c03><c03 level="file"><did><unittitle>Language guide for Greek, Roman, and Phoenician</unittitle><unitid type="local_mss">3197121</unitid><container type="box">1</container><container type="folder">15</container></did></c03><c03 level="file"><did><unittitle>Language guide for Latin, Old English, French, and German</unittitle><unitid type="local_mss">3197122</unitid><container type="box">1</container><container type="folder">16</container></did></c03><c03 level="file"><did><unittitle>Vocabulary lists in various languages</unittitle><unitid type="local_mss">3197123</unitid><container type="box">1</container><container type="folder">17</container></did></c03></c02><c02 level="subseries"><did><unittitle>Projects and finished work</unittitle><unitid type="local_mss">3197110</unitid></did><c03 level="file"><did><unittitle>Book descriptions</unittitle><unitdate type="inclusive" normal="1978/1984">1978-1984</unitdate><unitid type="local_mss">3197124</unitid><container type="box">1</container><container type="folder">18</container></did><scopecontent><p>Includes book titles and other information.</p></scopecontent></c03><c03 level="file"><did><unittitle>Book project mock-ups</unittitle><unitid type="local_mss">3197125</unitid><container type="box">1</container><container type="folder">19</container></did></c03><c03 level="file"><did><unittitle><title>The Magickal Formulary (Old Mummio)</title> mockups</unittitle><unitid type="local_mss">3197126</unitid><container type="box">2</container><container type="folder">1</container></did></c03><c03 level="file"><did><unittitle>Slide lists</unittitle><unitid type="local_mss">3197127</unitid><container type="box">2</container><container type="folder">2</container></did></c03><c03 level="file"><did><unittitle><title>Celtic Graffiti</title></unittitle><unitdate type="inclusive" normal="1984">1984</unitdate><unitid type="local_mss">3197128</unitid><container type="box">3</container><container type="folder">1</container></did></c03><c03 level="file"><did><unittitle><title>Fire Without Water</title> (wall piece)</unittitle><unitdate type="inclusive">undated</unitdate><unitid type="local_mss">3197129</unitid><container type="box">3</container><container type="folder">2</container></did></c03><c03 level="file"><did><unittitle><title>H. Sebastian, NYC</title></unittitle><unitdate type="inclusive" normal="1989">1989</unitdate><unitid type="local_mss">3197130</unitid><container type="box">3</container><container type="folder">3</container></did></c03><c03 level="file"><did><unittitle>Libra astrological chart</unittitle><unitid type="local_mss">3197131</unitid><container type="box">3</container><container type="folder">4</container></did></c03><c03 level="file"><did><unittitle>Paper samples</unittitle><unitid type="local_mss">3197132</unitid><container type="box">3</container><container type="folder">5</container></did></c03><c03 level="file"><did><unittitle>Sketchbook</unittitle><unitdate type="inclusive">undated</unitdate><unitid type="local_mss">3197133</unitid><container type="box">3</container><container type="folder">6</container></did></c03><c03 level="file"><did><unittitle>Untitled works</unittitle><unitdate type="inclusive">undated</unitdate><unitid type="local_mss">3197134</unitid><container type="box">3</container><container type="folder">7-9</container></did></c03></c02></c01></dsc></archdesc>
</ead>
