<?xml version="1.0" encoding="UTF-8"?>
<ead xmlns="urn:isbn:1-931666-22-9" xmlns:xsi="http://www.w3.org/2001/XMLSchema-instance" xmlns:xlink="http://www.w3.org/1999/xlink" xsi:schemaLocation="urn:isbn:1-931666-22-9 http://www.loc.gov/ead/ead.xsd">
  <eadheader countryencoding="iso3166-1" dateencoding="iso8601" langencoding="iso639-2b" repositoryencoding="iso15511" relatedencoding="marc" scriptencoding="iso8601"><eadid countrycode="US" mainagencycode="US-NN" url="http://archives.nypl.org/brg/29911.xml">brg29911.xml</eadid><filedesc><titlestmt><titleproper>Guide to the Sean O'Casey letter to [J. H. Perrin?], <date>1926 November 18</date></titleproper></titlestmt><publicationstmt><publisher>The New York Public Library. Henry W. and Albert A. Berg Collection of English and American Literature.</publisher><address><addressline>Stephen A. Schwarzman Building</addressline><addressline>Fifth Avenue at 42nd Street, New York, NY 10018-2788</addressline></address></publicationstmt></filedesc><profiledesc><creation>EAD generated by archives.nypl.org on <date normal="2019-12-10">December 10, 2019</date></creation><langusage><language langcode="eng">English</language></langusage></profiledesc></eadheader>
  
  <archdesc level="collection"><did><unittitle>Sean O'Casey letter to [J. H. Perrin?]</unittitle><unitdate type="inclusive" normal="1926-11-18">1926 November 18</unitdate><unitid type="local_mss">29911</unitid><unitid type="local_call">Berg Coll 29911</unitid><origination><persname role="creator" source="naf" authfilenumber="http://id.loc.gov/authorities/names/n79063153">O'Casey, Sean, 1880-1964</persname></origination><repository><corpname>The New York Public Library. Henry W. and Albert A. Berg Collection of English and American Literature.</corpname><address><addressline>Stephen A. Schwarzman Building</addressline><addressline>Fifth Avenue at 42nd Street, New York, NY 10018-2788</addressline></address></repository><physdesc><extent>.1 linear feet (1 folder)</extent></physdesc><abstract>Autograph letter signed "Sean" (2 pages), from Irish playwright and theater critic Sean O'Casey to "Johnnie," 1926 November 18. After giving an amusing account of the burglary of his London apartment building and its aftermath, O'Casey attends to business matters regarding amateur productions of his work, and difficulties with J. B. Fagan. He ends the letter with the expectation that it will be a long time before he returns to Dublin. The letter is written on stationery addressed 32, Clareville Street, Kensington, S.W. 7. The recipient is likely J. H. (John H.) Perrin, Secretary of the Irish National Theatre Society and business manager of the Abbey Theatre</abstract></did><prefercite><p>Sean O'Casey letter to [J. H. Perrin?], Henry W. and Albert A. Berg Collection of English and American Literature, The New York Public Library</p></prefercite><acqinfo><p>Purchased from Glenn Horowitz Bookseller, 2018</p></acqinfo><controlaccess><persname source="naf" authfilenumber="http://id.loc.gov/authorities/names/n79063153">O'Casey, Sean, 1880-1964 -- Correspondence.</persname><persname source="naf" authfilenumber="http://id.loc.gov/authorities/names/n79063153">O'Casey, Sean, 1880-1964</persname><persname role="correspondent">Perrin, J. H</persname><subject source="lcsh">Dramatists, Irish -- 20th century</subject><genreform source="aat" authfilenumber="http://id.loc.gov/authorities/names/300026877">Correspondence</genreform><occupation source="itoamc">Dramatists</occupation></controlaccess></archdesc>
</ead>
