<?xml version="1.0" encoding="UTF-8"?>
<ead xmlns="urn:isbn:1-931666-22-9" xmlns:xsi="http://www.w3.org/2001/XMLSchema-instance" xmlns:xlink="http://www.w3.org/1999/xlink" xsi:schemaLocation="urn:isbn:1-931666-22-9 http://www.loc.gov/ead/ead.xsd">
  <eadheader countryencoding="iso3166-1" dateencoding="iso8601" langencoding="iso639-2b" repositoryencoding="iso15511" relatedencoding="marc" scriptencoding="iso8601"><eadid countrycode="US" mainagencycode="US-NN" url="http://archives.nypl.org/brg/29926.xml">brg29926.xml</eadid><filedesc><titlestmt><titleproper>Guide to the Lady Gregory letter to Grace Plunkett, <date>1929 December 30</date></titleproper></titlestmt><publicationstmt><publisher>The New York Public Library. Henry W. and Albert A. Berg Collection of English and American Literature.</publisher><address><addressline>Stephen A. Schwarzman Building</addressline><addressline>Fifth Avenue at 42nd Street, New York, NY 10018-2788</addressline></address></publicationstmt></filedesc><profiledesc><creation>EAD generated by archives.nypl.org on <date normal="2019-12-10">December 10, 2019</date></creation><langusage><language langcode="eng">English</language></langusage></profiledesc></eadheader>
  
  <archdesc level="collection"><did><unittitle>Lady Gregory letter to Grace Plunkett</unittitle><unitdate type="inclusive" normal="1929-12-30">1929 December 30</unitdate><unitid type="local_mss">29926</unitid><unitid type="local_call">Berg Coll 29926</unitid><origination><persname role="creator" source="naf" authfilenumber="http://id.loc.gov/authorities/names/n80056886">Gregory, Lady, 1852-1932</persname></origination><repository><corpname>The New York Public Library. Henry W. and Albert A. Berg Collection of English and American Literature.</corpname><address><addressline>Stephen A. Schwarzman Building</addressline><addressline>Fifth Avenue at 42nd Street, New York, NY 10018-2788</addressline></address></repository><physdesc><extent>.1 linear foot (1 folder)</extent></physdesc><abstract>Lady Isabella Augusta (Persse) Gregory was an Irish playwright, director, producer, poet, folklorist, translator and historian, co-founder of the Irish National Theater Society at the Abbey Theater, and patron of the Irish Literary Renaissance. Grace Gifford Plunkett (1888-1955) was an Irish artist and political activist. The collection consists of one autograph letter signed (two pages) from Lady Gregory to Grace Plunkett, 1929 December 30, thanking her for her letter and her gift depicting plays and players of the Abbey Theatre. The letter, written on stationery of the Standard Hotel, Dublin, is addressed to Mrs. Plunkett, and signed A. Gregory</abstract></did><prefercite><p>Lady Gregory letter to Grace Plunkett, Henry W. and Albert A. Berg Collection of English and American Literature, The New York Public Library</p></prefercite><acqinfo><p>Purchased from Glenn Horowitz Bookseller, 2018</p></acqinfo><controlaccess><persname source="naf" authfilenumber="http://id.loc.gov/authorities/names/n80056886">Gregory, Lady, 1852-1932 -- Correspondence.</persname><persname source="naf" authfilenumber="http://id.loc.gov/authorities/names/n80056886">Gregory, Lady, 1852-1932</persname><persname role="correspondent" source="naf" authfilenumber="http://id.loc.gov/authorities/names/n99046152">Plunkett, Grace Gifford, 1888-1955</persname><subject source="lcsh">Authors, Irish</subject><genreform source="aat" authfilenumber="http://id.loc.gov/authorities/names/300026877">Correspondence</genreform><occupation source="itoamc">Authors</occupation></controlaccess></archdesc>
</ead>
