<?xml version="1.0" encoding="UTF-8"?>
<ead xmlns="urn:isbn:1-931666-22-9" xmlns:xsi="http://www.w3.org/2001/XMLSchema-instance" xmlns:xlink="http://www.w3.org/1999/xlink" xsi:schemaLocation="urn:isbn:1-931666-22-9 http://www.loc.gov/ead/ead.xsd">
  <eadheader countryencoding="iso3166-1" dateencoding="iso8601" langencoding="iso639-2b" repositoryencoding="iso15511" relatedencoding="marc" scriptencoding="iso8601"><eadid countrycode="US" mainagencycode="US-NN" url="http://archives.nypl.org/brg/29935.xml">brg29935.xml</eadid><filedesc><titlestmt><titleproper>Guide to the John Millington Synge letters and postcard, <date>1907</date></titleproper></titlestmt><publicationstmt><publisher>The New York Public Library. Henry W. and Albert A. Berg Collection of English and American Literature.</publisher><address><addressline>Stephen A. Schwarzman Building</addressline><addressline>Fifth Avenue at 42nd Street, New York, NY 10018-2788</addressline></address></publicationstmt></filedesc><profiledesc><creation>EAD generated by archives.nypl.org on <date normal="2019-12-10">December 10, 2019</date></creation><langusage><language langcode="eng">English</language></langusage></profiledesc></eadheader>
  
  <archdesc level="collection"><did><unittitle>John Millington Synge letters and postcard</unittitle><unitdate type="inclusive" normal="1907">1907</unitdate><unitid type="local_mss">29935</unitid><unitid type="local_call">Berg Coll 29935</unitid><origination><persname role="creator" source="naf" authfilenumber="http://id.loc.gov/authorities/names/n79022811">Synge, J. M. (John Millington), 1871-1909</persname></origination><repository><corpname>The New York Public Library. Henry W. and Albert A. Berg Collection of English and American Literature.</corpname><address><addressline>Stephen A. Schwarzman Building</addressline><addressline>Fifth Avenue at 42nd Street, New York, NY 10018-2788</addressline></address></repository><physdesc><extent>.1 linear feet (1 folder)</extent></physdesc><abstract>John Millington Synge was an Irish playwright, poet, and essayist. The collection comprises two autograph letters and one autograph postcard, all signed J. M. Synge: an autograph letter signed (one page) to his publisher [Joseph M.] Hone, 1907 March 11, sending the remaining copy and proof of an unidentified work, and advising Hone that he is feeling better; an autograph letter signed (two pages) at Glendalough House, Kingstown, Dublin to [Sir Hugh] Lane, 1907 December 29, asking for details regarding the opening of Lane's new art gallery, a reference to Dublin's Municipal Gallery of Modern Art; and an autograph postcard signed, at Glendalough House, Kingstown, Dublin, to A. Francis Steuart at Edinburgh, Scotland, 1907 November 21, sending his regrets that he will not be traveling to Edinburgh "with the others," referring to an upcoming Abbey Theatre tour</abstract></did><prefercite><p>John Millington Synge letters and postcard, Henry W. and Albert A. Berg Collection of English and American Literature, The New York Public Library</p></prefercite><acqinfo><p>Purchased from Glenn Horowitz Bookseller, 2018</p></acqinfo><controlaccess><persname role="correspondent" source="naf" authfilenumber="http://id.loc.gov/authorities/names/n50028178">Hone, Joseph M. (Joseph Maunsell), 1882-1959</persname><persname role="correspondent" source="naf" authfilenumber="http://id.loc.gov/authorities/names/n84002148">Lane, Hugh Percy, Sir, 1875-1915</persname><persname role="correspondent" source="naf" authfilenumber="http://id.loc.gov/authorities/names/n86142817">Steuart, A. Francis (Archibald Francis)</persname><persname source="naf" authfilenumber="http://id.loc.gov/authorities/names/n79022811">Synge, J. M. (John Millington), 1871-1909 -- Correspondence.</persname><persname source="naf" authfilenumber="http://id.loc.gov/authorities/names/n79022811">Synge, J. M. (John Millington), 1871-1909</persname><subject source="lcsh">Authors, Irish -- 20th century</subject><subject source="lcsh">Dramatists, Irish -- 20th century</subject><genreform source="aat" authfilenumber="http://id.loc.gov/authorities/names/300026877">Correspondence</genreform><occupation source="itoamc">Authors</occupation><occupation source="itoamc">Dramatists</occupation></controlaccess></archdesc>
</ead>
