<?xml version="1.0" encoding="UTF-8"?>
<ead xmlns="urn:isbn:1-931666-22-9" xmlns:xsi="http://www.w3.org/2001/XMLSchema-instance" xmlns:xlink="http://www.w3.org/1999/xlink" xsi:schemaLocation="urn:isbn:1-931666-22-9 http://www.loc.gov/ead/ead.xsd">
  <eadheader countryencoding="iso3166-1" dateencoding="iso8601" langencoding="iso639-2b" repositoryencoding="iso15511" relatedencoding="marc" scriptencoding="iso8601"><eadid countrycode="US" mainagencycode="US-NN" url="http://archives.nypl.org/scm/29932.xml">scm29932.xml</eadid><filedesc><titlestmt><titleproper>Guide to the Kathleen Collins Scripts collection, <date>1971-1992</date></titleproper></titlestmt><publicationstmt><publisher>The New York Public Library. Schomburg Center for Research in Black Culture, Manuscripts, Archives and Rare Books Division.</publisher><address><addressline>Schomburg Center for Research in Black Culture</addressline><addressline>515 Malcolm X Boulevard, New York, NY 10037-1801</addressline></address></publicationstmt></filedesc><profiledesc><creation>EAD generated by archives.nypl.org on <date normal="2019-12-10">December 10, 2019</date></creation><langusage><language langcode="eng">English</language></langusage></profiledesc></eadheader>
  
  <archdesc level="collection"><did><unittitle>Kathleen Collins Scripts collection</unittitle><unitdate type="inclusive" normal="1971/1992">1971-1992</unitdate><unitid type="local_mss">29932</unitid><unitid type="local_call">Sc MG 948</unitid><origination><persname source="naf" authfilenumber="http://id.loc.gov/authorities/names/no2011039433">Collins, Kathleen, 1942-1988</persname></origination><repository><corpname>The New York Public Library. Schomburg Center for Research in Black Culture, Manuscripts, Archives and Rare Books Division.</corpname><address><addressline>Schomburg Center for Research in Black Culture</addressline><addressline>515 Malcolm X Boulevard, New York, NY 10037-1801</addressline></address></repository><physdesc><extent unit="containers">1 box</extent><extent unit="linear_feet">0.42 linear feet</extent></physdesc><abstract>Kathleen Collins (1941-1988) was a playwright, filmmaker, director, novelist, short story writer, and professor of film history and production. Seret Scott is an actress who starred in Collins's 1982 film <title>Losing Ground</title>; she and Collins frequently collaborated. This collection consists of playscripts and screenplays written by Collins and presumably used by Scott.</abstract><langmaterial>English</langmaterial></did><bioghist><p>Seret Scott is an actress and director, known for her starring role in Kathleen Collins's 1982 film, <title>Losing Ground</title>. She frequently collaborated with Collins, including in the 1982 production of <title>The Brothers</title> at the American Place Theater. She won a 1974 Drama Desk Award for Oustanding Performance for <title>My Sister, My Sister</title>.</p> <p>Kathleen Collins (1941-1988) was a playwright, filmmaker, director, novelist, short story writer, and professor of film history and production. Collins was the first African American woman to write, direct, and produce a full-length feature film (<title>The Cruz Brothers and Miss Malloy</title>, 1980, which was based on a Henry Roth novel). Her second feature film, <title>Losing Ground</title> (1982), which she directed and coproduced, was based on her original screenplay; it received international acclaim. Also a playwright, her 1982 play, <title>The Brothers</title>, was named one of the twelve outstanding plays of the season by the Theatre Communications Group. In 1982 and 1983, she was a finalist for the Susan Blackburn International Prize for Playwriting. Although only a small amount of her work was published before her death in 1988, she wrote six playscripts, over fifteen short stories, and five screenplays. Some of this material was published in two posthumous publications, her short story collection, <title>Whatever Happened to Interracial Love?</title> (2016), and <title>Notes from a Black Woman's Diary: Selected Works of Kathleen Collins</title> (2019).</p></bioghist><scopecontent><p>This collection consists of Seret Scott's personal copies of Kathleen Collins's playscripts and screenplays, most likely because she acted in some of the productions. The scripts are divided into two series, published and unpublished, and they are all typescripts (many of them are photocopies). In addition, there are two versions of a memorial written by Scott to Collins, ca. 1992.</p></scopecontent><prefercite><p>[Item], Kathleen Collins Scripts collection, Sc MG 948, Schomburg Center for Research in Black Culture, Manuscripts, Archives and Rare Books Division, The New York Public Library</p></prefercite><arrangement><p>Arranged into two series: (1) Published and (2) Unpublished.</p></arrangement><acqinfo><p>Gift of Seret Scott in 2018.</p></acqinfo><separatedmaterial><p>Transferred to the Photographs and Prints Division: one color photograph.</p></separatedmaterial><processinfo><p>Processed by Lauren Stark in October 2019; some of the scripts were encased in soft covers, which have been removed for preservation purposes.</p></processinfo><relatedmaterial><p>Kathleen Collins papers, Manuscripts, Archives and Rare Books Division, Schomburg Center for Research in Black Culture</p></relatedmaterial><controlaccess><persname source="naf" authfilenumber="http://id.loc.gov/authorities/names/no2011039433">Collins, Kathleen, 1942-1988</persname><persname source="naf" authfilenumber="http://id.loc.gov/authorities/names/n88226068">Scott, Seret</persname><subject source="lcsh">Actresses, Black</subject><subject source="lcsh">Authors, Black</subject><subject source="lcsh">Motion picture plays</subject><subject source="lcsh">Playwriting</subject></controlaccess><dsc><c01 level="file"><did><unittitle>Scott, Seret. "The Great Kat"</unittitle><unitdate type="inclusive" normal="1992" certainty="approximate">ca. 1992</unitdate><unitid type="local_mss">3199210</unitid><container type="box">1</container><container type="folder">1</container></did><scopecontent><p>Includes two typescripts which appear to be memorials to Kathleen Collins; one copy has a title while the other copy, which is a photocopy, has handwritten edits.</p></scopecontent></c01><c01 level="series"><did><unittitle>Published</unittitle><unitdate type="inclusive" normal="1982/1984">1982-1984</unitdate><unitid type="local_mss">3199211</unitid></did><scopecontent><p>During her life, only a few works of Collins's were published. Many of Collins's previously unpublished work was published posthumously in two volumes, <title>Whatever Happened to Interracial Love?</title>(2016) and <title>Notes from a Black Woman's Diary</title> (2019). All of the scripts in this series appear in the latter publication. Seret Scott starred in a 1982 production of <title>The Brothers</title>.</p></scopecontent><arrangement><p>Arranged into two subseries: (1) Plays and (2) Screenplays, chronologically within each one.</p></arrangement><c02 level="subseries"><did><unittitle>Plays</unittitle><unitdate type="inclusive" normal="1982/1984">1982-1984</unitdate><unitid type="local_mss">3199212</unitid></did><c03 level="file"><did><unittitle><title>The Brothers</title> photocopy</unittitle><unitdate type="inclusive" normal="1982-07">1982 July</unitdate><unitid type="local_mss">3199223</unitid><container type="box">1</container><container type="folder">2</container></did><scopecontent><p>Revised version from July 1982; includes handwritten notes, presumably by Seret Scott, a rehearsal schedule, and set design sketches. The rehearsal schedule is for the Richard Allen Center for Culture and Art (RACCA)'s production.</p></scopecontent></c03><c03 level="file"><did><unittitle><title>The Reading</title> typescript (photocopy)</unittitle><unitdate type="inclusive" normal="1984">1984</unitdate><unitid type="local_mss">3199325</unitid><container type="box">1</container><container type="folder">3</container></did></c03></c02><c02 level="subseries"><did><unittitle><title>Summer Diary</title> screenplay typescript (photocopy)</unittitle><unitdate type="inclusive">undated</unitdate><unitid type="local_mss">3199326</unitid><container type="box">1</container><container type="folder">4</container></did></c02></c01><c01 level="series"><did><unittitle>Unpublished</unittitle><unitdate type="inclusive" normal="1971/1988">1971-1988</unitdate><unitid type="local_mss">3199214</unitid></did><scopecontent><p>Consists of typescripts of unpublished material by Kathleen Collins; some of the scripts contain handwritten notes, most likely by Seret Scott.</p></scopecontent><arrangement><p>Arranged into two subseries: (1) Plays and (2) Screenplays, chronologically within each one.</p></arrangement><c02 level="subseries"><did><unittitle>Plays</unittitle><unitdate type="inclusive" normal="1976/1988">1976-1988</unitdate><unitid type="local_mss">3199215</unitid></did><c03 level="file"><did><unittitle><title>Portrait of Katherine</title>, typescript, music by Michael D. Minard</unittitle><unitdate type="inclusive" normal="1976">1976</unitdate><unitid type="local_mss">3199327</unitid><container type="box">1</container><container type="folder">5</container></did><scopecontent><p>Includes handwritten notes, most likely those of Seret Scott.</p></scopecontent></c03><c03 level="file"><did><unittitle><title>While Older Men Speak</title> typescript (photocopy)</unittitle><unitdate type="inclusive" normal="1985">1985</unitdate><unitid type="local_mss">3199328</unitid><container type="box">1</container><container type="folder">6</container></did></c03><c03 level="file"><did><unittitle><title>Looking for Jane</title> typescript with some handwritten edits (photocopy)</unittitle><unitdate type="inclusive" normal="1988">1988</unitdate><unitid type="local_mss">3199329</unitid><container type="box">1</container><container type="folder">7</container></did></c03></c02><c02 level="subseries"><did><unittitle>Screenplays</unittitle><unitdate type="inclusive" normal="1971/1986">1971-1986</unitdate><unitid type="local_mss">3199216</unitid></did><c03 level="file"><did><unittitle><title>Women, Sisters and Friends</title> typescript with some handwritten notes</unittitle><unitdate type="inclusive" normal="1971">1971</unitdate><unitid type="local_mss">3199330</unitid><container type="box">1</container><container type="folder">8</container></did><scopecontent><p>Notes presumably by Seret Scott.</p></scopecontent></c03><c03 level="file"><did><unittitle><title>But Then She's Madame Flor</title> typescript (photocopy)</unittitle><unitdate type="inclusive" normal="1986">1986</unitdate><unitid type="local_mss">3199331</unitid><container type="box">1</container><container type="folder">9</container></did><bioghist><p>Also known as <title>Madame Flor</title>.</p></bioghist></c03></c02></c01></dsc></archdesc>
</ead>
