<?xml version="1.0" encoding="UTF-8"?>
<ead xmlns="urn:isbn:1-931666-22-9" xmlns:xsi="http://www.w3.org/2001/XMLSchema-instance" xmlns:xlink="http://www.w3.org/1999/xlink" xsi:schemaLocation="urn:isbn:1-931666-22-9 http://www.loc.gov/ead/ead.xsd">
  <eadheader countryencoding="iso3166-1" dateencoding="iso8601" langencoding="iso639-2b" repositoryencoding="iso15511" relatedencoding="marc" scriptencoding="iso8601"><eadid countrycode="US" mainagencycode="US-NN" url="http://archives.nypl.org/scm/29934.xml">scm29934.xml</eadid><filedesc><titlestmt><titleproper>Guide to the Collection of screenplays on Malcolm X, <date>1968-1975</date></titleproper></titlestmt><publicationstmt><publisher>The New York Public Library. Schomburg Center for Research in Black Culture, Manuscripts, Archives and Rare Books Division.</publisher><address><addressline>Schomburg Center for Research in Black Culture</addressline><addressline>515 Malcolm X Boulevard, New York, NY 10037-1801</addressline></address></publicationstmt></filedesc><profiledesc><creation>EAD generated by archives.nypl.org on <date normal="2019-12-10">December 10, 2019</date></creation><langusage><language langcode="eng">English</language></langusage></profiledesc></eadheader>
  
  <archdesc level="collection"><did><unittitle>Collection of screenplays on Malcolm X</unittitle><unitdate type="inclusive" normal="1968/1975">1968-1975</unitdate><unitid type="local_mss">29934</unitid><unitid type="local_call">Sc MG 969</unitid><unitid type="local_b">b22022250</unitid><origination><persname source="naf" authfilenumber="http://id.loc.gov/authorities/names/n79076619">Baldwin, James, 1924-1987</persname></origination><repository><corpname>The New York Public Library. Schomburg Center for Research in Black Culture, Manuscripts, Archives and Rare Books Division.</corpname><address><addressline>Schomburg Center for Research in Black Culture</addressline><addressline>515 Malcolm X Boulevard, New York, NY 10037-1801</addressline></address></repository><physdesc><extent unit="containers">2 boxes</extent><extent unit="linear_feet">0.83 linear feet</extent></physdesc><abstract>This collection consists of ten early screenplays written for a film on the life of Malcolm X by various authors, including James Baldwin, Hakim A. Jamal, Arnold Perl, Joseph A. Walker, and Calder Willingham.</abstract><langmaterial>English</langmaterial></did><bioghist><p>After the assassination of Malcolm X and the publication of his autobiography in 1965, the rights for a film on his life were acquired by Marvin Worth, a producer, who hired James Baldwin to write the screenplay. Baldwin had a difficult time finishing the screenplay, so Worth hired Arnold Perl to assist; the two completed a 250-page manuscript which was not viewed favorably by Columbia Pictures. Baldwin left the project, and it was sold to Warner Brothers. A few years later, Baldwin published his script and Perl produced a documentary. Other drafts were written by such notable writers as Calder Willingham, Hakim A. Jamal, and Joseph A. Walker. The film was not completed, however, until 1992 when Spike Lee adapted the Baldwin and Perl script.</p></bioghist><scopecontent><p>This collection consists of ten draft screenplays for a film about Malcolm X, all written between 1968-1975. Three of the screenplays were written by James Baldwin with a fourth written by Baldwin and Arnold Perl. Two additional screenplays were written by Arnold Perl, two by Joseph A. Walker, and one each by Hakim A. Jamal and Calder Willingham. These scripts are mostly photocopies, but many contain handwritten edits and revisions, including two of Baldwin's manuscripts. Most are dated.</p></scopecontent><prefercite><p>[Item], Collection of screenplays on Malcolm X, Sc MG 969, Schomburg Center for Research in Black Culture, Manuscripts, Archives and Rare Books Division, The New York Public Library</p></prefercite><arrangement><p>Arranged first alphabetically by author, then chronologically.</p></arrangement><acqinfo><p>Purchase from Boo-Hooray, July 2019.</p></acqinfo><processinfo><p>Processed by Lauren Stark, October 2019.</p></processinfo><relatedmaterial><p>James Baldwin papers, Sc MG 936, Schomburg Center for Research in Black Culture, Manuscripts, Archives and Rare Books Division, The New York Public Library</p> <p>The Malcolm X collection: papers, Schomburg Center for Research in Black Culture, Manuscripts, Archives and Rare Books Division, The New York Public Library</p> <p>Malcolm X manuscripts, Sc MG 951, Schomburg Center for Research in Black Culture, Manuscripts, Archives and Rare Books Division, The New York Public Library</p></relatedmaterial><controlaccess><persname source="naf" authfilenumber="http://id.loc.gov/authorities/names/n79076619">Baldwin, James, 1924-1987</persname><persname source="naf" authfilenumber="http://id.loc.gov/authorities/names/n93121636">Jamal, Hakim A., 1931-1973</persname><persname source="naf" authfilenumber="http://id.loc.gov/authorities/names/no95049260">Perl, Arnold</persname><persname source="naf" authfilenumber="http://id.loc.gov/authorities/names/n86848661">Walker, Joseph A., 1935-</persname><persname source="naf" authfilenumber="http://id.loc.gov/authorities/names/n50019241">Willingham, Calder, 1922-1995</persname><persname role="subject" source="naf" authfilenumber="http://id.loc.gov/authorities/names/n79148296">X, Malcolm, 1925-1965</persname><subject source="lcsh">Authors, Black</subject><subject source="lcsh">Documentary films</subject><subject source="lcsh">Motion picture plays</subject><subject source="lcsh">Screenwriters</subject><genreform source="aat" authfilenumber="http://id.loc.gov/authorities/names/300136900">Motion pictures (visual works)</genreform></controlaccess><dsc><c01 level="file"><did><unittitle>Baldwin, James</unittitle><unitdate type="inclusive" normal="1968/1972">1968-1972</unitdate><unitid type="local_mss">3200901</unitid></did><c02 level="file"><did><unittitle>Film treatment typescript (photocopy)</unittitle><unitdate type="inclusive" normal="1968-07">1968 July</unitdate><unitid type="local_mss">3200906</unitid><container type="box">1</container><container type="folder">1</container></did><scopecontent><p>Draft for <title>One Day, When I Was Lost</title>, Baldwin's screenplay about Malcolm X. Includes a note from Baldwin discussing the difficulties that affected the draft, which were created by the conflicts between the estate of Malcolm X and the Nation of Islam.</p></scopecontent></c02><c02 level="file"><did><unittitle><title>One Day, When I Was Lost</title> typescript (photocopy)</unittitle><unitdate type="inclusive">undated</unitdate><unitid type="local_mss">3200907</unitid><container type="box">1</container><container type="folder">2</container></did><scopecontent><p>Incomplete screenplay, marked "draft". Includes handwritten edits, presumably by Baldwin.</p></scopecontent></c02><c02 level="file"><did><unittitle>Complete first draft typescript (photocopy), written with Arnold Perl</unittitle><unitdate type="inclusive" normal="1969-05">1969 May</unitdate><unitid type="local_mss">3200908</unitid><container type="box">1</container><container type="folder">3</container></did><scopecontent><p>Includes a letter to Marvin Worth at Columbia Pictures. Also contains a few handwritten edits, but it is unclear if they are Baldwin's, Perl's, or both.</p></scopecontent></c02><c02 level="file"><did><unittitle><title>One Day, When I Was Lost</title> typescript (photocopy)</unittitle><unitdate type="inclusive" normal="1972-04">1972 April</unitdate><unitid type="local_mss">3200909</unitid><container type="box">1</container><container type="folder">4</container></did></c02></c01><c01 level="file"><did><unittitle>Jamal, Hakim A. <title>From the Dead Level: Malcolm X and Me</title></unittitle><unitdate type="inclusive" normal="1971" certainty="approximate">ca. 1971</unitdate><unitid type="local_mss">3200902</unitid><container type="box">1</container><container type="folder">5-6</container></did><scopecontent><p>Typescript draft for his 1972 book; photocopy with handwritten edits.</p></scopecontent></c01><c01 level="file"><did><unittitle>Perl, Arnold</unittitle><unitdate type="inclusive" normal="1970/1972">1970-1972</unitdate><unitid type="local_mss">3200903</unitid></did><c02 level="file"><did><unittitle><title>Malcolm X</title> draft typescript (photocopy)</unittitle><unitdate type="inclusive" normal="1970-01-27">1970 January 27</unitdate><unitid type="local_mss">3200910</unitid><container type="box">2</container><container type="folder">1</container></did><bioghist><p>Draft for a 1972 documentary; written with the assistance of Emily P. Kaplin and Sedat Pakay.</p></bioghist></c02><c02 level="file"><did><unittitle><title>Malcolm X</title> final script</unittitle><unitdate type="inclusive" normal="1972-05-22">1972 May 22</unitdate><unitid type="local_mss">3200911</unitid><container type="box">2</container><container type="folder">2</container></did><bioghist><p>For Warner Bros. documentary.</p></bioghist></c02></c01><c01 level="file"><did><unittitle>Walker, Joseph A. <title>To Turn a Corner</title> draft typescripts</unittitle><unitdate type="inclusive" normal="1975">1975</unitdate><unitid type="local_mss">3200904</unitid><container type="box">2</container><container type="folder">3-4</container></did><scopecontent><p>Two drafts for an unproduced film on Malcolm X; the draft in folder 4 was originally bound (cover removed for preservation purposes).</p></scopecontent></c01><c01 level="file"><did><unittitle>Willingham, Calder. <title>Malcolm X</title> draft typescript</unittitle><unitdate type="inclusive" normal="1970" certainty="approximate">ca. 1970</unitdate><unitid type="local_mss">3200905</unitid><container type="box">2</container><container type="folder">5</container></did><scopecontent><p>Photocopy with some handwritten edits for an unproduced film.</p></scopecontent></c01></dsc></archdesc>
</ead>
