<?xml version="1.0" encoding="UTF-8"?>
<ead xmlns="urn:isbn:1-931666-22-9" xmlns:xsi="http://www.w3.org/2001/XMLSchema-instance" xmlns:xlink="http://www.w3.org/1999/xlink" xsi:schemaLocation="urn:isbn:1-931666-22-9 http://www.loc.gov/ead/ead.xsd">
  <eadheader countryencoding="iso3166-1" dateencoding="iso8601" langencoding="iso639-2b" repositoryencoding="iso15511" relatedencoding="marc" scriptencoding="iso8601"><eadid countrycode="US" mainagencycode="US-NN" url="http://archives.nypl.org/scm/29942.xml">scm29942.xml</eadid><filedesc><titlestmt><titleproper>Guide to the Gertrude Hadley Jeannette papers, <date>1948-2016</date></titleproper></titlestmt><publicationstmt><publisher>The New York Public Library. Schomburg Center for Research in Black Culture, Manuscripts, Archives and Rare Books Division.</publisher><address><addressline>Schomburg Center for Research in Black Culture</addressline><addressline>515 Malcolm X Boulevard, New York, NY 10037-1801</addressline></address></publicationstmt></filedesc><profiledesc><creation>EAD generated by archives.nypl.org on <date normal="2019-12-10">December 10, 2019</date></creation><langusage><language langcode="eng">English</language></langusage></profiledesc></eadheader>
  
  <archdesc level="collection"><did><unittitle>Gertrude Hadley Jeannette papers</unittitle><unitdate type="inclusive" normal="1948/2016">1948-2016</unitdate><unitid type="local_mss">29942</unitid><unitid type="local_call">Sc MG 965</unitid><unitid type="local_b">b22030827</unitid><origination><persname source="naf" authfilenumber="http://id.loc.gov/authorities/names/no2009033678">Jeannette, Gertrude, 1914-</persname></origination><repository><corpname>The New York Public Library. Schomburg Center for Research in Black Culture, Manuscripts, Archives and Rare Books Division.</corpname><address><addressline>Schomburg Center for Research in Black Culture</addressline><addressline>515 Malcolm X Boulevard, New York, NY 10037-1801</addressline></address></repository><physdesc><extent unit="containers">17 boxes</extent><extent unit="linear_feet">5.96 linear feet</extent></physdesc><abstract>Gertrude Hadley Jeannette was an actor, playwright, director, and producer. Additionally, she is believed to be the first woman to get a taxi license and drive a cab in New York City. Her papers consist of personal material, correspondence, printed matter, and drafts and manuscripts of her writing.</abstract><langmaterial>English</langmaterial></did><bioghist><p>Gertrude Hadley Jeannette was an actor, playwright, director, and producer. Additionally, she is believed to be the first woman to get a taxi license and drive a cab in New York City.</p> <p>Born Gertrude Hadley on November 28, 1914, in Urbana, Arkansas, Jeannette met her future husband, Joe Jeannette, a heavyweight boxer 35 years her senior, on prom night. In 1933, they eloped and moved to New York, where she began working as a taxi driver. She also enrolled in shorthand classes at the Abyssinian Baptist Church, where she met Frederick O'Neal, one of the founders of the American Negro Theater. Upon his recommendation, she enrolled in a speech class, held at the Theater, to correct a childhood stammer. Acting was part of the speech therapy curriculum. Since Jeannette had to learn the map of New York City in order to drive a taxi, she realized that she only had to read a script once or twice to know her lines. The American Negro Theater required its students to audition and Jeannette soon became known for her stage presence. She acted alongside such notable figures as Ossie Davis, Ruby Dee, and Sidney Poitier. She was cast in her first Broadway production, <title>Lost in the Stars</title>, in 1948. She would subsequently act in other Broadway productions, including <title>The Long Dream</title> (1960), <title>The Amen Corner</title> (1965), and <title>Vieux Carré</title> (1977), among others. She also found roles in film, including <title>Cotton Comes to Harlem</title> (1970) and <title>Shaft</title> (1971).</p> <p>In response to what she saw as a lack of authentic black characters in the theater, Jeannette began writing plays in 1950; she wrote five plays altogether including <title>The Way Forward</title> (1948-1950); <title>A Bolt from the Blue</title> (1950); <title>Light in the Cellar</title> (1960), a sequel to <title>This Way Forward</title>; <title>Who's Mama's Baby, Who's Daddy's Child</title> (1985); and <title>Gladys' Dilemma</title> (1990). Also around 1950, during the time of the Second Red Scare, the American Negro Theater closed and Jeannette was barred from working because of her association with Paul Robeson, a singer, actor, and political activist (Jeannette's husband was a bodyguard of sorts for Robeson). Instead of heading to Hollywood like many of her acting peers, she took over a space at the Elks Building, calling it the Elks Community Theater. In 1979, she founded another theater company that would be known as the HADLEY (Harlem Artist's Development League Especially for You) Players. In addition to directing many of the Players productions and overseeing its operations, she transformed her two plays, <title>This Way Forward</title> and <title>Light in the Cellar</title>, into a novel, <title>The Secret in the Cellar</title>, which was published in 2006.</p> <p>Jeannette received numerous awards and accolades during her lifetime including the Paul Robeson Award from Actors' Equity. She continued to act into her 80s and retired from directing at 98. She died at age 103 in April 2018.</p></bioghist><scopecontent><p>The Gertrude Hadley Jeannette papers consist of material regarding her personal life and her various careers as an actor, writer, director, and the founder of the HADLEY Players. The personal material is small and mainly consists of a few personal documents, correspondence, and awards. The professional material includes correspondence, playscripts, film scripts, and printed matter (such as reviews, clippings, and interviews) in relation to her performances, writing, teaching, and management of the HADLEY Players. The Writing series, which is the largest, contains various drafts, typescripts, and notes, mainly of her playscripts and novel. The last series, Subject files, includes mostly printed matter about friends and colleagues; topics such as black theater; and publications, many of which are playscripts and film scripts.</p></scopecontent><prefercite><p>[Item], Gertrude Hadley Jeannette papers, Sc MG 965, Schomburg Center for Research in Black Culture, Manuscripts, Archives and Rare Books Division, The New York Public Library</p></prefercite><arrangement><p>Arranged into four series: (1) Personal; (2) Professional; (3) Writing; and (4) Subject files.</p></arrangement><acqinfo><p>Gift of Angela Hadley Brown, April 2019.</p></acqinfo><separatedmaterial><p>Transferred to the Art and Artifacts Division: one drawing.</p> <p>Transferred to the Jean Blackwell Hutson Research and Reference Division: six books.</p> <p>Transferred to the Moving Image and Recorded Sound (MIRS) Division: audio and moving image materials. For more information, please contact the division at schomburgaudiovisual@nypl.org or 212-491-2270.</p> <p>Transferred to the Photographs and Prints Division: five boxes of photographs (includes photo albums) and oversized framed photographs.</p></separatedmaterial><processinfo><p>Processed by Lauren Stark, November 2019.</p></processinfo><relatedmaterial><p>American Negro Theatre records, Manuscripts, Archives and Rare Books Division, Schomburg Center for Research in Black Culture, The New York Public Library</p> <p>Frederick O'Neal papers, Manuscripts, Archives and Rare Books Division, Schomburg Center for Research in Black Culture, The New York Public Library</p></relatedmaterial><bibliography id="aspace_76055e10b491ada67b3d45765c2089c9"><p>McCracken, Elizabeth. "Gertrude Jeannette: Her Impediment Ensured Her Success." nytimes.com. https://www.nytimes.com/interactive/2018/12/27/magazine/lives-they-lived-gertrude-jeannette.html (accessed November 7, 2019).</p> <p>Wolfe, Jonathan. "Gertrude Jeannette, Actor, Director and Cabdriver, Dies at 103." nytimes.com. https://www.nytimes.com/2018/04/26/obituaries/gertrude-jeannette-actor-director-and-cabdriver-dies-at-103.html (accessed November 7, 2019).</p></bibliography><controlaccess><persname role="subject" source="naf" authfilenumber="http://id.loc.gov/authorities/names/n82059429">Davis, Ossie</persname><persname role="subject" source="naf" authfilenumber="http://id.loc.gov/authorities/names/n82154795">Dee, Ruby</persname><persname source="naf" authfilenumber="http://id.loc.gov/authorities/names/no2009033678">Jeannette, Gertrude, 1914-</persname><persname role="subject" source="naf" authfilenumber="http://id.loc.gov/authorities/names/n85273946">O'Neal, Frederick, 1905-1992</persname><corpname role="subject" source="naf" authfilenumber="http://id.loc.gov/authorities/names/nr94023873">American Negro Theatre</corpname><subject source="lcsh">Actresses, Black</subject><subject source="lcsh">African American theater</subject><subject source="lcsh">Authors, Black</subject><subject source="local">Black author</subject><subject source="lcsh">Dramatist</subject><subject source="lcsh">Theater -- Production and direction</subject><subject source="lcsh">Women in the theater -- United States</subject></controlaccess><dsc><c01 level="series"><did><unittitle>Personal</unittitle><unitdate type="inclusive" normal="1955/2015">1955-2015</unitdate><unitid type="local_mss">3201484</unitid></did><scopecontent><p>This series consists of Jeannette's personal documents, the majority of which are awards. Biographical, the first subseries, contains such material as a copy of her birth certificate, property deeds, correspondence, family obituaries, and daily planners. The second subseries, Awards, includes various awards bestowed on Jeannette for her acting career, such as the Paul Robeson Award, and as the founder of the HADLEY Players, such as the Black Art History Makers Award; these files mostly contain the awards themselves, many of which have been removed from frames.</p></scopecontent><arrangement><p>Arranged into two subseries: (1) Biographical and (2) Awards.</p></arrangement><c02 level="subseries"><did><unittitle>Biographical</unittitle><unitdate type="inclusive" normal="1955/2009">1955-2009</unitdate><unitid type="local_mss">3201485</unitid></did><arrangement><p>Arranged chronologically.</p></arrangement><c03 level="file"><did><unittitle>Birth certificate copy</unittitle><unitdate type="inclusive" normal="1914/1965">1914-1965</unitdate><unitid type="local_mss">3201507</unitid><container type="box">1</container><container type="folder">1</container></did><scopecontent><p>Official copy of Jeannette's original birth certificate from the State Registrar of Arkansas, dated 1965.</p></scopecontent></c03><c03 level="file"><did><unittitle>Property deeds and mortgage information</unittitle><unitdate type="inclusive" normal="1955/2000">1955-2000</unitdate><unitid type="local_mss">3201508</unitid><container type="box">1</container><container type="folder">2</container></did></c03><c03 level="file"><did><unittitle>Correspondence</unittitle><unitdate type="inclusive" normal="1973/2005">1973-2005</unitdate><unitid type="local_mss">3201509</unitid><container type="box">1</container><container type="folder">3</container></did><scopecontent><p>Most of the correspondence is comprised of birthday cards and letters that accompanied awards from noted figures such as President Bill Clinton and Congressman Charles B. Rangel. Of significance is a birthday note from Sidney Poitier, ca. 2004.</p></scopecontent></c03><c03 level="file"><did><unittitle>Family</unittitle><unitdate type="inclusive" normal="1981/2003">1981-2003</unitdate><unitid type="local_mss">3201510</unitid><container type="box">1</container><container type="folder">4</container></did><scopecontent><p>Includes photocopied clippings about Jeannette's nephews, Willie and Ollie Hadley; a reunion program; and obituaries.</p></scopecontent></c03><c03 level="file"><did><unittitle>Daily planners and address books</unittitle><unitdate type="inclusive" normal="1989/2003">1989-2003</unitdate><unitid type="local_mss">3201511</unitid><container type="box">1</container><container type="folder">5-6</container></did></c03><c03 level="file"><did><unittitle>Biography (one-page)</unittitle><unitdate type="inclusive" normal="2003" certainty="approximate">ca. 2003</unitdate><unitid type="local_mss">3201512</unitid><container type="box">1</container><container type="folder">7</container></did><scopecontent><p>Also includes a list of DVDs and videos featuring, or about, Jeannette.</p></scopecontent></c03><c03 level="file"><did><unittitle>95th birthday celebration guestbook</unittitle><unitdate type="inclusive" normal="2009-11">2009 November</unitdate><unitid type="local_mss">3201513</unitid><container type="box">1</container><container type="folder">8</container></did><relatedmaterial><p>See also box 2, folder 5.</p></relatedmaterial></c03></c02><c02 level="subseries"><did><unittitle>Awards</unittitle><unitdate type="inclusive" normal="1984/2015">1984-2015</unitdate><unitid type="local_mss">3201486</unitid></did><arrangement><p>Arranged chronologically.</p></arrangement><c03 level="file"><did><unittitle>Audelco Awards, Outstanding Pioneer and Roger Furman/Vivian Robinson Arts Award</unittitle><unitdate type="inclusive" normal="1984/2000">1984-2000</unitdate><unitid type="local_mss">3201514</unitid><container type="box">2</container><container type="folder">1</container><container type="box">7</container><container type="folder">1</container></did><scopecontent><p>Includes a clipping about the Outstanding Pioneer Award, which Jeannette received in 1984; a program from the 1998 awards ceremony, which includes Jeannette's nomination for director of a dramatic production; and the 2000 Roger Furman/Vivian Robinson Arts Award.</p></scopecontent></c03><c03 level="file"><did><unittitle>Paul Robeson Award, Actors' Equity Association</unittitle><unitdate type="inclusive" normal="2002-10">2002 October</unitdate><unitid type="local_mss">3201516</unitid><container type="box">7</container><container type="folder">2</container></did></c03><c03 level="file"><did><unittitle>Certificates</unittitle><unitdate type="inclusive" normal="2003/2016">2003-2016</unitdate><unitid type="local_mss">3201517</unitid><container type="box">2</container><container type="folder">2</container><container type="box">7</container><container type="folder">4-5</container></did><scopecontent><p>Includes certificates of recognition and proclamations from the U.S. House of Representatives (2005 and 2011), the Borough of Manhattan (undated), and the New York State Senate (2011), among others.</p></scopecontent></c03><c03 level="file"><did><unittitle>Harlem Is...Theater Legacy Award to Outstanding Member of the American Negro Theater</unittitle><unitdate type="inclusive" normal="2005-02">2005 February</unitdate><unitid type="local_mss">3201518</unitid><container type="box">7</container><container type="folder">3</container></did></c03><c03 level="file"><did><unittitle>Giving Back Corporation's 7th Annual Celebrity Spring Toast Roast honoree</unittitle><unitdate type="inclusive" normal="2005-04">2005 April</unitdate><unitid type="local_mss">3201519</unitid><container type="box">2</container><container type="folder">3</container></did></c03><c03 level="file"><did><unittitle>93rd birthday luncheon celebration</unittitle><unitdate type="inclusive" normal="2007">2007</unitdate><unitid type="local_mss">3201520</unitid><container type="box">2</container><container type="folder">4</container></did><scopecontent><p>Includes a draft of the invitation.</p></scopecontent></c03><c03 level="file"><did><unittitle>95th birthday celebration sponsored by the HADLEY Players</unittitle><unitdate type="inclusive" normal="2009-11">2009 November</unitdate><unitid type="local_mss">3201521</unitid><container type="box">2</container><container type="folder">5</container></did><relatedmaterial><p>See also box 1, folder 8.</p></relatedmaterial></c03><c03 level="file"><did><unittitle>Coalition of Theatres of Color honoree</unittitle><unitdate type="inclusive" normal="2011">2011</unitdate><unitid type="local_mss">3201522</unitid><container type="box">2</container><container type="folder">6</container></did><scopecontent><p>Press material from the event, which celebrated Jeannette's 70 year career.</p></scopecontent></c03><c03 level="file"><did><unittitle>Black Art History Makers Award to the HADLEY Players, National Conference of Artists, New York</unittitle><unitdate type="inclusive" normal="2015">2015</unitdate><unitid type="local_mss">3201523</unitid><container type="box">7</container><container type="folder">6</container></did></c03></c02></c01><c01 level="series"><did><unittitle>Professional</unittitle><unitdate type="inclusive" normal="1950/2016" certainty="approximate">ca. 1950-2016</unitdate><unitid type="local_mss">3201487</unitid></did><scopecontent><p>This series relates to Jeannette's multiple professional careers. The performing and writing subseries contains resumes; correspondence; various playscripts and film scripts; and printed matter, which includes interviews with Jeannette and reviews of her performances and writing. The scripts are further arranged into two subgroups, one of which consists of the film scripts and playscripts in which she acted or for which she auditioned, and the other of which contains playscripts she directed or showed an interest in directing. The second subseries, the smallest, is comprised of material from her time as an instructor at the Arts and Culture Pre-Vocational Program of Central Harlem. The third subseries consists of material related to Jeannette's role as the founder and CEO of the Hadley Players. This material includes correspondence, meeting minutes, financial information, grant applications, reviews of plays produced, and printed matter related to productions, such as playbills and flyers.</p></scopecontent><arrangement><p>Arranged into three subseries chronologically: (1) Performing and writing; (2) Teaching; and (3) HADLEY Players.</p></arrangement><c02 level="subseries"><did><unittitle>Performing and writing</unittitle><unitdate type="inclusive" normal="1950/2016" certainty="approximate">ca. 1950-2016</unitdate><unitid type="local_mss">3201488</unitid></did><arrangement><p>Mostly arranged chronologically; the scripts are further arranged into two subgroups, Acting and Directing.</p></arrangement><c03 level="file"><did><unittitle>Acting resumes</unittitle><unitdate type="inclusive" normal="1950/1979" certainty="approximate">ca. 1950s-1970s</unitdate><unitid type="local_mss">3201525</unitid><container type="box">3</container><container type="folder">1</container></did></c03><c03 level="file"><did><unittitle>Correspondence</unittitle><unitdate type="inclusive" normal="1953/2005">1953-2005</unitdate><unitid type="local_mss">3201526</unitid><container type="box">3</container><container type="folder">2</container></did><scopecontent><p>Includes letters from friends and colleagues, such as Frederick O'Neal and William Greaves; telegrams congratulating her on performances, including one from Frank Silvera; fan letters; correspondence with theaters and producers; and a pay slip from the Screen Actors Guild.</p></scopecontent></c03><c03 level="file"><did><unittitle>Scripts</unittitle><unitid type="local_mss">3201527</unitid></did><c04 level="file"><did><unittitle>Acting</unittitle><unitid type="local_mss">3201528</unitid></did><c05 level="file"><did><unittitle>O'Neill, Eugene. <title>All God's Chillun Got Wings</title></unittitle><unitdate type="inclusive" normal="1952" certainty="approximate">ca. 1952</unitdate><unitid type="local_mss">3201529</unitid><container type="box">3</container><container type="folder">3</container></did><scopecontent><p>Includes a photocopied excerpt; Jeannette palyed the role of Hattie in a Lenox Hill Playhouse production</p></scopecontent></c05><c05 level="file"><did><unittitle>Rosten, Norman. <title>Mister Johnson</title></unittitle><unitdate type="inclusive" normal="1956" certainty="approximate">ca. 1956</unitdate><unitid type="local_mss">3201530</unitid><container type="box">3</container><container type="folder">4</container></did><scopecontent><p>Typescript with handwritten notes; unclear if this is a play in which Jeannette acted or directed. The script copy contains notes for a director, lighting technician, and actor.</p></scopecontent></c05><c05 level="file"><did><unittitle>Alexander, Ronald. <title>Nobody Loves an Albatross</title></unittitle><unitdate type="inclusive" normal="1963/1964">1963-1964</unitdate><unitid type="local_mss">3201531</unitid><container type="box">3</container><container type="folder">5</container></did><bioghist><p>Jeannette starred as the housekeeper in the Broadway production in 1963-1964.</p></bioghist><scopecontent><p>Typescript with handwritten notes; a few of the pages are photocopies.</p></scopecontent></c05><c05 level="file"><did><unittitle>Kinoy, Ernest. "The Non-Violent", episode 100 of <title>The Defenders</title></unittitle><unitdate type="inclusive" normal="1964-04">1964 April</unitdate><unitid type="local_mss">3201532</unitid><container type="box">3</container><container type="folder">6</container></did><scopecontent><p>Typescript of television episode with a few handwritten notes; also includes a shooting schedule.</p></scopecontent></c05><c05 level="file"><did><unittitle>Sackler, Howard. <title>The Great White Hope</title></unittitle><unitdate type="inclusive" normal="1968">1968</unitdate><unitid type="local_mss">3201533</unitid><container type="box">3</container><container type="folder">7</container></did><bioghist><p>Jeannette played the role of Mrs. Jefferson in the road company's production in 1969.</p></bioghist><scopecontent><p>Typescript with a few handwritten notes.</p></scopecontent></c05><c05 level="file"><did><unittitle>Shepard, Sam. <title>Operation Sidewinder</title></unittitle><unitdate type="inclusive" normal="1970" certainty="approximate">ca. 1970</unitdate><unitid type="local_mss">3201534</unitid><container type="box">3</container><container type="folder">8</container></did><scopecontent><p>Unclear which production included Jeannette or if she acted in a production at all, but her name is written on the folder of the typescript, and the role of Spider Lady is circled.</p></scopecontent></c05><c05 level="file"><did><unittitle><title>Search for Tomorrow</title></unittitle><unitdate type="inclusive" normal="1978/1979">1978-1979</unitdate><unitid type="local_mss">3201535</unitid><container type="box">4</container><container type="folder">1</container></did><scopecontent><p>Includes scripts for four episodes of the daytime drama in which Jeannette starred as Mrs. Landry. Each script contains some handwritten notes.</p></scopecontent></c05><c05 level="file"><did><unittitle>de Brito, Dennis. <title>Love Me Then</title> (produced as <title>Happy Ending</title>)</unittitle><unitdate type="inclusive" normal="1980-10">1980 October</unitdate><unitid type="local_mss">3201536</unitid><container type="box">4</container><container type="folder">2</container></did><scopecontent><p>Includes typescript with handwritten notes of the play, which was produced under a different name, <title>Happy Ending</title>; Jeannette played the role of Isabel at the Loretto-Hilton Theater in St. Louis, Missouri, from 1980-1981.</p></scopecontent></c05><c05 level="file"><did><unittitle>Coen, Joel and Ethan. <title>The Ladykillers</title></unittitle><unitdate type="inclusive" normal="2003">2003</unitdate><unitid type="local_mss">3201537</unitid><container type="box">4</container><container type="folder">3</container></did><scopecontent><p>Full typescript with an additional few faxed pages; the faxed pages have handwritten notes. Jeannette possibly auditioned for the role of Mrs. Munson.</p></scopecontent></c05></c04><c04 level="file"><did><unittitle>Directing</unittitle><unitid type="local_mss">3201538</unitid></did><c05 level="file"><did><unittitle>Nacque, Freyda. <title>American Heritage</title></unittitle><unitdate type="inclusive" normal="1941">1941</unitdate><unitid type="local_mss">3201539</unitid><container type="box">4</container><container type="folder">4</container></did><scopecontent><p>Includes 1941 publication from Samuel French, Inc. and a page of handwritten notes. Unclear if Jeannette ever directed or produced this play; she possibly used the script for teaching.</p></scopecontent></c05><c05 level="file"><did><unittitle>Boatner, Edward. <title>Julius Sees Her in Rome, Georgia</title></unittitle><unitdate type="inclusive" normal="1967">1967</unitdate><unitid type="local_mss">3201540</unitid><container type="box">4</container><container type="folder">5</container></did><bioghist><p>Jeannette directed a production of the play at the Harlem Performance Center in 1978.</p></bioghist><scopecontent><p>Photocopied typescript.</p></scopecontent></c05><c05 level="file"><did><unittitle>Perkins, John. <title>The Yellow Pillow</title></unittitle><unitdate type="inclusive" normal="1972">1972</unitdate><unitid type="local_mss">3201541</unitid><container type="box">4</container><container type="folder">6</container></did><scopecontent><p>Photocopied script of play directed by Jeannette at the Arts and Culture Theatre of Harlem in 1976.</p></scopecontent></c05></c04></c03><c03 level="file"><did><unittitle>Printed matter</unittitle><unitdate type="inclusive" normal="1942/2016">1942-2016</unitdate><unitid type="local_mss">3201542</unitid><container type="box">4</container><container type="folder">7-8</container><container type="box">7</container><container type="folder">7</container></did><scopecontent><p>Includes reviews (mostly photocopies) of Jeannette's performances in various plays, including <title>Nobody Loves an Albatross</title>, <title>The Amen Corner</title>, and <title>Raisin in the Sun</title>, among others; various articles (mostly photocopies) about Jeannette driving a cab, overcoming her stammer, acting, and her long career in the theater; a typescript of an interview with Henry Miller from 1996, which was subsequently published in <title>Artist and Influence</title>, vol. 15, #1, 1996; the May/June 2001 issue of <title>Footsteps</title>, in which Jeannette and the HADLEY Players are featured; and a copy of <title>Harlem: Precious Memories...Great Expectations</title> from 2003, which also features Jeannette.</p></scopecontent></c03></c02><c02 level="subseries"><did><unittitle>Teaching</unittitle><unitdate type="inclusive" normal="1974/1975">1974-1975</unitdate><unitid type="local_mss">3201489</unitid><container type="box">5</container><container type="folder">1</container></did><scopecontent><p>Includes material from the Arts and Culture Pre-Vocational Program of Central Harlem, Inc., where Jeannette was an acting instructor from 1974-1975. This material consists of an instruction manual on the interpretation of literary materials, geared towards students taking the high school equivalency exam; a notebook with class rosters, lecture notes, and correspondence; and an instructor's roster form. In addition, the notebook includes a few handwritten pages of her plays, <title>Light in the Cellar</title>, <title>This Way Forward</title>, and <title>Open House</title>, the latter of which was possibly written specifically for her acting students.</p></scopecontent><relatedmaterial><p>See the Writing series for drafts and typescripts of <title>Light in the Cellar</title>, <title>This Way Forward</title>, and <title>Open House</title>.</p></relatedmaterial></c02><c02 level="subseries"><did><unittitle>HADLEY Players</unittitle><unitdate type="inclusive" normal="1979/2016">1979-2016</unitdate><unitid type="local_mss">3201490</unitid></did><bioghist><p>The HADLEY Players was established in 1979 by Jeannette; it operated as a non-profit and membership organization. In 1981, it became affiliated with the Community Service Council of Greater Harlem, Inc. Four major productions were presented each season, and in 1987, the group began a school for acting, speech, and dance. Many of the plays produced were written and directed by Jeannette.</p></bioghist><arrangement><p>Arranged alphabetically by topic.</p></arrangement><c03 level="file"><did><unittitle>Administrative material</unittitle><unitdate type="inclusive" normal="1979/2000" certainty="approximate">ca. 1979-2000</unitdate><unitid type="local_mss">3201549</unitid><container type="box">5</container><container type="folder">2</container></did><scopecontent><p>Includes letterhead, phone lists, and sign-in sheets, most likely for workshops and classes.</p></scopecontent></c03><c03 level="file"><did><unittitle>By-laws and minutes</unittitle><unitdate type="inclusive" normal="1979/2005">1979-2005</unitdate><unitid type="local_mss">3201551</unitid><container type="box">5</container><container type="folder">3</container></did><scopecontent><p>Includes a sample set of minutes that lists the responsibilities of a Board of Directors; a letter from the IRS regarding the company's tax exempt status; a fact sheet and mission statement; and board meeting minutes from 2005.</p></scopecontent></c03><c03 level="file"><did><unittitle>Correspondence</unittitle><unitdate type="inclusive" normal="1982/2011">1982-2011</unitdate><unitid type="local_mss">3201552</unitid><container type="box">5</container><container type="folder">4-5</container></did><scopecontent><p>Mostly includes correspondence with service providers, members, and playwrights hoping to have their plays produced by the company. Scripts from playwrights included.</p></scopecontent></c03><c03 level="file"><did><unittitle>Financial records</unittitle><unitdate type="inclusive" normal="1980/2005">1980-2005</unitdate><unitid type="local_mss">3201554</unitid><container type="box">5</container><container type="folder">6</container></did><scopecontent><p>Includes expense journal entries, performance reports and budget projections, and a grant report.</p></scopecontent></c03><c03 level="file"><did><unittitle>Grant material</unittitle><unitdate type="inclusive" normal="1983/2012">1983-2012</unitdate><unitid type="local_mss">3201556</unitid><container type="box">5</container><container type="folder">7</container></did><scopecontent><p>Includes applications and reports to grantors including the New York State Council on the Arts and the Dormitory Authority of the State of New York.</p></scopecontent></c03><c03 level="file"><did><unittitle>Playbills and flyers</unittitle><unitdate type="inclusive" normal="1980/2009">1980-2009</unitdate><unitid type="local_mss">3201560</unitid><container type="box">6</container><container type="folder">1</container></did><scopecontent><p>Includes playbills, flyers, and ads for the HADLEY Players productions, which included many of Jeannette's plays, such as <title>Light in the Cellar</title> and <title>A Bolt from the Blue</title>, and plays by others, such as <title>Amen Sister</title> and <title>Reunion in Bartersville</title>. Additionally, there are a few flyers for workshops and classes. Of note is a flyer for "An Evening with the Earl Jones' (Father and Son: Robert and James)", from 1982.</p></scopecontent></c03><c03 level="file"><did><unittitle>Reviews and printed matter</unittitle><unitdate type="inclusive" normal="1986/2011">1986-2011</unitdate><unitid type="local_mss">3201562</unitid><container type="box">6</container><container type="folder">2</container><container type="box">8</container><container type="folder">1</container></did><scopecontent><p>Mostly includes photocopied reviews of the various productions of the HADLEY Players and a few articles on the HADLEY Players as a whole. In addition, there is a 10th anniversary celebration program from 1991, and an obituary of one of the Players.</p></scopecontent></c03><c03 level="file"><did><unittitle>Walker, Celeste Colson. <title>Reunion in Bartersville</title></unittitle><unitdate type="inclusive" normal="1986">1986</unitdate><unitid type="local_mss">3201563</unitid><container type="box">6</container><container type="folder">3</container></did><scopecontent><p>Playscript of one of the plays produced by the HADLEY Players in 1986.</p></scopecontent></c03></c02></c01><c01 level="series"><did><unittitle>Writing</unittitle><unitdate type="inclusive" normal="1948/2006">1948-2006</unitdate><unitid type="local_mss">3201491</unitid></did><scopecontent><p>This series, the largest, consists of various drafts and iterations of Jeannette's writing, which includes playscripts, a screenplay, a novel, and two memorials. The majority of the drafts are typescripts with handwritten notes, and a few are photocopies. The subseries are arranged according to when they were first written, not when they were published or produced.</p></scopecontent><arrangement><p>Arranged into four subseries, chronologically according to first drafts: (1) Playscripts; (2) Screenplays; (3) Novel; and (4) Memorials.</p></arrangement><c02 level="subseries"><did><unittitle>Playscripts</unittitle><unitdate type="inclusive" normal="1948/1990">1948-1990</unitdate><unitid type="local_mss">3201493</unitid></did><bioghist><p>It is unclear if any of Jeannette's plays were published, although they all appear to have been produced.</p></bioghist><arrangement><p>Although <title>This Way Forward</title> is normally listed as Jeannette's first play, <title>A Bolt from the Blue</title> is arranged first since its first included draft is dated slightly earlier that that of <title>This Way Forward</title>.</p></arrangement><c03 level="file"><did><unittitle><title>A Bolt from the Blue</title></unittitle><unitdate type="inclusive" normal="1948">1948</unitdate><unitid type="local_mss">3201565</unitid></did><bioghist><p>A play about a middle-class black family whose happiness is threatened by someone from the past. It was produced by Jeannette's first theater group, the Elks Community Theatre in Harlem, in 1952, and later by the HADLEY Players.</p></bioghist><c04 level="file"><did><unittitle>Bound typescript with handwritten corrections</unittitle><unitdate type="inclusive" normal="1948-06-18">1948 June 18</unitdate><unitid type="local_mss">3201567</unitid><container type="box">9</container><container type="folder">1</container></did><scopecontent><p>Some of the notes are in pencil while others are photocopied.</p></scopecontent></c04><c04 level="file"><did><unittitle>Two typescripts</unittitle><unitdate type="inclusive" normal="1948-06-18">1948 June 18</unitdate><unitid type="local_mss">3201568</unitid><container type="box">9</container><container type="folder">2</container></did><scopecontent><p>One photocopy and one t computer-generated copy.</p></scopecontent></c04></c03><c03 level="file"><did><unittitle><title>This Way Forward</title></unittitle><unitdate type="inclusive" normal="1948/1950">1948-1950</unitdate><unitid type="local_mss">3201569</unitid></did><bioghist><p>A play set in a small southwestern farm town in the mid-1920s in which a black woman from the city, despite resistance, improves conditions for the blacks in the town. Produced by various theaters, including the American Negro Theater in 1949, and the HADLEY Players in 1984.</p></bioghist><relatedmaterial><p>See also box 5, folder 1, for a few handwritten pages in Jeannette's teaching notebook.</p></relatedmaterial><c04 level="file"><did><unittitle>Typescript on onion skin with some handwritten comments</unittitle><unitdate type="inclusive" normal="1948-08">1948 August</unitdate><unitid type="local_mss">3201570</unitid><container type="box">9</container><container type="folder">3</container></did></c04><c04 level="file"><did><unittitle>Bound typescript with handwritten notes</unittitle><unitdate type="inclusive" normal="1948/1950" certainty="approximate">ca. 1948-1950</unitdate><unitid type="local_mss">3201571</unitid><container type="box">9</container><container type="folder">4</container></did></c04><c04 level="file"><did><unittitle>Two typescript photocopies</unittitle><unitdate type="inclusive" normal="1948/1950" certainty="approximate">ca. 1948-1950</unitdate><unitid type="local_mss">3201572</unitid><container type="box">9</container><container type="folder">5</container></did></c04></c03><c03 level="file"><did><unittitle><title>Light in the Cellar</title></unittitle><unitdate type="inclusive" normal="1960/1968">1960-1968</unitdate><unitid type="local_mss">3201576</unitid></did><bioghist><p>A sequel to <title>This Way Forward</title>, this play is about the son of the woman from that play. Produced by various theaters, including the Adam Clayton Powell Jr. Theatre in 1975, and the HADLEY Players in 1984-1985, the latter of which also was directed by Jeannette.</p></bioghist><relatedmaterial><p>See also box 5, folder 1, for a few handwritten pages in Jeannette's teaching notebook.</p></relatedmaterial><c04 level="file"><did><unittitle>Original typescript</unittitle><unitdate type="inclusive" normal="1960-06">1960 June</unitdate><unitid type="local_mss">3201582</unitid><container type="box">9</container><container type="folder">6</container></did><scopecontent><p>Marked as original on initial folder.</p></scopecontent></c04><c04 level="file"><did><unittitle>Handwritten notes</unittitle><unitdate type="inclusive" normal="1960" certainty="approximate">ca. 1960</unitdate><unitid type="local_mss">3201583</unitid><container type="box">9</container><container type="folder">7</container></did></c04><c04 level="file"><did><unittitle>Typescript, second draft</unittitle><unitdate type="inclusive" normal="1960-06">1960 June</unitdate><unitid type="local_mss">3201584</unitid><container type="box">10</container><container type="folder">1</container></did><scopecontent><p>Handwritten note on cover page that it is the second draft.</p></scopecontent></c04><c04 level="file"><did><unittitle>Typescript with handwritten edits</unittitle><unitdate type="inclusive" normal="1960-06">1960 June</unitdate><unitid type="local_mss">3201585</unitid><container type="box">10</container><container type="folder">2</container></did></c04><c04 level="file"><did><unittitle>Typescript with some handwritten notes</unittitle><unitdate type="inclusive" normal="1960">1960</unitdate><unitid type="local_mss">3201586</unitid><container type="box">10</container><container type="folder">3</container></did></c04><c04 level="file"><did><unittitle>Typescript fragments</unittitle><unitdate type="inclusive" normal="1960/1964" certainty="approximate">ca. 1960-1964</unitdate><unitid type="local_mss">3201587</unitid><container type="box">10</container><container type="folder">4</container></did><scopecontent><p>Some pages include handwritten edits.</p></scopecontent></c04><c04 level="file"><did><unittitle>Draft typescript fragments for Acts II-III</unittitle><unitdate type="inclusive" normal="1963/1964">1963-1964</unitdate><unitid type="local_mss">3201588</unitid><container type="box">10</container><container type="folder">5</container></did></c04><c04 level="file"><did><unittitle>Typescript with handwritten notes</unittitle><unitdate type="inclusive" normal="1964">1964</unitdate><unitid type="local_mss">3201589</unitid><container type="box">10</container><container type="folder">6</container></did></c04><c04 level="file"><did><unittitle>Typescript with handwritten notes, probably the director's copy</unittitle><unitdate type="inclusive" normal="1968">1968</unitdate><unitid type="local_mss">3201590</unitid><container type="box">11</container><container type="folder">1</container></did><scopecontent><p>Includes a prop list.</p></scopecontent></c04><c04 level="file"><did><unittitle>Computer-generated copy</unittitle><unitdate type="inclusive">undated</unitdate><unitid type="local_mss">3201591</unitid><container type="box">11</container><container type="folder">2</container></did></c04></c03><c03 level="file"><did><unittitle><title>Open House</title></unittitle><unitdate type="inclusive" normal="1974-12">1974 December</unitdate><unitid type="local_mss">3201592</unitid><container type="box">11</container><container type="folder">3</container></did><scopecontent><p>One-page typescript and photocopies; possibly written specifically for acting students since it also appears in Jeannette's teaching notebook.</p></scopecontent><relatedmaterial><p>See also box 5, folder 1 for a handwritten page in Jeannette's teaching notebook.</p></relatedmaterial></c03><c03 level="file"><did><unittitle><title>Who's Mama's Baby, Who's Daddy's Child?</title></unittitle><unitdate type="inclusive" normal="1985">1985</unitdate><unitid type="local_mss">3201593</unitid></did><bioghist><p>Musical dramatic comedy, with music and lyrics by Louise Mike, about foster parents. Produced by the HADLEY Players in 1985.</p></bioghist><c04 level="file"><did><unittitle>Typescript of play and songs</unittitle><unitdate type="inclusive" normal="1985-04-11">1985 April 11</unitdate><unitid type="local_mss">3201607</unitid><container type="box">11</container><container type="folder">4</container></did><scopecontent><p>Playscript has a few handwritten notes. Song transcripts, by Louise Mike, are mostly typescripts with one handwritten draft.</p></scopecontent></c04><c04 level="file"><did><unittitle>Typescript photocopy</unittitle><unitdate type="inclusive" normal="1985-04-11">1985 April 11</unitdate><unitid type="local_mss">3201609</unitid><container type="box">11</container><container type="folder">5</container></did></c04><c04 level="file"><did><unittitle>Typescript with handwritten edits</unittitle><unitdate type="inclusive" normal="1985" certainty="approximate">ca. 1985</unitdate><unitid type="local_mss">3201610</unitid><container type="box">11</container><container type="folder">6</container></did><scopecontent><p>Most likely the light booth's copy for performances.</p></scopecontent></c04></c03><c03 level="file"><did><unittitle><title>Gladys' Dilemma</title></unittitle><unitdate type="inclusive" normal="1990">1990</unitdate><unitid type="local_mss">3201594</unitid></did><bioghist><p>Play about an upper middle class black family of undertakers; produced by the HADLEY Players, and directed by Jeannette, at the St. Philip's Community Center in 1998.</p></bioghist><c04 level="file"><did><unittitle>Typescript photocopy of first draft</unittitle><unitdate type="inclusive" normal="1990" certainty="approximate">ca. 1990</unitdate><unitid type="local_mss">3201611</unitid><container type="box">11</container><container type="folder">7</container></did></c04><c04 level="file"><did><unittitle>Typescript with a few handwritten edits</unittitle><unitdate type="inclusive" normal="1990-09-25">1990 September 25</unitdate><unitid type="local_mss">3201612</unitid><container type="box">11</container><container type="folder">8</container></did></c04><c04 level="file"><did><unittitle>Two photocopied typescripts with handwritten edits</unittitle><unitdate type="inclusive" normal="1990-09-25">1990 September 25</unitdate><unitid type="local_mss">3201613</unitid><container type="box">11</container><container type="folder">9</container></did></c04><c04 level="file"><did><unittitle>Two bound typescripts with a few handwritten edits</unittitle><unitdate type="inclusive" normal="1990-09-25">1990 September 25</unitdate><unitid type="local_mss">3201614</unitid><container type="box">12</container><container type="folder">1</container></did></c04><c04 level="file"><did><unittitle>Bound typescript, light booth copy</unittitle><unitdate type="inclusive" normal="1990-09-25">1990 September 25</unitdate><unitid type="local_mss">3201615</unitid><container type="box">12</container><container type="folder">2</container></did></c04><c04 level="file"><did><unittitle>Typescript fragments</unittitle><unitdate type="inclusive" normal="1990" certainty="approximate">ca. 1990</unitdate><unitid type="local_mss">3201616</unitid><container type="box">12</container><container type="folder">3</container></did><scopecontent><p>Some fragments have handwritten edits.</p></scopecontent></c04></c03></c02><c02 level="subseries"><did><unittitle>Screenplay</unittitle><unitdate type="inclusive" normal="1973">1973</unitdate><unitid type="local_mss">3201494</unitid></did><bioghist><p>It appears that Jeannette began writing the novel that would eventually become <title>The Secret in the Cellar</title> before writing the screenplay; the first draft typescript of the screenplay is indicated as "from the manuscript of <title>This Way Forward to Light in the Cellar</title>", which was the initial title of the novel. It is listed here first, however, because the date of the first draft is earlier than that of the novel. Jeannette combined her two plays, <title>This Way Forward</title> and <title>Light in the Cellar</title>, in this screenplay and the novel.</p></bioghist><c03 level="file"><did><unittitle>Original incomplete typescript</unittitle><unitdate type="inclusive" normal="1973" certainty="approximate">ca. 1973</unitdate><unitid type="local_mss">3201619</unitid><container type="box">12</container><container type="folder">4</container></did></c03><c03 level="file"><did><unittitle>Draft typescript (mostly photocopies)</unittitle><unitdate type="inclusive" normal="1973-06">1973 June</unitdate><unitid type="local_mss">3201618</unitid><container type="box">12</container><container type="folder">5</container></did></c03><c03 level="file"><did><unittitle>Typescript photocopy</unittitle><unitdate type="inclusive" normal="1973" certainty="approximate">ca. 1973</unitdate><unitid type="local_mss">3201620</unitid><container type="box">12</container><container type="folder">6</container></did><scopecontent><p>A few handwritten notes; possibly incomplete.</p></scopecontent></c03><c03 level="file"><did><unittitle>Typescript photocopy of part II only</unittitle><unitdate type="inclusive" normal="1973" certainty="approximate">ca. 1973</unitdate><unitid type="local_mss">3201622</unitid><container type="box">12</container><container type="folder">7</container></did><scopecontent><p>Contains a few handwritten edits.</p></scopecontent></c03></c02><c02 level="subseries"><did><unittitle>Novel</unittitle><unitdate type="inclusive" normal="1976/2006">1976-2006</unitdate><unitid type="local_mss">3201495</unitid></did><bioghist><p>Jeannette's novel, which had various titles before being published as <title>The Secret in the Cellar</title>, was based on her two plays, <title>This Way Forward</title> and <title>Light in the Cellar</title>. From a 1976 letter included with the first draft, she indicates that she had been writing it for a year, but based on the screenplay drafts, it seems as if she began writing it even earlier. Although there are draft contracts with the publisher, Books That Matter, it was eventually published in 2006, by HADLEY Players Productions, with a foreword by Ruby Dee (although her name is misspelled).</p></bioghist><c03 level="file"><did><unittitle><title>This Way Forward to Light in the Cellar</title> typescript</unittitle><unitdate type="inclusive" normal="1976">1976</unitdate><unitid type="local_mss">3201625</unitid><container type="box">13</container><container type="folder">1</container></did><scopecontent><p>Photocopy with handwritten edits; includes two letters, possibly to a publisher or editor.</p></scopecontent></c03><c03 level="file"><did><unittitle><title>This Way Forward to Light in the Cellar</title> typescript with a few handwritten edits</unittitle><unitdate type="inclusive" normal="1980" certainty="approximate">ca. 1980</unitdate><unitid type="local_mss">3201626</unitid><container type="box">13</container><container type="folder">2</container></did></c03><c03 level="file"><did><unittitle><title>This Way Forward to Light in the Cellar</title> typescript photocopy with handwritten edits</unittitle><unitdate type="inclusive" normal="2001" certainty="approximate">ca. 2001</unitdate><unitid type="local_mss">3201628</unitid><container type="box">13</container><container type="folder">3</container></did></c03><c03 level="file"><did><unittitle><title>A Light in the Cellar</title> typescripts with handwritten edits</unittitle><unitdate type="inclusive" normal="2001-05">2001 May</unitdate><unitid type="local_mss">3201630</unitid><container type="box">14</container><container type="folder">1-3</container></did><scopecontent><p>Includes one bound photocopy.</p></scopecontent></c03><c03 level="file"><did><unittitle><title>The Super's Secret</title> typescript proofs</unittitle><unitdate type="inclusive" normal="2001">2001</unitdate><unitid type="local_mss">3201631</unitid><container type="box">14</container><container type="folder">4</container></did></c03><c03 level="file"><did><unittitle>Contract drafts (unsigned) with Books That Matter</unittitle><unitdate type="inclusive" normal="2005/2006">2005-2006</unitdate><unitid type="local_mss">3201632</unitid><container type="box">14</container><container type="folder">5</container></did><scopecontent><p>Also includes a sample publishing contract and text for the back matter of the book.</p></scopecontent></c03><c03 level="file"><did><unittitle><title>The Secret in the Cellar</title> proofs</unittitle><unitdate type="inclusive" normal="2006">2006</unitdate><unitid type="local_mss">3201633</unitid><container type="box">15</container><container type="folder">1</container></did></c03><c03 level="file"><did><unittitle><title>The Secret in the Cellar</title>, signed copy</unittitle><unitdate type="inclusive" normal="2006-07-22">2006 July 22</unitdate><unitid type="local_mss">3201634</unitid><container type="box">15</container><container type="folder">2</container></did></c03></c02><c02 level="subseries"><did><unittitle>Memorials</unittitle><unitdate type="inclusive" normal="1983/1992">1983-1992</unitdate><unitid type="local_mss">3201496</unitid></did><c03 level="file"><did><unittitle>"I Remember Osceola Archer"</unittitle><unitdate type="inclusive" normal="1983">1983</unitdate><unitid type="local_mss">3201636</unitid><container type="box">15</container><container type="folder">3</container></did><scopecontent><p>Photocopy typescript of memorial to Jeannette's acting instructor from the American Negro Theatre.</p></scopecontent></c03><c03 level="file"><did><unittitle>"I Remember Frederick O'Neal"</unittitle><unitdate type="inclusive" normal="1992-09-15">1992 September 15</unitdate><unitid type="local_mss">3201637</unitid><container type="box">15</container><container type="folder">4</container></did><scopecontent><p>Typescript of memorial to Jeannette's friend and colleague.</p></scopecontent></c03></c02></c01><c01 level="series"><did><unittitle>Subject files</unittitle><unitdate type="inclusive" normal="1958/2003">1958-2003</unitdate><unitid type="local_mss">3201492</unitid></did><scopecontent><p>This material mainly consists of publications and printed matter about colleagues, fellow and emerging playwrights, and organizations. The publications are mostly playscripts by other authors plus a few poems. It is unclear if all of the plays are published works but they are included here because it is not evident if they were produced by the HADLEY Players, sent to Jeannette for producing or directing consideration, or obtained by Jeannette for auditions. There are a few published works, mostly related to theater, acting, and actors. In addition, there is some printed matter on topical subjects, also mostly related to the theater.</p></scopecontent><arrangement><p>Arranged into three subseries alphabetically: (1) Individuals and organizations; (2) Publications; and (3) Topics.</p></arrangement><c02 level="subseries"><did><unittitle>Individuals and organizations</unittitle><unitdate type="inclusive" normal="1959/2003">1959-2003</unitdate><unitid type="local_mss">3201638</unitid></did><arrangement><p>Arranged alphabetically by last name or organization name; dates indicate publication of enclosed material.</p></arrangement><c03 level="file"><did><unittitle>Belafonte, Harry</unittitle><unitdate type="inclusive" normal="1981">1981</unitdate><unitid type="local_mss">3201641</unitid><container type="box">16</container><container type="folder">1</container></did></c03><c03 level="file"><did><unittitle>Burton, Miriam</unittitle><unitdate type="inclusive" normal="1961/1962">1961-1962</unitdate><unitid type="local_mss">3201642</unitid><container type="box">16</container><container type="folder">2</container></did></c03><c03 level="file"><did><unittitle>Glover, Danny</unittitle><unitdate type="inclusive" normal="2001" certainty="approximate">ca. 2001</unitdate><unitid type="local_mss">3201644</unitid><container type="box">8</container><container type="folder">2</container></did></c03><c03 level="file"><did><unittitle>Holiday, Billie</unittitle><unitdate type="inclusive" normal="1959">1959</unitdate><unitid type="local_mss">3201643</unitid><container type="box">16</container><container type="folder">3</container></did></c03><c03 level="file"><did><unittitle>Mt. Tabor Chapter #35</unittitle><unitdate type="inclusive" normal="1970">1970</unitdate><unitid type="local_mss">3201645</unitid><container type="box">16</container><container type="folder">4</container></did></c03><c03 level="file"><did><unittitle>Smith, Marvin</unittitle><unitdate type="inclusive" normal="2003">2003</unitdate><unitid type="local_mss">3201646</unitid><container type="box">16</container><container type="folder">5</container></did></c03><c03 level="file"><did><unittitle>St. John A.M.E. Zion Church mini gospel band</unittitle><unitdate type="inclusive">undated</unitdate><unitid type="local_mss">3201647</unitid><container type="box">16</container><container type="folder">6</container></did></c03><c03 level="file"><did><unittitle>Trial Brief Incorporated</unittitle><unitdate type="inclusive" normal="1981">1981</unitdate><unitid type="local_mss">3201648</unitid><container type="box">16</container><container type="folder">7</container></did></c03><c03 level="file"><did><unittitle>Walker, Celeste Colson</unittitle><unitdate type="inclusive" normal="1991">1991</unitdate><unitid type="local_mss">3201649</unitid><container type="box">16</container><container type="folder">8</container></did><relatedmaterial><p>See also box 17, folder 10.</p></relatedmaterial></c03><c03 level="file"><did><unittitle>Webb, Alyce</unittitle><unitdate type="inclusive" normal="1982">1982</unitdate><unitid type="local_mss">3201650</unitid><container type="box">16</container><container type="folder">9</container></did></c03></c02><c02 level="subseries"><did><unittitle>Publications</unittitle><unitdate type="inclusive" normal="1961/1996" certainty="approximate">ca. 1961-1996</unitdate><unitid type="local_mss">3201639</unitid></did><arrangement><p>Arranged alphabetically by author's last name or title of publication.</p></arrangement><c03 level="file"><did><unittitle>Berry, Kelly-Marie. <title>The Bureau of Missing Persons/Patty Cannon's Ghost</title></unittitle><unitdate type="inclusive">undated</unitdate><unitid type="local_mss">3201651</unitid><container type="box">16</container><container type="folder">10</container></did><scopecontent><p>Typescript of one-act play.</p></scopecontent></c03><c03 level="file"><did><unittitle>Davis, Ossie. <title>Purlie Victorious: A Commemorative</title></unittitle><unitdate type="inclusive" normal="1993">1993</unitdate><unitid type="local_mss">3201652</unitid><container type="box">16</container><container type="folder">11</container></did><scopecontent><p>Inscribed by Davis to Jeannette on September 8, 1996.</p></scopecontent></c03><c03 level="file"><did><unittitle>Dean, Phillip Hayes</unittitle><unitdate type="inclusive" normal="1972/1973">1972-1973</unitdate><unitid type="local_mss">3201653</unitid></did><c04 level="file"><did><unittitle><title>American Night City</title></unittitle><unitdate type="inclusive" normal="1972">1972</unitdate><unitid type="local_mss">3201654</unitid><container type="box">16</container><container type="folder">12</container></did><scopecontent><p>Photocopy of two one-act plays.</p></scopecontent></c04><c04 level="file"><did><unittitle><title>Freeman</title></unittitle><unitdate type="inclusive" normal="1973">1973</unitdate><unitid type="local_mss">3201655</unitid><container type="box">16</container><container type="folder">13</container></did><scopecontent><p>Photocopied typescript of two-act play.</p></scopecontent></c04></c03><c03 level="file"><did><unittitle>Dennis, Joe Louis. <title>Everybody Can Learn from Us but Us!</title></unittitle><unitdate type="inclusive" normal="1978">1978</unitdate><unitid type="local_mss">3201656</unitid><container type="box">16</container><container type="folder">14</container></did><scopecontent><p>Collection of poems (typescripts).</p></scopecontent></c03><c03 level="file"><did><unittitle>Evans, Don. <title>A Lovesong for Miss Lydia</title></unittitle><unitdate type="inclusive" normal="1986">1986</unitdate><unitid type="local_mss">3201657</unitid><container type="box">16</container><container type="folder">15</container></did><scopecontent><p>Photocopy of two-act play.</p></scopecontent></c03><c03 level="file"><did><unittitle><title>Equity News</title>, incomplete issue</unittitle><unitdate type="inclusive" normal="2002-10/2002-11">2002 October-November</unitdate><unitid type="local_mss">3201658</unitid><container type="box">16</container><container type="folder">16</container></did></c03><c03 level="file"><did><unittitle>Greenidge, Gertrude. <title>Shadow of the Birch Tree</title></unittitle><unitdate type="inclusive" normal="1962/1963">1962-1963</unitdate><unitid type="local_mss">3201659</unitid><container type="box">16</container><container type="folder">17</container></did><scopecontent><p>Photocopied typescript of play.</p></scopecontent></c03><c03 level="file"><did><unittitle><title>The Griot</title></unittitle><unitdate type="inclusive">undated</unitdate><unitid type="local_mss">3201660</unitid><container type="box">16</container><container type="folder">18</container></did><scopecontent><p>Photocopied typescript of play with handwritten notes, possibly the light booth copy.</p></scopecontent></c03><c03 level="file"><did><unittitle>Josephine Baker playscript</unittitle><unitdate type="inclusive">undated</unitdate><unitid type="local_mss">3201661</unitid><container type="box">16</container><container type="folder">19</container></did><scopecontent><p>Title and author unknown.</p></scopecontent></c03><c03 level="file"><did><unittitle>Leaks, Sylvester. <title>Trouble, Blues, N'Trouble</title></unittitle><unitdate type="inclusive" normal="1974">1974</unitdate><unitid type="local_mss">3201662</unitid><container type="box">16</container><container type="folder">20</container></did><scopecontent><p>Typescript of three-act play.</p></scopecontent></c03><c03 level="file"><did><unittitle><title>Like It Is</title></unittitle><unitdate type="inclusive" normal="1983/1986">1983-1986</unitdate><unitid type="local_mss">3201663</unitid><container type="box">16</container><container type="folder">21</container></did><scopecontent><p>Transcripts of four episodes of the public affairs television program hosted by Gil Noble.</p></scopecontent></c03><c03 level="file"><did><unittitle>Miller, Henry</unittitle><unitdate type="inclusive" normal="1995" certainty="approximate">ca. 1995</unitdate><unitid type="local_mss">3201664</unitid><container type="box">17</container><container type="folder">1</container></did><scopecontent><p>Includes typescripts for two plays, <title>3 Scenes before a Door</title> and <title>The Christmas Eve Companion Plays</title>.</p></scopecontent></c03><c03 level="file"><did><unittitle>Mitchell, Loften. <title>A City Full of Tears</title></unittitle><unitdate type="inclusive" normal="1961/1962" certainty="approximate">ca. 1961-1962</unitdate><unitid type="local_mss">3201665</unitid><container type="box">17</container><container type="folder">2</container></did><scopecontent><p>Screenplay typescript.</p></scopecontent></c03><c03 level="file"><did><unittitle>Nelson, Easton O., Jr. <title>A Night to Remember</title></unittitle><unitdate type="inclusive">undated</unitdate><unitid type="local_mss">3201666</unitid><container type="box">17</container><container type="folder">3</container></did><scopecontent><p>Play typescript.</p></scopecontent></c03><c03 level="file"><did><unittitle>Oyewole, Abiodun. <title>Black History Week</title></unittitle><unitdate type="inclusive">undated</unitdate><unitid type="local_mss">3201667</unitid><container type="box">17</container><container type="folder">4</container></did><scopecontent><p>Photocopied typescript of play.</p></scopecontent></c03><c03 level="file"><did><unittitle>Poetry</unittitle><unitid type="local_mss">3201668</unitid><container type="box">17</container><container type="folder">5</container></did><scopecontent><p>Poems by various authors; includes a few copies of poems by James Weldon Johnson.</p></scopecontent></c03><c03 level="file"><did><unittitle>Robeson, Susan. <title>The Whole World in His Hands: A Pictorial Biography of Paul Robeson</title></unittitle><unitdate type="inclusive" normal="1981">1981</unitdate><unitid type="local_mss">3201669</unitid><container type="box">17</container><container type="folder">6</container></did><scopecontent><p>Hardcover book, inscribed as "property of Gertrude Jeannette".</p></scopecontent></c03><c03 level="file"><did><unittitle>Samuel French Inc. <title>Supplement to the Basic Catalogue of Plays</title></unittitle><unitdate type="inclusive" normal="1976">1976</unitdate><unitid type="local_mss">3201670</unitid><container type="box">17</container><container type="folder">7</container></did></c03><c03 level="file"><did><unittitle><title>Starlight</title></unittitle><unitdate type="inclusive" normal="2004-01-09/2004-01-16">2004 January 9-16</unitdate><unitid type="local_mss">3201671</unitid><container type="box">17</container><container type="folder">8</container></did><scopecontent><p>Weekly Harlem publication.</p></scopecontent></c03><c03 level="file"><did><unittitle>Talbert, David E. <title>Love Changes</title></unittitle><unitdate type="inclusive" normal="1996">1996</unitdate><unitid type="local_mss">3201672</unitid><container type="box">17</container><container type="folder">9</container></did><scopecontent><p>Photocopied screenplay.</p></scopecontent></c03><c03 level="file"><did><unittitle>Walker, Celeste Colman. <title>The Wreckin' Ball</title></unittitle><unitdate type="inclusive">undated</unitdate><unitid type="local_mss">3201673</unitid><container type="box">17</container><container type="folder">10</container></did><scopecontent><p>Photocopied, bound typescript of play.</p></scopecontent><relatedmaterial><p>See also box 16, folder 8.</p></relatedmaterial></c03><c03 level="file"><did><unittitle>Washington, Ajene David. <title>Kin</title></unittitle><unitdate type="inclusive">undated</unitdate><unitid type="local_mss">3201674</unitid><container type="box">17</container><container type="folder">11</container></did><scopecontent><p>Play typescript.</p></scopecontent></c03><c03 level="file"><did><unittitle>Yordan, Philip. <title>Anna Lucasta</title> film synopsis</unittitle><unitdate type="inclusive" normal="1958">1958</unitdate><unitid type="local_mss">3201675</unitid><container type="box">17</container><container type="folder">12</container></did><scopecontent><p>From United Artists.</p></scopecontent></c03></c02><c02 level="subseries"><did><unittitle>Topics</unittitle><unitdate type="inclusive" normal="1963/1998">1963-1998</unitdate><unitid type="local_mss">3201640</unitid></did><arrangement><p>Arranged alphabetically.</p></arrangement><c03 level="file"><did><unittitle>Black theater</unittitle><unitdate type="inclusive" normal="1963/1998">1963-1998</unitdate><unitid type="local_mss">3201676</unitid><container type="box">17</container><container type="folder">13</container><container type="box">8</container><container type="folder">3</container></did><scopecontent><p>Includes printed matter from the Negro Actors Guild of America, among other items.</p></scopecontent></c03><c03 level="file"><did><unittitle>Soul food</unittitle><unitdate type="inclusive">undated</unitdate><unitid type="local_mss">3201677</unitid><container type="box">8</container><container type="folder">4</container></did></c03></c02></c01></dsc></archdesc>
</ead>
