<?xml version="1.0" encoding="UTF-8"?>
<ead xmlns="" xmlns:xsi="http://www.w3.org/2001/XMLSchema-instance" xmlns:xlink="http://www.w3.org/1999/xlink" xsi:schemaLocation="urn:isbn:1-931666-22-9 http://www.loc.gov/ead/ead.xsd"><eadheader countryencoding="iso3166-1" dateencoding="iso8601" langencoding="iso639-2b" repositoryencoding="iso15511" scriptencoding="iso15924"><eadid identifier="011414754">art00003</eadid><filedesc><titlestmt><titleproper>Sachs, Paul J., 1878-1965. Papers, 1900-1994: A Guide</titleproper></titlestmt></filedesc><profiledesc><creation><date calendar="gregorian" era="ce">4/12/2006</date>Laura Morris</creation></profiledesc></eadheader><frontmatter><titlepage><num>HUAM HC3: Personal</num><titleproper>Sachs, Paul J.,
1878-1965.  Papers, 1900-1994: A Guide</titleproper><author>Harvard Art Museum Archives</author><publisher>Harvard University,
Cambridge, MA 02138</publisher></titlepage></frontmatter><archdesc level="collection"><did><repository>Harvard  Art  Museum  Archives,  Harvard  University</repository><unitid> HUAM HC3:  Personal</unitid><origination><persname>Paul  J.  Sachs</persname>,  1878-1965</origination><unittitle> Papers,  <unitdate calendar="gregorian" era="ce">1900-1994</unitdate></unittitle><physdesc><extent> 2.5  linear  feet  and  7  oversize  folders</extent></physdesc><abstract> These  personal  papers of Fogg Art Museum  associate  director  Paul  J.  Sachs
document  his  involvement  with  the  Fogg,  his  academic  career,  publishing projects,
collection  of  art  objects,  philanthropic  endeavors,  and  personal  life.    The  bulk of the
collection  dates  from  1915  to  1958.   Included  are:  financial  records, correspondence,
certificates,  diplomas,  object  lists,  photographs,  newspaper  and  journal clippings, valuations 
and  speech  transcripts.</abstract></did><acqinfo><head>Acquisition Information</head><p>The   series   was   left   to   the   Fogg   Art  Museum  by   former  associate   director   Paul   J.  
Sachs.</p></acqinfo><processinfo><head>Processing Information</head><p>The   series   was   processed   November 2005-February   2006   by  Laura   Morris   with  
assistance   from   Susan   von  Salis.</p></processinfo><accessrestrict><head>Conditions on Access</head><p> Access:   Unrestricted </p></accessrestrict><userestrict><head>Conditions on Use</head><p>Copying:   Papers   may   be   copied   in   accordance  with   the   Harvard  Art   Museum
Archives'   usual   procedures. </p><p>Copyright:   Copyright   in   the   papers   in   the   collection   may   be   held   by   Paul   J.
Sachs'   heirs  or   assigns.    Copyright   in   other   papers   may   be   held   by   their  authors, or 
 the   authors'  heirs   or   assigns.    Researchers   must   obtain   the   written  permission of   the  
holder(s)   of  copyright   and   the   curator   of   the   Harvard  Art   Museum Archives  before 
publishing   quotations   from   any   material   in  the collection.</p></userestrict><relatedmaterial><p>There are additional papers of Paul Sachs elsewhere in the Harvard Art Museum Archives, as
well as in the Harvard University Archives.  The Archives of the Museum of Modern Art in New
York City, NY also holds some of his correspondence.</p></relatedmaterial><bioghist><head>Biography:</head><p>Paul   Joseph   Sachs,   the first   associate   director   of   the   Fogg   Art   Museum   at Harvard 
University   and   a  Harvard   professor,   was   born   in   New   York   City  on November   24,  
1878.  His   parents  were   Samuel   Sachs   and   Louisa  (Goldman) Sachs.    Samuel   entered  
a  partnership   with  his   father-in-law   in   1882,   to  form   the  M.   Goldman,   Sachs  
investment  firm;   it  would   eventually   become   Goldman,  Sachs  &amp;   Co.    The   oldest   of  
four,   Paul   Sachs had   two   brothers,   Arthur   and  Walter,   and a   sister,   Ella   (Sachs)  
Plotz,   who   died   at  a  young   age.    He   attended   the  Sachs Collegiate   Institution   in  
New   York   City,  founded   by  his   uncle,   Julius  Sachs.  Sachs   graduated   from   Harvard  
University   in  1900   and   entered  the   family  firm soon   after,   becoming   a   partner   in  
1904.    He  married   Meta   Pollack   in 1904,   and they   had   three   daughters:   Elizabeth,  
Celia,   and  Marjorie. </p><p>Sachs   retired   from  banking   in   1914   and   spent   the   next   year   traveling   the   country,  
visiting   art museums.    In  1915,   Edward   W.   Forbes,   director   of   the   Fogg   Art  
Museum,   asked Sachs   to   join   the  staff   as   assistant   director.   In   1923,   Sachs   became  
associate director,   and   he   remained  in   this   position   until   his   retirement   in   1948. 
Sachs'   career   also   included   teaching;   he   first   lectured   at   Wellesley   College   in   1916 
 and  then   became   an   assistant   professor   of   fine   arts   at   Harvard   in   1917.    Ten  
years   later   he  became   an   associate   professor,   and   in   1933   he   became   chairman   of  
the   Harvard  department   of   fine   arts.    Sachs   was   an   exchange   professor   at   the  
Sorbonne   in   1933;  during   this   year   abroad,   he   traveled   frequently   to   lecture   and  
to   meet   French  colleagues.    In   1921,   Sachs   had   begun   teaching   his   most   well  
known   course,   "Museum  Work   and   Museum   Problems,"   known   as   "the   Museum  
Course,"   which   he   taught   until  his   retirement. </p><p>Many   of  Sachs'   students   went   on   to   direct   major   art   museums.    His  students  
included William   Lieberman;   A.   Everett   Austin,   Jr.;   Walter   Path;   Edward  Warburg;  
Kirk Askew;   Alfred   H.   Barr;   Lincoln   Kirstein,   John   Walker,   III   and   Joseph  Pulitzer, 
 Jr.,  as   well   as   Agnes   Mongan   and   John   Coolidge,   who   both   served   terms   as 
director   of   the   Fogg   Art   Museum. Sachs   received   numerous   honorary   degrees   during 
 his   lifetime:   honorary doctorates  from   Colby   College   in   1949,   from   Harvard   in  
1942,   and   from   Yale   in 1953,   and   honorary  degrees   from   Princeton   in   1957  and  
the   University   of  Pittsburgh   in   1928.  </p><p>Through   his   work   and   travels,   Sachs   developed   important   contacts   throughout 
Europe   and   North   America   in   the   fields   of   art   collecting   and   dealing,   book selling, 
 art  history   and   museum   administration.    He   was   an   editor   of   Art   Bulletin   from  
1919-1940.   He   was   a   founding   member   of   the   Museum   of   Modern   Art   (MoMA)  
in   New   York   City,  serving   as   a   trustee   of   the   museum   from   1929-1938   and   as  
honorary   trustee   in   1964.   He   also   served   as   a   trustee   of   the   Museum   of   Fine  
Arts   in   Boston   and   on   the   boards   of  Smith,   Wellesley   and   Radcliffe   Colleges.   
Sachs   co-authored   Drawings   in   the   Fogg  Museum   of   Art   with   Agnes   Mongan.    He  
also   wrote   Modern   Prints   and   Drawings,  published   by   Alfred   A.   Knopf,   and  
Pocket   Book   of   Great   Drawings.    Sachs   began  writing   his   autobiography,   Tales   of  
an   Epoch,   in   1947,   but   it   was   never   published.    He   was   president   of   the  
American   Association   of   Museums   and   the   American   Federation   of  Art,   and   a  
member   of   the   Century   Association,   Phi   Beta   Kappa,   the   American  Philosophical  
Society,   and   the   Grolier   Club.    Sachs   was   an   avid   collector   of   art   and  assembled  
a   tremendous   personal   collection.    He   donated   many   objects   to   the   Fogg  Museum  
during   his   lifetime,   as   well   as   upon   his   death.</p><p>Sachs   was   involved   in   a   wide   range   of   philanthropic   endeavors   throughout   his  life. 
  He   and   Edward   Forbes   were   nicknamed   "the   exuberant   mendicants"   for   their 
fundraising   efforts   at   the   Fogg   Art   Museum,   and   Sachs'   generosity   extended  
beyond  his   gifts   to   Harvard.    He   gave   gifts   of   art   objects,   books   and   money   to  
museums   and  libraries,   as   well   as   countless   cultural   institutions,   fellowships   and  
funds.    He   was   also  actively   involved   in   the   American   Red   Cross   during   World  
War   I   and   in   aid   to   refugee  scholars   displaced   by   World   War   II.    His  
philanthropy   continued   into   the   last   years   of   his  life. </p><p>Paul   J.  Sachs   died   on   February   18,   1965   in   Cambridge,   Massachusetts. </p></bioghist><scopecontent><head>Scope   and   Content:</head><p>These   papers   document   Paul   J.   Sachs'   academic   career,   publishing   projects, 
collection   of   art   objects,   philanthropic   endeavors,   and   personal   life.   They   date   from 
1900   to   1994,   with   the   bulk   from   1915   to   1958.    The   series   includes   financial  
records,  correspondence,   certificates,   diplomas,   object   lists,   photographs,   newspaper  
and  journal   clippings,   valuations   and   speech   transcripts.  </p><p>The   series   is   arranged   with   close   attention   to   its   original   order.    The   folder   titles 
have   been   retained;   they   are   written,   in   quotation   marks,   on   each   individual   folder  
and  they   comprise   the   topical groupings   within   each   subseries.    Previously   overstuffed 
 folders  have   been   divided   among   several   folders   for   the   sake   of   preservation.   
Although in many instances,  the   records   within   each   folder group   have   been   arranged  
chronologically,  it  should   be   noted   that   often   papers   spanning   several   years   are  
clipped   together,  interrupting   chronological   order.</p><p>It   is   unknown   if   the   series'   structure   was   created   by   Sachs   or   imposed by 
subsequent   museum   staff.    Many   folders   contain   typed   notes   of   unknown   origin, 
groupings   of   documents   clipped   together   without   evident   purpose,   and   documents 
clearly   added   after   Sachs'   death.    These   anomalies   have   been   preserved.   Researchers  
should   also   note   that   folder   titles   are   not   always   entirely   accurate   or  reflective   of  
content.    Since   the   majority   of   the   documents   are   logically   arranged,   the  found  
arrangement   has   been   retained. </p><p>Photographs   and   acidic   fragile   materials   have   been   photocopied;   photocopies   of  the  
original   documents   are   filed   in   place   of   the   originals.    The   originals   have   been  
filed  separately   for   preservation   purposes.   Some   oversize   documents   are   housed  
separately  from   the   collection   and   may   be   consulted   upon   request.    Some   of   the  
collection  suffered   water   damage   in   a   flood   of   the   archives   in   1998;   as   a   result,  
many   of   the  papers   are   wrinkled,   some   are   stuck   together and   some   of   the   ink  
has   run.  </p><p>Unless   otherwise   noted,   correspondence   includes   both   sent   and   received   letters.</p><arrangement><head>This collection is arranged in three subseries:</head><list><item>I. 
  Personal   and   Professional</item><item>II.    Philanthropy   and   Community  
Involvement </item><item> III.    Publications</item></list></arrangement><p>Subseries   I,   Personal   and   Professional,   is   divided   into   five   topical  groupings:  
Financial   and  Family   Records;   Academic   Honors   and   Teaching   Career;   Other  
Honors;   Collections:  Art   Objects   and   Books;   and   Clubs   and   Organizations.    Included  
are   certificates,  correspondence,   letters   of   introduction,   lecture   transcripts,   receipts,  
invoices,   lists,  insurance   policy   statements,   object   lists   with   valuations,   and  
newspaper   and   journal  clippings.</p><p>Subseries   II,   Philanthropy   and   Community   Involvement,   is   divided   into   two   topical
groupings:   Gifts   and   Community   Involvement.    The   Gifts   topical  grouping   contains  
correspondence,   object   lists,   certificates   of   gift   and   loan,   receipts   and   shipping  
notices  related   to   Sachs'   gifts   to   a   wide   range   of   institutions.    The   Community  
Involvement topical  grouping   contains   correspondence,   reports,   newspaper   articles   and  
a   photographic  portrait.    Documents   relate   to   Sachs'   involvement   in   various  
philanthropic   undertakings,  including   work   for   U.S.   organizations   during   World   War  
I   and   the   placement   of  displaced   refugee   scholars   following   World   War   II.</p><p>Subseries   III,   Publications,   contains   correspondence,   newspaper   and   journal   reviews, 
contracts,   and   printed   advertisements   related   to   books   that   Sachs   authored   or  
co-authored.</p></scopecontent><dsc type="in-depth"><head>Container   List</head><c level="subseries"><did><unittitle>SUBSERIES   I:</unittitle><unittitle> PERSONAL   AND   PROFESSIONAL</unittitle></did><c level="otherlevel" otherlevel="topical_grouping"><did><unittitle>Topical Grouping A-   </unittitle><unittitle>Financial    and    Family    Records: 1913-1994</unittitle></did><scopecontent><head>Scope and Content </head><p>Topical grouping    A    consists    of    seven    sets    of  folders.   "Cambridge    Trust    Co."   
documents    a    bank    account    Sachs    held    jointly    with    his   wife.     "Personal"   
contains    correspondence    related    to    Sachs'    decision    in    1914    to    leave the  
financial    world    to    work    at    Harvard.     Also    included    are    numerous    handwritten   
lists  of   Sachs'    financial    contributions    and    his    drawing    acquisitions.  		  
"Personal    Data"    contains    correspondence,    certificates    and    clippings    related    to   
Sachs'    professional    activities,    primarily    his    career    at    Harvard.     Also    included   
are    handwritten    notes    about    his    family    and    several    typed    pages    of   
biographical    information,    designated    for    a    "Who's    Who…"    publication.     Of    note 
  is    1932    correspondence    related    to    Sachs'    visit    to    Buckingham    Palace    (to    see 
  paintings),    as    well    as    a    1945    newspaper    reproduction    of    a    drawing    by   
Sachs. </p><p>"Personal,    miscellaneous"    contains    correspondence    between    Sachs and Fabian   
Franklin    (his    cousin);    Mario    Galassi;    Elizabeth    Mack;    several    of    Sachs'   past  
administrative    assistants;    and    Frances    Burrage,    with    whom    Sachs    worked    on    a 
 drawing   bibliography.  </p></scopecontent><c level="otherlevel" otherlevel="foldertitle"><did><unittitle>1-2:    "Cambridge    Trust    Co."</unittitle></did><c level="otherlevel" otherlevel="folder"><did><unitid>1. </unitid><unittitle>Paycheck    stubs    and    deposit    receipts,<unitdate calendar="gregorian" era="ce">1958-1960</unitdate>.</unittitle></did></c><c level="otherlevel" otherlevel="folder"><did><unitid>2.</unitid><unittitle>Balance    statements,    correspondence,    cashed
checks,    <unitdate calendar="gregorian" era="ce">1958-1960</unitdate>. </unittitle></did></c></c><c level="otherlevel" otherlevel="foldertitle"><did><unitid>3:</unitid><unittitle>"Letters    of    Introduction": Letters    for   
family    and    colleagues, </unittitle><unitdate calendar="gregorian" era="ce">1955-1956.</unitdate></did></c><c level="otherlevel" otherlevel="foldertitle"><did><unittitle>4-10:    "Personal"</unittitle></did><c level="otherlevel" otherlevel="folder"><did><unitid>4.</unitid><unittitle>Letters    from    Meta    Sachs,    <unitdate calendar="gregorian" era="ce">1915</unitdate>.</unittitle></did></c><c level="otherlevel" otherlevel="folder"><did><unitid>5.</unitid><unittitle>Received    correspondence,<unitdate calendar="gregorian" era="ce">1914-1915</unitdate>.</unittitle></did></c><c level="otherlevel" otherlevel="folder"><did><unitid>6.</unitid><unittitle>Correspondence,<unitdate calendar="gregorian" era="ce">November   
30-December    9,    1914 </unitdate>.     Includes    letters    to and from  Henry    Yeomans.</unittitle></did></c><c level="otherlevel" otherlevel="folder"><did><unitid>7.    </unitid><unittitle>Received    correspondence,    <unitdate calendar="gregorian" era="ce">December    10-20,    1914. </unitdate></unittitle></did></c><c level="otherlevel" otherlevel="folder"><did><unitid>8. </unitid><unittitle>Received    correspondence,    <unitdate calendar="gregorian" era="ce">December    22,    1914-    February    1,    1915</unitdate>;    <unitdate calendar="gregorian" era="ce">1945</unitdate>
Finance article.</unittitle></did></c><c level="otherlevel" otherlevel="folder"><did><unitid>9.</unitid><unittitle>Certificates,    lists,    <unitdate calendar="gregorian" era="ce">1950-1952,   
n.d.</unitdate></unittitle></did></c><c level="otherlevel" otherlevel="folder"><did><unitid>10.</unitid><unittitle>Lists,    <unitdate calendar="gregorian" era="ce">1942-1947</unitdate>.</unittitle></did></c></c><c level="otherlevel" otherlevel="foldertitle"><did><unittitle>11-15:"Personal    Data"</unittitle></did><c level="otherlevel" otherlevel="folder"><did><unitid>11.</unitid><unittitle>Certificates, correspondence, print, <unitdate calendar="gregorian" era="ce">1913-1916</unitdate>.</unittitle></did></c><c level="otherlevel" otherlevel="folder"><did><unitid>12.</unitid><unittitle>Certificates,    correspondence,    notes,    <unitdate calendar="gregorian" era="ce">1918-1933</unitdate>.</unittitle></did></c><c level="otherlevel" otherlevel="folder"><did><unitid>13.</unitid><unittitle>Certificates,    correspondence,    notes,    <unitdate calendar="gregorian" era="ce">1938-1945</unitdate>.</unittitle></did></c><c level="otherlevel" otherlevel="folder"><did><unitid>14.    </unitid><unittitle>Publications,    correspondence,    certificates,   
notes,    <unitdate calendar="gregorian" era="ce">1946-1950</unitdate>.</unittitle></did></c><c level="otherlevel" otherlevel="folder"><did><unitid>15.</unitid><unittitle>Membership    card/photo,    publications,   
correspondence,    notes,    n.d.</unittitle></did></c></c><c level="otherlevel" otherlevel="foldertitle"><did><unittitle>16-19:    "Personal,    Miscellaneous"</unittitle></did><c level="otherlevel" otherlevel="folder"><did><unitid>16.</unitid><unittitle> Correspondence, <unitdate calendar="gregorian" era="ce">1915-1928</unitdate>.</unittitle></did></c><c level="otherlevel" otherlevel="folder"><did><unitid>17.</unitid><unittitle>Correspondence,   <unitdate calendar="gregorian" era="ce"> 1930-1937</unitdate>.</unittitle></did></c><c level="otherlevel" otherlevel="folder"><did><unitid>18.</unitid><unittitle>Correspondence,    invitation,    <unitdate calendar="gregorian" era="ce">1938-1947</unitdate>.</unittitle></did></c><c level="otherlevel" otherlevel="folder"><did><unitid>19. </unitid><unittitle>Correspondence,    printed    poem,    <unitdate calendar="gregorian" era="ce">1949-1957</unitdate>,    n.d.</unittitle></did></c></c><c level="otherlevel" otherlevel="foldertitle"><did><unittitle>20-22:    "Personal-    Miscellaneous    Receipts" </unittitle></did><c level="otherlevel" otherlevel="folder"><did><unitid>20.</unitid><unittitle>Correspondence,    receipts,    "statement    of   
wages    paid",    <unitdate calendar="gregorian" era="ce">1956-1957 </unitdate></unittitle></did></c><c level="otherlevel" otherlevel="folder"><did><unitid>21.</unitid><unittitle>Correspondence,    receipts,    <unitdate calendar="gregorian" era="ce">1958-1960</unitdate>.</unittitle></did></c><c level="otherlevel" otherlevel="folder"><did><unitid>22. </unitid><unittitle>Contents    of    wire-bound    notebook,    <unitdate calendar="gregorian" era="ce">September-    October    1957</unitdate>.</unittitle></did></c></c><c level="otherlevel" otherlevel="folder"><did><unitid>23:</unitid><unittitle>   "Pickhardt,    Carl    E.     (Sachs'   
son-in-law)" : Interview    notes    from    Sally    Anne    Duncan's    interview    of    Pickhardt 
(her father) on <unitdate calendar="gregorian" era="ce">March 8, 1994</unitdate>.     Duncan is Sachs' granddaughter and an
art historian  who has written extensively    about Sachs    and  his Museum Course.  </unittitle></did></c></c><c level="otherlevel" otherlevel="topical_grouping"><did><unittitle>Topical    Grouping    B-    Academic    Honors    and    Teaching   
Career:    1915-1957</unittitle></did><scopecontent><head>Scope    and    Content </head><p>Topical Grouping B    consists    of    eleven    sets    of    folders.     "Personal- 70th Birthday
Celebration"    documents    numerous    celebrations    held    on    behalf    of    Sachs 70th
birthday    in 1948.  Agnes Mongan organized an exhibition of drawings at Harvard in his honor,  
 documented    in    her    book    One    Hundred    Master    Drawings.    The    birthday  party   
was held    on    November    27,    1948.     Museums    across    the    country  held  exhibitions
in Sachs' honor. Of note are two drafts of Sachs' December 1, 1948    letter    to    his    brother
Arthur; both    describe    in    detail    the    celebrations    surrounding    his    birthday.</p></scopecontent><c level="otherlevel" otherlevel="foldertitle"><did><unittitle>24-30:    "Exchange    Professor-    France" </unittitle></did><c level="otherlevel" otherlevel="folder"><did><unitid>24. </unitid><unittitle>Correspondence,    <unitdate calendar="gregorian" era="ce">1932</unitdate>.</unittitle></did></c><c level="otherlevel" otherlevel="folder"><did><unitid>25. </unitid><unittitle>Correspondence;    invitations;    lecture   
schedules;    lists,    <unitdate calendar="gregorian" era="ce">January    1933</unitdate>.</unittitle></did></c><c level="otherlevel" otherlevel="folder"><did><unitid>26.</unitid><unittitle>Invitations,    correspondence,    lists,    <unitdate calendar="gregorian" era="ce">February    1933</unitdate>.</unittitle></did></c><c level="otherlevel" otherlevel="folder"><did><unitid>27.  </unitid><unittitle>Correspondence,    menus,    <unitdate calendar="gregorian" era="ce">March 
  2-22,    1933</unitdate>.</unittitle></did></c><c level="otherlevel" otherlevel="folder"><did><unitid>28.</unitid><unittitle>Correspondence,    newspaper    clippings,    <unitdate calendar="gregorian" era="ce">March    25-June    19,    1933</unitdate>.</unittitle></did></c><c level="otherlevel" otherlevel="folder"><did><unitid>29.</unitid><unittitle>Speech    transcripts,    posters,    lists,    n.d.</unittitle></did></c><c level="otherlevel" otherlevel="folder"><did><unitid>30.</unitid><unittitle>Newspaper    clippings,    <unitdate calendar="gregorian" era="ce">1933</unitdate>,    n.d.</unittitle></did></c></c><c level="otherlevel" otherlevel="folder"><did><unitid>31.</unitid><unittitle>    "Exchange     Professor-Germany" :
Correspondence,     largely     in     German,     <unitdate calendar="gregorian" era="ce">1931-1934.</unitdate></unittitle></did></c><c level="otherlevel" otherlevel="foldertitle"><did><unittitle>32-34:     "Harvard     Class     of     1900"</unittitle></did><c level="otherlevel" otherlevel="folder"><did><unitid>32.</unitid><unittitle>Correspondence, transcript of Sachs' speech about
Henry Yeomans, <unitdate calendar="gregorian" era="ce">1917</unitdate></unittitle></did></c><c level="otherlevel" otherlevel="folder"><did><unitid>33.</unitid><unittitle>Correspondence; commencement and class
reunion programs, <unitdate calendar="gregorian" era="ce">1920-1931</unitdate>.</unittitle></did></c><c level="otherlevel" otherlevel="folder"><did><unitid>34.</unitid><unittitle>Reunion book (1950) and list of financial donors
(n.d.).</unittitle></did></c></c><c level="otherlevel" otherlevel="folder"><did><unitid>35. </unitid><unittitle>35: "Honors- Colby College": Correspondence,
diploma, photographs, <unitdate calendar="gregorian" era="ce">1949.</unitdate></unittitle></did></c><c level="otherlevel" otherlevel="foldertitle"><did><unittitle>36-38: "Honors- Harvard Honorary Degree"</unittitle></did><c level="otherlevel" otherlevel="folder"><did><unitid>36.</unitid><unittitle>Correspondence, newspaper article, telegrams, <unitdate calendar="gregorian" era="ce">April 29-June 12, 1942</unitdate>.</unittitle></did></c><c level="otherlevel" otherlevel="folder"><did><unitid>37.</unitid><unittitle>Correspondence and telegram, <unitdate calendar="gregorian" era="ce">June
13-15, 1942</unitdate>. </unittitle></did></c><c level="otherlevel" otherlevel="folder"><did><unitid>38.</unitid><unittitle>Correspondence, <unitdate calendar="gregorian" era="ce">June 16-25, 1942</unitdate>, n.d.</unittitle></did></c></c><c level="otherlevel" otherlevel="foldertitle"><did><unittitle>39-41:     "Honors-     Princeton     University     Honorary     Degree"</unittitle></did><c level="otherlevel" otherlevel="folder"><did><unitid>39.</unitid><unittitle>Correspondence, invitations,
newspaper articles, commencement program, <unitdate calendar="gregorian" era="ce">October 30, 1956-June 20, 1957</unitdate>.</unittitle></did></c><c level="otherlevel" otherlevel="folder"><did><unitid>40.</unitid><unittitle>Correspondence, <unitdate calendar="gregorian" era="ce">June 20-August 1,
1957</unitdate>, n.d. </unittitle></did></c><c level="otherlevel" otherlevel="folder"><did><unitid>41.</unitid><unittitle>Princeton Alumni Weekly magazine, <unitdate calendar="gregorian" era="ce">July 5, 1957</unitdate>.</unittitle></did></c></c><c level="otherlevel" otherlevel="folder"><did><unitid>42.</unitid><unittitle>42: "University of Pittsburgh Honorary Degree":
Correspondence, diploma, <unitdate calendar="gregorian" era="ce">1928.</unitdate></unittitle></did></c><c level="otherlevel" otherlevel="folder"><did><unitid>43.</unitid><unittitle>43:  "Yale University Honorary Degree" :
Correspondence, invitations, newspaper article, <unitdate calendar="gregorian" era="ce">1953.</unitdate></unittitle></did></c><c level="otherlevel" otherlevel="foldertitle"><did><unittitle>44-47:  "Lectures"</unittitle></did><c level="otherlevel" otherlevel="folder"><did><unitid>44.</unitid><unittitle>Program, correspondence, certificate, lecture transcripts, <unitdate calendar="gregorian" era="ce">1915-1926</unitdate>.</unittitle></did></c><c level="otherlevel" otherlevel="folder"><did><unitid>45.</unitid><unittitle>Correspondence, programs, lecture schedule, <unitdate calendar="gregorian" era="ce">1927-1929</unitdate>. </unittitle></did></c><c level="otherlevel" otherlevel="folder"><did><unitid>46.</unitid><unittitle>Correspondence, program, <unitdate calendar="gregorian" era="ce">1930-1934</unitdate>. </unittitle></did></c><c level="otherlevel" otherlevel="folder"><did><unitid>47.</unitid><unittitle>Correspondence, lecture notes, museum bulletin, <unitdate calendar="gregorian" era="ce">1935-1952</unitdate>, n.d. </unittitle></did></c></c><c level="otherlevel" otherlevel="folder"><did><unitid>48.</unitid><unittitle>"Mrs. Ethel R. Hebb (Secretary to Paul Sachs)" :
Correspondence, <unitdate calendar="gregorian" era="ce">1955-1957.</unitdate></unittitle></did></c><c level="otherlevel" otherlevel="foldertitle"><did><unittitle>49-52: "Personal- 70th Birthday Celebration"</unittitle></did><c level="otherlevel" otherlevel="folder"><did><unitid>49.</unitid><unittitle>Telegrams and newspaper articles, <unitdate calendar="gregorian" era="ce">November-December 1948</unitdate>.</unittitle></did></c><c level="otherlevel" otherlevel="folder"><did><unitid>50.</unitid><unittitle>Correspondence (sent and received), <unitdate calendar="gregorian" era="ce">June 21-December 7, 1948.</unitdate></unittitle></did></c><c level="otherlevel" otherlevel="folder"><did><unitid>51.</unitid><unittitle>Correspondence (sent and received), <unitdate calendar="gregorian" era="ce">December 11, 1948-March 16, 1949</unitdate>, n.d.</unittitle></did></c><c level="otherlevel" otherlevel="folder"><did><unitid>52.</unitid><unittitle>Correspondence (sent and received), invitation,
and program, <unitdate calendar="gregorian" era="ce">1948</unitdate>.</unittitle></did></c></c></c><c level="otherlevel" otherlevel="topical_grouping"><did><unittitle>Topical grouping C- Other Honors: 1900-1954</unittitle></did><scopecontent><head>Scope     and     Content</head><p>Topical Grouping C     contains     two     sets     of     folders.    "Honors- General" documents
Sachs' activity on many boards and committees, and   the honors he received as a result of
professional activities.  The bulk of the  documents are certificates.  Among the institutions to
honor Sachs were many museums, universities, associations, the American Philosophical Society
and the     U.S. Department of State.  Sachs was a delegate to the International Congress of    
Design and Applied Arts, as well as member of the Commission for the Protection and Salvage
of Artistic and Historic Monuments in Europe.</p></scopecontent><c level="otherlevel" otherlevel="foldertitle"><did><unittitle>53-57: "Honors- General"</unittitle></did><c level="otherlevel" otherlevel="folder"><did><unitid>53.</unitid><unittitle>Correspondence, invitation, certificates, <unitdate calendar="gregorian" era="ce">1904-1934.</unitdate> Includes invitation to White House from President Roosevelt.</unittitle></did></c><c level="otherlevel" otherlevel="folder"><did><unitid>54.</unitid><unittitle>Correspondence and certificates, <unitdate calendar="gregorian" era="ce">1935-1939.</unitdate></unittitle></did></c><c level="otherlevel" otherlevel="folder"><did><unitid>55.</unitid><unittitle>Correspondence and certificates, <unitdate calendar="gregorian" era="ce">1942-1949.</unitdate></unittitle></did></c><c level="otherlevel" otherlevel="folder"><did><unitid>56.</unitid><unittitle>Correspondence and certificates, <unitdate calendar="gregorian" era="ce">1950-1954</unitdate>, n.d. </unittitle></did></c><c level="otherlevel" otherlevel="folder"><did><unitid>57.</unitid><unittitle>Oversize documents: diploma, certificates,
program, <unitdate calendar="gregorian" era="ce">1900-1947</unitdate>.</unittitle></did></c></c><c level="otherlevel" otherlevel="folder"><did><unitid>58.</unitid><unittitle>58: "Honors- French Legion of Honor":
Correspondence, certificates, newspaper article, <unitdate calendar="gregorian" era="ce">1936-1949</unitdate>, n.d.</unittitle></did></c></c><c level="otherlevel" otherlevel="topical_grouping"><did><unittitle>Topical grouping D- Collections: Art Objects and Books: 1901-1953</unittitle></did><scopecontent><head>Scope and Content </head><p>Topical Grouping D contains four sets of folders.  Sachs arranged "Art Bills" alphabetically, by
seller's name, in folders A-C, D-G, H-M, and N-Z; this order was maintained by the processor. 
Sachs annotated many of the receipts and bills; some are attached to brief correspondence.  The
bills document Sachs' purchase of paintings, drawings, photographs, books, etchings, prints,
sculpture and other objects created by a tremendous array of artists.  Several folders contain
packing slips of shipments from Europe, as well as lists of items' valuations as determined by
U.S. Customs. </p><p>There are several related subsets of folders: "Collection", "Collection 1915-1948", "Collection
1949-1958" and "Collection-Insurance on Objects of Art."  "Collection" contains two oversize
lists of objects in Sachs' collection. "Collection 1915-1948" itemized lists of the objects in Sachs'
collection during various time periods; handwritten records related to specific objects;
correspondence and lists of objects Sachs loaned     to various institutions.  Many of the lists
provide purchase price or appraisal value.  "Collection 1949-1958"  includes correspondence,
itemized object lists, certificates of loan from the Fogg Art Museum, undated, and several
handwritten lists. "Collection- Insurance on Objects of Art" contains documents from 1941-1947,
related to Sachs' Fine Arts Policy with Sun Insurance Office. Included are lists of works insured
as well as many additions to and deletions from those lists. Sachs had policies both for the Fogg
and for his home at Shady Hill. </p></scopecontent><c level="otherlevel" otherlevel="folderset"><did><unittitle>59-71: "Art Bills (A-C, D-G, H-M, N-Z)"</unittitle></did><c level="otherlevel" otherlevel="foldertitle"><did><unittitle>"A-C"</unittitle></did><c level="otherlevel" otherlevel="folder"><did><unitid>59.</unitid><unittitle>A.C.A. Gallery-Brooks Reed Gallery, <unitdate calendar="gregorian" era="ce">1914-1946</unitdate>.</unittitle></did></c><c level="otherlevel" otherlevel="folder"><did><unitid>60.</unitid><unittitle>Buchholz Gallery- Collings &amp; Collings, <unitdate calendar="gregorian" era="ce">1914-1948</unitdate>. </unittitle></did></c><c level="otherlevel" otherlevel="folder"><did><unitid>61.</unitid><unittitle>P. &amp; D. Colnaghi &amp; Obach, <unitdate calendar="gregorian" era="ce">1911-1925</unitdate>.</unittitle></did></c><c level="otherlevel" otherlevel="folder"><did><unitid>62.</unitid><unittitle>P. &amp; D. Colnaghi &amp; Obach-Craddock &amp; Barnard,
<unitdate calendar="gregorian" era="ce">1917-1930</unitdate>. </unittitle></did></c></c><c level="otherlevel" otherlevel="foldertitle"><did><unittitle>"D-G"</unittitle></did><c level="otherlevel" otherlevel="folder"><did><unitid>63.</unitid><unittitle>Demotte- Durlacher Bros., <unitdate calendar="gregorian" era="ce">1916-1952</unitdate>.</unittitle></did></c><c level="otherlevel" otherlevel="folder"><did><unitid>64.</unitid><unittitle>Duveen Brothers- Gimbel Brothers, N.Y.,<unitdate calendar="gregorian" era="ce"> 1915-1938</unitdate>.</unittitle></did></c><c level="otherlevel" otherlevel="folder"><did><unitid>65.</unitid><unittitle>Maurice Gobin- Walter M. Grant, <unitdate calendar="gregorian" era="ce">1917-1934</unitdate>, includes customs declarations from the <unitdate calendar="gregorian" era="ce">1924</unitdate> 
purchase of Delacroix drawing and <unitdate calendar="gregorian" era="ce">1928</unitdate> purchase of Van Gogh
drawing.</unittitle></did></c></c><c level="otherlevel" otherlevel="foldertitle"><did><unittitle>"H-M"</unittitle></did><c level="otherlevel" otherlevel="folder"><did><unitid>66.</unitid><unittitle>Arthur H. Hahlo &amp; Co.- Dikran G. Kelekian, <unitdate calendar="gregorian" era="ce">1916-1929</unitdate>.</unittitle></did></c><c level="otherlevel" otherlevel="folder"><did><unitid>67.</unitid><unittitle>Kennedy &amp; Company- M. Knoedler &amp; Co., Inc., <unitdate calendar="gregorian" era="ce">1901-1947</unitdate>.  Includes 1901 receipt for six Turner prints on which Sachs
wrote: "My First Purchase of Prints."</unittitle></did></c><c level="otherlevel" otherlevel="folder"><did><unitid>68.</unitid><unittitle>Kouchakji Frères- Martin Mower, <unitdate calendar="gregorian" era="ce">1914-1952</unitdate>. </unittitle></did></c></c><c level="otherlevel" otherlevel="foldertitle"><did><unittitle>"N-Z"</unittitle></did><c level="otherlevel" otherlevel="folder"><did><unitid>69.</unitid><unittitle>National Academy of Design- Paul Rosenberg, <unitdate calendar="gregorian" era="ce">1917-1947</unitdate>.</unittitle></did></c><c level="otherlevel" otherlevel="folder"><did><unitid>70.</unitid><unittitle>Ferdinand Roten- Tonying &amp; Co., <unitdate calendar="gregorian" era="ce">1914-1952</unitdate>. </unittitle></did></c><c level="otherlevel" otherlevel="folder"><did><unitid>71.</unitid><unittitle>Curt Valentin Gallery, Inc.- Monsieur de Zayas, <unitdate calendar="gregorian" era="ce">1915-1952</unitdate>.</unittitle></did></c></c></c><c level="otherlevel" otherlevel="foldertitle"><did><unittitle>72-73: "Books, Purchase of"</unittitle></did><c level="otherlevel" otherlevel="folder"><did><unitid>72.</unitid><unittitle>Correspondence, invoices, <unitdate calendar="gregorian" era="ce">1919-1925</unitdate>. Includes
documentation of Sachs' <unitdate calendar="gregorian" era="ce">1925 </unitdate>    gift to the Metropolitan Museum of a
1526 Venetian book. </unittitle></did></c><c level="otherlevel" otherlevel="folder"><did><unitid>73.</unitid><unittitle>Correspondence, lists, <unitdate calendar="gregorian" era="ce">1943-1953</unitdate>.</unittitle></did></c></c><c level="otherlevel" otherlevel="foldertitle"><did><unitid>74.</unitid><unittitle>"Collection- Century Exhibit" : Invitation,
correspondence, lists related to exhibition held in New York in <unitdate calendar="gregorian" era="ce">1947</unitdate>,  
entitled: "Drawings from the Fogg Museum of  Art, Harvard University (Collected by     Paul J.
Sachs)." </unittitle></did></c><c level="otherlevel" otherlevel="folder"><did><unitid>75. </unitid><unittitle> "Collection": Object lists, <unitdate calendar="gregorian" era="ce">1915 </unitdate>and <unitdate calendar="gregorian" era="ce">1949</unitdate>; undated memorandum.</unittitle></did></c><c level="otherlevel" otherlevel="foldertitle"><did><unitid>76-78.</unitid><unittitle>"Collection     1915-1948"</unittitle></did><c level="otherlevel" otherlevel="folder"><did><unitid>76.</unitid><unittitle>Lists and valuations, <unitdate calendar="gregorian" era="ce">1916-1922</unitdate>.</unittitle></did></c><c level="otherlevel"><did><unitid>77.</unitid><unittitle>Lists and valuations, <unitdate calendar="gregorian" era="ce">1924-1940</unitdate>, correspondence: <unitdate calendar="gregorian" era="ce">1935</unitdate>.</unittitle></did></c><c level="otherlevel" otherlevel="folder"><did><unitid>78.</unitid><unittitle>Lists and valuations, <unitdate calendar="gregorian" era="ce">1947-1948</unitdate>, n.d.</unittitle></did></c></c><c level="otherlevel" otherlevel="foldertitle"><did><unitid>79-83.</unitid><unittitle>"Collection     1949-1958"</unittitle></did><c level="otherlevel" otherlevel="folder"><did><unitid>79.</unitid><unittitle>Correspondence, <unitdate calendar="gregorian" era="ce">1949-1958</unitdate>; certificates, <unitdate calendar="gregorian" era="ce">1955</unitdate>.</unittitle></did></c><c level="otherlevel" otherlevel="folder"><did><unittitle>80.  Lists, <unitdate calendar="gregorian" era="ce">1949</unitdate>.</unittitle></did></c><c level="otherlevel" otherlevel="folder"><did><unitid>81.</unitid><unittitle>Lists, <unitdate calendar="gregorian" era="ce">1949</unitdate>, n.d.</unittitle></did></c><c level="otherlevel" otherlevel="folder"><did><unitid>82.</unitid><unittitle>Lists, n.d.</unittitle></did></c><c level="otherlevel" otherlevel="folder"><did><unitid>83.</unitid><unittitle>Artist/Work pages, n.d.</unittitle></did></c></c><c level="otherlevel" otherlevel="foldertitle"><did><unitid>84-87.</unitid><unittitle>"Collection: Insurance on Objects of Art"</unittitle></did><c level="otherlevel" otherlevel="folder"><did><unitid>84.</unitid><unittitle>Lists, Valuations, Policy
Statements, <unitdate calendar="gregorian" era="ce">1941</unitdate>.</unittitle></did></c><c level="otherlevel" otherlevel="folder"><did><unitid>85.</unitid><unittitle>Correspondence, Policy Statements,
Endorsements, <unitdate calendar="gregorian" era="ce">1942-1943</unitdate>.</unittitle></did></c><c level="otherlevel" otherlevel="folder"><did><unitid>86.</unitid><unittitle>Correspondence, Policy Statements,
Endorsements, <unitdate calendar="gregorian" era="ce">1944-1945</unitdate>.</unittitle></did></c><c level="otherlevel" otherlevel="folder"><did><unitid>87.</unitid><unittitle>Correspondence, Policy Statements,
Endorsements, <unitdate calendar="gregorian" era="ce">1946-1947</unitdate>.</unittitle></did></c></c></c><c level="otherlevel" otherlevel="topical_grouping"><did><unittitle>Topical grouping E- Clubs and Organizations: 1916-1961</unittitle></did><scopecontent><head>Scope and Content</head><p>Subseries E contains five sets of folders.  "Clubs-Century Club (Assn.)" includes a detailed
(undated) list of Sachs' collections and a 1947 letter from John Rewald concerning a
Post-Impressionist exhibit at the Club.  Sachs was an active member of the Committee on
Exhibitions.  "Organizations, Misc." documents Sachs' involvement with various organizations,
including: the Societe des Amis du Louvre, the Societe des Amis de la Cathedrale de Chartres,
the 1923 Paris Exhibition of American    Art, the 1931 Exposition of Indian Tribal Arts, the
Henri Focillon Society at Yale University, and the Cezanne Memorial Committee (in particular,
James Lord).</p></scopecontent><c level="otherlevel" otherlevel="foldertitle"><did><unittitle>88-90: "Clubs- Century Club (Assn.)"</unittitle></did><c level="otherlevel" otherlevel="folder"><did><unitid>88.</unitid><unittitle>Correspondence, invitations, <unitdate calendar="gregorian" era="ce">1944-1947</unitdate>.</unittitle></did></c><c level="otherlevel" otherlevel="folder"><did><unitid>89.</unitid><unittitle>Correspondence, lists, <unitdate calendar="gregorian" era="ce">1948-1956</unitdate>.</unittitle></did></c><c level="otherlevel" otherlevel="folder"><did><unitid>90.</unitid><unittitle>Correspondence, publications, <unitdate calendar="gregorian" era="ce">1957-1959</unitdate>, n.d.</unittitle></did></c></c><c level="otherlevel" otherlevel="foldertitle"><did><unitid>91.</unitid><unittitle> "Clubs- Club of Odd Volumes" :
Correspondence, "1958 COV Outing" booklet, <unitdate calendar="gregorian" era="ce">1942-1961.</unitdate></unittitle></did></c><c level="otherlevel" otherlevel="foldertitle"><did><unitid>92.</unitid><unittitle> "Clubs- Misc." : Correspondence, invitations
from the Goose and Gin Club, the Grolier Club, Phi Beta Kappa, the St. Botolph Club and The
Thursday Evening Club, <unitdate calendar="gregorian" era="ce">1916-1947.</unitdate></unittitle></did></c><c level="otherlevel" otherlevel="foldertitle"><did><unittitle>93-94: "Clubs- The Club, St. Botolph, Etc." </unittitle></did><c level="otherlevel" otherlevel="folder"><did><unitid>93.</unitid><unittitle>Correspondence, membership lists, <unitdate calendar="gregorian" era="ce">1944-1945</unitdate> and <unitdate calendar="gregorian" era="ce">1955-1958</unitdate>. </unittitle></did></c><c level="otherlevel" otherlevel="folder"><did><unitid>94.</unitid><unittitle>Correspondence, <unitdate calendar="gregorian" era="ce">1955-1956</unitdate>, <unitdate calendar="gregorian" era="ce">1959-1960</unitdate>.</unittitle></did></c></c><c level="otherlevel" otherlevel="foldertitle"><did><unittitle>95-96: "Organizations, Misc." </unittitle></did><c level="otherlevel" otherlevel="folder"><did><unitid>95.</unitid><unittitle>Correspondence, membership card, <unitdate calendar="gregorian" era="ce">1916-1931</unitdate>.</unittitle></did></c><c level="otherlevel" otherlevel="folder"><did><unitid>96.</unitid><unittitle>Received correspondence, membership card, <unitdate calendar="gregorian" era="ce">1932-1957</unitdate>.</unittitle></did></c></c></c></c><c level="subseries"><did><unittitle>SUBSERIES    II:    COMMUNITY    INVOLVEMENT    AND 
PHILANTHROPY</unittitle></did><c level="otherlevel" otherlevel="topical_grouping"><did><unittitle>Topical grouping A- Gifts,
1912-1962</unittitle></did><scopecontent><head>Scope  and  Content </head><p>Topical grouping  A  contains  seven  groups  of  folders.   The  title  "Gifts  to Fogg  1917-1940" 
is  inaccurate:  its  documents  date  from  1916,  and pertain  not  only to  gifts  but  also  loans.  
Additionally,  some  of  the  1920's  certificates  honor  donations made  from  as  early  as  1911.
</p><p>"Gifts  to  Fogg 1941-1953"  includes  correspondence between  Sachs  and  Jakob  Rosenberg, 
John  Coolidge,  Agnes  Mongan,  and  Ruth Magurn.   Most  of  the  correspondence  is 
received.   "Gifts  to  Fogg  1954-1955" documents  Sachs'  donations  not  only  to  the  Fogg, 
but  also  to  the  Boston  Museum  of Fine  Arts  and  other  institutions. </p><p>"Gifts  to  Harvard  College  Library"  documents  Sachs' donations  of  books,  manuscripts,  and 
other  items  from  1915-1956.   "Gifts-  Metropolitan Museum  of  Art"  documents  Sachs' 
donations  of  etchings,  lithographs,  engravings, woodcuts,  prints,  books,  and  photographs 
from  1916-1938.   "Gifts-  Miscellaneous Museums  and  Institutions"  is  arranged 
alphabetically  by  institution  and  chronologically  within  this  alphabetical  arrangement.   It 
documents  Sachs'  donations  to  various  libraries,  hospitals,  museums,  and  universities  from 
1916-1950.   "Gifts-  Museum  of  Fine Arts"  documents  Sachs'  gifts  of  prints,  engravings, 
lithographs,   photographs,  etchings, drawings,  sculpture,  watercolors,  and  textiles  from 
1915-1957. </p><p>"Gifts-  Money"  is arranged  chronologically  and  contains  documentation  of  Sachs'  donations 
to  over  70 institutions  and  organizations.   Sachs  supported  academic  and  cultural 
institutions, and  he  contributed  to  many  fellowships  and  funds.   Of  note  in  folder  126  is 
a  1919 letter  annotated  by  Sachs,  which  says:  "For  the  future  history  of  the  Fogg  these
personal  gifts  to  make  up  deficits  a  great  mistake.   Must  ask  for  adequate  endowment"
and  "It  is  clear-  endowment-  mandatory-  for  good  of  Fogg  in   the   future."   Many  of
Sachs'      gifts      were      anonymous, and he subsidized much of the cost associated with his
Museum Course      lecturers. </p></scopecontent><c level="otherlevel" otherlevel="foldertitle"><did><unittitle>97-98: "Gifts- Dunster House"</unittitle></did><c level="otherlevel" otherlevel="folder"><did><unitid>97. </unitid><unittitle>Correspondence, donation lists, and restoration estimate, <unitdate calendar="gregorian" era="ce">1930</unitdate>, n.d.</unittitle></did></c><c level="otherlevel" otherlevel="folder"><did><unitid>98.</unitid><unittitle>Donation lists, n.d.</unittitle></did></c></c><c level="otherlevel" otherlevel="foldertitle"><did><unittitle>99-101: "Gifts to Fogg 1917-1940"</unittitle></did><c level="otherlevel" otherlevel="folder"><did><unitid>99.</unitid><unittitle>Receipt, object lists, certificates of gift, <unitdate calendar="gregorian" era="ce">October
1916- November 1922</unitdate>. </unittitle></did></c><c level="otherlevel" otherlevel="folder"><did><unitid>100.</unitid><unittitle>Correspondence, certificates of gift, <unitdate calendar="gregorian" era="ce">February 27, 1923- May 28, 1925</unitdate>.</unittitle></did></c><c level="otherlevel" otherlevel="folder"><did><unitid>101.</unitid><unittitle>Certificates of gift and loan, object lists, <unitdate calendar="gregorian" era="ce">June 1, 1925- May 27, 1940</unitdate>, n.d </unittitle></did></c></c><c level="otherlevel" otherlevel="foldertitle"><did><unittitle>102-106: "Gifts to Fogg 1941-1953"</unittitle></did><c level="otherlevel" otherlevel="folder"><did><unitid>102.</unitid><unittitle>Certificates of loan, <unitdate calendar="gregorian" era="ce">February 13, 1941- January
9, 1942</unitdate>.</unittitle></did></c><c level="otherlevel" otherlevel="folder"><did><unitid>103.</unitid><unittitle>Certificates of loan and gift, correspondence, <unitdate calendar="gregorian" era="ce">March 26, 1942- December 16, 1946</unitdate>.</unittitle></did></c><c level="otherlevel" otherlevel="folder"><did><unitid>104.</unitid><unittitle>Certificates of loan and gift, correspondence,
shipping notices, <unitdate calendar="gregorian" era="ce">February 12, 1947- November 30, 1948</unitdate>.  Includes
letter to John Coolidge regarding Sachs' donation in honor of Coolidge and Mongan.</unittitle></did></c><c level="otherlevel" otherlevel="folder"><did><unitid>105.</unitid><unittitle>Certificates of loan and gift, correspondence, <unitdate calendar="gregorian" era="ce">December 7, 1948- June 14, 1949</unitdate>.</unittitle></did></c><c level="otherlevel" otherlevel="folder"><did><unitid>106.</unitid><unittitle>Lists of gifts, certificates of loan and gift,
correspondence, receipt, <unitdate calendar="gregorian" era="ce">1949-1953</unitdate>.</unittitle></did></c></c><c level="otherlevel" otherlevel="foldertitle"><did><unittitle>107-110: "Gifts to Fogg 1954-1955"</unittitle></did><c level="otherlevel" otherlevel="folder"><did><unitid>107.</unitid><unittitle>Receipts, certificates of gift, correspondence, <unitdate calendar="gregorian" era="ce">May 12, 1954- January 20, 1955</unitdate>.</unittitle></did></c><c level="otherlevel" otherlevel="folder"><did><unitid>108.</unitid><unittitle>Correspondence, certificates of gift, and
receipts of purchase, <unitdate calendar="gregorian" era="ce">January 25- July 6, 1955</unitdate>.  Includes correspondence
related to purchase of drawing of disputed provenance.</unittitle></did></c><c level="otherlevel" otherlevel="folder"><did><unitid>109.</unitid><unittitle>Correspondence, receipts, affidavit of appraisal,
certificates of gift,  <unitdate calendar="gregorian" era="ce">August 17- December 1, 1955</unitdate>.  Includes
correspondence related to gift in honor of Langdon Warner.</unittitle></did></c><c level="otherlevel" otherlevel="folder"><did><unitid>110.</unitid><unittitle>Correspondence, certificates of gift, affidavit of
appraisal, <unitdate calendar="gregorian" era="ce">December 2-30, 1955</unitdate>, n.d. </unittitle></did></c></c><c level="otherlevel" otherlevel="foldertitle"><did><unittitle>111-116: "Gifts and Loans to Fogg, 1956-1962" </unittitle></did><c level="otherlevel" otherlevel="folder"><did><unitid>111.</unitid><unittitle>Correspondence, receipts, certificates of gift
and loan, <unitdate calendar="gregorian" era="ce">January 10- April 11, 1956</unitdate>.</unittitle></did></c><c level="otherlevel" otherlevel="folder"><did><unitid>112.</unitid><unittitle>Receipts, certificates of gift, <unitdate calendar="gregorian" era="ce">April
13- October 30, 1956</unitdate>.</unittitle></did></c><c level="otherlevel" otherlevel="folder"><did><unitid>113.</unitid><unittitle>Correspondence, certificates of gift and loan, <unitdate calendar="gregorian" era="ce">November 19, 1956- January 9, 1957</unitdate>.  Includes correspondence about a
Max Weber drawing.</unittitle></did></c><c level="otherlevel" otherlevel="folder"><did><unitid>114. </unitid><unittitle>Correspondence, certificates of gift and loan,
receipts, <unitdate calendar="gregorian" era="ce">January 14- May 20, 1957</unitdate>. Includes correspondence related to <unitdate calendar="gregorian" era="ce">1957</unitdate> donation  of Giovanni Di Paolo's St. John      the Baptist and   letter
from John Coolidge.</unittitle></did></c><c level="otherlevel" otherlevel="folder"><did><unitid>115.</unitid><unittitle>Certificates of gift and loan, receipt, list,
correspondence, <unitdate calendar="gregorian" era="ce">October 30, 1957- December 29, 1958</unitdate>. </unittitle></did></c><c level="otherlevel" otherlevel="folder"><did><unitid>116.</unitid><unittitle>Correspondence, receipts, certificates of gift
and loan, <unitdate calendar="gregorian" era="ce">January 1, 1959- January 16, 1962</unitdate>.  Includes letter  rom Agnes
Mongan regarding donation in memory of Meta Sachs. </unittitle></did></c></c><c level="otherlevel" otherlevel="foldertitle"><did><unittitle>117-119: "Gifts to Harvard College Library"</unittitle></did><c level="otherlevel" otherlevel="folder"><did><unitid>117.</unitid><unittitle>Certificates of Gift, <unitdate calendar="gregorian" era="ce">October 26, 1915-
February 19, 1926</unitdate>.</unittitle></did></c><c level="otherlevel" otherlevel="folder"><did><unitid>118.</unitid><unittitle>Certificates of Gift, <unitdate calendar="gregorian" era="ce">March 3, 1926-
September 27, 1941</unitdate>.</unittitle></did></c><c level="otherlevel" otherlevel="folder"><did><unitid>119. </unitid><unittitle>Correspondence, accession records, certificates
of gift, <unitdate calendar="gregorian" era="ce">December 3, 1941- November 9, 1959</unitdate>.</unittitle></did></c></c><c level="otherlevel" otherlevel="folder"><did><unitid>120.</unitid><unittitle> "Gifts- Metropolitan Museum of Art":
Certificates of gift, <unitdate calendar="gregorian" era="ce">December 18, 1916-March 2, 1938</unitdate>, n.d.</unittitle></did></c><c level="otherlevel" otherlevel="foldertitle"><did><unittitle>121-122: "Gifts- Miscellaneous Museums and Institutions" </unittitle></did><c level="otherlevel" otherlevel="folder"><did><unitid>121.</unitid><unittitle>Certificates of Gift, correspondence,
Dumbarton Oaks Research Library- Museum of Fine Arts (<unitdate calendar="gregorian" era="ce">1931-1948</unitdate>). </unittitle></did></c><c level="otherlevel" otherlevel="folder"><did><unitid>122.</unitid><unittitle>Certificates of Gift, correspondence, Peabody
Museum-Worcester Art Museum (<unitdate calendar="gregorian" era="ce">1916-1950</unitdate>).</unittitle></did></c></c><c level="otherlevel" otherlevel="foldertitle"><did><unittitle>123-124: "Gifts- Museum of Fine Arts"</unittitle></did><c level="otherlevel" otherlevel="folder"><did><unitid>123.</unitid><unittitle>Certificates of Gift, <unitdate calendar="gregorian" era="ce">November 4, 1915-
February 2, 1922</unitdate>.</unittitle></did></c><c level="otherlevel" otherlevel="folder"><did><unitid>124. </unitid><unittitle>Certificates of Gift, correspondence, <unitdate calendar="gregorian" era="ce">February 7, 1922- November 21, 1957</unitdate>.</unittitle></did></c></c><c level="otherlevel" otherlevel="foldertitle"><did><unittitle>125-132: "Gifts- Money"</unittitle></did><c level="otherlevel" otherlevel="folder"><did><unitid>125.</unitid><unittitle>Certificates of Gift, <unitdate calendar="gregorian" era="ce">1912-1918</unitdate>.</unittitle></did></c><c level="otherlevel" otherlevel="folder"><did><unitid>126.</unitid><unittitle>Correspondence, cablegram, certificates of gift, <unitdate calendar="gregorian" era="ce">1919-1927</unitdate>.</unittitle></did></c><c level="otherlevel" otherlevel="folder"><did><unitid>127.</unitid><unittitle>Correspondence, list, receipts, <unitdate calendar="gregorian" era="ce">1928-1930</unitdate>.</unittitle></did></c><c level="otherlevel" otherlevel="folder"><did><unitid>128.</unitid><unittitle>Correspondence, certificates, receipts, <unitdate calendar="gregorian" era="ce">1931-1943</unitdate>.</unittitle></did></c><c level="otherlevel" otherlevel="folder"><did><unitid>129.</unitid><unittitle>Correspondence, certificates, <unitdate calendar="gregorian" era="ce">1944-1949</unitdate>.</unittitle></did></c><c level="otherlevel" otherlevel="folder"><did><unitid>130.</unitid><unittitle>Correspondence, certificates, <unitdate calendar="gregorian" era="ce">1950-1955</unitdate>. </unittitle></did></c><c level="otherlevel" otherlevel="folder"><did><unitid>131.</unitid><unittitle>Correspondence, certificates, receipts, lists,
notes, <unitdate calendar="gregorian" era="ce">1956</unitdate>.</unittitle></did></c><c level="otherlevel" otherlevel="folder"><did><unitid>132.</unitid><unittitle>Correspondence, certificates, receipts, <unitdate calendar="gregorian" era="ce">1957-1963</unitdate></unittitle></did></c></c></c><c level="otherlevel" otherlevel="topical_grouping"><did><unittitle>Topical grouping B- Community Involvement: 1915-1960</unittitle></did><scopecontent><head>Scope and Content:</head><p>Topical Grouping B contains four sets of folders.  "Refugees- Displaced Scholars" documents
Sachs' advocacy for scholars displaced during World War II.  "Urban League" consists primarily
of correspondence with L. Hollingsworth Wood and John M. Fitzgerald.  "War Work"
documents Sachs' activities related to World War I.  Folders 142-146 contain documents grouped
by Sachs, into the categories of "Liberty Bond work", "Y.M.C.A. work", "Food Administration"
and "American Red Cross".  Folder 141 contains documents not included in any of these
groupings.  </p></scopecontent><c level="otherlevel" otherlevel="foldertitle"><did><unitid>133.</unitid><unittitle> "Citizens' Committee for Children of New
York City, Inc." : Correspondence and lists related to Sachs' involvement with loan exhibition of
works by Gaugin, Renoir, and Degas, from <unitdate calendar="gregorian" era="ce">1956-1960.</unitdate></unittitle></did></c><c level="otherlevel" otherlevel="foldertitle"><did><unittitle>134-138: "Refugees- Displaced Scholars"</unittitle></did><c level="otherlevel" otherlevel="folder"><did><unitid>134.</unitid><unittitle>Correspondence, publications, <unitdate calendar="gregorian" era="ce">April 30,
1936- November 1938</unitdate>.</unittitle></did></c><c level="otherlevel" otherlevel="folder"><did><unitid>135.</unitid><unittitle>Correspondence, <unitdate calendar="gregorian" era="ce">December 21,
1938-June 9, 1939.  Includes letter from Thomas Mann.</unitdate></unittitle></did></c><c level="otherlevel" otherlevel="folder"><did><unitid>136. </unitid><unittitle>Correspondence, affidavit, publication, <unitdate calendar="gregorian" era="ce">1938-1940</unitdate>.</unittitle></did></c><c level="otherlevel" otherlevel="folder"><did><unitid>137. </unitid><unittitle>Correspondence, <unitdate calendar="gregorian" era="ce">March 25-April
2, 1941</unitdate>; published report, <unitdate calendar="gregorian" era="ce">January 31, 1942</unitdate>.</unittitle></did></c><c level="otherlevel" otherlevel="folder"><did><unitid>138.</unitid><unittitle>Lists, report, <unitdate calendar="gregorian" era="ce">1957</unitdate>, n.d.</unittitle></did></c></c><c level="otherlevel" otherlevel="foldertitle"><did><unittitle>139-140: "Urban League" </unittitle></did><c level="otherlevel" otherlevel="folder"><did><unitid>139.</unitid><unittitle>Correspondence, <unitdate calendar="gregorian" era="ce">May 20, 1915-May 8, 1923</unitdate>. </unittitle></did></c><c level="otherlevel" otherlevel="folder"><did><unitid>140. </unitid><unittitle>Correspondence, <unitdate calendar="gregorian" era="ce">December 14,
1928-December 31, 1947</unitdate>, n.d.</unittitle></did></c></c><c level="otherlevel" otherlevel="foldertitle"><did><unittitle>141-146: "War Work"</unittitle></did><c level="otherlevel" otherlevel="folder"><did><unitid>141.</unitid><unittitle>Newspaper article, pamphlet, correspondence, <unitdate calendar="gregorian" era="ce">April
2,1917-April 18, 1918</unitdate>. </unittitle></did></c><c level="otherlevel" otherlevel="folder"><did><unitid>142.</unitid><unittitle>Speech transcript, correspondence, printed
advertisements- "Liberty Bond work", <unitdate calendar="gregorian" era="ce">May 25, 1917-April 23, 1919</unitdate>,
n.d.</unittitle></did></c><c level="otherlevel" otherlevel="folder"><did><unitid>143.</unitid><unittitle>Correspondence- "Y.M.C.A. work", <unitdate calendar="gregorian" era="ce">June 7, 1917-April 22, 1919</unitdate>.</unittitle></did></c><c level="otherlevel" otherlevel="folder"><did><unitid>144.</unitid><unittitle>Telegram, correspondence- "Food
Administration", <unitdate calendar="gregorian" era="ce">November 3, 1917-February 17, 1919</unitdate>, n.d.</unittitle></did></c><c level="otherlevel" otherlevel="folder"><did><unitid>145.</unitid><unittitle>Telegrams, correspondence- "American Red
Cross", <unitdate calendar="gregorian" era="ce">June 4, 1917-December 30, 1919</unitdate>.</unittitle></did></c><c level="otherlevel" otherlevel="folder"><did><unitid>146.</unitid><unittitle>Photographic portrait- "American Red Cross", <unitdate calendar="gregorian" era="ce">1918</unitdate>.</unittitle></did></c></c></c></c><c level="subseries"><did><unittitle>SUBSERIES III: PUBLICATIONS, 1915-1958</unittitle></did><scopecontent><head>Scope and Content:</head><p>Subseries III contains seven groups of folders.  "Drawings in the Fogg Museum of Art"
documents the book Sachs co-authored, with Agnes Mongan.  It was published in 1940, with
later reprintings.  "Publications- Dr. Hermann Loeb" contains correspondence between Sachs and
Dr. Hermann Loeb, who was behind efforts to publish a German version of Modern Prints and
Drawings.  Many of Loeb's letters are in German.</p><p>"Publications- Miscellaneous" includes a printed invitation and brochure from the Fogg's 1915
Early Italian Engraving exhibition; reprints of Sachs' March 1916 Harvard Graduates' Magazine
article, "Fogg Art Museum" and an undated article entitled "Extracts from Letters of Henri
Focillon."  "Publications- Modern Prints and Drawings" includes newspaper reviews of Sachs'
Pocket Book of Great Drawings, also.  Documents are arranged chronologically, by document
type.  "Publications- Modern      Prints and Drawings (Phoebus Verlag AG.)" contains
correspondence between Sachs, Hermann Loeb (of Phoebus Verlag) and William Koshland
(Sachs' nephew), regarding Loeb's desire to publish a German version of Modern Prints and
Drawings.  It was never published.</p></scopecontent><c level="otherlevel" otherlevel="foldertitle"><did><unittitle>147-152: "Publications: Drawings in the Fogg Museum of Art"</unittitle></did><c level="otherlevel" otherlevel="folder"><did><unitid>147.</unitid><unittitle>Newspaper articles, reviews,
<unitdate calendar="gregorian" era="ce">1940-1947</unitdate>.</unittitle></did></c><c level="otherlevel" otherlevel="folder"><did><unitid>148.</unitid><unittitle>Winslow Ames' review, transcript, n.d. </unittitle></did></c><c level="otherlevel" otherlevel="folder"><did><unitid>149.</unitid><unittitle>Book reviews, n.d. </unittitle></did></c><c level="otherlevel" otherlevel="folder"><did><unitid>150.</unitid><unittitle>List of illustrations, correspondence, contract, <unitdate calendar="gregorian" era="ce">1938-1940</unitdate>.</unittitle></did></c><c level="otherlevel" otherlevel="folder"><did><unitid>151.</unitid><unittitle>Correspondence, <unitdate calendar="gregorian" era="ce">June
24-September 6, 1940</unitdate>.</unittitle></did></c><c level="otherlevel" otherlevel="folder"><did><unitid>152.</unitid><unittitle>Correspondence, <unitdate calendar="gregorian" era="ce">September 10,
1940- October 8, 1941</unitdate>.</unittitle></did></c></c><c level="otherlevel" otherlevel="foldertitle"><did><unittitle>153-155: "Publications, Dr. Hermann Loeb"</unittitle></did><c level="otherlevel" otherlevel="folder"><did><unitid>153.</unitid><unittitle>Correspondence, <unitdate calendar="gregorian" era="ce">December 22,
1926-December 31, 1928</unitdate>.</unittitle></did></c><c level="otherlevel" otherlevel="folder"><did><unitid>154.</unitid><unittitle>Correspondence, <unitdate calendar="gregorian" era="ce">March 16,
1931-July 8, 1938</unitdate>.</unittitle></did></c><c level="otherlevel" otherlevel="folder"><did><unitid>155.</unitid><unittitle>Correspondence, <unitdate calendar="gregorian" era="ce">July 8,
1938-October 29, 1945</unitdate>.</unittitle></did></c></c><c level="otherlevel" otherlevel="foldertitle"><did><unittitle>156-159: "Publications, Miscellaneous"</unittitle></did><c level="otherlevel" otherlevel="folder"><did><unitid>156.</unitid><unittitle>Receipts, correspondence, invitation, <unitdate calendar="gregorian" era="ce">October
19-December 2, 1915</unitdate>.</unittitle></did></c><c level="otherlevel" otherlevel="folder"><did><unitid>157.</unitid><unittitle>Correspondence, published articles, <unitdate calendar="gregorian" era="ce">December 26, 1915-December 24, 1919</unitdate>.</unittitle></did></c><c level="otherlevel" otherlevel="folder"><did><unitid>158.</unitid><unittitle>Correspondence, list, <unitdate calendar="gregorian" era="ce">May 17,
1920-October 18, 1921</unitdate>.</unittitle></did></c><c level="otherlevel" otherlevel="folder"><did><unitid>159.</unitid><unittitle>Correspondence, <unitdate calendar="gregorian" era="ce">March 12,
1934-March 26, 1941</unitdate>, n.d.</unittitle></did></c></c><c level="otherlevel" otherlevel="foldertitle"><did><unittitle>160-169: "Publications- Modern Prints and Drawings"</unittitle></did><c level="otherlevel" otherlevel="folder"><did><unitid>160.</unitid><unittitle>Newspaper reviews, <unitdate calendar="gregorian" era="ce">1951-1956</unitdate>.</unittitle></did></c><c level="otherlevel" otherlevel="folder"><did><unitid>161.</unitid><unittitle>Correspondence, contract, payment stub, <unitdate calendar="gregorian" era="ce">March 6-September  24, 1951</unitdate>.</unittitle></did></c><c level="otherlevel" otherlevel="folder"><did><unitid>162. </unitid><unittitle>Correspondence, <unitdate calendar="gregorian" era="ce">September 26,
1951- September 4, 1952</unitdate>. </unittitle></did></c><c level="otherlevel" otherlevel="folder"><did><unitid>163.</unitid><unittitle>Correspondence,<unitdate calendar="gregorian" era="ce"> September 15,
1952- January 27, 1953</unitdate>. </unittitle></did></c><c level="item"><did><unitid>164.</unitid><unittitle>Correspondence, <unitdate calendar="gregorian" era="ce">March 3-
November 18, 1953</unitdate>.</unittitle></did></c><c level="item"><did><unitid>165.</unitid><unittitle>Correspondence, <unitdate calendar="gregorian" era="ce">February 17-
April 15, 1954</unitdate>.</unittitle></did></c><c level="otherlevel" otherlevel="folder"><did><unitid>166.</unitid><unittitle>Correspondence, lists, <unitdate calendar="gregorian" era="ce">May
5-December 7, 1954</unitdate>.</unittitle></did></c><c level="otherlevel" otherlevel="folder"><did><unitid>167.</unitid><unittitle>Correspondence, <unitdate calendar="gregorian" era="ce">December 10,
1954-May 16, 1955</unitdate>; invoice, <unitdate calendar="gregorian" era="ce">1954</unitdate>; printed advertisement,
n.d.; royalty statements, <unitdate calendar="gregorian" era="ce">1954-1957</unitdate>.</unittitle></did></c><c level="otherlevel" otherlevel="folder"><did><unitid>168.</unitid><unittitle> Printed advertisement, lists, radio review
transcript, n.d.</unittitle></did></c><c level="otherlevel" otherlevel="folder"><did><unitid>169.</unitid><unittitle>Oversize posters/advertisements removed from
folders 167 and 168, n.d.</unittitle></did></c></c><c level="otherlevel" otherlevel="foldertitle"><did><unittitle>170-173: "Publications- Modern Prints and Drawings (Phoebus Verlag
AG.)"</unittitle></did><c level="otherlevel" otherlevel="folder"><did><unitid>170. </unitid><unittitle>Correspondence,
telegrams, <unitdate calendar="gregorian" era="ce">January 7, 1955- June 11, 1956</unitdate>. </unittitle></did></c><c level="otherlevel" otherlevel="folder"><did><unitid>171.</unitid><unittitle>Correspondence, receipts, lists, <unitdate calendar="gregorian" era="ce">June 13- July 25, 1956</unitdate></unittitle></did></c><c level="otherlevel" otherlevel="folder"><did><unitid>172.</unitid><unittitle>Correspondence, telegrams, receipts, <unitdate calendar="gregorian" era="ce">August 1-20, 1956</unitdate>.</unittitle></did></c><c level="otherlevel" otherlevel="folder"><did><unitid>173. </unitid><unittitle>Correspondence, <unitdate calendar="gregorian" era="ce">September 11,
1956- June 4, 1958</unitdate>.</unittitle></did></c></c><c level="otherlevel" otherlevel="foldertitle"><did><unitid>174.</unitid><unittitle>174: "Publications- One Hundred Master
Drawings" : Correspondence, book review, brochure, <unitdate calendar="gregorian" era="ce">1949-1950</unitdate>, n.d.</unittitle></did></c><c level="otherlevel" otherlevel="foldertitle"><did><unittitle>175-176: "Publications- Pocket Book of Great Drawings"</unittitle></did><c level="otherlevel" otherlevel="folder"><did><unitid>175. </unitid><unittitle>Correspondence, royalty statements,
newspaper articles, <unitdate calendar="gregorian" era="ce">March 13, 1951-April 12, 1956</unitdate>. </unittitle></did></c><c level="otherlevel" otherlevel="folder"><did><unitid>176. </unitid><unittitle>Correspondence (including undated and unsent
letter to Herbert Alexander of Pocket Books), newspaper article, <unitdate calendar="gregorian" era="ce">November 26,
1956-July 20, 1957</unitdate>, n.d. </unittitle></did></c></c></c></dsc><controlaccess><head>Additional catalog entries</head><p>The following catalog entries represent persons, organizations, and topics documented in this
collection.  An entry for each appears in the Harvard OnLine Library Information System
(HOLLIS) and other automated bibliographic databases.  This is not an index.</p><subject>Art--History</subject><subject>Art--Collectors and collecting</subject><subject>Art--Societies, etc.</subject><subject>Art--Study and teaching--Massachusetts</subject><subject>Art--Study and teaching--20th century</subject><subject>Art in
universities and colleges</subject><subject>Art museum directors</subject><subject>Art
museums--Massachusetts</subject><subject>Art museums--Educational aspects</subject><subject>Art objects--Collectors and collecting</subject><subject>Art objects--Prices</subject><subject>Art objects--Private collections</subject><subject>Art
patronage--Massachusetts</subject><subject>Art patrons</subject><subject>Art publishing</subject><subject>Art--Prices</subject><subject>Art--Private collections</subject><subject>Charities--Massachusetts</subject><subject>Class
reunions--Massachusetts--Cambridge</subject><subject>College art
museums--Massachusetts--Cambridge</subject><subject>Commercial documents</subject><subject>Customs appraisal</subject><subject>Degrees, academic</subject><subject>Exhibitions</subject><corpname>Harvard University--Alumni and alumnae</corpname><corpname>Harvard University--Anniversaries, etc.</corpname><corpname>Harvard
University--Benefactors</corpname><corpname>Harvard University--Faculty</corpname><corpname>Harvard University--History--20th century</corpname><corpname>Harvard
University--Libraries</corpname><corpname>Harvard University--Museums</corpname><subject>Humanitarianism</subject><subject>Insurance, art</subject><subject>Invoices</subject><subject>Lectures and lecturing</subject><subject>Legal assistance to refugees</subject><subject>Museum directors</subject><subject>Museum exhibits</subject><subject>Museum loans</subject><subject>Museums--Massachusetts</subject><subject>Object--Teaching</subject><subject>Political refugees</subject><genreform>Publications</genreform><subject>Refugees</subject><persname>Sachs, Paul J. (Paul Joseph),
1878-1965--Correspondence</persname><subject>Teacher exchange programs--France</subject><subject>Titles of honor and nobility</subject><subject>Valuation</subject><subject>World War, 1914-1918</subject><subject>World War, 1939-1945</subject></controlaccess></archdesc></ead>
