<?xml version="1.0" encoding="UTF-8"?>
<ead xmlns="" xmlns:xsi="http://www.w3.org/2001/XMLSchema-instance" xmlns:xlink="http://www.w3.org/1999/xlink"
	xsi:schemaLocation="urn:isbn:1-931666-22-9 http://www.loc.gov/ead/ead.xsd">
	<eadheader countryencoding="iso3166-1" dateencoding="iso8601" langencoding="iso639-2b" repositoryencoding="iso15511"
		scriptencoding="iso15924">
		<eadid identifier="010287998">art00004</eadid>
		<filedesc>
			<titlestmt>
				<titleproper>Reiff, Daniel D. (Daniel Drake). Papers, 1962-2004, n.d.: A Guide</titleproper>
			</titlestmt>
		</filedesc>
		<profiledesc>
			<creation><date calendar="gregorian" era="ce">03/23/2007</date>Andrea Medina-Smith</creation>
		</profiledesc>
		<revisiondesc>
			<change>
				<date calendar="gregorian" era="ce">6/1/2012</date>
				<item>Updated by Salma Hussain to add 2 folders oif addenda.</item>
			</change>
		</revisiondesc>
	</eadheader>
	<frontmatter>
		<titlepage>
			<num>HUAM SC 2</num>
			<titleproper>Reiff, Daniel D. (Daniel Drake). Papers, 1962-2004, n.d.: A Guide </titleproper>
			<author>Harvard Art Museums Archives</author>
			<publisher>©2007 The President and Fellows of Harvard College</publisher>
		</titlepage>
	</frontmatter>
	<archdesc level="collection">
		<did>
			<repository>Harvard Art Museums Archives</repository>
			<unitid>HUAM SC 2</unitid>
			<origination>
				<persname role="origination">Reiff, Daniel D. (Daniel Drake)</persname>
			</origination>
			<unittitle>Papers, <unitdate calendar="gregorian" era="ce">1962-2004, n.d.</unitdate></unittitle>
			<physdesc>
				<extent>6 file folders, 4 CDs</extent>
			</physdesc>
			<abstract>Recordings by Daniel Reiff and Edward A. Ruesling of four Harvard University Fine Arts lectures from April
				22, 1963, and supplementary information on the lecturers; Daniel Reiff's CVs and some photographs of the Fogg
				Museum, the Carpenter Center with the original Le Corbusier ramp, and Professors Max Loehr and Kenneth Conant.
			</abstract>
		</did>
		<acqinfo>
			<p>The collection was donated by Daniel Reiff in October 2004. Two additional folders were donated in April 2012.
			</p>
		</acqinfo>
		<processinfo>
			<head>Processing Information</head>
			<p>The collection was processed in March 2007 by <persname role="processor">Andrea Medina-Smith </persname> with
				assistance from <persname role="supervisor">Susan von Salis.</persname> Two folders of addenda were processed in
				May, 2012 by <persname role="processor">Salma Sabreen Hussain.</persname></p>
		</processinfo>
		<accessrestrict>
			<head>Conditions on Access</head>
			<p>Unrestricted.</p>
			<p>Copyright: The donor has transferred any copyright held in these papers to the President and Fellows of Harvard
				College. Copyright in some papers in the collection may be held by their authors, or the authors' heirs or assigns.
				Researchers must obtain the written permission of the holder(s) of copyright and the curator of the Harvard Art
				Museum Archives before publishing quotations from any material in the collection.</p>
		</accessrestrict>
		<userestrict>
			<head>Conditions on Use</head>
			<p>Copying: Papers may be copied in accordance with the Harvard Art Museum Archives' usual procedures.</p>
		</userestrict>
		<bioghist>
			<head>Biography: </head>
			<p> Daniel Reiff received the B. A. (magna cum laude) from Harvard College in 1963; M.A. in 1964 (Harvard); and Ph.D.
				in 1970 (Harvard). From 1970-2004 he was a professor of art history at the State University of New York, Fredonia.
				From 1985-1988 he served as chairman of the art department at the State University of New York. In 2004, he retired
				as SUNY Distinguished Service Professor Emeritus. Besides teaching, from 1995-1998, Reiff served as president of
				Fredonia Preservation Society, Inc. He has written many books on architecture including: <title render="italic"
					xlink:type="simple">Houses from Books: Treatises, Pattern Books and Catalogs in American Architecture, 1758-1950: A
					History and Guide; </title><title render="italic" xlink:type="simple">Architecture in Fredonia, New York,
					1811-1997: From Log Cabin to I.M. Pei; </title>and <title render="italic" xlink:type="simple">Small Georgian Houses
					in England &amp; Virginia: Origins and Development Through the 1750s. </title></p>
			<p>Kenneth John Conant received the B.A. from Harvard College in 1915 and taught architecture at Harvard School of
				Architecture from 1925-1955. </p>
			<p> Sidney Freedberg (1914-1997) was trained at Harvard University and subsequently worked for the Department of Fine
				Arts from 1953-1983. In addition to being the Arthur Kingsley Porter Professor he served as Chairman of the
				Department from 1959-1963, Walter Channing Cabot Fellow from 1973-1976, and as the Acting Director of the Fogg
				Museum, 1978-1979. Detlef Heikamp was a visiting professor from the Kunsthistoriches Institute in Florence, and
				specializes in the Medici family. Max Loehr (1903-1988), studied the history of Chinese art, and was trained at the
				University of Munich. He subsequently studied, and worked in China from 1940-1949, ending his time there as an
				Assistant Professor at Tsinghua University. Upon arriving in the United States he worked at the University of
				Michigan (1951-1960), and Harvard University (1960-1974). Benjamin Rowland, Jr. (1904-1972) studied and lectured on
				a wide breadth of art history topics including ancient India, modern America, and pre-modern Europe. He was trained
				at Harvard University and was brought on staff first as a tutor in 1930. In 1950 he became a full professor, and was
				appointed Gleason Professor of Fine Arts in 1960. He was also a well known watercolorist with pieces exhibited in
				diverse museums. </p>
		</bioghist>
		<scopecontent>
			<head>Scope and Content: </head>
			<p>The collection contains recordings of lectures given by professors Sidney Freedberg, Detlef Heikamp, Max Loehr,
				and Benjamin Rowland, Jr. on April 22, 1963, and supplementary materials related to the lectures and the professors
				themselves. There are four folders housing all the supplementary information on the professors giving the lectures
				recorded on CD. All supplementary information on the recordings or the professor is listed directly after the
				recording, in alphabetical order by last name of lecturing professor. There are two additional folders containing
				Daniel Reiff's CVs and two duplicate sets of photographs, printed in different years with different resolution. The
				photographs depict the Fogg Museum, the Carpenter Center, including the original Le Corbusier ramp on the Prescott
				Street side, Professor Max Loehr, and Professor Kenneth Conant. </p>
		</scopecontent>
		<dsc type="in-depth">
			<c>
				<did>
					<unitid>1.</unitid>
					<unittitle>CD: Recording of FA154 lecture on April 22, 1963, "Italian Renaissance Painting of the 16th Century."
						Professor Sidney Freedberg.</unittitle>
					<note>
						<p>CD removed to CD Box 1</p>
					</note>
				</did>
			</c>
			<c>
				<did>
					<unitid>2.</unitid>
					<unittitle>Biographical information (obituary) on Sidney Freedberg, 1997. (copy)</unittitle>
				</did>
			</c>
			<c>
				<did>
					<unitid>3.</unitid>
					<unittitle>CD: Recording of FA152b lecture on April 22, 1963, "Italian Sculpture of the 15th Century (Donatello,
						Pollaioula, Filorete, etc.)." Visiting professor Detlef Heikamp </unittitle>
					<note>
						<p>CD removed to CD Box 1</p>
					</note>
				</did>
			</c>
			<c>
				<did>
					<unitid>4.</unitid>
					<unittitle>CD: Recording of FA188 lecture on April 22, 1963, "Chinese Painting (late Yuan and Early Ming
						Dynasties)." Professor Max Loehr</unittitle>
					<note>
						<p>CD removed to CD Box 1</p>
					</note>
				</did>
			</c>
			<c>
				<did>
					<unitid>5.</unitid>
					<unittitle>Biographical article on Max Loehr, 1975. (copy)</unittitle>
				</did>
			</c>
			<c>
				<did>
					<unitid>6.</unitid>
					<unittitle>CD: Recording of FA197a lecture on April 22, 1963, "American Art from Colonial Period to 1865."
						Professor Benjamin Rowland, Jr.</unittitle>
					<note>
						<p>CD removed to CD Box 1 </p>
					</note>
				</did>
			</c>
			<c>
				<did>
					<unitid>7.</unitid>
					<unittitle>Biographical information on Professor Rowland, list and xerographic copies of paintings referred to in
						lecture on April 22, 1963, photograph (n.d.) of Benjamin Rowland, 1 exterior, and 6 interior images of the
						Rowlands' home (c.1969).</unittitle>
				</did>
			</c>
			<c>
				<did>
					<unitid>8.</unitid>
					<unittitle>Excerpts from Courses of Instruction for Harvard and Radcliffe: Faculty of Arts and Science, 1962-1963.
						Re: Fine Arts Courses.</unittitle>
				</did>
			</c>
			<c>
				<did>
					<unitid>9.</unitid>
					<unittitle>Daniel Reiff's CVs, 2002 and 2004.</unittitle>
				</did>
			</c>
			<c>
				<did>
					<unitid>10.</unitid>
					<unittitle>Photographs taken by Daniel Reiff; two sets of seven printed pictures. Included are pictures of
						Professor Max Loehr (1974), Professor Kenneth Conant (1976), three pictures of the Carpenter Center with the
						original Le Corbusier ramp (late 1960s), and two pictures of the Fogg Museum before the construction of Werner
						Otto Hall (1964 and 1969).</unittitle>
				</did>
			</c>
		</dsc>
		<controlaccess>
			<head>Catalog Entries:</head>
			<p>The following catalog entries represent persons, organizations, and topics documented in this collection. An entry
				for each appears in the Harvard On Line Library Information System (HOLLIS) and other automated bibliographic
				databases. THIS IS NOT AN INDEX</p>
			<list>
				<head>Names</head>
				<item>
					<persname>Conant, Kenneth John, 1894- </persname>
				</item>
				<item>
					<persname>Freedberg, S. J. (Sydney Joseph), 1914-1997 </persname>
				</item>
				<item>
					<persname>Heikamp, Detlef.</persname>
				</item>
				<item>
					<persname>Loehr, Max.</persname>
				</item>
				<item>
					<persname>Reiff, Daniel D. (Daniel Drake).</persname>
				</item>
				<item>
					<persname>Rowland, Benjamin, 1904-1972.</persname>
				</item>
				<item>
					<persname>Ruesing, Edward A.</persname>
				</item>
				<item>
					<corpname>Carpenter Center for the Visual Arts</corpname>
				</item>
				<item>
					<corpname>Fogg Art Museum</corpname>
				</item>
				<item>
					<corpname>Harvard University</corpname>
				</item>
			</list>
			<list>
				<head>Subjects</head>
				<item>
					<subject>Art--History</subject>
				</item>
				<item>
					<subject>Art--Study and teaching--20th Century</subject>
				</item>
				<item>
					<subject>Art--Study and teaching--Massachusetts</subject>
				</item>
				<item>
					<subject>College art museums--Massachusetts--Cambridge</subject>
				</item>
				<item>
					<subject>Harvard University--History--20th century</subject>
				</item>
				<item>
					<subject>Harvard University--Faculty</subject>
				</item>
				<item>
					<subject>Photographs--color</subject>
				</item>
			</list>
			<list>
				<head>Form/Genre Terms</head>
				<item>
					<genreform>Clippings</genreform>
				</item>
				<item>
					<genreform>CV(s)</genreform>
				</item>
				<item>
					<genreform>Lecture(s)</genreform>
				</item>
				<item>
					<genreform>Lecture note(s)</genreform>
				</item>
				<item>
					<genreform>Obituary</genreform>
				</item>
				<item>
					<genreform>Photographs</genreform>
				</item>
				<item>
					<genreform>Sound recording(s)</genreform>
				</item>
			</list>
		</controlaccess>
	</archdesc>
</ead>
