<?xml version="1.0" encoding="UTF-8"?>
<ead xmlns="" xmlns:xsi="http://www.w3.org/2001/XMLSchema-instance" xmlns:xlink="http://www.w3.org/1999/xlink" xsi:schemaLocation="urn:isbn:1-931666-22-9 http://www.loc.gov/ead/ead.xsd"><eadheader countryencoding="iso3166-1" dateencoding="iso8601" langencoding="iso639-2b" repositoryencoding="iso15511" scriptencoding="iso15924"><eadid identifier="000603270">art00002</eadid><filedesc><titlestmt><titleproper>Dorner, Alexander, 1893-1957. Papers, 1834-1985: A Guide.</titleproper></titlestmt></filedesc><profiledesc><creation><date calendar="gregorian" era="ce">6/6/2005</date>encoded by: Susan von Salis</creation></profiledesc><revisiondesc><change><date calendar="gregorian" era="ce" normal="20060517">June 8, 2006</date><item>art00002 converted from EAD 1.0 to 2002 by
v1to02.xsl (sy2006-06-08).</item></change></revisiondesc></eadheader><frontmatter><titlepage><titleproper>Dorner, Alexander, 1893-1957.  Papers, 1834-1985: A
Guide.</titleproper><author>Busch-Reisinger Museum</author><publisher>Harvard University, Cambridge, MA
02138</publisher><p>2003 The President and Fellows of Harvard College</p></titlepage></frontmatter><archdesc level="collection"><did><repository>Harvard Art Museum Archives, Harvard University</repository><origination><persname>Alexander Dorner, 1893-1957</persname></origination><unittitle>Papers, 1834-1985<unitdate calendar="gregorian" era="ce">1834-1935</unitdate></unittitle><physdesc><extent>65 file boxes; 6 oversize boxes; 2 rolled storage boxes; 4 map-case folders</extent></physdesc><abstract>Notes, manuscripts, clippings and published articles relating to the research interests
of Alexander Dorner, German art historian, educator, and museum director. </abstract></did><acqinfo><p>The collection was donated to the Busch-Reisinger Museum  by Dorner's widow, <persname>Lydia Dorner,</persname> in <date calendar="gregorian" era="ce">May, 1958 and October 1961.</date></p></acqinfo><processinfo><head>Processing Information:</head><p>The collection was processed in January-March 2005 by <persname>Emma Winter-Roffe,</persname> with assistance from <persname>Renee Gertler,</persname><persname>Susan von Salis</persname> and <persname>Wingsze Mak.</persname></p></processinfo><accessrestrict><head>Conditions on Access:</head><p>Unrestricted.</p></accessrestrict><userestrict><head>Conditions on Use:</head><p>Copying:  Papers may be copied in accordance with the Busch-Reisinger Museum's usual
procedures.</p><p>Copyright:  Copyright in materials by Alexander Dorner is held by his heirs or assigns. 
Copyright in some papers in the collection may be held by their authors, or the authors' heirs or
assigns. Researchers must obtain the written permission of the holder(s) of copyright and the
curator of the Harvard Art Museum Archives before publishing quotations from any material in
the collection. </p></userestrict><separatedmaterial><head>Separated material</head><p>The following drawings were removed from Alexander Dorner's papers and accessioned into the
Busch-Reisinger Museum collection:</p><list><item>Bayer, Herbert: Sketch for museum installation, 1947.  Accession number: <extref xlink:href="http://nrs.harvard.edu/urn-3:HUAM:71652_mddl" xlink:show="new" xlink:type="simple">2000.269.</extref></item><item>Bayer, Herbert: Sketch for museum installation,
1947.  Accession number: <extref xlink:href="http://nrs.harvard.edu/urn-3:HUAM:71653_mddl" xlink:show="new" xlink:type="simple">2000.270.</extref></item></list></separatedmaterial><bioghist><head>Biography: </head><p>Alexander Dorner was born in January, 1893, in <geogname>Königsberg, Germany. </geogname> After graduating from high school, he enrolled in courses at the<corpname>Königsberg University.</corpname> With the onset of World War I, Dorner would divide the
next four years between military service and his university studies.  He transferred to the <corpname>University of Berlin </corpname>in 1915, where he began his study of art history,
archaeology, philosophy, and history.  While completing his degree Dorner associated with other
future historians such as <persname>Erwin Panofsky,</persname> and it was during this time
that he developed a strong interest in art theory and the necessity of revitalizing the study of art
history.  Upon completion of his dissertation in 1919, Dorner found employment at the
Provincial Museum in<geogname>Hannover, Germany.</geogname> Though a novice and
one of the youngest museum directors in Europe, Dorner showed ambition and a desire for
change.  He set about the transformation of the Hanover Museum, intent on creating a new
conceptual arrangement.  The collection was rearranged to create "atmosphere rooms" that were
intended to demonstrate the continuity of themes in art through the ages rather than illustrate
specific art historical periods.   </p><p>Dorner's museum work and advocacy of modern art gained him recognition from German and
international colleagues.  He was the first museum director in the world to purchase and
permanently exhibit the works of Piet Mondrian, Naum Gabo, Kazimir Malevich, and El
Lissitzky.  In the early 1920s he was able to make contact with multiple international gallery
owners, collectors, and artists, putting Hannover on the map in avant-garde art circles. 
Recognition of Dorner's work increased in 1927 when he collaborated with the constructivist <persname>El Lissitzky </persname>in the creation of the "Abstract Cabinet," a theoretical
design for a dynamic museum room based on the viewer's perspective.  </p><p>As a result of the worsening world economic crisis and the change in the cultural and political
climate in Germany, many of Dorner's future projects would not come to fruition.  His influence
in international avant-garde circles and his lifestyle were cause for increasing suspicion, and his
defense of "degenerate art" led to his being forced out of his position at the Hannover Museum
by the Nazis in February 1937, ostensibly because of his financial practices.   </p><p>Dorner appealed to friends and colleagues in the United States, including Alfred Barr, Erwin
Panofsky, and Walter Gropius, all of whom assisted Dorner in his attempts to find a position in
America.  Through the support of these influential contacts and his associations with the
Bauhaus, Dorner was finally nominated in late 1937 to be director of the <corpname>Rhode
Island School of Design Museum. </corpname> At RISD Dorner implemented many of the
same ideas he had in the Hannover Museum, creating atmosphere rooms, and promoting public
access to the museum, particularly for students and children.  Dorner's contributions to the RISD
museum were initially successful and museum attendance grew exponentially.  After a few years,
however, conflicts arose between Dorner and the board of the museum, partially due to his
personality and directorial methods.  The rise of anti-German and anti-Nazi sentiment in America
raised suspicions regarding Dorner's political orientation, and the FBI investigated and
denounced him as a Nazi sympathizer, despite his earlier attempts at opposition to the Nazi party
in Germany.  In May of 1941, Dorner was dismissed as director of the RISD museum.   </p><p>With the help of some prominent society members of Providence, Dorner was able to rehabilitate
his public reputation later that year; however, he never directed another museum.  He gained a
position as lecturer at the art department of <corpname>Brown University, </corpname>and in
1948 joined the faculty at <corpname>Bennington College </corpname>in Vermont where he
lectured on art theory and twentieth-century art history.  His experience at the RISD Museum had
greatly affected him, and he gradually lost touch with current developments in the contemporary
museum and art world.  He died in November of 1957, during a trip to Europe to settle
formalities related to his persecution by the Nazis.   </p></bioghist><scopecontent><head>Scope and Contents:</head><p>The papers in this collection document Alexander Dorner's career and research interests as an art
historian and educator.  The collection consists primarily of clippings and other published
materials, printed images, photographs of art and architecture, drawings, papers and ephemera
collected by Dorner, and his own notes, writings, and lectures on these subjects.  The collection
also includes a small amount of correspondence with friends and colleagues.  The topics reflect
his personal and professional interests, including the following:  art and architecture from the
15th to the 20th centuries, the role of the art museum, philosophy, education, symbolism in art,
non-Western and 'primitive' art, magic and mythology, film, psychology, the impact of science
and mathematics on art, Nazi Germany and politics, and the art and architecture of the Bauhaus. 
The material in the collection ranges in date from 1834 to 1985, however the bulk of the papers
span the years 1919-1959, with most material dating from the 1940s and 1950s.  Most of the
folders contain a mixture of annotated clippings, notes and images.  The folders and their
contents have been kept in original order; they are not in any apparent logical order.  </p><p>The papers in Dorner's original file folders have been re-housed into archival folders for
preservation.  When a large folder necessitated several smaller folders, the new folders have been
numbered to indicate that they represent a part of a larger whole (example: "Psychology +
Psycho-analyse," 1 of 2).  Oversized materials from each original folder were grouped together
and grouped together in oversized "catch-all" folders; these folders and their locations are
indicated in the container list by brackets at the end of each title.  The processor initially
segregated acidic material within each folder by inserting a sheet of blank archival paper.  This
procedure was abandoned after about 100 folders due to time constraints.  Some of Dorner's
folders contained secondary folders within them;  these are indicated in the folder list by
typographic bullets.  Oversized and rolled materials are described at the end of the finding aid.   </p><p>All folder headings are the original folder titles and were presumably  written by Dorner. 
Information enclosed in brackets was provided by the processing archivist.  Folders labeled
"untitled" or "loose material" within brackets indicate materials not explicitly titled or compiled
by Dorner.  These materials have been grouped together in the order in which they were found
and descriptive information has been added by the Busch-Reisinger curatorial department or the
processing archivist.  Sections of the original folders with Dorner's handwriting on them have
been trimmed and included as the first item in each folder.</p><p>When the materials arrived at the Busch-Reisinger Museum, each box was assigned a letter of
the alphabet.  From these large boxes the materials were re-housed into smaller acid-free boxes
in the 1990s and organized by a letter and sub-number system.  For example, the materials from
the original box C were rehoused into boxes C I and C II.  The curatorial department of the
Busch-Reisinger Museum prepared an inventory of the Dorner papers in May 2004.  This
inventory was based upon a version of a typewritten inventory from 1985, which was, in turn, a
transcription of a handwritten inventory from the mid-1960s..  Both the typewritten and
handwritten inventories may be found in the Busch-Reisinger Museum files.  In January-March
2005, when the collection was prepared for archival storage by the Harvard Art Museums
Archives,  the materials were re-housed in archival folders and new archival boxes, and this
finding aid was prepared .  References to the original alpha-numerical box numbers have been
removed from the folder descriptions below; a concordance listing the current folder number of
the contents of each original box can be found at the end of this finding aid. </p></scopecontent><dsc type="in-depth"><head>Container List</head><c><did><unitid>1-2.</unitid><unittitle>  Psychology +
Psycho-analyse</unittitle></did></c><c><did><unitid>3-5.</unitid><unittitle>  Chapter I / Enforced Unity / -the weakness of
our 'Great Traditions' / Chapter II / The Baroque in us</unittitle></did></c><c><did><unitid>6.</unitid><unittitle>  [Untitled -- clippings and reviews on philosophy
/ art / aesthetics / mysticism / Renaissance]</unittitle></did></c><c><did><unitid>7-9.</unitid><unittitle>  [Untitled -- notes and parts of essays by AD on
philosophy / art / aesthetics / mysticism / Renaissance]      </unittitle></did></c><c><did><unitid>10-14.</unitid><unittitle>  'Die Mittelalterliche Plastik den . . . von ca.
600-1500 (Einleitz: Der Orient in W. Europa)' Kolleg Winter 1927/28 </unittitle></did></c><c><did><unitid>15-22.</unitid><unittitle>  Ren [Renaissance] / Copernikus etc</unittitle></did></c><c><did><unitid>23.</unitid><unittitle>  [Untitled -- letter: from Berliner
Lokal-Anzeiger to Alexander Dorner, 5 February 1938]</unittitle></did></c><c><did><unitid>24-33.</unitid><unittitle>  Lectures a. Position</unittitle></did></c><c><did><unitid>34.</unitid><unittitle>American Wing [R.I]</unittitle></did></c><c><did><unitid>35.</unitid><unittitle>  Quarterly Report [to the Museum Committee, to
the Board of Trustees]</unittitle></did></c><c><did><unitid>36.</unitid><unittitle>  'Benjamin's Sack' by Carel Fabritius
(1622-1654)  </unittitle></did></c><c><did><unitid>37-38.</unitid><unittitle>  Nazi Germany + Hitler  [37, 38: filed in
oversize box 65]</unittitle></did></c><c><did><unitid>39-44.</unitid><unittitle>  Education</unittitle></did></c><c><did><unitid>45-46.</unitid><unittitle>  [Loose material -- student project:  typed
paper by C. Hirschorn; chronological chart with drawings, 'Evolution of Dance in the Western
World']  </unittitle></did><note><p>[46: filed in map drawer]</p></note></c><c><did><unitid>47-50.</unitid><unittitle>  [Untitled -- magazine clippings of American
Art, ca. 1939-1958]  </unittitle></did><note><p>[50: filed in oversize box 65]</p></note></c><c><did><unitid>51.</unitid><unittitle>  [Rolled loose material -- student projects:  2
sheets, 'Bekleidung in Afrika'; 2 sheets, drawings of Egyptian architecture] </unittitle></did><note><p>[51: filed in map drawer]</p></note></c><c><did><unitid>52.</unitid><unittitle>  [Rolled loose material -- student project:  typed
paper by J. Carpenter, 'Art and Science: A comparison of Art and music in the Renaissance,
Baroque, and Rococo'; 3 graph paper charts of musical compositions; timeline of 'Development
of Notation']  </unittitle></did><note><p>[52: filed in map drawer; one large musical composition graph chart filed in File Box 73] </p></note></c><c><did><unitid>53.</unitid><unittitle>  [Rolled loose material -- six printed picture
sheets from 'The History of Pharmacy in Pictures', series by Parke, Davis &amp; Company] </unittitle></did><note><p> [53: filed in map drawer]</p></note></c><c><did><unitid>54.</unitid><unittitle>  New Architecture for Museums</unittitle></did></c><c><did><unitid>55.</unitid><unittitle>  Museum Caricatures</unittitle></did></c><c><did><unitid>[*]</unitid><unittitle>  Installation [missing 5/2004] [located 1/2005,
see folders 1130-1131]</unittitle></did></c><c><did><unitid>56-60.</unitid><unittitle>  Notes zur Entwicklung des K. Museums
[Kunstmuseums] - Egypt bis 1953  </unittitle></did></c><c><did><unitid>61.</unitid><unittitle>  Labeling and attached guides in the Hannover
Museum 1934/5</unittitle></did></c><c><did><unitid>62-64.</unitid><unittitle>  Late Romanticism / the 'Neutral' Museum</unittitle></did></c><c><did><unitid>65-69.</unitid><unittitle>  'Die deutsche Malerei des Mittelalters' (bis
Schongauer and Hausbach) / Hannover. Kolleg. W. S. 1929/30</unittitle></did></c><c><did><unitid>70.</unitid><unittitle> Geschichte der Tracht incl. Haartracht / Shaving
from Prehistory on</unittitle></did><c><did><unittitle>Magische Kleidung + Tattoo.. </unittitle></did></c><c><did><unittitle>Tracht / Kleidung, Kleidung Kleidung</unittitle></did><note><p>[*]  Semantics, General Semantics by S. I. Hayakawa 1947 [missing 5/2004] [located 1/2005, see
folders 1128-1129]</p></note></c></c><c><did><unitid>71.</unitid><unittitle> Magische Kulturen &amp; Romantik</unittitle></did></c><c><did><unitid>72-74.</unitid><unittitle>  [Notes on Mathematicians and Philosophers,
Descartes / Leibnitz and co.] [not titled or compiled by AD]</unittitle></did></c><c><did><unitid>75-76.  </unitid><unittitle>Allg. Entwicklung / Kinderzeichnung /
Clown / Traum etc.</unittitle></did></c><c><did><unitid>77.</unitid><unittitle>  Nomads  [77: filed in oversize box 65]</unittitle></did></c><c><did><unitid>78.</unitid><unittitle>  Allg. Geschichte / Scientific-Politics</unittitle></did></c><c><did><unitid>79-81.</unitid><unittitle>  American Artist - 1950  </unittitle></did><note><p>[81: filed in oversize box 65]</p></note></c><c><did><unitid>82-83.</unitid><unittitle>  [Misc. Dorner papers, not titled or compiled
by AD; science / mathematics / philosophy / art]</unittitle></did></c><c><did><unitid>84.</unitid><unittitle>  Former Examinations and Lit. (Brown Univ.)</unittitle></did></c><c><did><unitid>85-87.</unitid><unittitle>  Allgemeine Entwicklung-MEDICINE [with
cross-reference to Economics]</unittitle></did></c><c><did><unitid>88.</unitid><unittitle>  [Untitled folder -- 'The Listener' magazine] </unittitle></did><note><p> [88: filed in oversize box 65]</p></note></c><c><did><unitid>89-90.</unitid><unittitle>  [Loose material -- 2 student projects;
Bauhaus pamphlet, newspaper clipping, article]  </unittitle></did><note><p>[89, 90: filed in oversize box 66]</p></note></c><c><did><unitid>91-94.</unitid><unittitle>  Allg. Fragen / Polarität/Split</unittitle></did></c><c><did><unitid>95-97.</unitid><unittitle>  [Misc. notes, not titled or compiled by AD;
philosophy]</unittitle></did></c><c><did><unitid>98.</unitid><unittitle>  Neutra</unittitle></did><note><p>  [98: filed in oversize box 66]</p></note></c><c><did><unitid>99.</unitid><unittitle>  Wilhelm Wagenfeld</unittitle></did></c><c><did><unitid>100.</unitid><unittitle>  Communism / Kunst</unittitle></did></c><c><did><unitid>101.</unitid><unittitle>  [Unlabled envelope -- photograph from Siegel
to Dorner, 1947] </unittitle></did><note><p> [101: filed in oversize box 66]</p></note></c><c><did><unitid>102-104.</unitid><unittitle>  Wirklich Moderne Baukunst + Designs </unittitle></did><note><p> [102, 103: filed in oversize box 66]</p></note></c><c><did><unitid>105.</unitid><unittitle>  Causa and Telos</unittitle></did></c><c><did><unitid>106-108.</unitid><unittitle>  Allg. Entwicklung</unittitle></did></c><c><did><unitid>109-111.</unitid><unittitle>  Renaissance and Baroque, Brown Univ.
Winter sem. 1946/47 [Renaissance &amp; Baroque philosophy, science, etc. / ongoing explorations of
the Baroque in us / Uniformity theme.] </unittitle></did></c><c><did><unitid>112-113.</unitid><unittitle>  America  [Notes and articles on American
history and archaeology]</unittitle></did></c><c><did><unitid>114-116.</unitid><unittitle>  [Dorner Papers put in folder 8/21/84, not
titled or compiled by AD -- Renaissance science and art / antique precedents / the Baroque / reign
of Louis XIV.] </unittitle></did></c><c><did><unitid>117.</unitid><unittitle>  [Dorner Papers -- Art museums/institutes]</unittitle></did></c><c><did><unitid>118.</unitid><unittitle>  Die Welt, die Nirgends Equilibrium hat oder
sucht; Biological / Scientific / cultural Humanistic / Evolution</unittitle></did></c><c><did><unitid>119.</unitid><unittitle>  Language of Visual art course and The College
week, Nov. 51 </unittitle></did><c><did><unittitle> Exhibitions -- Bennington College
Planned for 1948/49 </unittitle></did></c></c><c><did><unitid>120-125.</unitid><unittitle>  Allg. Entwicklungs darstellung des
Stadtebau </unittitle></did><note><p> [125: filed in oversize box 66]</p></note><c><did><unittitle> Stadtebau [Not located in 5/2004]</unittitle></did></c><c><did><unittitle> Lit. of city planning von...bis</unittitle></did></c><c><did><unittitle> Stadtebau / 1. Neolithic / 2. ...centers / 3. Greece</unittitle></did></c><c><did><unittitle> Tunnard / The City of Man / 1953 / Bennington Library  </unittitle></did></c></c><c><did><unitid>126-128.</unitid><unittitle>  MA [Middle-Ages] Sciences incl. Arabs</unittitle></did></c><c><did><unitid>129.</unitid><unittitle>  [Loose material -- Renaissance / Baroque Art /
Gropius]</unittitle></did></c><c><did><unitid>130-139.</unitid><unittitle>  I / Meaningless Generalities </unittitle></did><note><p> [139: filed in oversize box 66]</p></note></c><c><did><unitid>140-143.</unitid><unittitle>  Geschichte der Entwicklungslehre</unittitle></did></c><c><did><unitid>144-148.</unitid><unittitle>  Quote from J.B. Conant (Harvard) 'On
Understanding Science'</unittitle></did></c><c><did><unitid>149.</unitid><unittitle>  [Loose material -- papers labeled "Haeckel
Weltratsel, 1941"]</unittitle></did></c><c><did><unitid>150.</unitid><unittitle>  Nietzsche</unittitle></did></c><c><did><unitid>151.</unitid><unittitle>  Modern Sciences / Jung / Eddington /
Reidienbach</unittitle></did></c><c><did><unitid>152-155.</unitid><unittitle>  Das Moderne USA </unittitle></did><c><did><unittitle> Justice Holmes </unittitle></did></c><c><did><unittitle> Psychology</unittitle></did></c><c><did><unittitle> Dewey and Dorner</unittitle></did></c></c><c><did><unitid>156. </unitid><unittitle>Die Schwachen von USA</unittitle></did></c><c><did><unitid>157-162.</unitid><unittitle>Renaissance</unittitle></did></c><c><did><unitid>163-164.</unitid><unittitle>Renaissance / A. Dorner / Bennington, Fall,
48</unittitle></did></c><c><did><unitid>165-170.</unitid><unittitle>Renaissance + Baroque / Pseudo 'Sciences'
natural + social</unittitle></did></c><c><did><unitid>171-174.</unitid><unittitle> Meine Movie lectures / at Syracuse 2 Aug
51 / at Harvard 23 Oct 51 / at Bennington Symposium Nov 17, 55 / aus Notizen ab 1922</unittitle></did></c><c><did><unitid>175-176. </unitid><unittitle>Spinoza</unittitle></did></c><c><did><unitid>177-184.</unitid><unittitle> [Untitled -- primarily about film]</unittitle></did><c><did><unittitle>Movie outgrowing Art / by AD, July 51 </unittitle></did></c></c><c><did><unitid>185. </unitid><unittitle>Expressive Kurven v. 1900 / Romantiker /
1957 / by Pat Flagg </unittitle></did><note><p> [185: filed in oversize box 66]</p></note></c><c><did><unitid>186-190. </unitid><unittitle>Folder with collage elements, labeled
"Gold" [primarily about color] </unittitle></did><c><did><unittitle>Gold... + neo
Platonism </unittitle></did></c></c><c><did><unitid>191-194. </unitid><unittitle>Wie arbeitet der magische Mind?</unittitle></did></c><c><did><unitid>195. </unitid><unittitle> Paul Plant / Prinzipien und Methoden der
Kunst-psychologie / Berlin 1928</unittitle></did></c><c><did><unitid>196-200.</unitid><unittitle>Slides</unittitle></did></c><c><did><unitid>201-207.</unitid><unittitle>  Catholicism bis 1952</unittitle></did></c><c><did><unitid>208-215. </unitid><unittitle>Die Bühne </unittitle></did><c><did><unittitle>Articles on the History of theatre</unittitle></did></c><c><did><unittitle>Thespis / by Theodor H. Gaster / New York 1950</unittitle></did></c></c><c><did><unitid>216-217.</unitid><unittitle>Art education at the crossroads / Harvard,
Aug. 1, 1948</unittitle></did></c><c><did><unitid>218-221.</unitid><unittitle>Excerpts fr. Books  </unittitle></did><note><p>[221: filed in oversize box 66]</p></note></c><c><did><unitid>222-225.</unitid><unittitle>Africa</unittitle></did></c><c><did><unitid>226-239.</unitid><unittitle>Chapter VI / The 'Museum' of the Future </unittitle></did><note><p>[239: filed in oversize box 66]</p></note></c><c><did><unitid>240-243.</unitid><unittitle>Uniformierung in der Modern Baukunst </unittitle></did><note><p> [242, 243: filed in oversize box 67]</p></note></c><c><did><unitid>244-245.</unitid><unittitle>[Dorner Archive / Animal Clippings; not
titled or compiled by AD] [photos, clippings, articles about animal intelligence and evolution]</unittitle></did></c><c><did><unitid>246-249.</unitid><unittitle>Mayas and Mexicans</unittitle></did></c><c><did><unitid>250.</unitid><unittitle>R.H. Löwie Primitive Society</unittitle></did></c><c><did><unitid>251-252.</unitid><unittitle>Das Movie / Panofsky</unittitle></did></c><c><did><unitid>253-255.</unitid><unittitle>Schluss Kapitel (VII)</unittitle></did><note><p>  [255: filed in oversize box 67]</p></note></c><c><did><unitid>256-257.</unitid><unittitle>Malinowsky + Magic, Science and
Religion / Beacon Press, Boston, 1948 </unittitle></did></c><c><did><unitid>258-262.</unitid><unittitle>Tiere  </unittitle></did><note><p>[262: filed in oversize box 67]</p></note></c><c><did><unitid>263-267.</unitid><unittitle>City Planning and TVA </unittitle></did><note><p> [267: filed in oversize box 67]</p></note></c><c><did><unitid>268-272.</unitid><unittitle>The March of the Dimensions  </unittitle></did><note><p> [272: filed in oversize box 67] </p></note></c><c><did><unitid>273-280.</unitid><unittitle>Kommendes</unittitle></did></c><c><did><unitid>281-289.</unitid><unittitle>The Growth in Art</unittitle></did></c><c><did><unitid>290-291.</unitid><unittitle>European Museums / Collections / Dealers 
</unittitle></did><note><p>[291: filed in oversize box 67]</p></note></c><c><did><unitid>292.</unitid><unittitle>Ancient art and Ritual </unittitle></did></c><c><did><unitid>293-294.</unitid><unittitle>Charles Singer / A Short History of
Science... </unittitle></did></c><c><did><unitid>295-296.</unitid><unittitle>Existenzialism </unittitle></did></c><c><did><unitid>297-299.</unitid><unittitle>Renaissance</unittitle></did></c><c><did><unitid>300-302.</unitid><unittitle>Renaissance Architecture Italy</unittitle></did></c><c><did><unitid>303-304.</unitid><unittitle>Renaissance Painting </unittitle></did></c><c><did><unitid>305.</unitid><unittitle>Renaissance Sculpture</unittitle></did></c><c><did><unitid>306-311.</unitid><unittitle>[Loose material] notes and clippings on
city planning / aesthetics / psychology &amp; art / architecture]  </unittitle></did><note><p>[311: filed in oversize box 67]</p></note></c><c><did><unitid>312-317.</unitid><unittitle>1938-1940 / Alexander Dorner / Vorträge
und Artikel / Liste umseitung</unittitle></did></c><c><did><unitid>318-332.</unitid><unittitle>1932-1937 / Alexander Dorner / Vorträge
und Artikel / Liste innen</unittitle></did></c><c><did><unitid>333.</unitid><unittitle>Educational Movies</unittitle></did></c><c><did><unitid>334-339.</unitid><unittitle>Movie</unittitle></did></c><c><did><unitid>340-348.</unitid><unittitle>Charts - History of Art </unittitle></did></c><c><did><unitid>349-351.</unitid><unittitle>Religion + Modern Art + Modern
Architecture </unittitle></did><note><p> [351: filed in oversize box 67]</p></note></c><c><did><unitid>352-353.</unitid><unittitle>Modern Art + Religion / 'Moderner'
Kirchenbau </unittitle></did><note><p>[353: filed in oversize box 67]</p></note></c><c><did><unitid>354.</unitid><unittitle>Mythen</unittitle></did></c><c><did><unitid>355.</unitid><unittitle>H. Frankfort + J. Wilson / 'Before Philosophy'
1949</unittitle></did></c><c><did><unitid>356-357.</unitid><unittitle>[Loose material -- student paper about the
Baroque; articles about Louis XIV, Madame de Pompadour]</unittitle></did></c><c><did><unitid>358.</unitid><unittitle>Silhouettenblumen</unittitle></did></c><c><did><unitid>359.</unitid><unittitle>Technik </unittitle></did></c><c><did><unitid>360-363.</unitid><unittitle>  Jewish 'Art' </unittitle></did><c><did><unittitle>Ekhnator, Buddha, Tao, etc </unittitle></did></c></c><c><did><unitid>364-366.</unitid><unittitle>Evolution in Universe + on Earth</unittitle></did></c><c><did><unitid>367-369.</unitid><unittitle>Fallacies and Dangers of II</unittitle></did></c><c><did><unitid>370-379.</unitid><unittitle>Der primitive Mensch</unittitle></did><note><p> [379: filed in oversize box 67]</p></note></c><c><did><unitid>380-382.</unitid><unittitle>Neolithicum</unittitle></did></c><c><did><unitid>383-388.</unitid><unittitle>Malerei des 1900 / Kolleg</unittitle></did></c><c><did><unitid>389-395.</unitid><unittitle>Mag. Symbole and Magic im Mittelalter</unittitle></did></c><c><did><unitid>396.</unitid><unittitle>Mesopotamia</unittitle></did></c><c><did><unitid>397-403.</unitid><unittitle>Lectures / History of Art III, Ma [Middle
Ages] </unittitle></did><note><p> [403: filed in oversize box 68] </p></note></c><c><did><unitid>404-411.</unitid><unittitle>Literature for Language of Visual Art I and
II + Contemporary Art</unittitle></did></c><c><did><unitid>412-414.</unitid><unittitle>Panoramas and Forerunners / Kaleidoskop /
Stereoskop / Movies  </unittitle></did><note><p>[414: filed in oversize box 68] </p></note></c><c><did><unitid>415-417.</unitid><unittitle>  [Loose material--photos of memorial
statues] </unittitle></did><note><p> [415-17: filed in oversize box 68]</p></note></c><c><did><unitid>418.</unitid><unittitle>  10 / 9 / 13 / 5</unittitle></did></c><c><did><unitid>419.</unitid><unittitle>  ([drawing of horizontal crescent symbol] + 3 +
9)</unittitle></did></c><c><did><unitid>420-421.</unitid><unittitle>  Hospitals / Moscow subway / Bridges /
Memorials / etc  </unittitle></did><note><p>[421: filed in oversize box 68] </p></note></c><c><did><unitid>422.</unitid><unittitle>  Schrift + (Writing) + Sprache </unittitle></did></c><c><did><unitid>423.</unitid><unittitle>  7</unittitle></did></c><c><did><unitid>424-427.</unitid><unittitle>  Psyche / Jung / Freud / etc.</unittitle></did></c><c><did><unitid>428-446.</unitid><unittitle>  Allg.[Entwicklung] Politik. / Wirtschaft /
Freud -- Psychologie</unittitle></did><note><p>  [446: filed in oversize box 68]</p></note></c><c><did><unitid>447-450.</unitid><unittitle>  1919-1929 / Liste umseitig / Alexander
Dorner / Vorträge und Aufsätze </unittitle></did><note><p> [450: filed in oversize box 68]</p></note></c><c><did><unitid>451-456.</unitid><unittitle>  1930/1931 / Liste umseitig / Alexander
Dorner / Vorträge und Aufsätze </unittitle></did></c><c><did><unitid>457.</unitid><unittitle>  1941-1957 / Liste umseitig / Alexander Dorner
/ Vorträge und Aufsätze  </unittitle></did></c><c><did><unitid>458-459.</unitid><unittitle>  Baroque </unittitle></did></c><c><did><unitid>460.</unitid><unittitle>  Living Instruments</unittitle></did></c><c><did><unitid>461.</unitid><unittitle>  Female Genitalia</unittitle></did></c><c><did><unitid>462.</unitid><unittitle>  Burials</unittitle></did></c><c><did><unitid>463-464.</unitid><unittitle>  Der magische Stil</unittitle></did></c><c><did><unitid>465-468.</unitid><unittitle>  Hannover / National-Sozialismus und
Verwandtes / Deutschland</unittitle></did></c><c><did><unitid>469-471.</unitid><unittitle>  English speeches / USA </unittitle></did></c><c><did><unitid>472.</unitid><unittitle>  Descartes and Leibnitz</unittitle></did></c><c><did><unitid>473.</unitid><unittitle>  [Folder with drawing of ancient helmet on
cover -- notes on ancient and primitive helmets]</unittitle></did></c><c><did><unitid>474.</unitid><unittitle>  Geschichte / griechische römische /
Geschichte</unittitle></did></c><c><did><unitid>475.</unitid><unittitle>  [Folder marked with arrows and place names
-- notes on ancient history, Japanese / Egyptian / Phoenician]</unittitle></did></c><c><did><unitid>476-478.</unitid><unittitle>  China</unittitle></did></c><c><did><unitid>479-482.</unitid><unittitle>  Magical Vision</unittitle></did></c><c><did><unitid>483-486.</unitid><unittitle>  I / Totalitarian phase + its cracking</unittitle></did></c><c><did><unitid>487-492.</unitid><unittitle>  Science + Art </unittitle></did><c><did><unittitle>Art + Sciences 1950, 1952 + Spring 55 / on 'Integration' of Arts + Sciences /
Religion + physical experiences</unittitle></did></c></c><c><did><unitid>493-496.</unitid><unittitle>Good Papers / Bennington College </unittitle></did></c><c><did><unitid>497-500.</unitid><unittitle>[Loose material -- articles and clippings
written by AD, several about Hannover Museum, 1920s] </unittitle></did><note><p>[500: filed in oversize box 68]</p></note></c><c><did><unitid>501-505.</unitid><unittitle>Evolutionary Aesthetics / Part I / Magic
Vision or Pragmatism</unittitle></did></c><c><did><unitid>506-508.</unitid><unittitle>Caryl P. Haskins / 'Of Societies and Men'
NY 1951 / 'Die Biologie der Menschen'</unittitle></did></c><c><did><unitid>509-510.</unitid><unittitle>Die Entwicklung der
Landschaftsdarstellung [from the 1920's, early 1930's]</unittitle></did></c><c><did><unitid>511-514.</unitid><unittitle>Gegen Northrop - für Evolution</unittitle></did></c><c><did><unitid>515-517.</unitid><unittitle>Gertrude Rachel Levy / The Gate of Horn /
London 1948 </unittitle></did></c><c><did><unitid>518-524.</unitid><unittitle>Kunst des 17/ + 18/00</unittitle></did></c><c><did><unitid>525-528.</unitid><unittitle>The Art Museum / Bennington Spring 56</unittitle></did></c><c><did><unitid>529-530.</unitid><unittitle>The Art Museum / Bennington, Spring 53</unittitle></did></c><c><did><unitid>531-532.</unitid><unittitle>[Untitled -- notes and lectures regarding
'The Art Museum / Bennington Spring 56'; includes 'The Palace Museum of Academic Conceit']</unittitle></did></c><c><did><unitid>533.</unitid><unittitle>[Loose material -- letter regarding a book by
John Dewey]</unittitle></did></c><c><did><unitid>534-556.</unitid><unittitle>II   </unittitle></did></c><c><did><unitid>557-558.</unitid><unittitle>Evolutionary Psychology: Freud's
Evolutionary Psychology </unittitle></did></c><c><did><unitid>559-560.</unitid><unittitle>Evolutionary Psychology: Neurology /
Judson Herrick / Otto Lowenstein </unittitle></did></c><c><did><unitid>561-563.</unitid><unittitle>Bio-Chemists / Evolutionary medicine /
Psychiatry and Psychology </unittitle></did></c><c><did><unitid>564-566.</unitid><unittitle>Verwandte Psychologist + Psychiatrists +
Anthropologists + Sociology</unittitle></did></c><c><did><unitid>567-573.</unitid><unittitle>I</unittitle></did></c><c><did><unitid>574-579.</unitid><unittitle>Appeal for Support of Social/Human
sciences </unittitle></did></c><c><did><unitid>580-582.</unitid><unittitle>Human Vision / Sehen des light speed</unittitle></did><c><did><unittitle>Mental Evolution / Lernen + Vererben</unittitle></did></c></c><c><did><unitid>583-584.</unitid><unittitle>Non-documentary movies</unittitle></did></c><c><did><unitid>585-586.</unitid><unittitle>[Untitled -- notes on magic / aesthetics /
primitive man]</unittitle></did></c><c><did><unitid>587-589.</unitid><unittitle>The Academic (Baroque) Art Museum of
'Correct' Artistic Symbols </unittitle></did><note><p>[587: filed in oversize box 68] </p></note></c><c><did><unitid>590.</unitid><unittitle>Creativeness </unittitle></did></c><c><did><unitid>591-593.</unitid><unittitle>Greeks </unittitle></did></c><c><did><unitid>594-598.</unitid><unittitle>Anfang? des Lebens </unittitle></did></c><c><did><unitid>599.</unitid><unittitle>Mathematics / Magic / Rational / Modern</unittitle></did></c><c><did><unitid>600-604.</unitid><unittitle>Today's American Primitives + Sino +
Japan </unittitle></did><note><p>[604: filed in oversize box 69]</p></note></c><c><did><unitid>605-608.</unitid><unittitle>America / Proto-lithicum, Mio-Lithicum,
Neo-Lithicum / + American Primitives	</unittitle></did></c><c><did><unitid>609-611.</unitid><unittitle>Rom [Rome] </unittitle></did></c><c><did><unitid>612.</unitid><unittitle>The Bull Hero</unittitle></did></c><c><did><unitid>613-619.</unitid><unittitle>Babylonia usw. </unittitle></did><note><p>[619: filed in oversize box 69]</p></note></c><c><did><unitid>620-626.</unitid><unittitle>Neolithicum + Copper + Bronze in Europe </unittitle></did><note><p>[626: filed in oversize box 69]</p></note></c><c><did><unitid>627-630.</unitid><unittitle>Protolithicum (interglacial)</unittitle></did></c><c><did><unitid>631-634.</unitid><unittitle>From Ape to Man </unittitle></did><note><p>[634: filed in oversize box 69]</p></note></c><c><did><unitid>635-637.</unitid><unittitle>Nomaden des Nordens </unittitle></did><note><p>[637: filed in oversize box 69]</p></note></c><c><did><unitid>638.</unitid><unittitle>Filme + Platten </unittitle></did></c><c><did><unitid>639.</unitid><unittitle>Instruments</unittitle></did></c><c><did><unitid>640.</unitid><unittitle>Space</unittitle></did></c><c><did><unitid>641-642.</unitid><unittitle>Landschaft Epigenesis</unittitle></did></c><c><did><unitid>643.</unitid><unittitle>H.A.H. Tabellen </unittitle></did></c><c><did><unitid>644.</unitid><unittitle>Harvard charts and tables</unittitle></did></c><c><did><unitid>645.</unitid><unittitle>Seton Lloyd / Twin Rivers / Oxford University
Press, 1943/47</unittitle></did></c><c><did><unitid>646.</unitid><unittitle>[Folder with drawing of ships -- articles,
clippings on ancient ships]</unittitle></did></c><c><did><unitid>647.</unitid><unittitle>Religion --&gt; New Faith</unittitle></did></c><c><did><unitid>648-649.</unitid><unittitle>History of Economics</unittitle></did></c><c><did><unitid>650.</unitid><unittitle>Economic Dictatorship</unittitle></did></c><c><did><unitid>651.</unitid><unittitle>[Loose material -- article about glass; notes;
pages entitled "Excerpts from D's writings and speeches" [selections from 1923-1955]</unittitle></did></c><c><did><unitid>652.</unitid><unittitle>Von [drawing of coiled symbol] zu
Resurrection cults</unittitle></did></c><c><did><unitid>653-657.</unitid><unittitle>Magier + Griechen </unittitle></did><note><p>[657: filed in oversize box 69]</p></note></c><c><did><unitid>658-660.</unitid><unittitle>A. Dorner / Art education at the crossroads
/ Harvard Aug. 9.48 (Grad. School of English) [title is misleading; contents are about education
and children's art]</unittitle></did></c><c><did><unitid>661-669.</unitid><unittitle>  Banking, Economy, etc, society</unittitle></did><note><p>  [669: filed in oversize box 69] </p></note><c><did><unittitle>The Social Costs of Private Enterprise / K. William Kapp</unittitle></did></c></c><c><did><unitid>670. </unitid><unittitle>  [Loose material - notes and clippings on films
from early 1950s]</unittitle></did></c><c><did><unitid>671-675. </unitid><unittitle>  Magic in Decay</unittitle></did></c><c><did><unitid>676-677. </unitid><unittitle> Evolution der Religion yüm
evolutionären[?] Faith </unittitle></did><c><did><unittitle>Evolution of
Religions-Geschichte</unittitle></did></c></c><c><did><unitid>678-679.</unitid><unittitle>Bibliography / Geschichte des
Kunstsammelns</unittitle></did></c><c><did><unitid>680-681.</unitid><unittitle>Evolution / Variety / Evolution</unittitle></did></c><c><did><unitid>682-684.</unitid><unittitle>'Liberating the arts' / The Soil of the USA</unittitle></did></c><c><did><unitid>685-692.</unitid><unittitle>Children and animals</unittitle></did></c><c><did><unitid>693.</unitid><unittitle>Catholicism</unittitle></did></c><c><did><unitid>694.</unitid><unittitle>Ethical Science</unittitle></did></c><c><did><unitid>695.</unitid><unittitle>Max Horkheimer / Anfänge der bürgerlichen
Ges. philosophie  </unittitle></did></c><c><did><unitid>696-697.</unitid><unittitle>[Untitled -- notes on ancient Egyptian
religion; AD lectures on architecture / art / museums / history / education]</unittitle></did></c><c><did><unitid>698.</unitid><unittitle>The Vision of the Animals + children </unittitle></did></c><c><did><unitid>699-701.</unitid><unittitle>Chart class / Spring 57 + 5  </unittitle></did><note><p>[701: filed in oversize box 69] </p></note></c><c><did><unitid>702.</unitid><unittitle>Odds and Ends [copy of speech, "Why have art
museums?"; issue of College Art Journal (Spring 1947)]</unittitle></did></c><c><did><unitid>703.</unitid><unittitle>Mss + Artikel / George Grosz 1941 </unittitle></did><note><p> [703: filed in oversize box 69] </p></note></c><c><did><unitid>704-706.</unitid><unittitle>Zukünftige Themen für Vorträge und
Aufsätze</unittitle></did><c><did><unittitle>Layout for a book entitled 'The Art
Museums of the Future'</unittitle></did></c></c><c><did><unitid>707-708.</unitid><unittitle>Jeans / The New Background of Science /
New York 1933 </unittitle></did></c><c><did><unitid>709-712.</unitid><unittitle>Bull-love / Ram </unittitle></did></c><c><did><unitid>713.</unitid><unittitle>Max Weber / Ges. Aufsätze für Religions
soziologie / 1922 </unittitle></did></c><c><did><unitid>714-719.</unitid><unittitle>[Loose material -- info on various
exhibitions; articles/speeches written by AD; notes and clippings on film; letter from P. Stout to
L. Dorner]</unittitle></did></c><c><did><unitid>720-722.</unitid><unittitle>Stringfellow Barr / The Pilgrimage of
Western Man / N.Y. 1949 </unittitle></did></c><c><did><unitid>723.</unitid><unittitle>Caricature siche auch Masken </unittitle></did></c><c><did><unitid>724-728.</unitid><unittitle>Class lists / Bennington  </unittitle></did></c><c><did><unitid>729-730.</unitid><unittitle>Kriegsfuhrung / Strategy through the ages </unittitle></did></c><c><did><unitid>731.</unitid><unittitle>Justice / Law </unittitle></did></c><c><did><unitid>732.</unitid><unittitle>Cosmic Staat / Stadt-Staat / Feudal Staat /
National Staat / etc </unittitle></did></c><c><did><unitid>733-742.</unitid><unittitle>Der Renaissance Raum / Jan/Feb 55 </unittitle></did><note><p> [742: filed in oversize box 69]</p></note></c><c><did><unitid>743-744.</unitid><unittitle>Clown / Caricature</unittitle></did></c><c><did><unitid>745-746.</unitid><unittitle>Dewey</unittitle></did></c><c><did><unitid>747-748.</unitid><unittitle>Leger / Mumford / Munro / Moholy</unittitle></did></c><c><did><unitid>749-757.</unitid><unittitle>Welt-bild</unittitle></did></c><c><did><unitid>758-760.</unitid><unittitle>Evolution bis zum Affen / Animal society
+ its features (categories)</unittitle></did></c><c><did><unitid>761-763.</unitid><unittitle>Menschliches 'Sehen'</unittitle></did></c><c><did><unitid>764-765.</unitid><unittitle>[Loose material, labeled "Schlange" --
student project: "The Serpent"; essay, notes and illustrations] </unittitle></did><note><p> [765: filed in oversize box 69] </p></note></c><c><did><unitid>766-769.</unitid><unittitle>Older + Modern Documentaries</unittitle></did></c><c><did><unitid>770.</unitid><unittitle>The Film as a New Species of Art, Bennington
Symposium, May 17, 55.</unittitle></did></c><c><did><unitid>771-782.</unitid><unittitle>India </unittitle></did><note><p> [782: filed in oversize box 69] </p></note></c><c><did><unitid>783-785.</unitid><unittitle>The Meeting of East and West </unittitle></did></c><c><did><unitid>786-791.</unitid><unittitle>Egypt </unittitle></did><note><p> [791: filed in oversize box 70] </p></note></c><c><did><unitid>792-797.</unitid><unittitle>Heutige Religionen</unittitle></did></c><c><did><unitid>798-800.</unitid><unittitle>II / 1900</unittitle></did></c><c><did><unitid>801-807.</unitid><unittitle>MA [Middle-Ages] </unittitle></did><note><p> [807: filed in oversize box 70] </p></note></c><c><did><unitid>808-811.</unitid><unittitle>Catholicism</unittitle></did></c><c><did><unitid>812.</unitid><unittitle>[Loose material -- notes on music and symbols]</unittitle></did></c><c><did><unitid>813-814.</unitid><unittitle>Japan  </unittitle></did><note><p> [814: filed in oversize box 70] </p></note></c><c><did><unitid>815-821.</unitid><unittitle>Creative Evolution </unittitle></did></c><c><did><unitid>822-823.</unitid><unittitle>Art Education particularly in Museums</unittitle></did></c><c><did><unitid>824-829.</unitid><unittitle>Kinderzeichnung + Art Education in
Schools / Harvard 10.VI.48  </unittitle></did><note><p>[829: filed in oversize box 70] </p></note></c><c><did><unitid>830-833.</unitid><unittitle>Renaissance</unittitle></did></c><c><did><unitid>834.</unitid><unittitle>Symbole </unittitle></did></c><c><did><unitid>835-838.</unitid><unittitle>Antike  u. frühchristliche Architektur   </unittitle></did></c><c><did><unitid>839-842.</unitid><unittitle>[Untitled folder -- notes on Poussin /
Descartes / architecture / the evolution of the orchestra / composers, etc.]</unittitle></did></c><c><did><unitid>843-848.</unitid><unittitle>Jeans / Physics and Philosophy / 1943 </unittitle></did></c><c><did><unitid>849.</unitid><unittitle>Modern Physics </unittitle></did></c><c><did><unitid>850.</unitid><unittitle>Kraft + Bewegung </unittitle></did></c><c><did><unitid>851.</unitid><unittitle>Schrodinger + Oppenheimer </unittitle></did></c><c><did><unitid>852.</unitid><unittitle>Reichenbach</unittitle></did></c><c><did><unitid>853.</unitid><unittitle>Huth's 2 Articles</unittitle></did></c><c><did><unitid>854-859.</unitid><unittitle>Evolutionary Astronomy</unittitle></did></c><c><did><unitid>860-873.</unitid><unittitle>Genetics </unittitle></did><note><p> [873: filed in oversize box 70] </p></note></c><c><did><unitid>874-889.</unitid><unittitle>  Einzelne Räume des New Institute</unittitle></did><c><did><unittitle>Prehistoric Room + Room Antiker</unittitle></did></c><c><did><unittitle>Kulturelle Inhalte + Darstellungs möglichkeit </unittitle></did><c><did><unittitle>Technical Evolution / Technique of Performances in Units / Technical
Advisors</unittitle></did></c></c></c><c><did><unitid>890.</unitid><unittitle> Masken</unittitle></did></c><c><did><unitid>891. </unitid><unittitle> Magic Distortions</unittitle></did></c><c><did><unitid>892. </unitid><unittitle>[Folder with drawing of faces -- notes on
primitive drawings]</unittitle></did></c><c><did><unitid>893-896. </unitid><unittitle>Future Art + Architecture</unittitle></did></c><c><did><unitid>897. </unitid><unittitle>Krautheimer / Einleitung z. Ikongraphie M.A.
[Mittelalterliche] Architektur </unittitle></did></c><c><did><unitid>898-903. </unitid><unittitle> Frankreich / Mittelaltere K. von Jeher
Forward --&gt; Gothique</unittitle></did></c><c><did><unitid>904-907. </unitid><unittitle> Antike / Aristotle's 'Dialectic Law' / Pliny
/ Plato / Socrates</unittitle></did></c><c><did><unitid>908-915. </unitid><unittitle> [Loose material -- notes on the gardens of
Louis XIV / Academies / mysticism / class lecture notes on the baroque period]</unittitle></did></c><c><did><unitid>916. </unitid><unittitle> Garden</unittitle></did></c><c><did><unitid>917-922. </unitid><unittitle> History of Art History -- part of Axel's
entwurf für the living museum</unittitle></did></c><c><did><unitid>923. </unitid><unittitle> Africa</unittitle></did></c><c><did><unitid>924. </unitid><unittitle> Sports / races, duels, etc.</unittitle></did></c><c><did><unitid>925-927. </unitid><unittitle> Contemporary Art, 55</unittitle></did></c><c><did><unitid>928-933.  </unitid><unittitle>Creative Evolution in Physics incl.
Astronomie</unittitle></did></c><c><did><unitid>934-936. </unitid><unittitle> Art History I / The Ages of the earth /
Origins of man / Paleolithicum / Miolithicum </unittitle></did></c><c><did><unitid>937.</unitid><unittitle>  E. S. C. Schiller</unittitle></did></c><c><did><unitid>938. </unitid><unittitle> Kunstgeschichte</unittitle></did></c><c><did><unitid>939-944. </unitid><unittitle> Sun Worship</unittitle></did></c><c><did><unitid>945-947. </unitid><unittitle> The Meeting of East and West by F. S. C.
Northrop / New York 1946</unittitle></did></c><c><did><unitid>948-949. </unitid><unittitle> John Dewey / Intelligence and Morals /
Columbia Univ. 1908</unittitle></did></c><c><did><unitid>950-951.</unitid><unittitle>  Freud </unittitle></did></c><c><did><unitid>952-953.</unitid><unittitle>  M. Rostovtzeff / The Animal Style in
Russia and China / Princeton, 1925/9</unittitle></did></c><c><did><unitid>954. </unitid><unittitle> Die Philosophie der Gegenwart</unittitle></did></c><c><did><unitid>955.</unitid><unittitle>  Augustin 'Der Gottestaat'</unittitle></did></c><c><did><unitid>956-960.</unitid><unittitle>  Freud / W. James / + John Dewey</unittitle></did></c><c><did><unitid>961-962. </unitid><unittitle> William James / 1902 'Varieties of
Religious Experience' / 1906 'Pragmatism'</unittitle></did></c><c><did><unitid>963-965. </unitid><unittitle> Geschichte der Neueren Philosophie</unittitle></did></c><c><did><unitid>966-969.</unitid><unittitle>  Movies</unittitle></did></c><c><did><unitid>970-973. </unitid><unittitle> Art and Music</unittitle></did></c><c><did><unitid>974-976. </unitid><unittitle> Stonehenge / Erd-Mutter</unittitle></did></c><c><did><unitid>977-978. </unitid><unittitle> Foundations / The Science of Sociology +
Politics</unittitle></did></c><c><did><unitid>979. </unitid><unittitle> Races</unittitle></did></c><c><did><unitid>980. </unitid><unittitle> Food and Dinnertable through the Ages</unittitle></did></c><c><did><unitid>981.</unitid><unittitle>  Wirtschaft / Kunst...</unittitle></did></c><c><did><unitid>982.</unitid><unittitle>  [Loose material -- Dorner original carbon copy
of 16 October 1924 speech on collection of Hannover Museum]</unittitle></did></c><c><did><unitid>983.</unitid><unittitle> [Loose material -- Erklärung des Raums (black
book explaining the Abstract Cabinet)]</unittitle></did></c><c><did><unitid>984. </unitid><unittitle> [Loose material -- Photocopy of speech to
Kestner-Gesellschaft, Hannover, 1923, on El Lissitzky; El Lissitzky exhibition pamphlet, 1949]</unittitle></did></c><c><did><unitid>985. </unitid><unittitle> [Loose material -- Original copy of speech to
Kestner-Gesellschaft, Hannover, 1923, on El Lissitzky (CLOSED -- please use photocopy)]</unittitle></did></c><c><did><unitid>986-1007. </unitid><unittitle> The Science of Physics</unittitle></did><note><p>  [1007: filed in oversize box 70] </p></note></c><c><did><unitid>1008-1020. </unitid><unittitle> III / Creative Relativity</unittitle></did></c><c><did><unitid>1021-1024. </unitid><unittitle> U.S.A. / Private Art Collecting + Art
Dealers + Art Museums </unittitle></did><note><p> [1024: filed in oversize box 70] </p></note></c><c><did><unitid>1025-1026. </unitid><unittitle> Archaeology </unittitle></did></c><c><did><unitid>1027. </unitid><unittitle> Greek + Roman Science</unittitle></did></c><c><did><unitid>1028-1031. </unitid><unittitle> Renaiss. + Baroque Lit. / Romantike
Lit. / + Movie Lit.</unittitle></did></c><c><did><unitid>1032-1036.  </unitid><unittitle>Desired Slides Fall 1955 </unittitle></did><note><p> [1036: filed in oversize box 70] </p></note></c><c><did><unitid>1037-1038.  </unitid><unittitle>What is Reason?</unittitle></did></c><c><did><unitid>1039-1040. </unitid><unittitle> Literature</unittitle></did></c><c><did><unitid>1041-1045.</unitid><unittitle>  Hadley Cantril / 'The Behavior of Man'
/1950 </unittitle></did></c><c><did><unitid>1046-1051.</unitid><unittitle>  [Untitled folder -- notes on Hadley
Cantril; "Ames-Contra Discussions"; copies of letters between Cantril, Adelbert Ames, A.D. and
John Dewey] </unittitle></did></c><c><did><unitid>1052-1055. </unitid><unittitle> Sheriff and Cantril / The Psychology Of
Ego-Involvement / 1947 </unittitle></did></c><c><did><unitid>1056-1057. </unitid><unittitle> [Loose material -- clippings and notes
on Egypt] </unittitle></did><note><p> [1057: filed in oversize box 70] </p></note></c><c><did><unitid>1058-1060. </unitid><unittitle> History of Contemporary Art</unittitle></did></c><c><did><unitid>1061-1063. </unitid><unittitle> [Folder A [not titled or compiled by
AD] -- Victorian paintings / letter from Albers on graphic tectonics / Bauhaus]</unittitle></did></c><c><did><unitid>1064-1067.  </unitid><unittitle>[Folder B [not titled or compiled by
AD] -- pottery / Black Mountain College / Louis Sullivan / Albers exhibition at Yale Art Gallery]</unittitle></did></c><c><did><unitid>1068-1069. </unitid><unittitle> Integration, functionalism, unity...</unittitle></did></c><c><did><unitid>1070-1072.</unitid><unittitle>  Robert Owen (1771-1858)</unittitle></did></c><c><did><unitid>1073-1074. </unitid><unittitle> Arts and Crafts</unittitle></did></c><c><did><unitid>1075-1077.</unitid><unittitle>  Werkbund + Corbusier</unittitle></did></c><c><did><unitid>1078-1079. </unitid><unittitle> [Untitled folder -- notes and articles on
art / architecture / Bauhaus, 1950s]</unittitle></did></c><c><did><unitid>1080-1082. </unitid><unittitle> [Untitled folder - notes and articles on
art / architecture / Bauhaus, 1950s]</unittitle></did></c><c><did><unitid>1083-1087.</unitid><unittitle>  [Untitled folder -- notes and articles on
art / architecture / Bauhaus, 1930s-1950s]</unittitle></did></c><c><did><unitid>1088-1091. </unitid><unittitle> Gropius + Lit</unittitle></did></c><c><did><unitid>1092-1093.</unitid><unittitle> Die biologischen Schwächen  des
Bauhauses / Klee</unittitle></did></c><c><did><unitid>1094-1097.</unitid><unittitle>  Albers + Black Mountain College</unittitle></did></c><c><did><unitid>1098.</unitid><unittitle>  Xanti Schawinksy</unittitle></did></c><c><did><unitid>1099-1101. </unitid><unittitle> [Untitled folder -- notes on various
topics, including Gropius, Bauhaus]</unittitle></did></c><c><did><unitid>1102-1104. </unitid><unittitle> [Loose material -- Black Mountain
College, Albers] </unittitle></did><note><p> [1104: filed in oversize box 70] </p></note></c><c><did><unitid>1105-1110.</unitid><unittitle>  Giulio C. Argan, Walter Gropius e la
Bauhaus</unittitle></did></c><c><did><unitid>1111. </unitid><unittitle> [Untitled folder -- article on "Gold Medal
Exhibition"; partial list of rare books; notes on artists / architects / Bauhaus]</unittitle></did></c><c><did><unitid>1112-1115.</unitid><unittitle>  Chapter IV / The Bauhaus Movements
and its inner transformation by experience / B. S. [...] in Europa + America </unittitle></did><note><p> [1115: filed in oversize box 70]</p></note><c><did><unittitle>Stijl / Wright / v. d. Velde / Bauhaus / Werkbund / Arts + Crafts / in
USA</unittitle></did></c></c><c><did><unitid>1116-1118.</unitid><unittitle>The inner Metamorphosis of the
Bauhaus</unittitle></did></c><c><did><unitid>1119.</unitid><unittitle>Walter's interview (8 January 1952 in
Concord) über Entwicklung  seit 1910 + Bauhaus</unittitle></did></c><c><did><unitid>1120-1121.</unitid><unittitle>Index / Lit. / Bauhaus Bücher u. s.
Meister</unittitle></did></c><c><did><unitid>1122-1123.</unitid><unittitle>Stijl</unittitle></did></c><c><did><unitid>1124-1126.</unitid><unittitle>Das Ulmer 'Bauhaus'</unittitle></did></c><c><did><unitid>1127.</unitid><unittitle>[Loose materials -- small note with addresses]</unittitle></did></c><c><did><unitid>1128-1129.</unitid><unittitle>Semantics, General Semantics/ by S.I.
Hayakawa 1947</unittitle></did><note><p> [originally located with folders 54-90] </p></note></c><c><did><unitid>1130-1131.</unitid><unittitle>Installation</unittitle></did><note><p> [originally located with folders 54-90] </p></note></c><c><did><unitid>1132.</unitid><unittitle>A. Dorner/ Geschichte der deutsche kunst VII</unittitle></did></c><c><did><unitid>1133.</unitid><unittitle>A. Dorner/ Geschichte der deutsche kunst IX</unittitle></did></c><c><did><unitid>1134-1142.</unitid><unittitle>[Harvard/ Griechische
Naturwissenschaft]  </unittitle></did><note><p>[1142: filed in oversize box 70] </p></note></c><c><did><unitid>1143.</unitid><unittitle>[Loose material -- magazine pictures of Boston
&amp; R.I.]  </unittitle></did><note><p>[1143: filed in oversize box 70] </p></note></c><c><did><unitid>1144.</unitid><unittitle>[Loose material -- student project: paper by E.
Hirsch; chronological chart of Indian art/history of stupas] </unittitle></did><note><p>  [1144: filed in rolled storage box 71]  </p></note></c><c><did><unitid>1145.</unitid><unittitle>[Loose material -- student project: chart of
'Development of the Symbolic Female in Four Ancient Civilizations'] </unittitle></did><note><p> [1145: filed in rolled storage box 72]</p></note></c><c><did><unitid>1146.</unitid><unittitle>[Loose material: drawing attributed to Dorner:
sketch for museum installation.]</unittitle></did><note><p>  Filed in map drawer.]</p></note></c></dsc><odd type="add"><head>OLD BOX LIST</head><p>Note for researchers who have previously used the Busch-Reisinger inventory to access the
Dorner papers:  the following list indicates the current folder numbers for materials previously
housed in lettered boxes. </p><list><item>Box A:  1-23</item><item>Box B:  24-46</item><item>Box C/I:  47-53</item><item>Box C/II:  54-90</item><item>Box D:  91-116</item><item>Box E: 
117-148</item><item>Box F:  149-185</item><item>Box G:  186-239</item><item>Box H/I:  240-262</item><item>Box H/II:  263-311</item><item>Box I/I:  312-339</item><item>Box I/II:  340-353</item><item>Box I/III:  354-382</item><item>Box J/I: 
383-417</item><item>Box J/II:  418-446</item><item>Box K:  447-464</item><item>Box L:  465-500</item><item>Box M/I:  501-532</item><item>Box M/II:  533-556</item><item>Box N/I:  557-599</item><item>Box N/II:  600-637</item><item>Box
N/III:  638-669</item><item>Box O/I:  670-713</item><item>Box O/II:  714-770</item><item>Box P/I:  771-812</item><item>Box P/II:  813-851</item><item>Box P/III: 
852-889</item><item>Box Q/I:  890-938</item><item>Box Q/II:  939-981</item><item>Box R/I:  982-1024</item><item>Box R/II:  1025-1060</item><item>Box S/I: 
1061-1104</item><item>Box S/II:  1105-1127</item><item>Loose material:  1128-1146</item></list></odd><odd type="add"><list><head>Box and Folder Locations</head><item>Box 1:  1-13</item><item>Box 2:  14-26</item><item>Box 3:  27-36, 39-42 </item><item>Box 4:  43-49,
54-63 </item><item>Box 5:  64-76, 78-80 </item><item>Box 6:  82-87, 91-98 </item><item>Box 7:  100, 104-116 </item><item>Box 8:  117-124, 126-131 </item><item>Box
9:  132-138, 140-144 </item><item>Box 10:  145-164 </item><item>Box 11:  165-181 </item><item>Box 12:  182-184, 186-200 </item><item>Box 13:  201-218 </item><item>Box 14:  219-220, 222-238 </item><item>Box 15:  240-241, 244-252 </item><item>Box 16:  253-254, 256-261, 263-266, 268-271 </item><item>Box 17:  273-290, 292 </item><item>Box 18:  293-310 </item><item>Box 19:  312-327 </item><item>Box 20: 
328-344 </item><item>Box 21:  345-350, 352, 354-358 </item><item>Box 22:  359-369 </item><item>Box 23:  370-378, 380-382 </item><item>Box 24:  383-402 </item><item>Box 25:  404-413, 418-420, 422-423 </item><item>Box 26:  424-436 </item><item>Box 27:  437-445, 447-449 </item><item>Box 28:  451-468 </item><item>Box 29: 
469-482 </item><item>Box 30:  483-499 </item><item>Box 31:  501-517 </item><item>Box 32:  518-530 </item><item>Box 33:  531-548 </item><item>Box 34:  549-564 </item><item>Box 35:  565-582 </item><item>Box 36:  583-586, 588-601 </item><item>Box 37:  602-603, 605-618 </item><item>Box 38:  620-625, 627-633, 634-636,
638-640 </item><item>Box 39:  641-656, 658 </item><item>Box 40:  659-668, 670-675 </item><item>Box 41:  676-692 </item><item>Box 42:  693-700, 702, 704-713 </item><item>Box 43:  714-732 </item><item>Box 44:  733-741, 743-752 </item><item>Box 45: 
753-764, 766-770 </item><item>Box 46:  771-781, 783-788 </item><item>Box 47: 
789-790, 792-806 </item><item>Box 48:  808-823 </item><item>Box 49: 824-828,
830-840 </item><item>Box 50:  841-859 </item><item>Box 51:  860-872, 874-879 </item><item>Box 52:  880-899 </item><item>Box 53:  900-922 </item><item>Box 54: 
923-940 </item><item>Box 55:  941-957 </item><item>Box 56:  958-974 </item><item>Box 57:  975-999 </item><item>Box 58:  1000-1006, 1008-1018 </item><item>Box 59: 
1019-1023, 1025-1035 </item><item>Box 60:  1037-1056 </item><item>Box 61: 
1058-1077 </item><item>Box 62:  1078-1097 </item><item>Box 63:  1098-1103,
1105-1114, 1116-1121 </item><item>Box 64:  1122-1141</item></list><list><head>Oversize Boxes</head><item>Box 65:  37, 38, 50, 77, 81, 88</item><item>Box 66:  89, 90, 98, 101-103, 125, 139, 185, 221, 239</item><item>Box 67:  242, 243, 255,
262, 267, 272, 291, 311, 351, 353, 379</item><item>Box 68:  403, 414-417, 421, 446, 450,
500, 587</item><item>Box 69:  604, 619, 626, 634, 637, 657, 669, 701, 703, 742, 765, 782</item><item>Box 70:  791, 807, 814, 829, 873, 1007, 1024, 1036, 1057, 1104, 1115, 1142,
1143</item></list><list><head>Roll Storage Boxes</head><item>Box 71:  1144</item><item>Box 72: 
1145</item><item>File Box 73: one item from folder 52</item></list><list><head>Map Drawer</head><item>46, 51-53, 1146 [note: one item from folder 52 is
stored in File Box 73]</item></list></odd><odd type="add"><head>Catalog Entries:</head><p>The following catalog entries represent persons, organizations, and topics documented in this
collection. An entry for each appears in the Harvard On Line Library Information System
(HOLLIS) and other automated bibliographic databases. THIS IS NOT AN INDEX.</p><list><item><persname>Barr, Alfred Hamilton, 1902-</persname></item><item><persname>Dorner, Alexander, 1893-1957</persname></item><item><persname>Freud,
Sigmund, 1856-1939</persname></item><item><persname>Gropius, Walter, 1883-1969</persname></item><item><persname>Lissitzky, El, 1890-1941</persname></item><item><persname>Nietzsche, Friedrich Wilhelm, 1844-1900</persname></item></list><list><item><corpname>Bauhaus</corpname></item><item><corpname>Black
Mountain College (Black Mountain, N.C.)</corpname></item><item><corpname>Landesmuseum Hannover</corpname></item></list><list><item><subject>Aesthetics, Modern</subject></item><item><subject>Architecture--History</subject></item><item><subject>Art--Exhibitions   </subject></item><item><subject>Art--History</subject></item><item><subject>Art--History--Study and teaching   </subject></item><item><subject>Art--Philosophy--History    </subject></item><item><subject>Art--Psychology </subject></item><item><subject>Art--Psychological aspects </subject></item><item><subject>Art--Study and teaching--History--20th century</subject></item><item><subject>Art, Modern--20th century--Germany</subject></item><item><subject>Art,
Renaissance</subject></item><item><subject>Art, European--History </subject></item><item><subject>Art and motion pictures</subject></item><item><subject>Art
and mythology </subject></item><item><subject>Art and philosophy</subject></item><item><subject>Art and religion</subject></item><item><subject>Art and science</subject></item><item><subject>Art and science</subject></item><item><subject>Art and society  </subject></item><item><subject>Art historians--Germany</subject></item><item><subject>Art historians--United States</subject></item><item><subject>Art in education</subject></item><item><subject>Art museum
curators </subject></item><item><subject>Art museum directors</subject></item><item><subject>Art museums--Administration.</subject></item><item><subject>Magic</subject></item><item><subject>Mythology in art</subject></item><item><subject>National socialism and art</subject></item><item><subject>Political
refugees--Germany--History--20th century</subject></item><item><subject>Symbolism in
art</subject></item></list><list><item><geogname>Germany--Emigration and immigration--History--1933-1945</geogname></item><item><geogname>United States--Intellectual Life--20th century</geogname></item></list></odd></archdesc></ead>
